year,round,driverId,constructorId,circuitId,grid,qualifying_position,driver_experience,constructor_experience,grid_advantage,qualifying_advantage,driver_avg_points,driver_podium_rate,constructor_podium_rate,recent_driver_points,recent_constructor_points,target_podium
2010,1,1,1,3,4.0,4.0,0,0,1.0,1.0,14.350591715976332,0.5325443786982249,0.18666666666666668,15.0,15.0,1
2010,2,1,1,1,11.0,11.0,0,0,5.0,5.0,14.350591715976332,0.5325443786982249,0.18666666666666668,11.5,11.5,0
2010,3,1,1,2,20.0,20.0,0,0,14.0,14.0,14.350591715976332,0.5325443786982249,0.18666666666666668,10.333333333333334,10.333333333333334,0
2010,4,1,1,17,6.0,6.0,0,0,4.0,4.0,14.350591715976332,0.5325443786982249,0.18666666666666668,12.25,12.25,1
2010,5,1,1,4,3.0,3.0,0,0,-11.0,-11.0,14.350591715976332,0.5325443786982249,0.18666666666666668,9.8,9.8,0
2010,6,1,1,6,5.0,5.0,0,0,0.0,0.0,14.350591715976332,0.5325443786982249,0.18666666666666668,8.8,8.8,0
2010,7,1,1,5,2.0,2.0,0,0,1.0,1.0,14.350591715976332,0.5325443786982249,0.18666666666666668,12.2,12.2,1
2010,8,1,1,7,1.0,1.0,0,0,0.0,0.0,14.350591715976332,0.5325443786982249,0.18666666666666668,15.6,15.6,1
2010,9,1,1,12,3.0,3.0,0,0,1.0,1.0,14.350591715976332,0.5325443786982249,0.18666666666666668,15.6,15.6,1
2010,10,1,1,9,4.0,4.0,0,0,2.0,2.0,14.350591715976332,0.5325443786982249,0.18666666666666668,19.2,19.2,1
2010,11,1,1,10,6.0,6.0,0,0,2.0,2.0,14.350591715976332,0.5325443786982249,0.18666666666666668,19.6,19.6,0
2010,12,1,1,11,5.0,5.0,0,0,-15.0,-15.0,14.350591715976332,0.5325443786982249,0.18666666666666668,14.6,14.6,0
2010,13,1,1,13,2.0,2.0,0,0,1.0,1.0,14.350591715976332,0.5325443786982249,0.18666666666666668,14.6,14.6,1
2010,14,1,1,14,5.0,5.0,0,0,-18.0,-18.0,14.350591715976332,0.5325443786982249,0.18666666666666668,11.0,11.0,0
2010,15,1,1,15,3.0,3.0,0,0,-16.0,-16.0,14.350591715976332,0.5325443786982249,0.18666666666666668,7.4,7.4,0
2010,16,1,1,22,8.0,3.0,0,0,3.0,-2.0,14.350591715976332,0.5325443786982249,0.18666666666666668,7.0,7.0,0
2010,17,1,1,35,4.0,4.0,0,0,2.0,2.0,14.350591715976332,0.5325443786982249,0.18666666666666668,10.6,10.6,1
2010,18,1,1,18,4.0,4.0,0,0,0.0,0.0,14.350591715976332,0.5325443786982249,0.18666666666666668,8.0,8.0,0
2010,19,1,1,24,2.0,2.0,0,0,0.0,0.0,14.350591715976332,0.5325443786982249,0.18666666666666668,11.6,11.6,1
2010,1,18,1,3,8.0,8.0,0,0,1.0,1.0,6.725925925925926,0.1925925925925926,0.18666666666666668,6.0,12.8,0
2010,2,18,1,1,4.0,4.0,0,0,3.0,3.0,6.725925925925926,0.1925925925925926,0.18666666666666668,15.5,15.8,1
2010,3,18,1,2,17.0,17.0,0,0,9.0,9.0,6.725925925925926,0.1925925925925926,0.18666666666666668,11.666666666666666,13.0,0
2010,4,18,1,17,5.0,5.0,0,0,4.0,4.0,6.725925925925926,0.1925925925925926,0.18666666666666668,15.0,15.6,1
2010,5,18,1,4,5.0,5.0,0,0,0.0,0.0,6.725925925925926,0.1925925925925926,0.18666666666666668,14.0,14.0,0
2010,6,18,1,6,8.0,8.0,0,0,-15.0,-15.0,6.725925925925926,0.1925925925925926,0.18666666666666668,12.8,12.8,0
2010,7,18,1,5,4.0,4.0,0,0,2.0,2.0,6.725925925925926,0.1925925925925926,0.18666666666666668,11.4,11.4,1
2010,8,18,1,7,4.0,5.0,0,0,2.0,3.0,6.725925925925926,0.1925925925925926,0.18666666666666668,14.2,14.2,1
2010,9,18,1,12,7.0,7.0,0,0,4.0,4.0,6.725925925925926,0.1925925925925926,0.18666666666666668,12.2,12.2,1
2010,10,18,1,9,14.0,14.0,0,0,10.0,10.0,6.725925925925926,0.1925925925925926,0.18666666666666668,12.6,12.6,0
2010,11,18,1,10,5.0,5.0,0,0,0.0,0.0,6.725925925925926,0.1925925925925926,0.18666666666666668,14.6,14.6,0
2010,12,18,1,11,11.0,11.0,0,0,3.0,3.0,6.725925925925926,0.1925925925925926,0.18666666666666668,11.8,11.8,0
2010,13,18,1,13,5.0,5.0,0,0,-17.0,-17.0,6.725925925925926,0.1925925925925926,0.18666666666666668,8.2,8.2,0
2010,14,18,1,14,2.0,2.0,0,0,0.0,0.0,6.725925925925926,0.1925925925925926,0.18666666666666668,8.8,8.8,1
2010,15,18,1,15,4.0,4.0,0,0,0.0,0.0,6.725925925925926,0.1925925925925926,0.18666666666666668,8.8,8.8,0
2010,16,18,1,22,5.0,6.0,0,0,1.0,2.0,6.725925925925926,0.1925925925925926,0.18666666666666668,9.2,9.2,0
2010,17,18,1,35,7.0,7.0,0,0,-5.0,-5.0,6.725925925925926,0.1925925925925926,0.18666666666666668,8.4,8.4,0
2010,18,18,1,18,11.0,11.0,0,0,6.0,6.0,6.725925925925926,0.1925925925925926,0.18666666666666668,10.4,10.4,0
2010,19,18,1,24,4.0,4.0,0,0,1.0,1.0,6.725925925925926,0.1925925925925926,0.18666666666666668,9.8,9.8,1
2011,1,1,1,1,2.0,2.0,1,1,0.0,0.0,14.350591715976332,0.5325443786982249,0.18666666666666668,15.2,11.0,1
2011,2,1,1,2,2.0,2.0,1,1,-6.0,-6.0,14.350591715976332,0.5325443786982249,0.18666666666666668,14.0,9.4,0
2011,3,1,1,17,3.0,3.0,1,1,2.0,2.0,14.350591715976332,0.5325443786982249,0.18666666666666668,15.4,14.4,1
2011,4,1,1,5,4.0,4.0,1,1,0.0,0.0,14.350591715976332,0.5325443786982249,0.18666666666666668,15.4,14.8,0
2011,5,1,1,4,3.0,3.0,1,1,1.0,1.0,14.350591715976332,0.5325443786982249,0.18666666666666668,15.4,15.4,1
2011,6,1,1,6,9.0,7.0,1,1,3.0,1.0,14.350591715976332,0.5325443786982249,0.18666666666666668,13.4,13.4,0
2011,7,1,1,7,5.0,5.0,1,1,-19.0,-19.0,14.350591715976332,0.5325443786982249,0.18666666666666668,12.6,12.6,0
2011,8,1,1,12,3.0,3.0,1,1,-1.0,-1.0,14.350591715976332,0.5325443786982249,0.18666666666666668,10.0,10.0,0
2011,9,1,1,9,10.0,10.0,1,1,6.0,6.0,14.350591715976332,0.5325443786982249,0.18666666666666668,10.0,10.0,0
2011,10,1,1,20,2.0,2.0,1,1,1.0,1.0,14.350591715976332,0.5325443786982249,0.18666666666666668,11.4,11.4,1
2011,11,1,1,11,2.0,2.0,1,1,-2.0,-2.0,14.350591715976332,0.5325443786982249,0.18666666666666668,12.2,12.2,0
2011,12,1,1,13,2.0,2.0,1,1,-20.0,-20.0,14.350591715976332,0.5325443786982249,0.18666666666666668,12.2,12.2,0
2011,13,1,1,14,2.0,2.0,1,1,-2.0,-2.0,14.350591715976332,0.5325443786982249,0.18666666666666668,12.2,12.2,0
2011,14,1,1,15,4.0,4.0,1,1,-1.0,-1.0,14.350591715976332,0.5325443786982249,0.18666666666666668,11.8,11.8,0
2011,15,1,1,22,3.0,3.0,1,1,-2.0,-2.0,14.350591715976332,0.5325443786982249,0.18666666666666668,8.8,8.8,0
2011,16,1,1,35,1.0,1.0,1,1,-1.0,-1.0,14.350591715976332,0.5325443786982249,0.18666666666666668,10.0,10.0,1
2011,17,1,1,68,5.0,2.0,1,1,-2.0,-5.0,14.350591715976332,0.5325443786982249,0.18666666666666668,11.2,11.2,0
2011,18,1,1,24,2.0,2.0,1,1,1.0,1.0,14.350591715976332,0.5325443786982249,0.18666666666666668,13.8,13.8,1
2011,19,1,1,18,4.0,4.0,1,1,-18.0,-18.0,14.350591715976332,0.5325443786982249,0.18666666666666668,11.8,11.8,0
2011,1,18,1,1,4.0,4.0,1,1,-2.0,-2.0,6.725925925925926,0.1925925925925926,0.18666666666666668,9.0,11.4,0
2011,2,18,1,2,4.0,4.0,1,1,2.0,2.0,6.725925925925926,0.1925925925925926,0.18666666666666668,10.2,11.4,1
2011,3,18,1,17,2.0,2.0,1,1,-2.0,-2.0,6.725925925925926,0.1925925925925926,0.18666666666666668,12.6,12.6,0
2011,4,18,1,5,6.0,6.0,1,1,0.0,0.0,6.725925925925926,0.1925925925925926,0.18666666666666668,12.2,9.2,0
2011,5,18,1,4,5.0,5.0,1,1,2.0,2.0,6.725925925925926,0.1925925925925926,0.18666666666666668,12.2,12.2,1
2011,6,18,1,6,2.0,2.0,1,1,-1.0,-1.0,6.725925925925926,0.1925925925925926,0.18666666666666668,13.6,13.6,1
2011,7,18,1,7,7.0,7.0,1,1,6.0,6.0,6.725925925925926,0.1925925925925926,0.18666666666666668,15.0,15.0,1
2011,8,18,1,12,6.0,6.0,1,1,0.0,0.0,6.725925925925926,0.1925925925925926,0.18666666666666668,14.2,14.2,0
2011,9,18,1,9,5.0,5.0,1,1,-15.0,-15.0,6.725925925925926,0.1925925925925926,0.18666666666666668,12.6,12.6,0
2011,10,18,1,20,7.0,7.0,1,1,-15.0,-15.0,6.725925925925926,0.1925925925925926,0.18666666666666668,9.6,9.6,0
2011,11,18,1,11,3.0,3.0,1,1,2.0,2.0,6.725925925925926,0.1925925925925926,0.18666666666666668,11.6,11.6,1
2011,12,18,1,13,13.0,13.0,1,1,10.0,10.0,6.725925925925926,0.1925925925925926,0.18666666666666668,9.6,9.6,1
2011,13,18,1,14,3.0,3.0,1,1,1.0,1.0,6.725925925925926,0.1925925925925926,0.18666666666666668,11.6,11.6,1
2011,14,18,1,15,3.0,3.0,1,1,1.0,1.0,6.725925925925926,0.1925925925925926,0.18666666666666668,15.2,15.2,1
2011,15,18,1,22,2.0,2.0,1,1,1.0,1.0,6.725925925925926,0.1925925925925926,0.18666666666666668,20.2,20.2,1
2011,16,18,1,35,3.0,3.0,1,1,-1.0,-1.0,6.725925925925926,0.1925925925925926,0.18666666666666668,17.6,17.6,0
2011,17,18,1,68,4.0,5.0,1,1,2.0,3.0,6.725925925925926,0.1925925925925926,0.18666666666666668,18.2,18.2,1
2011,18,18,1,24,3.0,3.0,1,1,0.0,0.0,6.725925925925926,0.1925925925925926,0.18666666666666668,17.6,17.6,1
2011,19,18,1,18,3.0,3.0,1,1,0.0,0.0,6.725925925925926,0.1925925925925926,0.18666666666666668,17.0,17.0,1
2012,1,1,1,1,1.0,1.0,2,2,-2.0,-2.0,14.350591715976332,0.5325443786982249,0.18666666666666668,12.8,15.0,1
2012,2,1,1,2,1.0,1.0,2,2,-2.0,-2.0,14.350591715976332,0.5325443786982249,0.18666666666666668,12.2,15.6,1
2012,3,1,1,17,7.0,2.0,2,2,4.0,-1.0,14.350591715976332,0.5325443786982249,0.18666666666666668,14.0,15.0,1
2012,4,1,1,3,2.0,2.0,2,2,-6.0,-6.0,14.350591715976332,0.5325443786982249,0.18666666666666668,9.8,12.8,0
2012,5,1,1,4,24.0,1.0,2,2,16.0,-7.0,14.350591715976332,0.5325443786982249,0.18666666666666668,10.6,10.6,0
2012,6,1,1,6,3.0,4.0,2,2,-2.0,-1.0,14.350591715976332,0.5325443786982249,0.18666666666666668,9.6,9.6,0
2012,7,1,1,7,2.0,2.0,2,2,1.0,1.0,14.350591715976332,0.5325443786982249,0.18666666666666668,11.6,11.6,1
2012,8,1,1,12,2.0,2.0,2,2,-17.0,-17.0,14.350591715976332,0.5325443786982249,0.18666666666666668,8.6,8.6,0
2012,9,1,1,9,8.0,8.0,2,2,0.0,0.0,14.350591715976332,0.5325443786982249,0.18666666666666668,8.6,8.6,0
2012,10,1,1,10,7.0,8.0,2,2,-17.0,-16.0,14.350591715976332,0.5325443786982249,0.18666666666666668,7.8,7.8,0
2012,11,1,1,11,1.0,1.0,2,2,0.0,0.0,14.350591715976332,0.5325443786982249,0.18666666666666668,10.8,10.8,1
2012,12,1,1,13,7.0,8.0,2,2,-16.0,-15.0,14.350591715976332,0.5325443786982249,0.18666666666666668,5.8,5.8,0
2012,13,1,1,14,1.0,1.0,2,2,0.0,0.0,14.350591715976332,0.5325443786982249,0.18666666666666668,10.8,10.8,1
2012,14,1,1,15,1.0,1.0,2,2,-23.0,-23.0,14.350591715976332,0.5325443786982249,0.18666666666666668,10.0,10.0,0
2012,15,1,1,22,9.0,9.0,2,2,4.0,4.0,14.350591715976332,0.5325443786982249,0.18666666666666668,12.0,12.0,0
2012,16,1,1,35,3.0,3.0,2,2,-7.0,-7.0,14.350591715976332,0.5325443786982249,0.18666666666666668,7.2,7.2,0
2012,17,1,1,68,3.0,3.0,2,2,-1.0,-1.0,14.350591715976332,0.5325443786982249,0.18666666666666668,9.6,9.6,0
2012,18,1,1,24,1.0,1.0,2,2,-20.0,-20.0,14.350591715976332,0.5325443786982249,0.18666666666666668,4.6,4.6,0
2012,19,1,1,69,2.0,2.0,2,2,1.0,1.0,14.350591715976332,0.5325443786982249,0.18666666666666668,9.6,9.6,1
2012,20,1,1,18,1.0,1.0,2,2,-19.0,-19.0,14.350591715976332,0.5325443786982249,0.18666666666666668,7.6,7.6,0
2012,1,18,1,1,2.0,2.0,2,2,1.0,1.0,6.725925925925926,0.1925925925925926,0.18666666666666668,17.0,12.4,1
2012,2,18,1,2,2.0,2.0,2,2,-12.0,-12.0,6.725925925925926,0.1925925925925926,0.18666666666666668,14.6,10.0,0
2012,3,18,1,17,5.0,6.0,2,2,3.0,4.0,6.725925925925926,0.1925925925925926,0.18666666666666668,14.6,13.6,1
2012,4,18,1,3,4.0,4.0,2,2,-14.0,-14.0,6.725925925925926,0.1925925925925926,0.18666666666666668,11.6,8.6,0
2012,5,18,1,4,10.0,11.0,2,2,1.0,2.0,6.725925925925926,0.1925925925925926,0.18666666666666668,9.0,9.0,0
2012,6,18,1,6,12.0,13.0,2,2,-4.0,-3.0,6.725925925925926,0.1925925925925926,0.18666666666666668,4.0,4.0,0
2012,7,18,1,7,10.0,10.0,2,2,-6.0,-6.0,6.725925925925926,0.1925925925925926,0.18666666666666668,4.0,4.0,0
2012,8,18,1,12,9.0,9.0,2,2,1.0,1.0,6.725925925925926,0.1925925925925926,0.18666666666666668,1.2,1.2,0
2012,9,18,1,9,16.0,18.0,2,2,6.0,8.0,6.725925925925926,0.1925925925925926,0.18666666666666668,1.4,1.4,0
2012,10,18,1,10,6.0,7.0,2,2,4.0,5.0,6.725925925925926,0.1925925925925926,0.18666666666666668,4.6,4.6,1
2012,11,18,1,11,4.0,4.0,2,2,-2.0,-2.0,6.725925925925926,0.1925925925925926,0.18666666666666668,6.2,6.2,0
2012,12,18,1,13,1.0,1.0,2,2,0.0,0.0,6.725925925925926,0.1925925925925926,0.18666666666666668,11.2,11.2,1
2012,13,18,1,14,2.0,2.0,2,2,-21.0,-21.0,6.725925925925926,0.1925925925925926,0.18666666666666668,10.4,10.4,0
2012,14,18,1,15,4.0,4.0,2,2,2.0,2.0,6.725925925925926,0.1925925925925926,0.18666666666666668,13.8,13.8,1
2012,15,18,1,22,8.0,3.0,2,2,4.0,-1.0,6.725925925925926,0.1925925925925926,0.18666666666666668,12.6,12.6,0
2012,16,18,1,35,11.0,11.0,2,2,-13.0,-13.0,6.725925925925926,0.1925925925925926,0.18666666666666668,11.0,11.0,0
2012,17,18,1,68,4.0,4.0,2,2,-1.0,-1.0,6.725925925925926,0.1925925925925926,0.18666666666666668,8.0,8.0,0
2012,18,18,1,24,5.0,6.0,2,2,1.0,2.0,6.725925925925926,0.1925925925925926,0.18666666666666668,10.4,10.4,0
2012,19,18,1,69,12.0,12.0,2,2,7.0,7.0,6.725925925925926,0.1925925925925926,0.18666666666666668,8.8,8.8,0
2012,20,18,1,18,2.0,2.0,2,2,1.0,1.0,6.725925925925926,0.1925925925925926,0.18666666666666668,11.4,11.4,1
2013,1,18,1,1,10.0,10.0,3,3,1.0,1.0,6.725925925925926,0.1925925925925926,0.18666666666666668,11.8,11.8,0
2013,2,18,1,2,7.0,8.0,3,3,-10.0,-9.0,6.725925925925926,0.1925925925925926,0.18666666666666668,9.8,9.8,0
2013,3,18,1,17,8.0,8.0,3,3,3.0,3.0,6.725925925925926,0.1925925925925926,0.18666666666666668,9.4,9.4,0
2013,4,18,1,3,10.0,10.0,3,3,0.0,0.0,6.725925925925926,0.1925925925925926,0.18666666666666668,7.6,7.6,0
2013,5,18,1,4,14.0,14.0,3,3,6.0,6.0,6.725925925925926,0.1925925925925926,0.18666666666666668,3.4,3.4,0
2013,6,18,1,6,9.0,9.0,3,3,3.0,3.0,6.725925925925926,0.1925925925925926,0.18666666666666668,4.6,4.6,0
2013,7,18,1,7,14.0,14.0,3,3,2.0,2.0,6.725925925925926,0.1925925925925926,0.18666666666666668,4.6,4.6,0
2013,8,18,1,9,10.0,11.0,3,3,-3.0,-2.0,6.725925925925926,0.1925925925925926,0.18666666666666668,2.6,2.6,0
2013,9,18,1,20,9.0,9.0,3,3,3.0,3.0,6.725925925925926,0.1925925925925926,0.18666666666666668,4.0,4.0,0
2013,10,18,1,11,13.0,13.0,3,3,6.0,6.0,6.725925925925926,0.1925925925925926,0.18666666666666668,4.4,4.4,0
2013,11,18,1,13,6.0,6.0,3,3,0.0,0.0,6.725925925925926,0.1925925925925926,0.18666666666666668,4.4,4.4,0
2013,12,18,1,14,9.0,9.0,3,3,-1.0,-1.0,6.725925925925926,0.1925925925925926,0.18666666666666668,4.6,4.6,0
2013,13,18,1,15,8.0,8.0,3,3,1.0,1.0,6.725925925925926,0.1925925925925926,0.18666666666666668,5.8,5.8,0
2013,14,18,1,35,11.0,12.0,3,3,3.0,4.0,6.725925925925926,0.1925925925925926,0.18666666666666668,5.0,5.0,0
2013,15,18,1,22,10.0,10.0,3,3,1.0,1.0,6.725925925925926,0.1925925925925926,0.18666666666666668,4.2,4.2,0
2013,16,18,1,68,10.0,10.0,3,3,-4.0,-4.0,6.725925925925926,0.1925925925925926,0.18666666666666668,2.6,2.6,0
2013,17,18,1,24,12.0,13.0,3,3,0.0,1.0,6.725925925925926,0.1925925925925926,0.18666666666666668,2.4,2.4,0
2013,18,18,1,69,15.0,13.0,3,3,5.0,3.0,6.725925925925926,0.1925925925925926,0.18666666666666668,1.4,1.4,0
2013,19,18,1,18,14.0,15.0,3,3,10.0,11.0,6.725925925925926,0.1925925925925926,0.18666666666666668,3.0,3.0,0
2013,1,815,1,1,15.0,15.0,2,3,4.0,4.0,5.409556313993174,0.13310580204778158,0.18666666666666668,0.0,2.6,0
2013,2,815,1,2,9.0,10.0,2,3,0.0,1.0,5.409556313993174,0.13310580204778158,0.18666666666666668,0.4,3.0,0
2013,3,815,1,17,12.0,12.0,2,3,1.0,1.0,5.409556313993174,0.13310580204778158,0.18666666666666668,0.4,3.0,0
2013,4,815,1,3,12.0,12.0,2,3,6.0,6.0,5.409556313993174,0.13310580204778158,0.18666666666666668,2.0,4.4,0
2013,5,815,1,4,8.0,9.0,2,3,-1.0,0.0,5.409556313993174,0.13310580204778158,0.18666666666666668,2.4,2.4,0
2013,6,815,1,6,7.0,7.0,2,3,-9.0,-9.0,5.409556313993174,0.13310580204778158,0.18666666666666668,2.4,2.4,0
2013,7,815,1,7,12.0,12.0,2,3,1.0,1.0,5.409556313993174,0.13310580204778158,0.18666666666666668,2.0,2.0,0
2013,8,815,1,9,13.0,14.0,2,3,-7.0,-6.0,5.409556313993174,0.13310580204778158,0.18666666666666668,2.0,2.0,0
2013,9,815,1,20,13.0,13.0,2,3,5.0,5.0,5.409556313993174,0.13310580204778158,0.18666666666666668,1.2,1.2,0
2013,10,815,1,11,9.0,9.0,2,3,0.0,0.0,5.409556313993174,0.13310580204778158,0.18666666666666668,1.2,1.2,0
2013,11,815,1,13,13.0,13.0,2,3,2.0,2.0,5.409556313993174,0.13310580204778158,0.18666666666666668,1.2,1.2,0
2013,12,815,1,14,8.0,8.0,2,3,-4.0,-4.0,5.409556313993174,0.13310580204778158,0.18666666666666668,1.2,1.2,0
2013,13,815,1,15,14.0,14.0,2,3,6.0,6.0,5.409556313993174,0.13310580204778158,0.18666666666666668,2.0,2.0,0
2013,14,815,1,35,10.0,11.0,2,3,0.0,1.0,5.409556313993174,0.13310580204778158,0.18666666666666668,1.4,1.4,0
2013,15,815,1,22,11.0,11.0,2,3,-4.0,-4.0,5.409556313993174,0.13310580204778158,0.18666666666666668,1.0,1.0,0
2013,16,815,1,68,9.0,9.0,2,3,4.0,4.0,5.409556313993174,0.13310580204778158,0.18666666666666668,3.0,3.0,0
2013,17,815,1,24,8.0,9.0,2,3,-1.0,0.0,5.409556313993174,0.13310580204778158,0.18666666666666668,3.4,3.4,0
2013,18,815,1,69,7.0,7.0,2,3,0.0,0.0,5.409556313993174,0.13310580204778158,0.18666666666666668,3.8,3.8,0
2013,19,815,1,18,19.0,14.0,2,3,13.0,8.0,5.409556313993174,0.13310580204778158,0.18666666666666668,5.2,5.2,0
2014,1,18,1,1,10.0,11.0,4,4,7.0,8.0,6.725925925925926,0.1925925925925926,0.18666666666666668,5.6,8.2,1
2014,2,18,1,2,10.0,10.0,4,4,4.0,4.0,6.725925925925926,0.1925925925925926,0.18666666666666668,7.2,7.8,0
2014,3,18,1,3,6.0,7.0,4,4,-11.0,-10.0,6.725925925925926,0.1925925925925926,0.18666666666666668,7.2,7.4,0
2014,4,18,1,17,12.0,12.0,4,4,1.0,1.0,6.725925925925926,0.1925925925925926,0.18666666666666668,7.0,6.2,0
2014,5,18,1,4,8.0,8.0,4,4,-3.0,-3.0,6.725925925925926,0.1925925925925926,0.18666666666666668,4.6,4.6,0
2014,6,18,1,6,12.0,12.0,4,4,6.0,6.0,6.725925925925926,0.1925925925925926,0.18666666666666668,3.2,3.2,0
2014,7,18,1,7,9.0,9.0,4,4,5.0,5.0,6.725925925925926,0.1925925925925926,0.18666666666666668,4.0,4.0,0
2014,8,18,1,70,11.0,12.0,4,4,0.0,1.0,6.725925925925926,0.1925925925925926,0.18666666666666668,4.0,4.0,0
2014,9,18,1,9,3.0,3.0,4,4,-1.0,-1.0,6.725925925925926,0.1925925925925926,0.18666666666666668,6.4,6.4,0
2014,10,18,1,10,11.0,11.0,4,4,3.0,3.0,6.725925925925926,0.1925925925925926,0.18666666666666668,7.2,7.2,0
2014,11,18,1,11,7.0,7.0,4,4,-3.0,-3.0,6.725925925925926,0.1925925925925926,0.18666666666666668,5.8,5.8,0
2014,12,18,1,13,10.0,10.0,4,4,4.0,4.0,6.725925925925926,0.1925925925925926,0.18666666666666668,5.0,5.0,0
2014,13,18,1,14,6.0,6.0,4,4,-2.0,-2.0,6.725925925925926,0.1925925925925926,0.18666666666666668,5.8,5.8,0
2014,14,18,1,15,11.0,11.0,4,4,-7.0,-7.0,6.725925925925926,0.1925925925925926,0.18666666666666668,3.4,3.4,0
2014,15,18,1,22,8.0,8.0,4,4,3.0,3.0,6.725925925925926,0.1925925925925926,0.18666666666666668,4.6,4.6,0
2014,16,18,1,71,4.0,4.0,4,4,0.0,0.0,6.725925925925926,0.1925925925925926,0.18666666666666668,6.8,6.8,0
2014,17,18,1,69,12.0,7.0,4,4,0.0,-5.0,6.725925925925926,0.1925925925925926,0.18666666666666668,5.2,5.2,0
2014,18,18,1,18,5.0,5.0,4,4,1.0,1.0,6.725925925925926,0.1925925925925926,0.18666666666666668,6.8,6.8,0
2014,19,18,1,24,6.0,6.0,4,4,1.0,1.0,6.725925925925926,0.1925925925925926,0.18666666666666668,10.8,10.8,0
2014,1,825,1,1,4.0,4.0,0,4,2.0,2.0,1.0594594594594595,0.005405405405405406,0.18666666666666668,18.0,12.4,1
2014,2,825,1,2,8.0,8.0,0,4,-1.0,-1.0,1.0594594594594595,0.005405405405405406,0.18666666666666668,10.0,10.4,0
2014,3,825,1,3,8.0,9.0,0,4,-10.0,-9.0,1.0594594594594595,0.005405405405405406,0.18666666666666668,6.666666666666667,10.4,0
2014,4,825,1,17,15.0,15.0,0,4,2.0,2.0,1.0594594594594595,0.005405405405405406,0.18666666666666668,5.0,8.0,0
2014,5,825,1,4,14.0,15.0,0,4,2.0,3.0,1.0594594594594595,0.005405405405405406,0.18666666666666668,4.0,4.0,0
2014,6,825,1,6,8.0,8.0,0,4,-2.0,-2.0,1.0594594594594595,0.005405405405405406,0.18666666666666668,0.6,0.6,0
2014,7,825,1,7,12.0,12.0,0,4,3.0,3.0,1.0594594594594595,0.005405405405405406,0.18666666666666668,0.6,0.6,0
2014,8,825,1,70,6.0,6.0,0,4,-1.0,-1.0,1.0594594594594595,0.005405405405405406,0.18666666666666668,1.8,1.8,0
2014,9,825,1,9,5.0,5.0,0,4,-2.0,-2.0,1.0594594594594595,0.005405405405405406,0.18666666666666668,3.0,3.0,0
2014,10,825,1,10,4.0,4.0,0,4,-5.0,-5.0,1.0594594594594595,0.005405405405405406,0.18666666666666668,3.4,3.4,0
2014,11,825,1,11,21.0,10.0,0,4,9.0,-2.0,1.0594594594594595,0.005405405405405406,0.18666666666666668,3.2,3.2,0
2014,12,825,1,13,7.0,7.0,0,4,-5.0,-5.0,1.0594594594594595,0.005405405405405406,0.18666666666666668,2.8,2.8,0
2014,13,825,1,14,5.0,5.0,0,4,-5.0,-5.0,1.0594594594594595,0.005405405405405406,0.18666666666666668,1.8,1.8,0
2014,14,825,1,15,9.0,9.0,0,4,-1.0,-1.0,1.0594594594594595,0.005405405405405406,0.18666666666666668,0.8,0.8,0
2014,15,825,1,22,7.0,7.0,0,4,-7.0,-7.0,1.0594594594594595,0.005405405405405406,0.18666666666666668,0.4,0.4,0
2014,16,825,1,71,11.0,6.0,0,4,6.0,1.0,1.0594594594594595,0.005405405405405406,0.18666666666666668,2.4,2.4,0
2014,17,825,1,69,7.0,8.0,0,4,-1.0,0.0,1.0594594594594595,0.005405405405405406,0.18666666666666668,3.2,3.2,0
2014,18,825,1,18,7.0,7.0,0,4,-2.0,-2.0,1.0594594594594595,0.005405405405405406,0.18666666666666668,3.4,3.4,0
2014,19,825,1,24,9.0,9.0,0,4,-2.0,-2.0,1.0594594594594595,0.005405405405405406,0.18666666666666668,3.2,3.2,0
2015,2,4,1,2,18.0,18.0,5,5,0.0,0.0,6.033670033670034,0.17845117845117844,0.18666666666666668,5.6,3.2,0
2015,3,4,1,17,18.0,18.0,5,5,6.0,6.0,6.033670033670034,0.17845117845117844,0.18666666666666668,4.0,1.2,0
2015,4,4,1,3,14.0,14.0,5,5,3.0,3.0,6.033670033670034,0.17845117845117844,0.18666666666666668,2.4,0.4,0
2015,5,4,1,4,13.0,13.0,5,5,-7.0,-7.0,6.033670033670034,0.17845117845117844,0.18666666666666668,0.8,0.0,0
2015,6,4,1,6,13.0,15.0,5,5,-6.0,-4.0,6.033670033670034,0.17845117845117844,0.18666666666666668,0.0,0.0,0
2015,7,4,1,7,13.0,14.0,5,5,-7.0,-6.0,6.033670033670034,0.17845117845117844,0.18666666666666668,0.0,0.0,0
2015,8,4,1,70,19.0,15.0,5,5,-1.0,-5.0,6.033670033670034,0.17845117845117844,0.18666666666666668,0.0,0.0,0
2015,9,4,1,9,17.0,17.0,5,5,7.0,7.0,6.033670033670034,0.17845117845117844,0.18666666666666668,0.2,0.2,0
2015,10,4,1,11,15.0,15.0,5,5,10.0,10.0,6.033670033670034,0.17845117845117844,0.18666666666666668,2.2,2.2,0
2015,11,4,1,13,20.0,18.0,5,5,7.0,5.0,6.033670033670034,0.17845117845117844,0.18666666666666668,2.2,2.2,0
2015,12,4,1,14,16.0,17.0,5,5,-2.0,-1.0,6.033670033670034,0.17845117845117844,0.18666666666666668,2.2,2.2,0
2015,13,4,1,15,12.0,12.0,5,5,-5.0,-5.0,6.033670033670034,0.17845117845117844,0.18666666666666668,2.2,2.2,0
2015,14,4,1,22,12.0,14.0,5,5,1.0,3.0,6.033670033670034,0.17845117845117844,0.18666666666666668,2.0,2.0,0
2015,15,4,1,71,19.0,16.0,5,5,8.0,5.0,6.033670033670034,0.17845117845117844,0.18666666666666668,0.0,0.0,0
2015,16,4,1,69,9.0,11.0,5,5,-2.0,0.0,6.033670033670034,0.17845117845117844,0.18666666666666668,0.0,0.0,0
2015,17,4,1,32,18.0,16.0,5,5,-2.0,-4.0,6.033670033670034,0.17845117845117844,0.18666666666666668,0.0,0.0,0
2015,18,4,1,18,20.0,20.0,5,5,5.0,5.0,6.033670033670034,0.17845117845117844,0.18666666666666668,0.0,0.0,0
2015,19,4,1,24,16.0,17.0,5,5,-1.0,0.0,6.033670033670034,0.17845117845117844,0.18666666666666668,0.0,0.0,0
2015,1,18,1,1,16.0,17.0,5,5,5.0,6.0,6.725925925925926,0.1925925925925926,0.18666666666666668,8.8,0.0,0
2015,2,18,1,2,17.0,17.0,5,5,0.0,0.0,6.725925925925926,0.1925925925925926,0.18666666666666668,6.4,0.0,0
2015,3,18,1,17,17.0,17.0,5,5,3.0,3.0,6.725925925925926,0.1925925925925926,0.18666666666666668,6.4,0.0,0
2015,5,18,1,4,14.0,14.0,5,5,-2.0,-2.0,6.725925925925926,0.1925925925925926,0.18666666666666668,4.0,0.0,0
2015,6,18,1,6,10.0,12.0,5,5,2.0,4.0,6.725925925925926,0.1925925925925926,0.18666666666666668,0.8,0.8,0
2015,8,18,1,70,20.0,17.0,5,5,3.0,0.0,6.725925925925926,0.1925925925925926,0.18666666666666668,0.8,0.8,0
2015,9,18,1,9,18.0,18.0,5,5,-1.0,-1.0,6.725925925925926,0.1925925925925926,0.18666666666666668,0.8,0.8,0
2015,10,18,1,11,16.0,16.0,5,5,7.0,7.0,6.725925925925926,0.1925925925925926,0.18666666666666668,1.2,1.2,0
2015,11,18,1,13,19.0,17.0,5,5,5.0,3.0,6.725925925925926,0.1925925925925926,0.18666666666666668,1.2,1.2,0
2015,12,18,1,14,15.0,16.0,5,5,1.0,2.0,6.725925925925926,0.1925925925925926,0.18666666666666668,0.4,0.4,0
2015,13,18,1,15,15.0,15.0,5,5,-1.0,-1.0,6.725925925925926,0.1925925925925926,0.18666666666666668,0.4,0.4,0
2015,14,18,1,22,14.0,16.0,5,5,-2.0,0.0,6.725925925925926,0.1925925925925926,0.18666666666666668,0.4,0.4,0
2015,15,18,1,71,13.0,13.0,5,5,4.0,4.0,6.725925925925926,0.1925925925925926,0.18666666666666668,0.4,0.4,0
2015,16,18,1,69,11.0,14.0,5,5,5.0,8.0,6.725925925925926,0.1925925925925926,0.18666666666666668,2.0,2.0,0
2015,17,18,1,32,20.0,20.0,5,5,6.0,6.0,6.725925925925926,0.1925925925925926,0.18666666666666668,2.0,2.0,0
2015,18,18,1,18,16.0,17.0,5,5,2.0,3.0,6.725925925925926,0.1925925925925926,0.18666666666666668,2.0,2.0,0
2015,19,18,1,24,12.0,12.0,5,5,0.0,0.0,6.725925925925926,0.1925925925925926,0.18666666666666668,2.0,2.0,0
2015,1,825,1,1,17.0,18.0,1,5,0.0,1.0,1.0594594594594595,0.005405405405405406,0.18666666666666668,3.2,1.6,0
2016,1,4,1,1,11.0,12.0,6,6,-10.0,-9.0,6.033670033670034,0.17845117845117844,0.18666666666666668,0.0,0.0,0
2016,3,4,1,17,11.0,12.0,6,6,-1.0,0.0,6.033670033670034,0.17845117845117844,0.18666666666666668,0.0,0.0,0
2016,4,4,1,71,14.0,14.0,6,6,8.0,8.0,6.033670033670034,0.17845117845117844,0.18666666666666668,1.6,1.6,0
2016,5,4,1,4,10.0,10.0,6,6,-9.0,-9.0,6.033670033670034,0.17845117845117844,0.18666666666666668,1.6,1.6,0
2016,6,4,1,6,9.0,10.0,6,6,4.0,5.0,6.033670033670034,0.17845117845117844,0.18666666666666668,3.6,3.6,0
2016,7,4,1,7,10.0,10.0,6,6,-1.0,-1.0,6.033670033670034,0.17845117845117844,0.18666666666666668,3.6,3.6,0
2016,8,4,1,73,13.0,14.0,6,6,-6.0,-5.0,6.033670033670034,0.17845117845117844,0.18666666666666668,3.6,3.6,0
2016,9,4,1,70,14.0,14.0,6,6,-4.0,-4.0,6.033670033670034,0.17845117845117844,0.18666666666666668,2.0,2.0,0
2016,10,4,1,9,9.0,10.0,6,6,-4.0,-3.0,6.033670033670034,0.17845117845117844,0.18666666666666668,2.0,2.0,0
2016,11,4,1,11,7.0,7.0,6,6,0.0,0.0,6.033670033670034,0.17845117845117844,0.18666666666666668,1.2,1.2,0
2016,12,4,1,10,13.0,14.0,6,6,1.0,2.0,6.033670033670034,0.17845117845117844,0.18666666666666668,1.2,1.2,0
2016,14,4,1,14,12.0,13.0,6,6,-2.0,-1.0,6.033670033670034,0.17845117845117844,0.18666666666666668,1.2,1.2,0
2016,15,4,1,15,9.0,9.0,6,6,2.0,2.0,6.033670033670034,0.17845117845117844,0.18666666666666668,2.4,2.4,0
2016,16,4,1,2,22.0,22.0,6,6,15.0,15.0,6.033670033670034,0.17845117845117844,0.18666666666666668,3.6,3.6,0
2016,17,4,1,22,15.0,15.0,6,6,-1.0,-1.0,6.033670033670034,0.17845117845117844,0.18666666666666668,2.4,2.4,0
2016,18,4,1,69,12.0,12.0,6,6,7.0,7.0,6.033670033670034,0.17845117845117844,0.18666666666666668,4.4,4.4,0
2016,19,4,1,32,11.0,11.0,6,6,-2.0,-2.0,6.033670033670034,0.17845117845117844,0.18666666666666668,4.4,4.4,0
2016,20,4,1,18,10.0,10.0,6,6,0.0,0.0,6.033670033670034,0.17845117845117844,0.18666666666666668,3.4,3.4,0
2016,21,4,1,24,9.0,9.0,6,6,-1.0,-1.0,6.033670033670034,0.17845117845117844,0.18666666666666668,2.4,2.4,0
2016,1,18,1,1,12.0,13.0,6,6,-2.0,-1.0,6.725925925925926,0.1925925925925926,0.18666666666666668,1.6,2.4,0
2016,2,18,1,3,14.0,14.0,6,6,-6.0,-6.0,6.725925925925926,0.1925925925925926,0.18666666666666668,0.0,0.4,0
2016,3,18,1,17,12.0,13.0,6,6,-1.0,0.0,6.725925925925926,0.1925925925925926,0.18666666666666668,0.0,0.4,0
2016,4,18,1,71,12.0,12.0,6,6,2.0,2.0,6.725925925925926,0.1925925925925926,0.18666666666666668,0.2,0.4,0
2016,5,18,1,4,12.0,12.0,6,6,3.0,3.0,6.725925925925926,0.1925925925925926,0.18666666666666668,0.6,0.6,0
2016,6,18,1,6,13.0,13.0,6,6,4.0,4.0,6.725925925925926,0.1925925925925926,0.18666666666666668,1.0,1.0,0
2016,7,18,1,7,12.0,12.0,6,6,-10.0,-10.0,6.725925925925926,0.1925925925925926,0.18666666666666668,1.0,1.0,0
2016,8,18,1,73,19.0,19.0,6,6,8.0,8.0,6.725925925925926,0.1925925925925926,0.18666666666666668,1.0,1.0,0
2016,9,18,1,70,3.0,5.0,6,6,-3.0,-1.0,6.725925925925926,0.1925925925925926,0.18666666666666668,2.4,2.4,0
2016,10,18,1,9,17.0,17.0,6,6,5.0,5.0,6.725925925925926,0.1925925925925926,0.18666666666666668,2.0,2.0,0
2016,11,18,1,11,8.0,8.0,6,6,-14.0,-14.0,6.725925925925926,0.1925925925925926,0.18666666666666668,1.6,1.6,0
2016,12,18,1,10,12.0,12.0,6,6,4.0,4.0,6.725925925925926,0.1925925925925926,0.18666666666666668,2.4,2.4,0
2016,13,18,1,13,9.0,9.0,6,6,-12.0,-12.0,6.725925925925926,0.1925925925925926,0.18666666666666668,2.4,2.4,0
2016,14,18,1,14,14.0,15.0,6,6,2.0,3.0,6.725925925925926,0.1925925925925926,0.18666666666666668,0.8,0.8,0
2016,15,18,1,15,12.0,13.0,6,6,-7.0,-6.0,6.725925925925926,0.1925925925925926,0.18666666666666668,0.8,0.8,0
2016,16,18,1,2,9.0,9.0,6,6,0.0,0.0,6.725925925925926,0.1925925925925926,0.18666666666666668,1.2,1.2,0
2016,17,18,1,22,22.0,17.0,6,6,4.0,-1.0,6.725925925925926,0.1925925925925926,0.18666666666666668,0.4,0.4,0
2016,18,18,1,69,19.0,19.0,6,6,10.0,10.0,6.725925925925926,0.1925925925925926,0.18666666666666668,0.8,0.8,0
2016,19,18,1,32,13.0,13.0,6,6,1.0,1.0,6.725925925925926,0.1925925925925926,0.18666666666666668,0.8,0.8,0
2016,20,18,1,18,17.0,17.0,6,6,1.0,1.0,6.725925925925926,0.1925925925925926,0.18666666666666668,0.8,0.8,0
2016,21,18,1,24,12.0,12.0,6,6,-8.0,-8.0,6.725925925925926,0.1925925925925926,0.18666666666666668,0.4,0.4,0
2016,2,838,1,3,12.0,12.0,0,6,2.0,2.0,0.6190476190476191,0.0,0.18666666666666668,1.0,0.6,0
2017,1,4,1,1,12.0,13.0,7,7,-2.0,-1.0,6.033670033670034,0.17845117845117844,0.18666666666666668,2.4,0.2,0
2017,2,4,1,17,13.0,13.0,7,7,-3.0,-3.0,6.033670033670034,0.17845117845117844,0.18666666666666668,0.4,0.2,0
2017,3,4,1,3,15.0,15.0,7,7,1.0,1.0,6.033670033670034,0.17845117845117844,0.18666666666666668,0.4,0.2,0
2017,4,4,1,71,15.0,15.0,7,7,-5.0,-5.0,6.033670033670034,0.17845117845117844,0.18666666666666668,0.2,0.2,0
2017,5,4,1,4,7.0,7.0,7,7,-5.0,-5.0,6.033670033670034,0.17845117845117844,0.18666666666666668,0.0,0.0,0
2017,7,4,1,7,12.0,12.0,7,7,-4.0,-4.0,6.033670033670034,0.17845117845117844,0.18666666666666668,0.0,0.0,0
2017,8,4,1,73,19.0,16.0,7,7,10.0,7.0,6.033670033670034,0.17845117845117844,0.18666666666666668,0.4,0.4,0
2017,9,4,1,70,12.0,12.0,7,7,-7.0,-7.0,6.033670033670034,0.17845117845117844,0.18666666666666668,0.4,0.4,0
2017,10,4,1,9,20.0,13.0,7,7,2.0,-5.0,6.033670033670034,0.17845117845117844,0.18666666666666668,0.4,0.4,0
2017,11,4,1,11,7.0,8.0,7,7,1.0,2.0,6.033670033670034,0.17845117845117844,0.18666666666666668,2.0,2.0,0
2017,12,4,1,13,10.0,11.0,7,7,-8.0,-7.0,6.033670033670034,0.17845117845117844,0.18666666666666668,2.0,2.0,0
2017,13,4,1,14,19.0,13.0,7,7,2.0,-4.0,6.033670033670034,0.17845117845117844,0.18666666666666668,1.6,1.6,0
2017,14,4,1,15,8.0,8.0,7,7,-9.0,-9.0,6.033670033670034,0.17845117845117844,0.18666666666666668,1.6,1.6,0
2017,15,4,1,2,10.0,10.0,7,7,-1.0,-1.0,6.033670033670034,0.17845117845117844,0.18666666666666668,1.6,1.6,0
2017,16,4,1,22,20.0,10.0,7,7,9.0,-1.0,6.033670033670034,0.17845117845117844,0.18666666666666668,0.0,0.0,0
2017,17,4,1,69,8.0,9.0,7,7,-9.0,-8.0,6.033670033670034,0.17845117845117844,0.18666666666666668,0.0,0.0,0
2017,18,4,1,32,18.0,14.0,7,7,8.0,4.0,6.033670033670034,0.17845117845117844,0.18666666666666668,0.2,0.2,0
2017,19,4,1,18,6.0,7.0,7,7,-2.0,-1.0,6.033670033670034,0.17845117845117844,0.18666666666666668,1.0,1.0,0
2017,20,4,1,24,11.0,11.0,7,7,2.0,2.0,6.033670033670034,0.17845117845117844,0.18666666666666668,1.4,1.4,0
2017,6,18,1,6,20.0,9.0,7,7,2.0,-9.0,6.725925925925926,0.1925925925925926,0.18666666666666668,0.4,1.4,0
2017,1,838,1,1,18.0,18.0,1,7,5.0,5.0,0.6190476190476191,0.0,0.18666666666666668,0.5,1.4,0
2017,2,838,1,17,15.0,16.0,1,7,-3.0,-2.0,0.6190476190476191,0.0,0.18666666666666668,0.3333333333333333,1.2,0
2017,3,838,1,3,17.0,17.0,1,7,-3.0,-3.0,0.6190476190476191,0.0,0.18666666666666668,0.25,0.4,0
2017,4,838,1,71,20.0,17.0,1,7,6.0,3.0,0.6190476190476191,0.0,0.18666666666666668,0.2,0.0,0
2017,5,838,1,4,20.0,19.0,1,7,2.0,1.0,0.6190476190476191,0.0,0.18666666666666668,0.0,0.0,0
2017,6,838,1,6,12.0,10.0,1,7,-4.0,-6.0,0.6190476190476191,0.0,0.18666666666666668,0.0,0.0,0
2017,7,838,1,7,16.0,16.0,1,7,2.0,2.0,0.6190476190476191,0.0,0.18666666666666668,0.0,0.0,0
2017,8,838,1,73,18.0,19.0,1,7,6.0,7.0,0.6190476190476191,0.0,0.18666666666666668,0.0,0.0,0
2017,9,838,1,70,13.0,13.0,1,7,1.0,1.0,0.6190476190476191,0.0,0.18666666666666668,0.0,0.0,0
2017,10,838,1,9,8.0,9.0,1,7,-3.0,-2.0,0.6190476190476191,0.0,0.18666666666666668,0.0,0.0,0
2017,11,838,1,11,8.0,9.0,1,7,-2.0,-1.0,0.6190476190476191,0.0,0.18666666666666668,0.2,0.2,0
2017,12,838,1,13,20.0,15.0,1,7,6.0,1.0,0.6190476190476191,0.0,0.18666666666666668,0.2,0.2,0
2017,13,838,1,14,18.0,10.0,1,7,-1.0,-9.0,0.6190476190476191,0.0,0.18666666666666668,0.2,0.2,0
2017,14,838,1,15,9.0,9.0,1,7,2.0,2.0,0.6190476190476191,0.0,0.18666666666666668,1.4,1.4,0
2017,15,838,1,2,7.0,7.0,1,7,0.0,0.0,0.6190476190476191,0.0,0.18666666666666668,2.6,2.6,0
2017,16,838,1,22,9.0,11.0,1,7,-5.0,-3.0,0.6190476190476191,0.0,0.18666666666666668,2.4,2.4,0
2017,17,838,1,69,20.0,13.0,1,7,8.0,1.0,0.6190476190476191,0.0,0.18666666666666668,2.4,2.4,0
2017,18,838,1,32,19.0,15.0,1,7,7.0,3.0,0.6190476190476191,0.0,0.18666666666666668,2.4,2.4,0
2017,19,838,1,18,12.0,13.0,1,7,-7.0,-6.0,0.6190476190476191,0.0,0.18666666666666668,1.2,1.2,0
2017,20,838,1,24,13.0,13.0,1,7,1.0,1.0,0.6190476190476191,0.0,0.18666666666666668,0.0,0.0,0
2018,1,4,1,1,10.0,11.0,8,8,5.0,6.0,6.033670033670034,0.17845117845117844,0.18666666666666668,3.4,2.0,0
2018,2,4,1,3,13.0,13.0,8,8,6.0,6.0,6.033670033670034,0.17845117845117844,0.18666666666666668,4.6,3.2,0
2018,3,4,1,17,13.0,13.0,8,8,6.0,6.0,6.033670033670034,0.17845117845117844,0.18666666666666668,5.6,4.4,0
2018,4,4,1,73,12.0,13.0,8,8,5.0,6.0,6.033670033670034,0.17845117845117844,0.18666666666666668,6.0,5.6,0
2018,5,4,1,4,8.0,8.0,8,8,0.0,0.0,6.033670033670034,0.17845117845117844,0.18666666666666668,6.4,6.4,0
2018,6,4,1,6,7.0,7.0,8,8,-13.0,-13.0,6.033670033670034,0.17845117845117844,0.18666666666666668,4.4,4.4,0
2018,7,4,1,7,14.0,14.0,8,8,-4.0,-4.0,6.033670033670034,0.17845117845117844,0.18666666666666668,3.2,3.2,0
2018,8,4,1,34,16.0,16.0,8,8,0.0,0.0,6.033670033670034,0.17845117845117844,0.18666666666666668,2.0,2.0,0
2018,9,4,1,70,13.0,14.0,8,8,5.0,6.0,6.033670033670034,0.17845117845117844,0.18666666666666668,1.6,1.6,0
2018,10,4,1,9,13.0,13.0,8,8,5.0,5.0,6.033670033670034,0.17845117845117844,0.18666666666666668,1.6,1.6,0
2018,11,4,1,10,11.0,11.0,8,8,-5.0,-5.0,6.033670033670034,0.17845117845117844,0.18666666666666668,1.6,1.6,0
2018,12,4,1,11,11.0,11.0,8,8,3.0,3.0,6.033670033670034,0.17845117845117844,0.18666666666666668,2.4,2.4,0
2018,13,4,1,13,15.0,17.0,8,8,-4.0,-2.0,6.033670033670034,0.17845117845117844,0.18666666666666668,2.4,2.4,0
2018,14,4,1,14,13.0,13.0,8,8,-5.0,-5.0,6.033670033670034,0.17845117845117844,0.18666666666666668,1.6,1.6,0
2018,15,4,1,15,11.0,11.0,8,8,4.0,4.0,6.033670033670034,0.17845117845117844,0.18666666666666668,2.0,2.0,0
2018,16,4,1,71,16.0,17.0,8,8,2.0,3.0,6.033670033670034,0.17845117845117844,0.18666666666666668,2.0,2.0,0
2018,17,4,1,22,18.0,18.0,8,8,4.0,4.0,6.033670033670034,0.17845117845117844,0.18666666666666668,1.2,1.2,0
2018,18,4,1,69,13.0,16.0,8,8,-5.0,-2.0,6.033670033670034,0.17845117845117844,0.18666666666666668,1.2,1.2,0
2018,19,4,1,32,12.0,12.0,8,8,-8.0,-8.0,6.033670033670034,0.17845117845117844,0.18666666666666668,1.2,1.2,0
2018,20,4,1,18,17.0,18.0,8,8,0.0,1.0,6.033670033670034,0.17845117845117844,0.18666666666666668,0.0,0.0,0
2018,21,4,1,24,15.0,15.0,8,8,4.0,4.0,6.033670033670034,0.17845117845117844,0.18666666666666668,0.0,0.0,0
2018,1,838,1,1,11.0,12.0,2,8,2.0,3.0,0.6190476190476191,0.0,0.18666666666666668,0.4,0.4,0
2018,2,838,1,3,14.0,14.0,2,8,6.0,6.0,0.6190476190476191,0.0,0.18666666666666668,1.2,1.2,0
2018,3,838,1,17,14.0,14.0,2,8,1.0,1.0,0.6190476190476191,0.0,0.18666666666666668,1.2,1.2,0
2018,4,838,1,73,16.0,16.0,2,8,7.0,7.0,0.6190476190476191,0.0,0.18666666666666668,1.6,1.6,0
2018,5,838,1,4,11.0,11.0,2,8,-4.0,-4.0,0.6190476190476191,0.0,0.18666666666666668,1.6,1.6,0
2018,6,838,1,6,12.0,12.0,2,8,-2.0,-2.0,0.6190476190476191,0.0,0.18666666666666668,1.2,1.2,0
2018,7,838,1,7,15.0,15.0,2,8,-1.0,-1.0,0.6190476190476191,0.0,0.18666666666666668,0.4,0.4,0
2018,8,838,1,34,17.0,18.0,2,8,5.0,6.0,0.6190476190476191,0.0,0.18666666666666668,0.4,0.4,0
2018,9,838,1,70,15.0,16.0,2,8,0.0,1.0,0.6190476190476191,0.0,0.18666666666666668,0.0,0.0,0
2018,10,838,1,9,17.0,17.0,2,8,6.0,6.0,0.6190476190476191,0.0,0.18666666666666668,0.0,0.0,0
2018,11,838,1,10,19.0,20.0,2,8,6.0,7.0,0.6190476190476191,0.0,0.18666666666666668,0.0,0.0,0
2018,12,838,1,11,16.0,16.0,2,8,-2.0,-2.0,0.6190476190476191,0.0,0.18666666666666668,0.0,0.0,0
2018,13,838,1,13,18.0,20.0,2,8,3.0,5.0,0.6190476190476191,0.0,0.18666666666666668,0.0,0.0,0
2018,14,838,1,14,17.0,20.0,2,8,5.0,8.0,0.6190476190476191,0.0,0.18666666666666668,0.0,0.0,0
2018,15,838,1,15,18.0,18.0,2,8,6.0,6.0,0.6190476190476191,0.0,0.18666666666666668,0.0,0.0,0
2018,16,838,1,71,15.0,19.0,2,8,-1.0,3.0,0.6190476190476191,0.0,0.18666666666666668,0.0,0.0,0
2018,17,838,1,22,19.0,19.0,2,8,4.0,4.0,0.6190476190476191,0.0,0.18666666666666668,0.0,0.0,0
2018,18,838,1,69,17.0,20.0,2,8,6.0,9.0,0.6190476190476191,0.0,0.18666666666666668,0.0,0.0,0
2018,19,838,1,32,15.0,17.0,2,8,7.0,9.0,0.6190476190476191,0.0,0.18666666666666668,0.8,0.8,0
2018,20,838,1,18,20.0,20.0,2,8,6.0,6.0,0.6190476190476191,0.0,0.18666666666666668,0.8,0.8,0
2018,21,838,1,24,18.0,18.0,2,8,4.0,4.0,0.6190476190476191,0.0,0.18666666666666668,0.8,0.8,0
2019,1,832,1,1,18.0,18.0,4,9,-2.0,-2.0,5.202083333333333,0.11666666666666667,0.18666666666666668,2.8,0.8,0
2019,2,832,1,3,7.0,7.0,4,9,-12.0,-12.0,5.202083333333333,0.11666666666666667,0.18666666666666668,1.6,0.8,0
2019,3,832,1,17,14.0,14.0,4,9,0.0,0.0,5.202083333333333,0.11666666666666667,0.18666666666666668,1.6,0.0,0
2019,4,832,1,73,9.0,10.0,4,9,2.0,3.0,5.202083333333333,0.11666666666666667,0.18666666666666668,2.8,1.2,0
2019,5,832,1,4,12.0,13.0,4,9,4.0,5.0,5.202083333333333,0.11666666666666667,0.18666666666666668,2.0,2.0,0
2019,6,832,1,6,9.0,9.0,4,9,3.0,3.0,5.202083333333333,0.11666666666666667,0.18666666666666668,3.6,3.6,0
2019,7,832,1,7,11.0,9.0,4,9,0.0,-2.0,5.202083333333333,0.11666666666666667,0.18666666666666668,3.6,3.6,0
2019,8,832,1,34,6.0,6.0,4,9,0.0,0.0,5.202083333333333,0.11666666666666667,0.18666666666666668,5.2,5.2,0
2019,9,832,1,70,19.0,15.0,4,9,11.0,7.0,5.202083333333333,0.11666666666666667,0.18666666666666668,4.8,4.8,0
2019,10,832,1,9,13.0,13.0,4,9,7.0,7.0,5.202083333333333,0.11666666666666667,0.18666666666666668,5.6,5.6,0
2019,11,832,1,10,7.0,7.0,4,9,2.0,2.0,5.202083333333333,0.11666666666666667,0.18666666666666668,6.0,6.0,0
2019,12,832,1,11,8.0,8.0,4,9,3.0,3.0,5.202083333333333,0.11666666666666667,0.18666666666666668,8.0,8.0,0
2019,13,832,1,13,15.0,17.0,4,9,-4.0,-2.0,5.202083333333333,0.11666666666666667,0.18666666666666668,6.4,6.4,0
2019,14,832,1,14,7.0,7.0,4,9,-13.0,-13.0,5.202083333333333,0.11666666666666667,0.18666666666666668,5.6,5.6,0
2019,15,832,1,15,7.0,7.0,4,9,-5.0,-5.0,5.202083333333333,0.11666666666666667,0.18666666666666668,4.0,4.0,0
2019,16,832,1,71,5.0,6.0,4,9,-1.0,0.0,5.202083333333333,0.11666666666666667,0.18666666666666668,3.6,3.6,0
2019,17,832,1,22,7.0,7.0,4,9,2.0,2.0,5.202083333333333,0.11666666666666667,0.18666666666666668,3.6,3.6,0
2019,18,832,1,32,7.0,7.0,4,9,-6.0,-6.0,5.202083333333333,0.11666666666666667,0.18666666666666668,3.6,3.6,0
2019,19,832,1,69,7.0,7.0,4,9,-1.0,-1.0,5.202083333333333,0.11666666666666667,0.18666666666666668,4.4,4.4,0
2019,20,832,1,18,20.0,20.0,4,9,17.0,17.0,5.202083333333333,0.11666666666666667,0.18666666666666668,7.4,7.4,1
2019,21,832,1,24,8.0,9.0,4,9,-2.0,-1.0,5.202083333333333,0.11666666666666667,0.18666666666666668,6.0,6.0,0
2019,1,846,1,1,8.0,8.0,0,9,-4.0,-4.0,8.851851851851851,0.29012345679012347,0.18666666666666668,0.0,4.0,0
2019,2,846,1,3,9.0,10.0,0,9,3.0,4.0,8.851851851851851,0.29012345679012347,0.18666666666666668,4.0,5.6,0
2019,3,846,1,17,15.0,15.0,0,9,-3.0,-3.0,8.851851851851851,0.29012345679012347,0.18666666666666668,2.6666666666666665,4.8,0
2019,4,846,1,73,7.0,7.0,0,9,-1.0,-1.0,8.851851851851851,0.29012345679012347,0.18666666666666668,3.0,2.6,0
2019,5,846,1,4,10.0,11.0,0,9,-10.0,-9.0,8.851851851851851,0.29012345679012347,0.18666666666666668,2.4,2.4,0
2019,6,846,1,6,12.0,12.0,0,9,1.0,1.0,8.851851851851851,0.29012345679012347,0.18666666666666668,2.4,2.4,0
2019,7,846,1,7,8.0,8.0,0,9,-12.0,-12.0,8.851851851851851,0.29012345679012347,0.18666666666666668,0.8,0.8,0
2019,8,846,1,34,5.0,5.0,0,9,-4.0,-4.0,8.851851851851851,0.29012345679012347,0.18666666666666668,1.2,1.2,0
2019,9,846,1,70,5.0,6.0,0,9,-1.0,0.0,8.851851851851851,0.29012345679012347,0.18666666666666668,2.0,2.0,0
2019,10,846,1,9,8.0,8.0,0,9,-3.0,-3.0,8.851851851851851,0.29012345679012347,0.18666666666666668,2.0,2.0,0
2019,11,846,1,10,19.0,16.0,0,9,1.0,-2.0,8.851851851851851,0.29012345679012347,0.18666666666666668,2.0,2.0,0
2019,12,846,1,11,7.0,7.0,0,9,-2.0,-2.0,8.851851851851851,0.29012345679012347,0.18666666666666668,2.4,2.4,0
2019,13,846,1,13,11.0,12.0,0,9,0.0,1.0,8.851851851851851,0.29012345679012347,0.18666666666666668,2.0,2.0,0
2019,14,846,1,14,16.0,14.0,0,9,6.0,4.0,8.851851851851851,0.29012345679012347,0.18666666666666668,0.6,0.6,0
2019,15,846,1,15,9.0,9.0,0,9,2.0,2.0,8.851851851851851,0.29012345679012347,0.18666666666666668,1.8,1.8,0
2019,16,846,1,71,7.0,8.0,0,9,-1.0,0.0,8.851851851851851,0.29012345679012347,0.18666666666666668,2.6,2.6,0
2019,17,846,1,22,8.0,8.0,0,9,-3.0,-3.0,8.851851851851851,0.29012345679012347,0.18666666666666668,2.2,2.2,0
2019,18,846,1,32,8.0,8.0,0,9,-12.0,-12.0,8.851851851851851,0.29012345679012347,0.18666666666666668,2.2,2.2,0
2019,19,846,1,69,8.0,8.0,0,9,1.0,1.0,8.851851851851851,0.29012345679012347,0.18666666666666668,3.2,3.2,0
2019,20,846,1,18,10.0,11.0,0,9,2.0,3.0,8.851851851851851,0.29012345679012347,0.18666666666666668,2.8,2.8,0
2019,21,846,1,24,6.0,7.0,0,9,-2.0,-1.0,8.851851851851851,0.29012345679012347,0.18666666666666668,2.8,2.8,0
2020,1,832,1,70,8.0,8.0,5,10,3.0,3.0,5.202083333333333,0.11666666666666667,0.18666666666666668,6.0,4.8,0
2020,2,832,1,70,3.0,3.0,5,10,-6.0,-6.0,5.202083333333333,0.11666666666666667,0.18666666666666668,6.6,5.4,0
2020,3,832,1,11,9.0,9.0,5,10,0.0,0.0,5.202083333333333,0.11666666666666667,0.18666666666666668,6.2,4.6,0
2020,4,832,1,9,7.0,7.0,5,10,-6.0,-6.0,5.202083333333333,0.11666666666666667,0.18666666666666668,3.2,3.8,0
2020,5,832,1,9,12.0,13.0,5,10,-1.0,0.0,5.202083333333333,0.11666666666666667,0.18666666666666668,3.0,3.0,0
2020,6,832,1,4,7.0,7.0,5,10,1.0,1.0,5.202083333333333,0.11666666666666667,0.18666666666666668,2.6,2.6,0
2020,7,832,1,13,7.0,7.0,5,10,-13.0,-13.0,5.202083333333333,0.11666666666666667,0.18666666666666668,2.0,2.0,0
2020,8,832,1,14,3.0,3.0,5,10,1.0,1.0,5.202083333333333,0.11666666666666667,0.18666666666666668,5.2,5.2,1
2020,9,832,1,76,9.0,9.0,5,10,-9.0,-9.0,5.202083333333333,0.11666666666666667,0.18666666666666668,5.2,5.2,0
2020,10,832,1,71,6.0,6.0,5,10,-13.0,-13.0,5.202083333333333,0.11666666666666667,0.18666666666666668,5.2,5.2,0
2020,11,832,1,20,10.0,10.0,5,10,5.0,5.0,5.202083333333333,0.11666666666666667,0.18666666666666668,5.6,5.6,0
2020,12,832,1,75,7.0,7.0,5,10,1.0,1.0,5.202083333333333,0.11666666666666667,0.18666666666666668,7.2,7.2,0
2020,13,832,1,21,10.0,10.0,5,10,3.0,3.0,5.202083333333333,0.11666666666666667,0.18666666666666668,4.8,4.8,0
2020,14,832,1,5,15.0,13.0,5,10,10.0,8.0,5.202083333333333,0.11666666666666667,0.18666666666666668,6.8,6.8,0
2020,15,832,1,3,15.0,15.0,5,10,10.0,10.0,5.202083333333333,0.11666666666666667,0.18666666666666668,8.8,8.8,0
2020,16,832,1,3,8.0,8.0,5,10,4.0,4.0,5.202083333333333,0.11666666666666667,0.18666666666666668,9.2,9.2,0
2020,17,832,1,24,6.0,6.0,5,10,0.0,0.0,5.202083333333333,0.11666666666666667,0.18666666666666668,9.2,9.2,0
2020,1,846,1,70,3.0,4.0,1,10,0.0,1.0,8.851851851851851,0.29012345679012347,0.18666666666666668,6.0,11.2,1
2020,2,846,1,70,9.0,6.0,1,10,4.0,1.0,8.851851851851851,0.29012345679012347,0.18666666666666668,8.0,11.2,0
2020,3,846,1,11,8.0,8.0,1,10,-5.0,-5.0,8.851851851851851,0.29012345679012347,0.18666666666666668,6.8,9.2,0
2020,4,846,1,9,5.0,5.0,1,10,0.0,0.0,8.851851851851851,0.29012345679012347,0.18666666666666668,8.0,8.8,0
2020,5,846,1,9,10.0,10.0,1,10,1.0,1.0,8.851851851851851,0.29012345679012347,0.18666666666666668,7.6,7.6,0
2020,6,846,1,4,8.0,8.0,1,10,-2.0,-2.0,8.851851851851851,0.29012345679012347,0.18666666666666668,4.6,4.6,0
2020,7,846,1,13,10.0,10.0,1,10,3.0,3.0,8.851851851851851,0.29012345679012347,0.18666666666666668,3.8,3.8,0
2020,8,846,1,14,6.0,6.0,1,10,2.0,2.0,8.851851851851851,0.29012345679012347,0.18666666666666668,6.2,6.2,0
2020,9,846,1,76,11.0,11.0,1,10,5.0,5.0,8.851851851851851,0.29012345679012347,0.18666666666666668,5.8,5.8,0
2020,10,846,1,71,8.0,8.0,1,10,-7.0,-7.0,8.851851851851851,0.29012345679012347,0.18666666666666668,5.4,5.4,0
2020,11,846,1,20,8.0,8.0,1,10,-8.0,-8.0,8.851851851851851,0.29012345679012347,0.18666666666666668,5.2,5.2,0
2020,12,846,1,75,8.0,8.0,1,10,-5.0,-5.0,8.851851851851851,0.29012345679012347,0.18666666666666668,4.0,4.0,0
2020,13,846,1,21,9.0,9.0,1,10,1.0,1.0,8.851851851851851,0.29012345679012347,0.18666666666666668,2.4,2.4,0
2020,14,846,1,5,14.0,11.0,1,10,6.0,3.0,8.851851851851851,0.29012345679012347,0.18666666666666668,1.8,1.8,0
2020,15,846,1,3,9.0,9.0,1,10,5.0,5.0,8.851851851851851,0.29012345679012347,0.18666666666666668,4.2,4.2,0
2020,16,846,1,3,19.0,15.0,1,10,9.0,5.0,8.851851851851851,0.29012345679012347,0.18666666666666668,4.4,4.4,0
2020,17,846,1,24,4.0,4.0,1,10,-1.0,-1.0,8.851851851851851,0.29012345679012347,0.18666666666666668,6.4,6.4,0
2021,1,817,1,3,6.0,6.0,10,11,-1.0,-1.0,5.0625,0.125,0.18666666666666668,6.0,6.8,0
2021,2,817,1,21,6.0,6.0,10,11,0.0,0.0,5.0625,0.125,0.18666666666666668,7.4,7.4,0
2021,3,817,1,75,16.0,16.0,10,11,7.0,7.0,5.0625,0.125,0.18666666666666668,6.6,5.4,0
2021,4,817,1,4,7.0,7.0,10,11,1.0,1.0,5.0625,0.125,0.18666666666666668,6.2,6.8,0
2021,5,817,1,6,12.0,12.0,10,11,0.0,0.0,5.0625,0.125,0.18666666666666668,4.8,4.8,0
2021,6,817,1,73,13.0,13.0,10,11,4.0,4.0,5.0625,0.125,0.18666666666666668,4.0,4.0,0
2021,7,817,1,34,10.0,10.0,10,11,4.0,4.0,5.0625,0.125,0.18666666666666668,4.0,4.0,0
2021,8,817,1,70,13.0,13.0,10,11,0.0,0.0,5.0625,0.125,0.18666666666666668,3.6,3.6,0
2021,9,817,1,70,13.0,13.0,10,11,6.0,6.0,5.0625,0.125,0.18666666666666668,3.2,3.2,0
2021,10,817,1,9,6.0,7.0,10,11,1.0,2.0,5.0625,0.125,0.18666666666666668,5.2,5.2,0
2021,11,817,1,11,11.0,11.0,10,11,0.0,0.0,5.0625,0.125,0.18666666666666668,4.8,4.8,0
2021,12,817,1,13,4.0,4.0,10,11,0.0,0.0,5.0625,0.125,0.18666666666666668,4.4,4.4,0
2021,13,817,1,39,10.0,10.0,10,11,-1.0,-1.0,5.0625,0.125,0.18666666666666668,4.4,4.4,0
2021,14,817,1,14,2.0,5.0,10,11,1.0,4.0,5.0625,0.125,0.18666666666666668,8.4,8.4,1
2021,15,817,1,71,5.0,5.0,10,11,1.0,1.0,5.0625,0.125,0.18666666666666668,8.8,8.8,0
2021,16,817,1,5,20.0,16.0,10,11,7.0,3.0,5.0625,0.125,0.18666666666666668,8.8,8.8,0
2021,17,817,1,69,6.0,7.0,10,11,1.0,2.0,5.0625,0.125,0.18666666666666668,9.6,9.6,0
2021,18,817,1,32,7.0,7.0,10,11,-5.0,-5.0,5.0625,0.125,0.18666666666666668,9.6,9.6,0
2021,19,817,1,18,11.0,9.0,10,11,-8.0,-10.0,5.0625,0.125,0.18666666666666668,4.4,4.4,0
2021,20,817,1,78,14.0,14.0,10,11,2.0,2.0,5.0625,0.125,0.18666666666666668,2.0,2.0,0
2021,21,817,1,77,11.0,11.0,10,11,6.0,6.0,5.0625,0.125,0.18666666666666668,4.0,4.0,0
2021,22,817,1,24,10.0,10.0,10,11,-2.0,-2.0,5.0625,0.125,0.18666666666666668,2.0,2.0,0
2021,1,846,1,3,7.0,7.0,2,11,3.0,3.0,8.851851851851851,0.29012345679012347,0.18666666666666668,8.0,4.4,0
2021,2,846,1,21,7.0,7.0,2,11,4.0,4.0,8.851851851851851,0.29012345679012347,0.18666666666666668,10.0,7.4,1
2021,3,846,1,75,7.0,7.0,2,11,2.0,2.0,8.851851851851851,0.29012345679012347,0.18666666666666668,9.6,9.4,0
2021,4,846,1,4,9.0,9.0,2,11,1.0,1.0,8.851851851851851,0.29012345679012347,0.18666666666666668,10.2,8.2,0
2021,5,846,1,6,5.0,5.0,2,11,2.0,2.0,8.851851851851851,0.29012345679012347,0.18666666666666668,11.2,11.2,1
2021,6,846,1,73,9.0,6.0,2,11,4.0,1.0,8.851851851851851,0.29012345679012347,0.18666666666666668,10.8,10.8,0
2021,7,846,1,34,8.0,8.0,2,11,3.0,3.0,8.851851851851851,0.29012345679012347,0.18666666666666668,9.8,9.8,0
2021,8,846,1,70,3.0,4.0,2,11,-2.0,-1.0,8.851851851851851,0.29012345679012347,0.18666666666666668,9.8,9.8,0
2021,9,846,1,70,2.0,2.0,2,11,-1.0,-1.0,8.851851851851851,0.29012345679012347,0.18666666666666668,12.0,12.0,1
2021,10,846,1,9,5.0,6.0,2,11,1.0,2.0,8.851851851851851,0.29012345679012347,0.18666666666666668,11.4,11.4,0
2021,11,846,1,11,6.0,6.0,2,11,-9.0,-9.0,8.851851851851851,0.29012345679012347,0.18666666666666668,9.4,9.4,0
2021,12,846,1,13,15.0,10.0,2,11,1.0,-4.0,8.851851851851851,0.29012345679012347,0.18666666666666668,7.4,7.4,0
2021,13,846,1,39,13.0,13.0,2,11,3.0,3.0,8.851851851851851,0.29012345679012347,0.18666666666666668,5.6,5.6,0
2021,14,846,1,14,3.0,4.0,2,11,1.0,2.0,8.851851851851851,0.29012345679012347,0.18666666666666668,6.2,6.2,1
2021,15,846,1,71,1.0,1.0,2,11,-6.0,-6.0,8.851851851851851,0.29012345679012347,0.18666666666666668,5.2,5.2,0
2021,16,846,1,5,7.0,8.0,2,11,0.0,1.0,8.851851851851851,0.29012345679012347,0.18666666666666668,6.4,6.4,0
2021,17,846,1,69,7.0,8.0,2,11,-1.0,0.0,8.851851851851851,0.29012345679012347,0.18666666666666668,7.2,7.2,0
2021,18,846,1,32,18.0,10.0,2,11,8.0,0.0,8.851851851851851,0.29012345679012347,0.18666666666666668,7.2,7.2,0
2021,19,846,1,18,5.0,8.0,2,11,-5.0,-2.0,8.851851851851851,0.29012345679012347,0.18666666666666668,3.8,3.8,0
2021,20,846,1,78,4.0,6.0,2,11,-5.0,-3.0,8.851851851851851,0.29012345679012347,0.18666666666666668,2.8,2.8,0
2021,21,846,1,77,7.0,7.0,2,11,-3.0,-3.0,8.851851851851851,0.29012345679012347,0.18666666666666668,1.8,1.8,0
2021,22,846,1,24,3.0,3.0,2,11,-4.0,-4.0,8.851851851851851,0.29012345679012347,0.18666666666666668,2.2,2.2,0
2022,1,817,1,3,18.0,18.0,11,12,4.0,4.0,5.0625,0.125,0.18666666666666668,2.0,2.0,0
2022,2,817,1,77,14.0,12.0,11,12,-3.0,-5.0,5.0625,0.125,0.18666666666666668,2.0,1.8,0
2022,3,817,1,1,7.0,7.0,11,12,1.0,1.0,5.0625,0.125,0.18666666666666668,3.6,3.0,0
2022,4,817,1,21,6.0,6.0,11,12,-12.0,-12.0,5.0625,0.125,0.18666666666666668,1.6,2.8,0
2022,5,817,1,79,14.0,14.0,11,12,1.0,1.0,5.0625,0.125,0.18666666666666668,1.6,1.6,0
2022,6,817,1,4,9.0,9.0,11,12,-3.0,-3.0,5.0625,0.125,0.18666666666666668,1.6,1.6,0
2022,7,817,1,6,14.0,14.0,11,12,1.0,1.0,5.0625,0.125,0.18666666666666668,1.6,1.6,0
2022,8,817,1,73,12.0,12.0,11,12,4.0,4.0,5.0625,0.125,0.18666666666666668,0.8,0.8,0
2022,9,817,1,7,9.0,9.0,11,12,-2.0,-2.0,5.0625,0.125,0.18666666666666668,0.8,0.8,0
2022,10,817,1,9,14.0,14.0,11,12,1.0,1.0,5.0625,0.125,0.18666666666666668,0.8,0.8,0
2022,11,817,1,70,11.0,16.0,11,12,2.0,7.0,5.0625,0.125,0.18666666666666668,1.2,1.2,0
2022,12,817,1,34,9.0,11.0,11,12,0.0,2.0,5.0625,0.125,0.18666666666666668,1.6,1.6,0
2022,13,817,1,11,9.0,9.0,11,12,-6.0,-6.0,5.0625,0.125,0.18666666666666668,0.8,0.8,0
2022,14,817,1,13,7.0,11.0,11,12,-8.0,-4.0,5.0625,0.125,0.18666666666666668,0.8,0.8,0
2022,15,817,1,39,17.0,17.0,11,12,0.0,0.0,5.0625,0.125,0.18666666666666668,0.8,0.8,0
2022,16,817,1,14,4.0,8.0,11,12,-13.0,-9.0,5.0625,0.125,0.18666666666666668,0.4,0.4,0
2022,17,817,1,15,16.0,17.0,11,12,11.0,12.0,5.0625,0.125,0.18666666666666668,2.0,2.0,0
2022,18,817,1,22,11.0,11.0,11,12,0.0,0.0,5.0625,0.125,0.18666666666666668,2.0,2.0,0
2022,19,817,1,69,15.0,17.0,11,12,-1.0,1.0,5.0625,0.125,0.18666666666666668,2.0,2.0,0
2022,20,817,1,32,11.0,11.0,11,12,4.0,4.0,5.0625,0.125,0.18666666666666668,3.2,3.2,0
2022,21,817,1,18,11.0,14.0,11,12,-9.0,-6.0,5.0625,0.125,0.18666666666666668,3.2,3.2,0
2022,22,817,1,24,13.0,10.0,11,12,4.0,1.0,5.0625,0.125,0.18666666666666668,1.6,1.6,0
2022,1,846,1,3,13.0,13.0,3,12,-2.0,-2.0,8.851851851851851,0.29012345679012347,0.18666666666666668,2.0,1.6,0
2022,2,846,1,77,11.0,11.0,3,12,4.0,4.0,8.851851851851851,0.29012345679012347,0.18666666666666668,3.0,2.8,0
2022,3,846,1,1,4.0,4.0,3,12,-1.0,-1.0,8.851851851851851,0.29012345679012347,0.18666666666666668,4.6,3.6,0
2022,4,846,1,21,5.0,3.0,3,12,2.0,0.0,8.851851851851851,0.29012345679012347,0.18666666666666668,7.4,6.6,1
2022,5,846,1,79,8.0,8.0,3,12,-11.0,-11.0,8.851851851851851,0.29012345679012347,0.18666666666666668,6.2,6.2,0
2022,6,846,1,4,11.0,11.0,3,12,3.0,3.0,8.851851851851851,0.29012345679012347,0.18666666666666668,7.0,7.0,0
2022,7,846,1,6,5.0,5.0,3,12,-1.0,-1.0,8.851851851851851,0.29012345679012347,0.18666666666666668,7.6,7.6,0
2022,8,846,1,73,11.0,11.0,3,12,2.0,2.0,8.851851851851851,0.29012345679012347,0.18666666666666668,6.0,6.0,0
2022,9,846,1,7,14.0,14.0,3,12,-1.0,-1.0,8.851851851851851,0.29012345679012347,0.18666666666666668,3.0,3.0,0
2022,10,846,1,9,6.0,6.0,3,12,0.0,0.0,8.851851851851851,0.29012345679012347,0.18666666666666668,4.6,4.6,0
2022,11,846,1,70,10.0,15.0,3,12,3.0,8.0,8.851851851851851,0.29012345679012347,0.18666666666666668,5.0,5.0,0
2022,12,846,1,34,5.0,5.0,3,12,-2.0,-2.0,8.851851851851851,0.29012345679012347,0.18666666666666668,4.4,4.4,0
2022,13,846,1,11,4.0,4.0,3,12,-3.0,-3.0,8.851851851851851,0.29012345679012347,0.18666666666666668,5.2,5.2,0
2022,14,846,1,13,17.0,10.0,3,12,5.0,-2.0,8.851851851851851,0.29012345679012347,0.18666666666666668,5.2,5.2,0
2022,15,846,1,39,7.0,7.0,3,12,0.0,0.0,8.851851851851851,0.29012345679012347,0.18666666666666668,4.8,4.8,0
2022,16,846,1,14,3.0,7.0,3,12,-4.0,0.0,8.851851851851851,0.29012345679012347,0.18666666666666668,4.8,4.8,0
2022,17,846,1,15,6.0,6.0,3,12,2.0,2.0,8.851851851851851,0.29012345679012347,0.18666666666666668,6.0,6.0,0
2022,18,846,1,22,10.0,10.0,3,12,0.0,0.0,8.851851851851851,0.29012345679012347,0.18666666666666668,5.0,5.0,0
2022,19,846,1,69,6.0,8.0,3,12,0.0,2.0,8.851851851851851,0.29012345679012347,0.18666666666666668,6.6,6.6,0
2022,20,846,1,32,8.0,8.0,3,12,-1.0,-1.0,8.851851851851851,0.29012345679012347,0.18666666666666668,5.8,5.8,0
2022,21,846,1,18,6.0,4.0,3,12,-12.0,-14.0,8.851851851851851,0.29012345679012347,0.18666666666666668,4.6,4.6,0
2022,22,846,1,24,7.0,7.0,3,12,1.0,1.0,8.851851851851851,0.29012345679012347,0.18666666666666668,4.0,4.0,0
2023,1,846,1,3,11.0,11.0,4,13,-6.0,-6.0,8.851851851851851,0.29012345679012347,0.18666666666666668,3.8,3.8,0
2023,2,846,1,77,19.0,19.0,4,13,2.0,2.0,8.851851851851851,0.29012345679012347,0.18666666666666668,2.2,2.2,0
2023,3,846,1,1,13.0,13.0,4,13,7.0,7.0,8.851851851851851,0.29012345679012347,0.18666666666666668,3.4,3.4,0
2023,4,846,1,73,7.0,7.0,4,13,-2.0,-2.0,8.851851851851851,0.29012345679012347,0.18666666666666668,3.8,3.8,0
2023,5,846,1,79,16.0,16.0,4,13,-1.0,-1.0,8.851851851851851,0.29012345679012347,0.18666666666666668,2.0,2.0,0
2023,6,846,1,6,10.0,10.0,4,13,1.0,1.0,8.851851851851851,0.29012345679012347,0.18666666666666668,2.4,2.4,0
2023,7,846,1,4,3.0,3.0,4,13,-14.0,-14.0,8.851851851851851,0.29012345679012347,0.18666666666666668,2.4,2.4,0
2023,8,846,1,7,7.0,7.0,4,13,-6.0,-6.0,8.851851851851851,0.29012345679012347,0.18666666666666668,0.8,0.8,0
2023,9,846,1,70,4.0,4.0,4,13,0.0,0.0,8.851851851851851,0.29012345679012347,0.18666666666666668,2.8,2.8,0
2023,10,846,1,9,2.0,2.0,4,13,0.0,0.0,8.851851851851851,0.29012345679012347,0.18666666666666668,6.4,6.4,1
2023,11,846,1,11,3.0,3.0,4,13,1.0,1.0,8.851851851851851,0.29012345679012347,0.18666666666666668,9.6,9.6,1
2023,12,846,1,13,7.0,7.0,4,13,0.0,0.0,8.851851851851851,0.29012345679012347,0.18666666666666668,10.8,10.8,0
2023,13,846,1,39,2.0,2.0,4,13,-5.0,-5.0,8.851851851851851,0.29012345679012347,0.18666666666666668,12.0,12.0,0
2023,14,846,1,14,9.0,9.0,4,13,1.0,1.0,8.851851851851851,0.29012345679012347,0.18666666666666668,10.4,10.4,0
2023,15,846,1,15,4.0,4.0,4,13,2.0,2.0,8.851851851851851,0.29012345679012347,0.18666666666666668,10.4,10.4,1
2023,16,846,1,22,3.0,3.0,4,13,1.0,1.0,8.851851851851851,0.29012345679012347,0.18666666666666668,10.4,10.4,1
2023,17,846,1,78,10.0,10.0,4,13,7.0,7.0,8.851851851851851,0.29012345679012347,0.18666666666666668,12.2,12.2,1
2023,18,846,1,69,2.0,2.0,4,13,0.0,0.0,8.851851851851851,0.29012345679012347,0.18666666666666668,14.6,14.6,1
2023,19,846,1,32,17.0,19.0,4,13,12.0,14.0,8.851851851851851,0.29012345679012347,0.18666666666666668,15.8,15.8,0
2023,20,846,1,18,6.0,7.0,4,13,4.0,5.0,8.851851851851851,0.29012345679012347,0.18666666666666668,16.0,16.0,1
2023,21,846,1,80,15.0,16.0,4,13,-5.0,-4.0,8.851851851851851,0.29012345679012347,0.18666666666666668,12.4,12.4,0
2023,22,846,1,24,5.0,5.0,4,13,0.0,0.0,8.851851851851851,0.29012345679012347,0.18666666666666668,11.4,11.4,0
2023,1,857,1,3,18.0,18.0,0,13,-2.0,-2.0,9.8125,0.3375,0.18666666666666668,0.0,7.8,0
2023,2,857,1,77,8.0,9.0,0,13,-7.0,-6.0,9.8125,0.3375,0.18666666666666668,0.0,5.8,0
2023,3,857,1,1,16.0,16.0,0,13,8.0,8.0,9.8125,0.3375,0.18666666666666668,1.3333333333333333,2.8,0
2023,4,857,1,73,10.0,10.0,0,13,-1.0,-1.0,9.8125,0.3375,0.18666666666666668,1.0,2.8,0
2023,5,857,1,79,19.0,19.0,0,13,0.0,0.0,9.8125,0.3375,0.18666666666666668,0.8,0.8,0
2023,6,857,1,6,11.0,11.0,0,13,1.0,1.0,9.8125,0.3375,0.18666666666666668,1.0,1.0,0
2023,7,857,1,4,9.0,10.0,0,13,-4.0,-3.0,9.8125,0.3375,0.18666666666666668,1.0,1.0,0
2023,8,857,1,7,8.0,9.0,0,13,-3.0,-2.0,9.8125,0.3375,0.18666666666666668,0.2,0.2,0
2023,9,857,1,70,13.0,13.0,0,13,-3.0,-3.0,9.8125,0.3375,0.18666666666666668,0.2,0.2,0
2023,10,857,1,9,3.0,3.0,0,13,-1.0,-1.0,9.8125,0.3375,0.18666666666666668,2.6,2.6,0
2023,11,857,1,11,4.0,4.0,0,13,-1.0,-1.0,9.8125,0.3375,0.18666666666666668,4.4,4.4,0
2023,12,857,1,13,5.0,6.0,0,13,-15.0,-14.0,9.8125,0.3375,0.18666666666666668,4.4,4.4,0
2023,13,857,1,39,8.0,8.0,0,13,-1.0,-1.0,9.8125,0.3375,0.18666666666666668,4.8,4.8,0
2023,14,857,1,14,7.0,7.0,0,13,-5.0,-5.0,9.8125,0.3375,0.18666666666666668,4.8,4.8,0
2023,15,857,1,15,17.0,17.0,0,13,10.0,10.0,9.8125,0.3375,0.18666666666666668,3.6,3.6,0
2023,16,857,1,22,2.0,2.0,0,13,-1.0,-1.0,9.8125,0.3375,0.18666666666666668,4.6,4.6,1
2023,17,857,1,78,6.0,6.0,0,13,4.0,4.0,9.8125,0.3375,0.18666666666666668,8.2,8.2,1
2023,18,857,1,69,10.0,10.0,0,13,-7.0,-7.0,9.8125,0.3375,0.18666666666666668,7.8,7.8,0
2023,19,857,1,32,7.0,7.0,0,13,-1.0,-1.0,9.8125,0.3375,0.18666666666666668,8.6,8.6,0
2023,20,857,1,18,10.0,10.0,0,13,-4.0,-4.0,9.8125,0.3375,0.18666666666666668,7.4,7.4,0
2023,21,857,1,80,18.0,19.0,0,13,8.0,9.0,9.8125,0.3375,0.18666666666666668,4.8,4.8,0
2023,22,857,1,24,3.0,3.0,0,13,-3.0,-3.0,9.8125,0.3375,0.18666666666666668,2.8,2.8,0
2024,1,846,1,3,7.0,7.0,5,14,1.0,1.0,8.851851851851851,0.29012345679012347,0.18666666666666668,9.4,4.4,0
2024,2,846,1,77,6.0,6.0,5,14,-2.0,-2.0,8.851851851851851,0.29012345679012347,0.18666666666666668,8.2,4.4,0
2024,3,846,1,1,3.0,4.0,5,14,0.0,1.0,8.851851851851851,0.29012345679012347,0.18666666666666668,7.4,7.4,1
2024,4,846,1,22,3.0,3.0,5,14,-2.0,-2.0,8.851851851851851,0.29012345679012347,0.18666666666666668,9.4,9.0,0
2024,5,846,1,17,4.0,4.0,5,14,2.0,2.0,8.851851851851851,0.29012345679012347,0.18666666666666668,11.0,11.0,1
2024,6,846,1,79,5.0,5.0,5,14,4.0,4.0,8.851851851851851,0.29012345679012347,0.18666666666666668,14.4,14.4,1
2024,7,846,1,21,2.0,3.0,5,14,0.0,1.0,8.851851851851851,0.29012345679012347,0.18666666666666668,17.2,17.2,1
2024,8,846,1,6,4.0,4.0,5,14,0.0,0.0,8.851851851851851,0.29012345679012347,0.18666666666666668,16.6,16.6,0
2024,9,846,1,7,3.0,3.0,5,14,1.0,1.0,8.851851851851851,0.29012345679012347,0.18666666666666668,18.2,18.2,1
2024,10,846,1,4,1.0,1.0,5,14,-1.0,-1.0,8.851851851851851,0.29012345679012347,0.18666666666666668,18.4,18.4,1
2024,11,846,1,70,2.0,2.0,5,14,-18.0,-18.0,8.851851851851851,0.29012345679012347,0.18666666666666668,13.4,13.4,0
2024,12,846,1,9,3.0,3.0,5,14,0.0,0.0,8.851851851851851,0.29012345679012347,0.18666666666666668,12.8,12.8,1
2024,13,846,1,11,1.0,1.0,5,14,-1.0,-1.0,8.851851851851851,0.29012345679012347,0.18666666666666668,14.0,14.0,1
2024,14,846,1,13,4.0,5.0,5,14,-1.0,0.0,8.851851851851851,0.29012345679012347,0.18666666666666668,12.4,12.4,0
2024,15,846,1,39,1.0,1.0,5,14,0.0,0.0,8.851851851851851,0.29012345679012347,0.18666666666666668,13.8,13.8,1
2024,16,846,1,14,1.0,1.0,5,14,-2.0,-2.0,8.851851851851851,0.29012345679012347,0.18666666666666668,17.0,17.0,1
2024,17,846,1,73,15.0,16.0,5,14,11.0,12.0,8.851851851851851,0.29012345679012347,0.18666666666666668,16.6,16.6,0
2024,18,846,1,15,1.0,1.0,5,14,0.0,0.0,8.851851851851851,0.29012345679012347,0.18666666666666668,18.0,18.0,1
2024,19,846,1,69,1.0,1.0,5,14,-3.0,-3.0,8.851851851851851,0.29012345679012347,0.18666666666666668,18.4,18.4,0
2024,20,846,1,32,3.0,3.0,5,14,1.0,1.0,8.851851851851851,0.29012345679012347,0.18666666666666668,16.8,16.8,1
2024,21,846,1,18,1.0,1.0,5,14,-5.0,-5.0,8.851851851851851,0.29012345679012347,0.18666666666666668,15.2,15.2,0
2024,22,846,1,80,6.0,6.0,5,14,0.0,0.0,8.851851851851851,0.29012345679012347,0.18666666666666668,14.4,14.4,0
2024,23,846,1,78,3.0,3.0,5,14,-7.0,-7.0,8.851851851851851,0.29012345679012347,0.18666666666666668,9.8,9.8,0
2024,24,846,1,24,1.0,1.0,5,14,0.0,0.0,8.851851851851851,0.29012345679012347,0.18666666666666668,12.4,12.4,1
2024,1,857,1,3,8.0,8.0,1,14,0.0,0.0,9.8125,0.3375,0.18666666666666668,3.6,9.6,0
2024,2,857,1,77,5.0,5.0,1,14,1.0,1.0,9.8125,0.3375,0.18666666666666668,5.2,10.4,0
2024,3,857,1,1,5.0,6.0,1,14,1.0,2.0,9.8125,0.3375,0.18666666666666668,7.6,11.0,0
2024,4,857,1,22,6.0,6.0,1,14,-2.0,-2.0,9.8125,0.3375,0.18666666666666668,8.0,11.4,0
2024,5,857,1,17,5.0,5.0,1,14,-3.0,-3.0,9.8125,0.3375,0.18666666666666668,7.2,7.2,0
2024,6,857,1,79,6.0,6.0,1,14,-7.0,-7.0,9.8125,0.3375,0.18666666666666668,6.4,6.4,0
2024,7,857,1,21,5.0,2.0,1,14,1.0,-2.0,9.8125,0.3375,0.18666666666666668,6.4,6.4,0
2024,8,857,1,6,2.0,2.0,1,14,0.0,0.0,9.8125,0.3375,0.18666666666666668,7.6,7.6,1
2024,9,857,1,7,4.0,4.0,1,14,-1.0,-1.0,9.8125,0.3375,0.18666666666666668,8.8,8.8,0
2024,10,857,1,4,9.0,10.0,1,14,2.0,3.0,9.8125,0.3375,0.18666666666666668,9.2,9.2,0
2024,11,857,1,70,7.0,7.0,1,14,5.0,5.0,9.8125,0.3375,0.18666666666666668,12.8,12.8,1
2024,12,857,1,9,5.0,5.0,1,14,1.0,1.0,9.8125,0.3375,0.18666666666666668,12.8,12.8,0
2024,13,857,1,11,2.0,2.0,1,14,1.0,1.0,9.8125,0.3375,0.18666666666666668,14.2,14.2,1
2024,14,857,1,13,5.0,6.0,1,14,3.0,4.0,9.8125,0.3375,0.18666666666666668,15.8,15.8,1
2024,15,857,1,39,3.0,3.0,1,14,-1.0,-1.0,9.8125,0.3375,0.18666666666666668,17.0,17.0,0
2024,16,857,1,14,2.0,2.0,1,14,0.0,0.0,9.8125,0.3375,0.18666666666666668,17.0,17.0,1
2024,17,857,1,73,2.0,2.0,1,14,1.0,1.0,9.8125,0.3375,0.18666666666666668,19.6,19.6,1
2024,18,857,1,15,5.0,5.0,1,14,2.0,2.0,9.8125,0.3375,0.18666666666666668,17.6,17.6,1
2024,19,857,1,69,5.0,5.0,1,14,0.0,0.0,9.8125,0.3375,0.18666666666666668,16.0,16.0,0
2024,20,857,1,32,17.0,17.0,1,14,9.0,9.0,9.8125,0.3375,0.18666666666666668,14.4,14.4,0
2024,21,857,1,18,8.0,8.0,1,14,0.0,0.0,9.8125,0.3375,0.18666666666666668,11.6,11.6,0
2024,22,857,1,80,8.0,8.0,1,14,1.0,1.0,9.8125,0.3375,0.18666666666666668,7.8,7.8,0
2024,23,857,1,78,4.0,4.0,1,14,1.0,1.0,9.8125,0.3375,0.18666666666666668,7.8,7.8,1
2024,24,857,1,24,2.0,2.0,1,14,-8.0,-8.0,9.8125,0.3375,0.18666666666666668,6.0,6.0,0
2025,1,846,1,1,1.0,1.0,6,15,0.0,0.0,8.851851851851851,0.29012345679012347,0.18666666666666668,13.8,10.2,1
2025,2,846,1,17,3.0,3.0,6,15,1.0,1.0,8.851851851851851,0.29012345679012347,0.18666666666666668,15.8,13.0,1
2025,3,846,1,22,2.0,2.0,6,15,0.0,0.0,8.851851851851851,0.29012345679012347,0.18666666666666668,17.6,15.4,1
2025,4,846,1,3,6.0,6.0,6,15,3.0,3.0,8.851851851851851,0.29012345679012347,0.18666666666666668,20.2,15.4,1
2025,5,846,1,77,10.0,10.0,6,15,6.0,6.0,8.851851851851851,0.29012345679012347,0.18666666666666668,17.6,17.6,0
2025,6,846,1,79,2.0,2.0,6,15,0.0,0.0,8.851851851851851,0.29012345679012347,0.18666666666666668,16.2,16.2,1
2025,7,846,1,21,4.0,4.0,6,15,2.0,2.0,8.851851851851851,0.29012345679012347,0.18666666666666668,16.2,16.2,1
2025,8,846,1,6,1.0,1.0,6,15,0.0,0.0,8.851851851851851,0.29012345679012347,0.18666666666666668,17.6,17.6,1
2025,9,846,1,4,2.0,2.0,6,15,0.0,0.0,8.851851851851851,0.29012345679012347,0.18666666666666668,18.2,18.2,1
2025,10,846,1,7,7.0,7.0,6,15,-11.0,-11.0,8.851851851851851,0.29012345679012347,0.18666666666666668,15.8,15.8,0
2025,11,846,1,70,1.0,1.0,6,15,0.0,0.0,8.851851851851851,0.29012345679012347,0.18666666666666668,17.2,17.2,1
2025,12,846,1,9,3.0,3.0,6,15,2.0,2.0,8.851851851851851,0.29012345679012347,0.18666666666666668,18.6,18.6,1
2025,13,846,1,13,1.0,1.0,6,15,-1.0,-1.0,8.851851851851851,0.29012345679012347,0.18666666666666668,17.2,17.2,1
2025,14,846,1,11,3.0,3.0,6,15,2.0,2.0,8.851851851851851,0.29012345679012347,0.18666666666666668,18.6,18.6,1
2025,15,846,1,39,2.0,2.0,6,15,-16.0,-16.0,8.851851851851851,0.29012345679012347,0.18666666666666668,18.6,18.6,0
2025,16,846,1,14,2.0,2.0,6,15,0.0,0.0,8.851851851851851,0.29012345679012347,0.18666666666666668,17.2,17.2,1
2025,17,846,1,73,7.0,7.0,6,15,0.0,0.0,8.851851851851851,0.29012345679012347,0.18666666666666668,13.4,13.4,0
2025,18,846,1,15,5.0,5.0,6,15,2.0,2.0,8.851851851851851,0.29012345679012347,0.18666666666666668,12.8,12.8,1
2025,19,846,1,69,2.0,2.0,6,15,0.0,0.0,8.851851851851851,0.29012345679012347,0.18666666666666668,11.4,11.4,1
2025,20,846,1,32,1.0,1.0,6,15,0.0,0.0,8.851851851851851,0.29012345679012347,0.18666666666666668,16.4,16.4,1
2025,21,846,1,18,1.0,1.0,6,15,0.0,0.0,8.851851851851851,0.29012345679012347,0.18666666666666668,17.8,17.8,1
2025,22,846,1,80,1.0,1.0,6,15,-18.0,-18.0,8.851851851851851,0.29012345679012347,0.18666666666666668,16.6,16.6,0
2025,24,846,1,24,2.0,2.0,6,15,-1.0,-1.0,8.851851851851851,0.29012345679012347,0.18666666666666668,16.6,16.6,1
2025,1,857,1,1,2.0,2.0,2,15,-7.0,-7.0,9.8125,0.3375,0.18666666666666668,5.6,13.4,0
2025,2,857,1,17,1.0,1.0,2,15,0.0,0.0,9.8125,0.3375,0.18666666666666668,9.8,13.4,1
2025,3,857,1,22,3.0,3.0,2,15,0.0,0.0,9.8125,0.3375,0.18666666666666668,11.6,11.4,1
2025,4,857,1,3,1.0,1.0,2,15,0.0,0.0,9.8125,0.3375,0.18666666666666668,13.6,16.4,1
2025,5,857,1,77,2.0,2.0,2,15,1.0,1.0,9.8125,0.3375,0.18666666666666668,18.4,18.4,1
2025,6,857,1,79,4.0,4.0,2,15,3.0,3.0,9.8125,0.3375,0.18666666666666668,23.0,23.0,1
2025,7,857,1,21,1.0,1.0,2,15,-2.0,-2.0,9.8125,0.3375,0.18666666666666668,21.0,21.0,1
2025,8,857,1,6,3.0,3.0,2,15,0.0,0.0,9.8125,0.3375,0.18666666666666668,21.0,21.0,1
2025,9,857,1,4,1.0,1.0,2,15,0.0,0.0,9.8125,0.3375,0.18666666666666668,21.0,21.0,1
2025,10,857,1,7,3.0,3.0,2,15,-1.0,-1.0,9.8125,0.3375,0.18666666666666668,18.4,18.4,0
2025,11,857,1,70,3.0,3.0,2,15,1.0,1.0,9.8125,0.3375,0.18666666666666668,17.0,17.0,1
2025,12,857,1,9,2.0,2.0,2,15,0.0,0.0,9.8125,0.3375,0.18666666666666668,17.6,17.6,1
2025,13,857,1,13,2.0,2.0,2,15,1.0,1.0,9.8125,0.3375,0.18666666666666668,19.6,19.6,1
2025,14,857,1,11,2.0,2.0,2,15,0.0,0.0,9.8125,0.3375,0.18666666666666668,18.2,18.2,1
2025,15,857,1,39,1.0,1.0,2,15,0.0,0.0,9.8125,0.3375,0.18666666666666668,20.8,20.8,1
2025,16,857,1,14,3.0,3.0,2,15,0.0,0.0,9.8125,0.3375,0.18666666666666668,20.2,20.2,1
2025,17,857,1,73,9.0,9.0,2,15,-11.0,-11.0,9.8125,0.3375,0.18666666666666668,16.6,16.6,0
2025,18,857,1,15,3.0,3.0,2,15,-1.0,-1.0,9.8125,0.3375,0.18666666666666668,14.0,14.0,0
2025,19,857,1,69,6.0,6.0,2,15,1.0,1.0,9.8125,0.3375,0.18666666666666668,12.4,12.4,0
2025,20,857,1,32,7.0,8.0,2,15,2.0,3.0,9.8125,0.3375,0.18666666666666668,9.4,9.4,0
2025,21,857,1,18,4.0,4.0,2,15,-1.0,-1.0,9.8125,0.3375,0.18666666666666668,8.4,8.4,0
2025,22,857,1,80,5.0,5.0,2,15,-15.0,-15.0,9.8125,0.3375,0.18666666666666668,8.4,8.4,0
2025,24,857,1,24,3.0,3.0,2,15,1.0,1.0,9.8125,0.3375,0.18666666666666668,9.6,9.6,1
2026,1,846,1,1,6.0,6.0,7,16,1.0,1.0,8.851851851851851,0.29012345679012347,0.18666666666666668,15.0,9.6,0
2026,2,846,1,17,6.0,6.0,7,16,-14.0,-14.0,8.851851851851851,0.29012345679012347,0.18666666666666668,10.0,7.6,0
2026,3,846,1,22,5.0,5.0,7,16,0.0,0.0,8.851851851851851,0.29012345679012347,0.18666666666666668,7.0,7.6,0
2026,4,846,1,79,4.0,4.0,7,16,2.0,2.0,8.851851851851851,0.29012345679012347,0.18666666666666668,10.6,11.2,1
2026,5,846,1,7,3.0,3.0,7,16,-15.0,-15.0,8.851851851851851,0.29012345679012347,0.18666666666666668,7.6,7.6,0
2026,6,846,1,6,8.0,8.0,7,16,-11.0,-11.0,8.851851851851851,0.29012345679012347,0.18666666666666668,5.6,5.6,0
2026,7,846,1,4,4.0,4.0,7,16,1.0,1.0,8.851851851851851,0.29012345679012347,0.18666666666666668,8.6,8.6,1
2026,8,846,1,70,6.0,6.0,7,16,-1.0,-1.0,8.851851851851851,0.29012345679012347,0.18666666666666668,7.8,7.8,0
2026,9,846,1,9,6.0,6.0,7,16,2.0,2.0,8.851851851851851,0.29012345679012347,0.18666666666666668,6.6,6.6,0
2026,10,846,1,13,13.0,3.0,7,16,6.0,-4.0,8.851851851851851,0.29012345679012347,0.18666666666666668,7.8,7.8,0
2026,11,846,1,11,1.0,1.0,7,16,0.0,0.0,8.851851851851851,0.29012345679012347,0.18666666666666668,12.8,12.8,1
2026,1,857,1,1,5.0,5.0,3,16,-16.0,-16.0,9.8125,0.3375,0.18666666666666668,7.6,9.8,0
2026,2,857,1,17,5.0,5.0,3,16,-14.0,-14.0,9.8125,0.3375,0.18666666666666668,5.6,8.6,0
2026,3,857,1,22,3.0,3.0,3,16,1.0,1.0,9.8125,0.3375,0.18666666666666668,7.2,9.8,1
2026,4,857,1,79,7.0,7.0,3,16,4.0,4.0,9.8125,0.3375,0.18666666666666668,10.2,11.6,1
2026,5,857,1,7,4.0,4.0,3,16,-7.0,-7.0,9.8125,0.3375,0.18666666666666668,6.6,6.6,0
2026,6,857,1,6,7.0,7.0,3,16,2.0,2.0,9.8125,0.3375,0.18666666666666668,8.6,8.6,0
2026,7,857,1,4,7.0,7.0,3,16,2.0,2.0,9.8125,0.3375,0.18666666666666668,10.6,10.6,0
2026,8,857,1,70,7.0,7.0,3,16,3.0,3.0,9.8125,0.3375,0.18666666666666668,9.4,9.4,0
2026,9,857,1,9,8.0,8.0,3,16,-3.0,-3.0,9.8125,0.3375,0.18666666666666668,6.4,6.4,0
2026,10,857,1,13,6.0,7.0,3,16,1.0,2.0,9.8125,0.3375,0.18666666666666668,8.4,8.4,0
2026,11,857,1,11,3.0,5.0,3,16,-17.0,-15.0,9.8125,0.3375,0.18666666666666668,6.4,6.4,0
2010,1,22,3,3,11.0,11.0,0,0,1.0,1.0,1.3783783783783783,0.0,0.02666666666666667,1.0,1.0,0
2010,2,22,3,1,8.0,8.0,0,0,0.0,0.0,1.3783783783783783,0.0,0.02666666666666667,2.5,2.5,0
2010,3,22,3,2,7.0,7.0,0,0,-5.0,-5.0,1.3783783783783783,0.0,0.02666666666666667,1.6666666666666667,1.6666666666666667,0
2010,4,22,3,17,11.0,11.0,0,0,-1.0,-1.0,1.3783783783783783,0.0,0.02666666666666667,1.25,1.25,0
2010,5,22,3,4,17.0,18.0,0,0,8.0,9.0,1.3783783783783783,0.0,0.02666666666666667,1.4,1.4,0
2010,6,22,3,6,9.0,9.0,0,0,-9.0,-9.0,1.3783783783783783,0.0,0.02666666666666667,1.2,1.2,0
2010,7,22,3,5,15.0,15.0,0,0,1.0,1.0,1.3783783783783783,0.0,0.02666666666666667,0.4,0.4,0
2010,8,22,3,7,11.0,11.0,0,0,-3.0,-3.0,1.3783783783783783,0.0,0.02666666666666667,0.4,0.4,0
2010,9,22,3,12,9.0,9.0,0,0,5.0,5.0,1.3783783783783783,0.0,0.02666666666666667,2.8,2.8,0
2010,10,22,3,9,8.0,8.0,0,0,3.0,3.0,1.3783783783783783,0.0,0.02666666666666667,4.4,4.4,0
2010,11,22,3,10,8.0,8.0,0,0,-4.0,-4.0,1.3783783783783783,0.0,0.02666666666666667,4.4,4.4,0
2010,12,22,3,11,12.0,12.0,0,0,2.0,2.0,1.3783783783783783,0.0,0.02666666666666667,4.6,4.6,0
2010,13,22,3,13,7.0,7.0,0,0,-17.0,-17.0,1.3783783783783783,0.0,0.02666666666666667,4.6,4.6,0
2010,14,22,3,14,10.0,10.0,0,0,0.0,0.0,1.3783783783783783,0.0,0.02666666666666667,2.4,2.4,0
2010,15,22,3,15,6.0,6.0,0,0,0.0,0.0,1.3783783783783783,0.0,0.02666666666666667,2.0,2.0,0
2010,16,22,3,22,7.0,8.0,0,0,-2.0,-1.0,1.3783783783783783,0.0,0.02666666666666667,2.4,2.4,0
2010,17,22,3,35,10.0,10.0,0,0,3.0,3.0,1.3783783783783783,0.0,0.02666666666666667,3.4,3.4,0
2010,18,22,3,18,6.0,6.0,0,0,-8.0,-8.0,1.3783783783783783,0.0,0.02666666666666667,3.4,3.4,0
2010,19,22,3,24,7.0,7.0,0,0,-5.0,-5.0,1.3783783783783783,0.0,0.02666666666666667,3.2,3.2,0
2010,1,807,3,3,13.0,13.0,0,0,-1.0,-1.0,2.3422053231939164,0.0038022813688212928,0.02666666666666667,0.0,1.6,0
2010,2,807,3,1,15.0,15.0,0,0,-7.0,-7.0,2.3422053231939164,0.0038022813688212928,0.02666666666666667,0.0,1.2,0
2010,3,807,3,2,5.0,5.0,0,0,-5.0,-5.0,2.3422053231939164,0.0038022813688212928,0.02666666666666667,0.3333333333333333,0.2,0
2010,4,807,3,17,16.0,16.0,0,0,1.0,1.0,2.3422053231939164,0.0038022813688212928,0.02666666666666667,0.25,0.2,0
2010,5,807,3,4,13.0,13.0,0,0,-3.0,-3.0,2.3422053231939164,0.0038022813688212928,0.02666666666666667,0.2,0.2,0
2010,6,807,3,6,11.0,11.0,0,0,-13.0,-13.0,2.3422053231939164,0.0038022813688212928,0.02666666666666667,0.2,0.2,0
2010,7,807,3,5,17.0,17.0,0,0,0.0,0.0,2.3422053231939164,0.0038022813688212928,0.02666666666666667,0.2,0.2,0
2010,8,807,3,7,12.0,12.0,0,0,-1.0,-1.0,2.3422053231939164,0.0038022813688212928,0.02666666666666667,0.0,0.0,0
2010,9,807,3,12,8.0,8.0,0,0,-14.0,-14.0,2.3422053231939164,0.0038022813688212928,0.02666666666666667,0.0,0.0,0
2010,10,807,3,9,13.0,13.0,0,0,3.0,3.0,2.3422053231939164,0.0038022813688212928,0.02666666666666667,0.2,0.2,0
2010,11,807,3,10,10.0,10.0,0,0,-3.0,-3.0,2.3422053231939164,0.0038022813688212928,0.02666666666666667,0.2,0.2,0
2010,12,807,3,11,10.0,10.0,0,0,4.0,4.0,2.3422053231939164,0.0038022813688212928,0.02666666666666667,1.8,1.8,0
2010,13,807,3,13,9.0,9.0,0,0,-5.0,-5.0,2.3422053231939164,0.0038022813688212928,0.02666666666666667,1.8,1.8,0
2010,14,807,3,14,8.0,8.0,0,0,1.0,1.0,2.3422053231939164,0.0038022813688212928,0.02666666666666667,3.0,3.0,0
2010,15,807,3,15,17.0,12.0,0,0,7.0,2.0,2.3422053231939164,0.0038022813688212928,0.02666666666666667,3.0,3.0,0
2010,16,807,3,22,9.0,9.0,0,0,-11.0,-11.0,2.3422053231939164,0.0038022813688212928,0.02666666666666667,3.0,3.0,0
2010,17,807,3,35,11.0,11.0,0,0,1.0,1.0,2.3422053231939164,0.0038022813688212928,0.02666666666666667,1.6,1.6,0
2010,18,807,3,18,1.0,1.0,0,0,-7.0,-7.0,2.3422053231939164,0.0038022813688212928,0.02666666666666667,2.4,2.4,0
2010,19,807,3,24,15.0,15.0,0,0,-1.0,-1.0,2.3422053231939164,0.0038022813688212928,0.02666666666666667,1.2,1.2,0
2011,1,22,3,1,17.0,17.0,1,1,1.0,1.0,1.3783783783783783,0.0,0.02666666666666667,1.6,1.0,0
2011,2,22,3,2,15.0,15.0,1,1,-7.0,-7.0,1.3783783783783783,0.0,0.02666666666666667,1.2,1.0,0
2011,3,22,3,17,15.0,15.0,1,1,2.0,2.0,1.3783783783783783,0.0,0.02666666666666667,0.0,0.8,0
2011,4,22,3,5,11.0,11.0,1,1,-4.0,-4.0,1.3783783783783783,0.0,0.02666666666666667,0.0,0.0,0
2011,5,22,3,4,19.0,19.0,1,1,2.0,2.0,1.3783783783783783,0.0,0.02666666666666667,0.0,0.0,0
2011,6,22,3,6,11.0,12.0,1,1,2.0,3.0,1.3783783783783783,0.0,0.02666666666666667,0.4,0.4,0
2011,7,22,3,7,16.0,16.0,1,1,7.0,7.0,1.3783783783783783,0.0,0.02666666666666667,0.8,0.8,0
2011,8,22,3,12,13.0,13.0,1,1,1.0,1.0,1.3783783783783783,0.0,0.02666666666666667,0.8,0.8,0
2011,9,22,3,9,15.0,15.0,1,1,2.0,2.0,1.3783783783783783,0.0,0.02666666666666667,0.8,0.8,0
2011,10,22,3,20,14.0,14.0,1,1,-9.0,-9.0,1.3783783783783783,0.0,0.02666666666666667,0.8,0.8,0
2011,11,22,3,11,15.0,15.0,1,1,2.0,2.0,1.3783783783783783,0.0,0.02666666666666667,0.4,0.4,0
2011,12,22,3,13,14.0,14.0,1,1,-2.0,-2.0,1.3783783783783783,0.0,0.02666666666666667,0.0,0.0,0
2011,13,22,3,14,13.0,13.0,1,1,1.0,1.0,1.3783783783783783,0.0,0.02666666666666667,0.0,0.0,0
2011,14,22,3,15,12.0,12.0,1,1,-1.0,-1.0,1.3783783783783783,0.0,0.02666666666666667,0.0,0.0,0
2011,15,22,3,22,13.0,13.0,1,1,-4.0,-4.0,1.3783783783783783,0.0,0.02666666666666667,0.0,0.0,0
2011,16,22,3,35,18.0,18.0,1,1,6.0,6.0,1.3783783783783783,0.0,0.02666666666666667,0.0,0.0,0
2011,17,22,3,68,15.0,16.0,1,1,0.0,1.0,1.3783783783783783,0.0,0.02666666666666667,0.0,0.0,0
2011,19,22,3,18,12.0,12.0,1,1,-2.0,-2.0,1.3783783783783783,0.0,0.02666666666666667,0.0,0.0,0
2011,1,813,3,1,15.0,15.0,0,1,-5.0,-5.0,0.7916666666666666,0.010416666666666666,0.02666666666666667,0.0,0.0,0
2011,2,813,3,2,18.0,18.0,0,1,-6.0,-6.0,0.7916666666666666,0.010416666666666666,0.02666666666666667,0.0,0.0,0
2011,3,813,3,17,17.0,17.0,0,1,-1.0,-1.0,0.7916666666666666,0.010416666666666666,0.02666666666666667,0.0,0.0,0
2011,4,813,3,5,14.0,14.0,0,1,-3.0,-3.0,0.7916666666666666,0.010416666666666666,0.02666666666666667,0.0,0.0,0
2011,5,813,3,4,9.0,9.0,0,1,-6.0,-6.0,0.7916666666666666,0.010416666666666666,0.02666666666666667,0.0,0.0,0
2011,6,813,3,6,8.0,9.0,0,1,-10.0,-9.0,0.7916666666666666,0.010416666666666666,0.02666666666666667,0.0,0.0,0
2011,7,813,3,7,12.0,12.0,0,1,-7.0,-7.0,0.7916666666666666,0.010416666666666666,0.02666666666666667,0.0,0.0,0
2011,8,813,3,12,15.0,15.0,0,1,-3.0,-3.0,0.7916666666666666,0.010416666666666666,0.02666666666666667,0.0,0.0,0
2011,9,813,3,9,7.0,7.0,0,1,-7.0,-7.0,0.7916666666666666,0.010416666666666666,0.02666666666666667,0.0,0.0,0
2011,10,813,3,20,13.0,13.0,0,1,-1.0,-1.0,0.7916666666666666,0.010416666666666666,0.02666666666666667,0.0,0.0,0
2011,11,813,3,11,17.0,17.0,0,1,1.0,1.0,0.7916666666666666,0.010416666666666666,0.02666666666666667,0.0,0.0,0
2011,12,813,3,13,21.0,16.0,0,1,11.0,6.0,0.7916666666666666,0.010416666666666666,0.02666666666666667,0.2,0.2,0
2011,13,813,3,14,14.0,14.0,0,1,3.0,3.0,0.7916666666666666,0.010416666666666666,0.02666666666666667,0.2,0.2,0
2011,14,813,3,15,13.0,13.0,0,1,2.0,2.0,0.7916666666666666,0.010416666666666666,0.02666666666666667,0.2,0.2,0
2011,15,813,3,22,14.0,14.0,0,1,0.0,0.0,0.7916666666666666,0.010416666666666666,0.02666666666666667,0.2,0.2,0
2011,16,813,3,35,16.0,16.0,0,1,-6.0,-6.0,0.7916666666666666,0.010416666666666666,0.02666666666666667,0.2,0.2,0
2011,17,813,3,68,13.0,14.0,0,1,-9.0,-8.0,0.7916666666666666,0.010416666666666666,0.02666666666666667,0.0,0.0,0
2011,18,813,3,24,23.0,17.0,0,1,9.0,3.0,0.7916666666666666,0.010416666666666666,0.02666666666666667,0.0,0.0,0
2011,19,813,3,18,18.0,18.0,0,1,-5.0,-5.0,0.7916666666666666,0.010416666666666666,0.02666666666666667,0.0,0.0,0
2012,1,811,3,1,14.0,14.0,2,2,-2.0,-2.0,0.717391304347826,0.0,0.02666666666666667,0.0,0.0,0
2012,2,811,3,2,13.0,13.0,2,2,7.0,7.0,0.717391304347826,0.0,0.02666666666666667,1.6,1.6,0
2012,3,811,3,17,14.0,14.0,2,2,7.0,7.0,0.717391304347826,0.0,0.02666666666666667,2.8,2.8,0
2012,4,811,3,3,15.0,15.0,2,2,-7.0,-7.0,0.717391304347826,0.0,0.02666666666666667,2.8,2.8,0
2012,5,811,3,4,17.0,18.0,2,2,-6.0,-5.0,0.717391304347826,0.0,0.02666666666666667,2.8,2.8,0
2012,6,811,3,6,13.0,14.0,2,2,3.0,4.0,0.717391304347826,0.0,0.02666666666666667,3.0,3.0,0
2012,7,811,3,7,16.0,16.0,2,2,-1.0,-1.0,0.717391304347826,0.0,0.02666666666666667,1.4,1.4,0
2012,8,811,3,12,14.0,14.0,2,2,4.0,4.0,0.717391304347826,0.0,0.02666666666666667,0.4,0.4,0
2012,9,811,3,9,13.0,15.0,2,2,4.0,6.0,0.717391304347826,0.0,0.02666666666666667,0.8,0.8,0
2012,10,811,3,10,14.0,16.0,2,2,-3.0,-1.0,0.717391304347826,0.0,0.02666666666666667,0.8,0.8,0
2012,11,811,3,11,9.0,9.0,2,2,2.0,2.0,0.717391304347826,0.0,0.02666666666666667,1.8,1.8,0
2012,12,811,3,13,17.0,17.0,2,2,5.0,5.0,0.717391304347826,0.0,0.02666666666666667,1.8,1.8,0
2012,13,811,3,14,13.0,14.0,2,2,3.0,4.0,0.717391304347826,0.0,0.02666666666666667,1.8,1.8,0
2012,14,811,3,15,22.0,17.0,2,2,4.0,-1.0,0.717391304347826,0.0,0.02666666666666667,1.4,1.4,0
2012,15,811,3,22,16.0,18.0,2,2,2.0,4.0,0.717391304347826,0.0,0.02666666666666667,1.4,1.4,0
2012,16,811,3,35,17.0,18.0,2,2,2.0,3.0,0.717391304347826,0.0,0.02666666666666667,0.2,0.2,0
2012,17,811,3,68,13.0,13.0,2,2,3.0,3.0,0.717391304347826,0.0,0.02666666666666667,0.4,0.4,0
2012,18,811,3,24,14.0,15.0,2,2,6.0,7.0,0.717391304347826,0.0,0.02666666666666667,1.0,1.0,0
2012,19,811,3,69,10.0,11.0,2,2,0.0,1.0,0.717391304347826,0.0,0.02666666666666667,1.2,1.2,0
2012,20,811,3,18,11.0,12.0,2,2,-12.0,-11.0,0.717391304347826,0.0,0.02666666666666667,1.2,1.2,0
2012,1,813,3,1,8.0,8.0,1,2,-5.0,-5.0,0.7916666666666666,0.010416666666666666,0.02666666666666667,0.0,1.2,0
2012,2,813,3,2,11.0,11.0,1,2,-8.0,-8.0,0.7916666666666666,0.010416666666666666,0.02666666666666667,0.0,1.0,0
2012,3,813,3,17,13.0,13.0,1,2,5.0,5.0,0.7916666666666666,0.010416666666666666,0.02666666666666667,0.8,1.0,0
2012,4,813,3,3,21.0,17.0,1,2,-2.0,-6.0,0.7916666666666666,0.010416666666666666,0.02666666666666667,0.8,0.8,0
2012,5,813,3,4,1.0,2.0,1,2,0.0,1.0,0.7916666666666666,0.010416666666666666,0.02666666666666667,5.8,5.8,1
2012,6,813,3,6,24.0,9.0,1,2,1.0,-14.0,0.7916666666666666,0.010416666666666666,0.02666666666666667,5.8,5.8,0
2012,7,813,3,7,22.0,17.0,1,2,9.0,4.0,0.7916666666666666,0.010416666666666666,0.02666666666666667,5.8,5.8,0
2012,8,813,3,12,3.0,3.0,1,2,-9.0,-9.0,0.7916666666666666,0.010416666666666666,0.02666666666666667,5.0,5.0,0
2012,9,813,3,9,7.0,7.0,1,2,-9.0,-9.0,0.7916666666666666,0.010416666666666666,0.02666666666666667,5.0,5.0,0
2012,10,813,3,10,5.0,6.0,1,2,-10.0,-9.0,0.7916666666666666,0.010416666666666666,0.02666666666666667,0.0,0.0,0
2012,11,813,3,11,8.0,8.0,1,2,-5.0,-5.0,0.7916666666666666,0.010416666666666666,0.02666666666666667,0.0,0.0,0
2012,12,813,3,13,6.0,3.0,1,2,-14.0,-17.0,0.7916666666666666,0.010416666666666666,0.02666666666666667,0.0,0.0,0
2012,13,813,3,14,22.0,12.0,1,2,11.0,1.0,0.7916666666666666,0.010416666666666666,0.02666666666666667,0.0,0.0,0
2012,14,813,3,15,2.0,2.0,1,2,-20.0,-20.0,0.7916666666666666,0.010416666666666666,0.02666666666666667,0.0,0.0,0
2012,15,813,3,22,12.0,14.0,1,2,4.0,6.0,0.7916666666666666,0.010416666666666666,0.02666666666666667,0.8,0.8,0
2012,16,813,3,35,15.0,15.0,1,2,1.0,1.0,0.7916666666666666,0.010416666666666666,0.02666666666666667,0.8,0.8,0
2012,17,813,3,68,9.0,9.0,1,2,-7.0,-7.0,0.7916666666666666,0.010416666666666666,0.02666666666666667,0.8,0.8,0
2012,18,813,3,24,3.0,4.0,1,2,-2.0,-1.0,0.7916666666666666,0.010416666666666666,0.02666666666666667,2.8,2.8,0
2012,19,813,3,69,9.0,10.0,1,2,0.0,1.0,0.7916666666666666,0.010416666666666666,0.02666666666666667,3.2,3.2,0
2012,20,813,3,18,16.0,6.0,1,2,-6.0,-16.0,0.7916666666666666,0.010416666666666666,0.02666666666666667,2.4,2.4,0
2013,1,813,3,1,17.0,17.0,2,3,-4.0,-4.0,0.7916666666666666,0.010416666666666666,0.02666666666666667,2.4,2.4,0
2013,2,813,3,2,16.0,16.0,2,3,-3.0,-3.0,0.7916666666666666,0.010416666666666666,0.02666666666666667,2.4,2.4,0
2013,3,813,3,17,14.0,15.0,2,3,0.0,1.0,0.7916666666666666,0.010416666666666666,0.02666666666666667,0.4,0.4,0
2013,4,813,3,3,17.0,17.0,2,3,6.0,6.0,0.7916666666666666,0.010416666666666666,0.02666666666666667,0.0,0.0,0
2013,5,813,3,4,17.0,18.0,2,3,3.0,4.0,0.7916666666666666,0.010416666666666666,0.02666666666666667,0.0,0.0,0
2013,6,813,3,6,16.0,16.0,2,3,-4.0,-4.0,0.7916666666666666,0.010416666666666666,0.02666666666666667,0.0,0.0,0
2013,7,813,3,7,13.0,13.0,2,3,-3.0,-3.0,0.7916666666666666,0.010416666666666666,0.02666666666666667,0.0,0.0,0
2013,8,813,3,9,15.0,16.0,2,3,4.0,5.0,0.7916666666666666,0.010416666666666666,0.02666666666666667,0.0,0.0,0
2013,9,813,3,20,18.0,18.0,2,3,3.0,3.0,0.7916666666666666,0.010416666666666666,0.02666666666666667,0.0,0.0,0
2013,10,813,3,11,15.0,15.0,2,3,5.0,5.0,0.7916666666666666,0.010416666666666666,0.02666666666666667,0.2,0.2,0
2013,11,813,3,13,17.0,17.0,2,3,0.0,0.0,0.7916666666666666,0.010416666666666666,0.02666666666666667,0.2,0.2,0
2013,12,813,3,14,14.0,15.0,2,3,0.0,1.0,0.7916666666666666,0.010416666666666666,0.02666666666666667,0.2,0.2,0
2013,13,813,3,15,18.0,18.0,2,3,7.0,7.0,0.7916666666666666,0.010416666666666666,0.02666666666666667,0.2,0.2,0
2013,14,813,3,35,18.0,18.0,2,3,5.0,5.0,0.7916666666666666,0.010416666666666666,0.02666666666666667,0.2,0.2,0
2013,15,813,3,22,15.0,15.0,2,3,-1.0,-1.0,0.7916666666666666,0.010416666666666666,0.02666666666666667,0.0,0.0,0
2013,16,813,3,68,18.0,18.0,2,3,6.0,6.0,0.7916666666666666,0.010416666666666666,0.02666666666666667,0.0,0.0,0
2013,17,813,3,24,14.0,15.0,2,3,3.0,4.0,0.7916666666666666,0.010416666666666666,0.02666666666666667,0.0,0.0,0
2013,18,813,3,69,17.0,18.0,2,3,0.0,1.0,0.7916666666666666,0.010416666666666666,0.02666666666666667,0.0,0.0,0
2013,19,813,3,18,16.0,17.0,2,3,0.0,1.0,0.7916666666666666,0.010416666666666666,0.02666666666666667,0.0,0.0,0
2013,1,822,3,1,16.0,16.0,0,3,2.0,2.0,6.930232558139535,0.2596899224806202,0.02666666666666667,0.0,0.0,0
2013,2,822,3,2,18.0,18.0,0,3,7.0,7.0,6.930232558139535,0.2596899224806202,0.02666666666666667,0.0,0.0,0
2013,3,822,3,17,16.0,17.0,0,3,3.0,4.0,6.930232558139535,0.2596899224806202,0.02666666666666667,0.0,0.0,0
2013,4,822,3,3,15.0,15.0,0,3,1.0,1.0,6.930232558139535,0.2596899224806202,0.02666666666666667,0.0,0.0,0
2013,5,822,3,4,16.0,17.0,0,3,0.0,1.0,6.930232558139535,0.2596899224806202,0.02666666666666667,0.0,0.0,0
2013,6,822,3,6,14.0,14.0,0,3,2.0,2.0,6.930232558139535,0.2596899224806202,0.02666666666666667,0.0,0.0,0
2013,7,822,3,7,3.0,3.0,0,3,-11.0,-11.0,6.930232558139535,0.2596899224806202,0.02666666666666667,0.0,0.0,0
2013,8,822,3,9,16.0,17.0,0,3,4.0,5.0,6.930232558139535,0.2596899224806202,0.02666666666666667,0.0,0.0,0
2013,9,822,3,20,17.0,17.0,0,3,1.0,1.0,6.930232558139535,0.2596899224806202,0.02666666666666667,0.0,0.0,0
2013,10,822,3,11,16.0,16.0,0,3,-4.0,-4.0,6.930232558139535,0.2596899224806202,0.02666666666666667,0.0,0.0,0
2013,11,822,3,13,20.0,20.0,0,3,5.0,5.0,6.930232558139535,0.2596899224806202,0.02666666666666667,0.0,0.0,0
2013,12,822,3,14,18.0,18.0,0,3,3.0,3.0,6.930232558139535,0.2596899224806202,0.02666666666666667,0.0,0.0,0
2013,13,822,3,15,16.0,16.0,0,3,3.0,3.0,6.930232558139535,0.2596899224806202,0.02666666666666667,0.0,0.0,0
2013,14,822,3,35,17.0,17.0,0,3,5.0,5.0,6.930232558139535,0.2596899224806202,0.02666666666666667,0.0,0.0,0
2013,15,822,3,22,13.0,13.0,0,3,-4.0,-4.0,6.930232558139535,0.2596899224806202,0.02666666666666667,0.0,0.0,0
2013,16,822,3,68,15.0,15.0,0,3,-1.0,-1.0,6.930232558139535,0.2596899224806202,0.02666666666666667,0.0,0.0,0
2013,17,822,3,24,15.0,16.0,0,3,0.0,1.0,6.930232558139535,0.2596899224806202,0.02666666666666667,0.0,0.0,0
2013,18,822,3,69,9.0,9.0,0,3,1.0,1.0,6.930232558139535,0.2596899224806202,0.02666666666666667,0.8,0.8,0
2013,19,822,3,18,13.0,13.0,0,3,-8.0,-8.0,6.930232558139535,0.2596899224806202,0.02666666666666667,0.8,0.8,0
2014,1,13,3,1,9.0,9.0,4,4,-11.0,-11.0,5.464516129032258,0.08387096774193549,0.02666666666666667,4.4,0.8,0
2014,2,13,3,2,13.0,13.0,4,4,6.0,6.0,5.464516129032258,0.08387096774193549,0.02666666666666667,3.2,2.0,0
2014,3,13,3,3,7.0,8.0,4,4,0.0,1.0,5.464516129032258,0.08387096774193549,0.02666666666666667,3.6,3.2,0
2014,4,13,3,17,6.0,6.0,4,4,-9.0,-9.0,5.464516129032258,0.08387096774193549,0.02666666666666667,3.6,2.4,0
2014,5,13,3,4,9.0,9.0,4,4,-4.0,-4.0,5.464516129032258,0.08387096774193549,0.02666666666666667,2.4,2.4,0
2014,6,13,3,6,16.0,16.0,4,4,9.0,9.0,5.464516129032258,0.08387096774193549,0.02666666666666667,3.6,3.6,0
2014,7,13,3,7,5.0,5.0,4,4,-7.0,-7.0,5.464516129032258,0.08387096774193549,0.02666666666666667,2.4,2.4,0
2014,8,13,3,70,1.0,1.0,4,4,-3.0,-3.0,5.464516129032258,0.08387096774193549,0.02666666666666667,3.6,3.6,0
2014,9,13,3,9,15.0,18.0,4,4,-6.0,-3.0,5.464516129032258,0.08387096774193549,0.02666666666666667,3.6,3.6,0
2014,10,13,3,10,3.0,3.0,4,4,-19.0,-19.0,5.464516129032258,0.08387096774193549,0.02666666666666667,3.6,3.6,0
2014,11,13,3,11,6.0,6.0,4,4,1.0,1.0,5.464516129032258,0.08387096774193549,0.02666666666666667,4.4,4.4,0
2014,12,13,3,13,9.0,9.0,4,4,-4.0,-4.0,5.464516129032258,0.08387096774193549,0.02666666666666667,4.4,4.4,0
2014,13,13,3,14,4.0,4.0,4,4,1.0,1.0,5.464516129032258,0.08387096774193549,0.02666666666666667,5.0,5.0,1
2014,14,13,3,15,6.0,6.0,4,4,1.0,1.0,5.464516129032258,0.08387096774193549,0.02666666666666667,7.0,7.0,0
2014,15,13,3,22,4.0,4.0,4,4,-3.0,-3.0,5.464516129032258,0.08387096774193549,0.02666666666666667,8.2,8.2,0
2014,16,13,3,71,18.0,18.0,4,4,7.0,7.0,5.464516129032258,0.08387096774193549,0.02666666666666667,6.2,6.2,0
2014,17,13,3,69,4.0,4.0,4,4,0.0,0.0,5.464516129032258,0.08387096774193549,0.02666666666666667,8.6,8.6,0
2014,18,13,3,18,3.0,3.0,4,4,0.0,0.0,5.464516129032258,0.08387096774193549,0.02666666666666667,8.6,8.6,1
2014,19,13,3,24,4.0,4.0,4,4,2.0,2.0,5.464516129032258,0.08387096774193549,0.02666666666666667,13.8,13.8,1
2014,1,822,3,1,15.0,10.0,1,4,10.0,5.0,6.930232558139535,0.2596899224806202,0.02666666666666667,2.8,14.6,0
2014,2,822,3,2,18.0,15.0,1,4,10.0,7.0,6.930232558139535,0.2596899224806202,0.02666666666666667,3.6,15.4,0
2014,3,822,3,3,3.0,4.0,1,4,-5.0,-4.0,6.930232558139535,0.2596899224806202,0.02666666666666667,4.4,13.8,0
2014,4,822,3,17,7.0,7.0,1,4,0.0,0.0,6.930232558139535,0.2596899224806202,0.02666666666666667,4.8,12.0,0
2014,5,822,3,4,4.0,4.0,1,4,-1.0,-1.0,6.930232558139535,0.2596899224806202,0.02666666666666667,6.8,6.8,0
2014,6,822,3,6,13.0,13.0,1,4,-3.0,-3.0,6.930232558139535,0.2596899224806202,0.02666666666666667,4.8,4.8,0
2014,7,822,3,7,4.0,4.0,1,4,-3.0,-3.0,6.930232558139535,0.2596899224806202,0.02666666666666667,5.2,5.2,0
2014,8,822,3,70,2.0,2.0,1,4,-1.0,-1.0,6.930232558139535,0.2596899224806202,0.02666666666666667,7.4,7.4,1
2014,9,822,3,9,14.0,17.0,1,4,12.0,15.0,6.930232558139535,0.2596899224806202,0.02666666666666667,9.8,9.8,1
2014,10,822,3,10,2.0,2.0,1,4,0.0,0.0,6.930232558139535,0.2596899224806202,0.02666666666666667,11.4,11.4,1
2014,11,822,3,11,3.0,3.0,1,4,-5.0,-5.0,6.930232558139535,0.2596899224806202,0.02666666666666667,12.2,12.2,0
2014,12,822,3,13,6.0,6.0,1,4,3.0,3.0,6.930232558139535,0.2596899224806202,0.02666666666666667,14.0,14.0,1
2014,13,822,3,14,3.0,3.0,1,4,-1.0,-1.0,6.930232558139535,0.2596899224806202,0.02666666666666667,13.4,13.4,0
2014,14,822,3,15,8.0,8.0,1,4,-3.0,-3.0,6.930232558139535,0.2596899224806202,0.02666666666666667,9.8,9.8,0
2014,15,822,3,22,3.0,3.0,1,4,-3.0,-3.0,6.930232558139535,0.2596899224806202,0.02666666666666667,7.8,7.8,0
2014,16,822,3,71,3.0,3.0,1,4,0.0,0.0,6.930232558139535,0.2596899224806202,0.02666666666666667,10.0,10.0,1
2014,17,822,3,69,3.0,3.0,1,4,-2.0,-2.0,6.930232558139535,0.2596899224806202,0.02666666666666667,9.0,9.0,0
2014,18,822,3,18,4.0,4.0,1,4,-6.0,-6.0,6.930232558139535,0.2596899224806202,0.02666666666666667,6.8,6.8,0
2014,19,822,3,24,3.0,3.0,1,4,0.0,0.0,6.930232558139535,0.2596899224806202,0.02666666666666667,12.8,12.8,1
2015,1,13,3,1,3.0,3.0,5,5,-1.0,-1.0,5.464516129032258,0.08387096774193549,0.02666666666666667,15.0,13.6,0
2015,2,13,3,2,7.0,7.0,5,5,1.0,1.0,5.464516129032258,0.08387096774193549,0.02666666666666667,16.6,12.2,0
2015,3,13,3,17,4.0,4.0,5,5,-1.0,-1.0,5.464516129032258,0.08387096774193549,0.02666666666666667,16.2,12.2,0
2015,4,13,3,3,6.0,6.0,5,5,-4.0,-4.0,5.464516129032258,0.08387096774193549,0.02666666666666667,13.4,12.2,0
2015,5,13,3,4,9.0,9.0,5,5,3.0,3.0,5.464516129032258,0.08387096774193549,0.02666666666666667,7.8,7.8,0
2015,6,13,3,6,12.0,14.0,5,5,-3.0,-1.0,5.464516129032258,0.08387096774193549,0.02666666666666667,5.4,5.4,0
2015,7,13,3,7,15.0,17.0,5,5,9.0,11.0,5.464516129032258,0.08387096774193549,0.02666666666666667,5.4,5.4,0
2015,8,13,3,70,4.0,4.0,5,5,1.0,1.0,5.464516129032258,0.08387096774193549,0.02666666666666667,6.4,6.4,1
2015,9,13,3,9,3.0,3.0,5,5,-1.0,-1.0,5.464516129032258,0.08387096774193549,0.02666666666666667,8.6,8.6,0
2015,10,13,3,11,8.0,8.0,5,5,-4.0,-4.0,5.464516129032258,0.08387096774193549,0.02666666666666667,7.0,7.0,0
2015,11,13,3,13,6.0,7.0,5,5,0.0,1.0,5.464516129032258,0.08387096774193549,0.02666666666666667,8.6,8.6,0
2015,12,13,3,14,5.0,5.0,5,5,2.0,2.0,5.464516129032258,0.08387096774193549,0.02666666666666667,10.0,10.0,1
2015,13,13,3,15,9.0,9.0,5,5,-10.0,-10.0,5.464516129032258,0.08387096774193549,0.02666666666666667,7.0,7.0,0
2015,14,13,3,22,5.0,5.0,5,5,-12.0,-12.0,5.464516129032258,0.08387096774193549,0.02666666666666667,4.6,4.6,0
2015,15,13,3,71,15.0,15.0,5,5,11.0,11.0,5.464516129032258,0.08387096774193549,0.02666666666666667,7.0,7.0,0
2015,16,13,3,69,7.0,9.0,5,5,-10.0,-8.0,5.464516129032258,0.08387096774193549,0.02666666666666667,5.4,5.4,0
2015,17,13,3,32,7.0,7.0,5,5,1.0,1.0,5.464516129032258,0.08387096774193549,0.02666666666666667,4.0,4.0,0
2015,18,13,3,18,8.0,8.0,5,5,-12.0,-12.0,5.464516129032258,0.08387096774193549,0.02666666666666667,4.0,4.0,0
2015,19,13,3,24,8.0,8.0,5,5,0.0,0.0,5.464516129032258,0.08387096774193549,0.02666666666666667,4.8,4.8,0
2015,1,822,3,1,0.0,6.0,2,5,-18.0,-12.0,6.930232558139535,0.2596899224806202,0.02666666666666667,11.2,2.4,0
2015,2,822,3,2,8.0,9.0,2,5,3.0,4.0,6.930232558139535,0.2596899224806202,0.02666666666666667,10.2,4.4,0
2015,3,822,3,17,5.0,5.0,2,5,-1.0,-1.0,6.930232558139535,0.2596899224806202,0.02666666666666667,9.8,4.4,0
2015,4,822,3,3,5.0,5.0,2,5,1.0,1.0,6.930232558139535,0.2596899224806202,0.02666666666666667,12.0,6.8,0
2015,5,822,3,4,4.0,4.0,2,5,0.0,0.0,6.930232558139535,0.2596899224806202,0.02666666666666667,8.4,8.4,0
2015,6,822,3,6,16.0,17.0,2,5,2.0,3.0,6.930232558139535,0.2596899224806202,0.02666666666666667,8.4,8.4,0
2015,7,822,3,7,4.0,4.0,2,5,1.0,1.0,6.930232558139535,0.2596899224806202,0.02666666666666667,9.4,9.4,1
2015,8,822,3,70,6.0,6.0,2,5,1.0,1.0,6.930232558139535,0.2596899224806202,0.02666666666666667,9.8,9.8,0
2015,9,822,3,9,4.0,4.0,2,5,-1.0,-1.0,6.930232558139535,0.2596899224806202,0.02666666666666667,9.4,9.4,0
2015,10,822,3,11,6.0,6.0,2,5,-7.0,-7.0,6.930232558139535,0.2596899224806202,0.02666666666666667,7.0,7.0,0
2015,11,822,3,13,3.0,3.0,2,5,-6.0,-6.0,6.930232558139535,0.2596899224806202,0.02666666666666667,7.4,7.4,0
2015,12,822,3,14,6.0,6.0,2,5,2.0,2.0,6.930232558139535,0.2596899224806202,0.02666666666666667,6.8,6.8,0
2015,13,822,3,15,7.0,7.0,2,5,2.0,2.0,6.930232558139535,0.2596899224806202,0.02666666666666667,6.8,6.8,0
2015,14,822,3,22,3.0,3.0,2,5,-2.0,-2.0,6.930232558139535,0.2596899224806202,0.02666666666666667,6.8,6.8,0
2015,15,822,3,71,3.0,3.0,2,5,-9.0,-9.0,6.930232558139535,0.2596899224806202,0.02666666666666667,6.8,6.8,0
2015,16,822,3,69,16.0,12.0,2,5,-3.0,-7.0,6.930232558139535,0.2596899224806202,0.02666666666666667,6.4,6.4,0
2015,17,822,3,32,6.0,6.0,2,5,3.0,3.0,6.930232558139535,0.2596899224806202,0.02666666666666667,7.0,7.0,1
2015,18,822,3,18,7.0,4.0,2,5,2.0,-1.0,6.930232558139535,0.2596899224806202,0.02666666666666667,7.0,7.0,0
2015,19,822,3,24,6.0,6.0,2,5,-7.0,-7.0,6.930232558139535,0.2596899224806202,0.02666666666666667,5.0,5.0,0
2016,1,13,3,1,6.0,6.0,6,6,1.0,1.0,5.464516129032258,0.08387096774193549,0.02666666666666667,4.4,7.0,0
2016,2,13,3,3,7.0,7.0,6,6,-1.0,-1.0,5.464516129032258,0.08387096774193549,0.02666666666666667,5.2,7.8,0
2016,3,13,3,17,10.0,11.0,6,6,4.0,5.0,5.464516129032258,0.08387096774193549,0.02666666666666667,5.2,6.4,0
2016,4,13,3,71,4.0,5.0,6,6,-1.0,0.0,5.464516129032258,0.08387096774193549,0.02666666666666667,7.2,6.4,0
2016,5,13,3,4,18.0,18.0,6,6,10.0,10.0,5.464516129032258,0.08387096774193549,0.02666666666666667,7.2,7.2,0
2016,6,13,3,6,14.0,14.0,6,6,4.0,4.0,5.464516129032258,0.08387096774193549,0.02666666666666667,5.4,5.4,0
2016,7,13,3,7,8.0,8.0,6,6,-12.0,-12.0,5.464516129032258,0.08387096774193549,0.02666666666666667,4.6,4.6,0
2016,8,13,3,73,5.0,6.0,6,6,-5.0,-4.0,5.464516129032258,0.08387096774193549,0.02666666666666667,3.2,3.2,0
2016,9,13,3,70,0.0,10.0,6,6,-20.0,-10.0,5.464516129032258,0.08387096774193549,0.02666666666666667,1.2,1.2,0
2016,10,13,3,9,12.0,12.0,6,6,1.0,1.0,5.464516129032258,0.08387096774193549,0.02666666666666667,0.4,0.4,0
2016,11,13,3,11,18.0,18.0,6,6,0.0,0.0,5.464516129032258,0.08387096774193549,0.02666666666666667,0.2,0.2,0
2016,12,13,3,10,10.0,10.0,6,6,-12.0,-12.0,5.464516129032258,0.08387096774193549,0.02666666666666667,0.2,0.2,0
2016,13,13,3,13,10.0,10.0,6,6,0.0,0.0,5.464516129032258,0.08387096774193549,0.02666666666666667,0.2,0.2,0
2016,14,13,3,14,11.0,11.0,6,6,2.0,2.0,5.464516129032258,0.08387096774193549,0.02666666666666667,0.6,0.6,0
2016,15,13,3,15,11.0,12.0,6,6,-1.0,0.0,5.464516129032258,0.08387096774193549,0.02666666666666667,0.6,0.6,0
2016,16,13,3,2,10.0,10.0,6,6,-3.0,-3.0,5.464516129032258,0.08387096774193549,0.02666666666666667,0.6,0.6,0
2016,17,13,3,22,12.0,12.0,6,6,3.0,3.0,5.464516129032258,0.08387096774193549,0.02666666666666667,1.0,1.0,0
2016,18,13,3,69,9.0,9.0,6,6,2.0,2.0,5.464516129032258,0.08387096774193549,0.02666666666666667,2.0,2.0,0
2016,19,13,3,32,9.0,9.0,6,6,0.0,0.0,5.464516129032258,0.08387096774193549,0.02666666666666667,2.0,2.0,0
2016,20,13,3,18,13.0,13.0,6,6,-5.0,-5.0,5.464516129032258,0.08387096774193549,0.02666666666666667,2.0,2.0,0
2016,21,13,3,24,10.0,10.0,6,6,1.0,1.0,5.464516129032258,0.08387096774193549,0.02666666666666667,2.4,2.4,0
2016,1,822,3,1,16.0,11.0,3,6,8.0,3.0,6.930232558139535,0.2596899224806202,0.02666666666666667,5.8,2.8,0
2016,2,822,3,3,6.0,6.0,3,6,-3.0,-3.0,6.930232558139535,0.2596899224806202,0.02666666666666667,6.2,2.0,0
2016,3,822,3,17,5.0,5.0,3,6,-5.0,-5.0,6.930232558139535,0.2596899224806202,0.02666666666666667,3.4,1.8,0
2016,4,822,3,71,2.0,3.0,3,6,-2.0,-1.0,6.930232558139535,0.2596899224806202,0.02666666666666667,3.8,4.2,0
2016,5,822,3,4,7.0,7.0,3,6,2.0,2.0,6.930232558139535,0.2596899224806202,0.02666666666666667,5.8,5.8,0
2016,6,822,3,6,10.0,11.0,3,6,-2.0,-1.0,6.930232558139535,0.2596899224806202,0.02666666666666667,5.0,5.0,0
2016,7,822,3,7,7.0,7.0,3,6,4.0,4.0,6.930232558139535,0.2596899224806202,0.02666666666666667,7.6,7.6,1
2016,8,822,3,73,8.0,8.0,3,6,2.0,2.0,6.930232558139535,0.2596899224806202,0.02666666666666667,9.0,9.0,0
2016,9,822,3,70,7.0,8.0,3,6,-2.0,-1.0,6.930232558139535,0.2596899224806202,0.02666666666666667,7.0,7.0,0
2016,10,822,3,9,6.0,7.0,3,6,-8.0,-7.0,6.930232558139535,0.2596899224806202,0.02666666666666667,5.0,5.0,0
2016,11,822,3,11,10.0,10.0,3,6,1.0,1.0,6.930232558139535,0.2596899224806202,0.02666666666666667,5.4,5.4,0
2016,12,822,3,10,7.0,8.0,3,6,-2.0,-1.0,6.930232558139535,0.2596899224806202,0.02666666666666667,2.8,2.8,0
2016,13,822,3,13,8.0,8.0,3,6,0.0,0.0,6.930232558139535,0.2596899224806202,0.02666666666666667,2.0,2.0,0
2016,14,822,3,14,5.0,5.0,3,6,-1.0,-1.0,6.930232558139535,0.2596899224806202,0.02666666666666667,3.2,3.2,0
2016,15,822,3,15,10.0,11.0,3,6,-10.0,-9.0,6.930232558139535,0.2596899224806202,0.02666666666666667,3.2,3.2,0
2016,16,822,3,2,11.0,11.0,3,6,6.0,6.0,6.930232558139535,0.2596899224806202,0.02666666666666667,4.8,4.8,0
2016,17,822,3,22,11.0,11.0,3,6,1.0,1.0,6.930232558139535,0.2596899224806202,0.02666666666666667,4.6,4.6,0
2016,18,822,3,69,8.0,8.0,3,6,-8.0,-8.0,6.930232558139535,0.2596899224806202,0.02666666666666667,3.8,3.8,0
2016,19,822,3,32,8.0,8.0,3,6,0.0,0.0,6.930232558139535,0.2596899224806202,0.02666666666666667,3.0,3.0,0
2016,20,822,3,18,11.0,11.0,3,6,0.0,0.0,6.930232558139535,0.2596899224806202,0.02666666666666667,3.0,3.0,0
2016,21,822,3,24,11.0,11.0,3,6,-10.0,-10.0,6.930232558139535,0.2596899224806202,0.02666666666666667,1.0,1.0,0
2017,1,13,3,1,7.0,7.0,7,7,1.0,1.0,5.464516129032258,0.08387096774193549,0.02666666666666667,3.6,2.4,0
2017,2,13,3,17,6.0,6.0,7,7,-8.0,-8.0,5.464516129032258,0.08387096774193549,0.02666666666666667,2.4,2.4,0
2017,3,13,3,3,8.0,8.0,7,7,2.0,2.0,5.464516129032258,0.08387096774193549,0.02666666666666667,3.6,3.2,0
2017,4,13,3,71,6.0,6.0,7,7,-3.0,-3.0,5.464516129032258,0.08387096774193549,0.02666666666666667,4.0,3.6,0
2017,5,13,3,4,9.0,9.0,7,7,-4.0,-4.0,5.464516129032258,0.08387096774193549,0.02666666666666667,3.6,3.6,0
2017,6,13,3,6,14.0,15.0,7,7,5.0,6.0,5.464516129032258,0.08387096774193549,0.02666666666666667,2.4,2.4,0
2017,7,13,3,7,7.0,7.0,7,7,-12.0,-12.0,5.464516129032258,0.08387096774193549,0.02666666666666667,2.4,2.4,0
2017,8,13,3,73,9.0,9.0,7,7,-7.0,-7.0,5.464516129032258,0.08387096774193549,0.02666666666666667,0.8,0.8,0
2017,9,13,3,70,17.0,17.0,7,7,8.0,8.0,5.464516129032258,0.08387096774193549,0.02666666666666667,0.8,0.8,0
2017,10,13,3,9,14.0,15.0,7,7,4.0,5.0,5.464516129032258,0.08387096774193549,0.02666666666666667,1.0,1.0,0
2017,12,13,3,13,16.0,16.0,7,7,8.0,8.0,5.464516129032258,0.08387096774193549,0.02666666666666667,1.4,1.4,0
2017,13,13,3,14,7.0,9.0,7,7,-1.0,1.0,5.464516129032258,0.08387096774193549,0.02666666666666667,2.2,2.2,0
2017,14,13,3,15,17.0,17.0,7,7,6.0,6.0,5.464516129032258,0.08387096774193549,0.02666666666666667,2.2,2.2,0
2017,15,13,3,2,11.0,11.0,7,7,2.0,2.0,5.464516129032258,0.08387096774193549,0.02666666666666667,2.2,2.2,0
2017,16,13,3,22,8.0,9.0,7,7,-2.0,-1.0,5.464516129032258,0.08387096774193549,0.02666666666666667,2.2,2.2,0
2017,17,13,3,69,10.0,11.0,7,7,1.0,2.0,5.464516129032258,0.08387096774193549,0.02666666666666667,1.8,1.8,0
2017,18,13,3,32,10.0,11.0,7,7,-1.0,0.0,5.464516129032258,0.08387096774193549,0.02666666666666667,1.0,1.0,0
2017,19,13,3,18,9.0,10.0,7,7,2.0,3.0,5.464516129032258,0.08387096774193549,0.02666666666666667,2.2,2.2,0
2017,20,13,3,24,10.0,10.0,7,7,0.0,0.0,5.464516129032258,0.08387096774193549,0.02666666666666667,2.0,2.0,0
2017,11,814,3,11,19.0,19.0,6,7,1.0,1.0,2.0508474576271185,0.0,0.02666666666666667,2.4,1.8,0
2017,1,840,3,1,20.0,19.0,0,7,4.0,3.0,1.575,0.015,0.02666666666666667,0.0,1.4,0
2017,2,840,3,17,10.0,10.0,0,7,-10.0,-10.0,1.575,0.015,0.02666666666666667,0.0,1.4,0
2017,3,840,3,3,12.0,12.0,0,7,-5.0,-5.0,1.575,0.015,0.02666666666666667,0.0,0.2,0
2017,4,840,3,71,11.0,12.0,0,7,0.0,1.0,1.575,0.015,0.02666666666666667,0.0,0.0,0
2017,5,840,3,4,18.0,18.0,0,7,2.0,2.0,1.575,0.015,0.02666666666666667,0.0,0.0,0
2017,6,840,3,6,17.0,18.0,0,7,2.0,3.0,1.575,0.015,0.02666666666666667,0.0,0.0,0
2017,7,840,3,7,17.0,17.0,0,7,8.0,8.0,1.575,0.015,0.02666666666666667,0.4,0.4,0
2017,8,840,3,73,8.0,8.0,0,7,5.0,5.0,1.575,0.015,0.02666666666666667,3.4,3.4,1
2017,9,840,3,70,18.0,18.0,0,7,8.0,8.0,1.575,0.015,0.02666666666666667,3.6,3.6,0
2017,10,840,3,9,15.0,16.0,0,7,-1.0,0.0,1.575,0.015,0.02666666666666667,3.6,3.6,0
2017,11,840,3,11,17.0,17.0,0,7,3.0,3.0,1.575,0.015,0.02666666666666667,3.6,3.6,0
2017,12,840,3,13,15.0,18.0,0,7,4.0,7.0,1.575,0.015,0.02666666666666667,3.2,3.2,0
2017,13,840,3,14,2.0,4.0,0,7,-5.0,-3.0,1.575,0.015,0.02666666666666667,1.4,1.4,0
2017,14,840,3,15,18.0,18.0,0,7,10.0,10.0,1.575,0.015,0.02666666666666667,2.0,2.0,0
2017,15,840,3,2,13.0,13.0,0,7,5.0,5.0,1.575,0.015,0.02666666666666667,2.8,2.8,0
2017,16,840,3,22,15.0,18.0,0,7,-1.0,2.0,1.575,0.015,0.02666666666666667,2.8,2.8,0
2017,17,840,3,69,15.0,17.0,0,7,4.0,6.0,1.575,0.015,0.02666666666666667,2.8,2.8,0
2017,18,840,3,32,11.0,12.0,0,7,5.0,6.0,1.575,0.015,0.02666666666666667,3.2,3.2,0
2017,19,840,3,18,16.0,18.0,0,7,0.0,2.0,1.575,0.015,0.02666666666666667,2.4,2.4,0
2017,20,840,3,24,15.0,15.0,0,7,-3.0,-3.0,1.575,0.015,0.02666666666666667,1.6,1.6,0
2018,1,840,3,1,13.0,14.0,1,8,-1.0,0.0,1.575,0.015,0.02666666666666667,1.6,1.6,0
2018,2,840,3,3,20.0,20.0,1,8,6.0,6.0,1.575,0.015,0.02666666666666667,1.6,1.6,0
2018,3,840,3,17,18.0,18.0,1,8,4.0,4.0,1.575,0.015,0.02666666666666667,0.0,0.0,0
2018,4,840,3,73,10.0,11.0,1,8,2.0,3.0,1.575,0.015,0.02666666666666667,0.8,0.8,0
2018,5,840,3,4,18.0,19.0,1,8,7.0,8.0,1.575,0.015,0.02666666666666667,0.8,0.8,0
2018,6,840,3,6,17.0,18.0,1,8,0.0,1.0,1.575,0.015,0.02666666666666667,0.8,0.8,0
2018,7,840,3,7,17.0,17.0,1,8,-3.0,-3.0,1.575,0.015,0.02666666666666667,0.8,0.8,0
2018,8,840,3,34,19.0,20.0,1,8,2.0,3.0,1.575,0.015,0.02666666666666667,0.8,0.8,0
2018,9,840,3,70,14.0,15.0,1,8,0.0,1.0,1.575,0.015,0.02666666666666667,0.0,0.0,0
2018,10,840,3,9,19.0,19.0,1,8,7.0,7.0,1.575,0.015,0.02666666666666667,0.0,0.0,0
2018,11,840,3,10,18.0,19.0,1,8,1.0,2.0,1.575,0.015,0.02666666666666667,0.0,0.0,0
2018,12,840,3,11,15.0,15.0,1,8,-2.0,-2.0,1.575,0.015,0.02666666666666667,0.0,0.0,0
2018,13,840,3,13,17.0,19.0,1,8,4.0,6.0,1.575,0.015,0.02666666666666667,0.0,0.0,0
2018,14,840,3,14,10.0,10.0,1,8,1.0,1.0,1.575,0.015,0.02666666666666667,0.4,0.4,0
2018,15,840,3,15,20.0,20.0,1,8,6.0,6.0,1.575,0.015,0.02666666666666667,0.4,0.4,0
2018,16,840,3,71,14.0,20.0,1,8,-1.0,5.0,1.575,0.015,0.02666666666666667,0.4,0.4,0
2018,17,840,3,22,14.0,14.0,1,8,-3.0,-3.0,1.575,0.015,0.02666666666666667,0.4,0.4,0
2018,18,840,3,69,15.0,18.0,1,8,1.0,4.0,1.575,0.015,0.02666666666666667,0.4,0.4,0
2018,19,840,3,32,17.0,19.0,1,8,5.0,7.0,1.575,0.015,0.02666666666666667,0.0,0.0,0
2018,20,840,3,18,19.0,19.0,1,8,1.0,1.0,1.575,0.015,0.02666666666666667,0.0,0.0,0
2018,21,840,3,24,20.0,20.0,1,8,7.0,7.0,1.575,0.015,0.02666666666666667,0.0,0.0,0
2018,1,845,3,1,19.0,19.0,0,8,-1.0,-1.0,0.047619047619047616,0.0,0.02666666666666667,0.0,0.0,0
2018,2,845,3,3,18.0,18.0,0,8,3.0,3.0,0.047619047619047616,0.0,0.02666666666666667,0.0,0.0,0
2018,3,845,3,17,16.0,16.0,0,8,1.0,1.0,0.047619047619047616,0.0,0.02666666666666667,0.0,0.0,0
2018,4,845,3,73,11.0,12.0,0,8,-9.0,-8.0,0.047619047619047616,0.0,0.02666666666666667,0.0,0.0,0
2018,5,845,3,4,19.0,18.0,0,8,5.0,4.0,0.047619047619047616,0.0,0.02666666666666667,0.0,0.0,0
2018,6,845,3,6,13.0,13.0,0,8,-3.0,-3.0,0.047619047619047616,0.0,0.02666666666666667,0.0,0.0,0
2018,7,845,3,7,18.0,18.0,0,8,1.0,1.0,0.047619047619047616,0.0,0.02666666666666667,0.0,0.0,0
2018,8,845,3,34,18.0,19.0,0,8,3.0,4.0,0.047619047619047616,0.0,0.02666666666666667,0.0,0.0,0
2018,9,845,3,70,17.0,18.0,0,8,4.0,5.0,0.047619047619047616,0.0,0.02666666666666667,0.0,0.0,0
2018,10,845,3,9,18.0,18.0,0,8,4.0,4.0,0.047619047619047616,0.0,0.02666666666666667,0.0,0.0,0
2018,11,845,3,10,12.0,12.0,0,8,-7.0,-7.0,0.047619047619047616,0.0,0.02666666666666667,0.0,0.0,0
2018,12,845,3,11,20.0,20.0,0,8,4.0,4.0,0.047619047619047616,0.0,0.02666666666666667,0.0,0.0,0
2018,13,845,3,13,16.0,18.0,0,8,4.0,6.0,0.047619047619047616,0.0,0.02666666666666667,0.0,0.0,0
2018,14,845,3,14,12.0,12.0,0,8,2.0,2.0,0.047619047619047616,0.0,0.02666666666666667,0.2,0.2,0
2018,15,845,3,15,19.0,19.0,0,8,0.0,0.0,0.047619047619047616,0.0,0.02666666666666667,0.2,0.2,0
2018,16,845,3,71,13.0,18.0,0,8,-5.0,0.0,0.047619047619047616,0.0,0.02666666666666667,0.2,0.2,0
2018,17,845,3,22,17.0,17.0,0,8,1.0,1.0,0.047619047619047616,0.0,0.02666666666666667,0.2,0.2,0
2018,18,845,3,69,14.0,17.0,0,8,1.0,4.0,0.047619047619047616,0.0,0.02666666666666667,0.2,0.2,0
2018,19,845,3,32,19.0,20.0,0,8,6.0,7.0,0.047619047619047616,0.0,0.02666666666666667,0.0,0.0,0
2018,20,845,3,18,14.0,15.0,0,8,-2.0,-1.0,0.047619047619047616,0.0,0.02666666666666667,0.0,0.0,0
2018,21,845,3,24,19.0,19.0,0,8,4.0,4.0,0.047619047619047616,0.0,0.02666666666666667,0.0,0.0,0
2019,1,9,3,1,20.0,20.0,9,9,3.0,3.0,3.261904761904762,0.07142857142857142,0.02666666666666667,4.4,0.0,0
2019,2,9,3,3,20.0,20.0,9,9,4.0,4.0,3.261904761904762,0.07142857142857142,0.02666666666666667,4.4,0.0,0
2019,3,9,3,17,18.0,18.0,9,9,1.0,1.0,3.261904761904762,0.07142857142857142,0.02666666666666667,2.4,0.0,0
2019,4,9,3,73,0.0,18.0,9,9,-16.0,2.0,3.261904761904762,0.07142857142857142,0.02666666666666667,2.0,0.0,0
2019,5,9,3,4,17.0,20.0,9,9,-1.0,2.0,3.261904761904762,0.07142857142857142,0.02666666666666667,0.0,0.0,0
2019,6,9,3,6,20.0,20.0,9,9,2.0,2.0,3.261904761904762,0.07142857142857142,0.02666666666666667,0.0,0.0,0
2019,7,9,3,7,19.0,20.0,9,9,1.0,2.0,3.261904761904762,0.07142857142857142,0.02666666666666667,0.0,0.0,0
2019,8,9,3,34,18.0,20.0,9,9,0.0,2.0,3.261904761904762,0.07142857142857142,0.02666666666666667,0.0,0.0,0
2019,9,9,3,70,17.0,20.0,9,9,-3.0,0.0,3.261904761904762,0.07142857142857142,0.02666666666666667,0.0,0.0,0
2019,10,9,3,9,20.0,20.0,9,9,5.0,5.0,3.261904761904762,0.07142857142857142,0.02666666666666667,0.0,0.0,0
2019,11,9,3,10,18.0,19.0,9,9,8.0,9.0,3.261904761904762,0.07142857142857142,0.02666666666666667,0.2,0.2,0
2019,12,9,3,11,19.0,20.0,9,9,0.0,1.0,3.261904761904762,0.07142857142857142,0.02666666666666667,0.2,0.2,0
2019,13,9,3,13,0.0,20.0,9,9,-17.0,3.0,3.261904761904762,0.07142857142857142,0.02666666666666667,0.2,0.2,0
2019,14,9,3,14,15.0,19.0,9,9,-2.0,2.0,3.261904761904762,0.07142857142857142,0.02666666666666667,0.2,0.2,0
2019,15,9,3,15,19.0,19.0,9,9,3.0,3.0,3.261904761904762,0.07142857142857142,0.02666666666666667,0.2,0.2,0
2019,16,9,3,71,18.0,18.0,9,9,2.0,2.0,3.261904761904762,0.07142857142857142,0.02666666666666667,0.0,0.0,0
2019,17,9,3,22,0.0,20.0,9,9,-17.0,3.0,3.261904761904762,0.07142857142857142,0.02666666666666667,0.0,0.0,0
2019,18,9,3,32,20.0,20.0,9,9,2.0,2.0,3.261904761904762,0.07142857142857142,0.02666666666666667,0.0,0.0,0
2019,19,9,3,69,19.0,20.0,9,9,0.0,1.0,3.261904761904762,0.07142857142857142,0.02666666666666667,0.0,0.0,0
2019,20,9,3,18,19.0,19.0,9,9,3.0,3.0,3.261904761904762,0.07142857142857142,0.02666666666666667,0.0,0.0,0
2019,21,9,3,24,19.0,20.0,9,9,0.0,1.0,3.261904761904762,0.07142857142857142,0.02666666666666667,0.0,0.0,0
2019,1,847,3,1,19.0,19.0,0,9,3.0,3.0,6.660493827160494,0.17901234567901234,0.02666666666666667,0.0,0.0,0
2019,2,847,3,3,19.0,19.0,0,9,4.0,4.0,6.660493827160494,0.17901234567901234,0.02666666666666667,0.0,0.0,0
2019,3,847,3,17,17.0,17.0,0,9,1.0,1.0,6.660493827160494,0.17901234567901234,0.02666666666666667,0.0,0.0,0
2019,4,847,3,73,16.0,17.0,0,9,1.0,2.0,6.660493827160494,0.17901234567901234,0.02666666666666667,0.0,0.0,0
2019,5,847,3,4,19.0,19.0,0,9,2.0,2.0,6.660493827160494,0.17901234567901234,0.02666666666666667,0.0,0.0,0
2019,6,847,3,6,19.0,19.0,0,9,4.0,4.0,6.660493827160494,0.17901234567901234,0.02666666666666667,0.0,0.0,0
2019,7,847,3,7,18.0,19.0,0,9,2.0,3.0,6.660493827160494,0.17901234567901234,0.02666666666666667,0.0,0.0,0
2019,8,847,3,34,20.0,19.0,0,9,1.0,0.0,6.660493827160494,0.17901234567901234,0.02666666666666667,0.0,0.0,0
2019,9,847,3,70,0.0,19.0,0,9,-18.0,1.0,6.660493827160494,0.17901234567901234,0.02666666666666667,0.0,0.0,0
2019,10,847,3,9,19.0,19.0,0,9,5.0,5.0,6.660493827160494,0.17901234567901234,0.02666666666666667,0.0,0.0,0
2019,11,847,3,10,17.0,18.0,0,9,6.0,7.0,6.660493827160494,0.17901234567901234,0.02666666666666667,0.0,0.0,0
2019,12,847,3,11,15.0,16.0,0,9,-1.0,0.0,6.660493827160494,0.17901234567901234,0.02666666666666667,0.0,0.0,0
2019,13,847,3,13,14.0,19.0,0,9,-1.0,4.0,6.660493827160494,0.17901234567901234,0.02666666666666667,0.0,0.0,0
2019,14,847,3,14,14.0,18.0,0,9,0.0,4.0,6.660493827160494,0.17901234567901234,0.02666666666666667,0.0,0.0,0
2019,15,847,3,15,18.0,18.0,0,9,-2.0,-2.0,6.660493827160494,0.17901234567901234,0.02666666666666667,0.0,0.0,0
2019,16,847,3,71,17.0,17.0,0,9,0.0,0.0,6.660493827160494,0.17901234567901234,0.02666666666666667,0.0,0.0,0
2019,17,847,3,22,18.0,18.0,0,9,2.0,2.0,6.660493827160494,0.17901234567901234,0.02666666666666667,0.0,0.0,0
2019,18,847,3,32,19.0,19.0,0,9,3.0,3.0,6.660493827160494,0.17901234567901234,0.02666666666666667,0.0,0.0,0
2019,19,847,3,69,18.0,18.0,0,9,1.0,1.0,6.660493827160494,0.17901234567901234,0.02666666666666667,0.0,0.0,0
2019,20,847,3,18,18.0,18.0,0,9,6.0,6.0,6.660493827160494,0.17901234567901234,0.02666666666666667,0.0,0.0,0
2019,21,847,3,24,18.0,19.0,0,9,1.0,2.0,6.660493827160494,0.17901234567901234,0.02666666666666667,0.0,0.0,0
2020,1,847,3,70,17.0,17.0,1,10,2.0,2.0,6.660493827160494,0.17901234567901234,0.02666666666666667,0.0,0.0,0
2020,2,847,3,70,11.0,12.0,1,10,-5.0,-4.0,6.660493827160494,0.17901234567901234,0.02666666666666667,0.0,0.0,0
2020,3,847,3,11,12.0,12.0,1,10,-6.0,-6.0,6.660493827160494,0.17901234567901234,0.02666666666666667,0.0,0.0,0
2020,4,847,3,9,20.0,15.0,1,10,8.0,3.0,6.660493827160494,0.17901234567901234,0.02666666666666667,0.0,0.0,0
2020,5,847,3,9,15.0,15.0,1,10,-3.0,-3.0,6.660493827160494,0.17901234567901234,0.02666666666666667,0.0,0.0,0
2020,6,847,3,4,18.0,18.0,1,10,1.0,1.0,6.660493827160494,0.17901234567901234,0.02666666666666667,0.0,0.0,0
2020,7,847,3,13,15.0,15.0,1,10,-4.0,-4.0,6.660493827160494,0.17901234567901234,0.02666666666666667,0.0,0.0,0
2020,8,847,3,14,19.0,19.0,1,10,5.0,5.0,6.660493827160494,0.17901234567901234,0.02666666666666667,0.0,0.0,0
2020,9,847,3,76,18.0,18.0,1,10,7.0,7.0,6.660493827160494,0.17901234567901234,0.02666666666666667,0.0,0.0,0
2020,10,847,3,71,13.0,14.0,1,10,-5.0,-4.0,6.660493827160494,0.17901234567901234,0.02666666666666667,0.0,0.0,0
2020,11,847,3,20,17.0,17.0,1,10,-3.0,-3.0,6.660493827160494,0.17901234567901234,0.02666666666666667,0.0,0.0,0
2020,12,847,3,75,14.0,14.0,1,10,0.0,0.0,6.660493827160494,0.17901234567901234,0.02666666666666667,0.0,0.0,0
2020,13,847,3,21,13.0,13.0,1,10,-3.0,-3.0,6.660493827160494,0.17901234567901234,0.02666666666666667,0.0,0.0,0
2020,14,847,3,5,0.0,18.0,1,10,-16.0,2.0,6.660493827160494,0.17901234567901234,0.02666666666666667,0.0,0.0,0
2020,15,847,3,3,14.0,14.0,1,10,2.0,2.0,6.660493827160494,0.17901234567901234,0.02666666666666667,0.0,0.0,0
2020,17,847,3,24,16.0,18.0,1,10,1.0,3.0,6.660493827160494,0.17901234567901234,0.02666666666666667,0.6,0.0,0
2020,1,849,3,70,20.0,20.0,0,10,9.0,9.0,0.14754098360655737,0.0,0.02666666666666667,0.0,0.0,0
2020,2,849,3,70,18.0,18.0,0,10,1.0,1.0,0.14754098360655737,0.0,0.02666666666666667,0.0,0.0,0
2020,3,849,3,11,15.0,15.0,0,10,-4.0,-4.0,0.14754098360655737,0.0,0.02666666666666667,0.0,0.0,0
2020,4,849,3,9,18.0,20.0,0,10,3.0,5.0,0.14754098360655737,0.0,0.02666666666666667,0.0,0.0,0
2020,5,849,3,9,18.0,18.0,0,10,-1.0,-1.0,0.14754098360655737,0.0,0.02666666666666667,0.0,0.0,0
2020,6,849,3,4,19.0,19.0,0,10,1.0,1.0,0.14754098360655737,0.0,0.02666666666666667,0.0,0.0,0
2020,7,849,3,13,19.0,19.0,0,10,3.0,3.0,0.14754098360655737,0.0,0.02666666666666667,0.0,0.0,0
2020,8,849,3,14,20.0,20.0,0,10,9.0,9.0,0.14754098360655737,0.0,0.02666666666666667,0.0,0.0,0
2020,9,849,3,76,19.0,19.0,0,10,4.0,4.0,0.14754098360655737,0.0,0.02666666666666667,0.0,0.0,0
2020,10,849,3,71,20.0,19.0,0,10,4.0,3.0,0.14754098360655737,0.0,0.02666666666666667,0.0,0.0,0
2020,11,849,3,20,18.0,18.0,0,10,4.0,4.0,0.14754098360655737,0.0,0.02666666666666667,0.0,0.0,0
2020,12,849,3,75,20.0,20.0,0,10,2.0,2.0,0.14754098360655737,0.0,0.02666666666666667,0.0,0.0,0
2020,13,849,3,21,19.0,19.0,0,10,8.0,8.0,0.14754098360655737,0.0,0.02666666666666667,0.0,0.0,0
2020,14,849,3,5,0.0,20.0,0,10,-19.0,1.0,0.14754098360655737,0.0,0.02666666666666667,0.0,0.0,0
2020,15,849,3,3,20.0,20.0,0,10,6.0,6.0,0.14754098360655737,0.0,0.02666666666666667,0.0,0.0,0
2020,16,849,3,3,16.0,17.0,0,10,-2.0,-1.0,0.14754098360655737,0.0,0.02666666666666667,0.0,0.0,0
2020,17,849,3,24,18.0,20.0,0,10,1.0,3.0,0.14754098360655737,0.0,0.02666666666666667,0.0,0.0,0
2020,16,851,3,3,17.0,18.0,0,10,1.0,2.0,0.0,0.0,0.02666666666666667,0.0,0.0,0
2021,1,847,3,3,15.0,15.0,2,11,1.0,1.0,6.660493827160494,0.17901234567901234,0.02666666666666667,0.6,0.0,0
2021,2,847,3,21,12.0,12.0,2,11,-7.0,-7.0,6.660493827160494,0.17901234567901234,0.02666666666666667,0.6,0.0,0
2021,3,847,3,75,11.0,11.0,2,11,-5.0,-5.0,6.660493827160494,0.17901234567901234,0.02666666666666667,0.6,0.0,0
2021,4,847,3,4,15.0,15.0,2,11,1.0,1.0,6.660493827160494,0.17901234567901234,0.02666666666666667,0.0,0.0,0
2021,5,847,3,6,15.0,15.0,2,11,1.0,1.0,6.660493827160494,0.17901234567901234,0.02666666666666667,0.0,0.0,0
2021,6,847,3,73,15.0,15.0,2,11,-2.0,-2.0,6.660493827160494,0.17901234567901234,0.02666666666666667,0.0,0.0,0
2021,7,847,3,34,14.0,14.0,2,11,2.0,2.0,6.660493827160494,0.17901234567901234,0.02666666666666667,0.0,0.0,0
2021,8,847,3,70,10.0,11.0,2,11,-9.0,-8.0,6.660493827160494,0.17901234567901234,0.02666666666666667,0.0,0.0,0
2021,9,847,3,70,8.0,9.0,2,11,-3.0,-2.0,6.660493827160494,0.17901234567901234,0.02666666666666667,0.0,0.0,0
2021,10,847,3,9,12.0,8.0,2,11,0.0,-4.0,6.660493827160494,0.17901234567901234,0.02666666666666667,0.0,0.0,0
2021,11,847,3,11,17.0,17.0,2,11,9.0,9.0,6.660493827160494,0.17901234567901234,0.02666666666666667,0.8,0.8,0
2021,12,847,3,13,2.0,2.0,2,11,0.0,0.0,6.660493827160494,0.17901234567901234,0.02666666666666667,2.6,2.6,1
2021,13,847,3,39,11.0,11.0,2,11,-6.0,-6.0,6.660493827160494,0.17901234567901234,0.02666666666666667,2.6,2.6,0
2021,14,847,3,14,14.0,15.0,2,11,5.0,6.0,6.660493827160494,0.17901234567901234,0.02666666666666667,3.0,3.0,0
2021,15,847,3,71,3.0,3.0,2,11,-7.0,-7.0,6.660493827160494,0.17901234567901234,0.02666666666666667,3.2,3.2,0
2021,16,847,3,5,13.0,13.0,2,11,-2.0,-2.0,6.660493827160494,0.17901234567901234,0.02666666666666667,2.4,2.4,0
2021,17,847,3,69,20.0,15.0,2,11,6.0,1.0,6.660493827160494,0.17901234567901234,0.02666666666666667,0.6,0.6,0
2021,18,847,3,32,16.0,13.0,2,11,0.0,-3.0,6.660493827160494,0.17901234567901234,0.02666666666666667,0.6,0.6,0
2021,19,847,3,18,17.0,18.0,2,11,4.0,5.0,6.660493827160494,0.17901234567901234,0.02666666666666667,0.2,0.2,0
2021,20,847,3,78,15.0,15.0,2,11,-2.0,-2.0,6.660493827160494,0.17901234567901234,0.02666666666666667,0.0,0.0,0
2021,21,847,3,77,14.0,14.0,2,11,-5.0,-5.0,6.660493827160494,0.17901234567901234,0.02666666666666667,0.0,0.0,0
2021,22,847,3,24,17.0,17.0,2,11,-1.0,-1.0,6.660493827160494,0.17901234567901234,0.02666666666666667,0.0,0.0,0
2021,1,849,3,3,17.0,17.0,1,11,-1.0,-1.0,0.14754098360655737,0.0,0.02666666666666667,0.0,0.0,0
2021,2,849,3,21,14.0,14.0,1,11,-6.0,-6.0,0.14754098360655737,0.0,0.02666666666666667,0.0,0.0,0
2021,3,849,3,75,18.0,18.0,1,11,0.0,0.0,0.14754098360655737,0.0,0.02666666666666667,0.0,0.0,0
2021,4,849,3,4,19.0,19.0,1,11,3.0,3.0,0.14754098360655737,0.0,0.02666666666666667,0.0,0.0,0
2021,5,849,3,6,18.0,18.0,1,11,3.0,3.0,0.14754098360655737,0.0,0.02666666666666667,0.0,0.0,0
2021,6,849,3,73,16.0,16.0,1,11,0.0,0.0,0.14754098360655737,0.0,0.02666666666666667,0.0,0.0,0
2021,7,849,3,34,16.0,16.0,1,11,-2.0,-2.0,0.14754098360655737,0.0,0.02666666666666667,0.0,0.0,0
2021,8,849,3,70,16.0,16.0,1,11,-1.0,-1.0,0.14754098360655737,0.0,0.02666666666666667,0.0,0.0,0
2021,9,849,3,70,18.0,18.0,1,11,2.0,2.0,0.14754098360655737,0.0,0.02666666666666667,0.0,0.0,0
2021,10,849,3,9,17.0,18.0,1,11,3.0,4.0,0.14754098360655737,0.0,0.02666666666666667,0.0,0.0,0
2021,11,849,3,11,18.0,18.0,1,11,11.0,11.0,0.14754098360655737,0.0,0.02666666666666667,1.2,1.2,0
2021,12,849,3,13,10.0,12.0,1,11,1.0,3.0,0.14754098360655737,0.0,0.02666666666666667,1.4,1.4,0
2021,13,849,3,39,0.0,14.0,1,11,-16.0,-2.0,0.14754098360655737,0.0,0.02666666666666667,1.4,1.4,0
2021,14,849,3,14,13.0,16.0,1,11,2.0,5.0,0.14754098360655737,0.0,0.02666666666666667,1.4,1.4,0
2021,15,849,3,71,18.0,14.0,1,11,-1.0,-5.0,0.14754098360655737,0.0,0.02666666666666667,1.4,1.4,0
2021,16,849,3,5,15.0,17.0,1,11,-2.0,0.0,0.14754098360655737,0.0,0.02666666666666667,0.2,0.2,0
2021,17,849,3,69,14.0,17.0,1,11,-1.0,2.0,0.14754098360655737,0.0,0.02666666666666667,0.0,0.0,0
2021,18,849,3,32,13.0,17.0,1,11,-4.0,0.0,0.14754098360655737,0.0,0.02666666666666667,0.0,0.0,0
2021,19,849,3,18,16.0,17.0,1,11,0.0,1.0,0.14754098360655737,0.0,0.02666666666666667,0.0,0.0,0
2021,20,849,3,78,17.0,17.0,1,11,-2.0,-2.0,0.14754098360655737,0.0,0.02666666666666667,0.0,0.0,0
2021,21,849,3,77,16.0,16.0,1,11,4.0,4.0,0.14754098360655737,0.0,0.02666666666666667,0.0,0.0,0
2021,22,849,3,24,16.0,16.0,1,11,0.0,0.0,0.14754098360655737,0.0,0.02666666666666667,0.0,0.0,0
2022,1,848,3,3,14.0,14.0,3,12,1.0,1.0,2.260869565217391,0.014492753623188406,0.02666666666666667,8.2,0.0,0
2022,2,848,3,77,16.0,17.0,3,12,2.0,3.0,2.260869565217391,0.014492753623188406,0.02666666666666667,7.0,0.0,0
2022,3,848,3,1,20.0,16.0,3,12,10.0,6.0,2.260869565217391,0.014492753623188406,0.02666666666666667,4.2,0.2,0
2022,4,848,3,21,18.0,20.0,3,12,7.0,9.0,2.260869565217391,0.014492753623188406,0.02666666666666667,2.6,0.2,0
2022,5,848,3,79,18.0,18.0,3,12,9.0,9.0,2.260869565217391,0.014492753623188406,0.02666666666666667,0.6,0.6,0
2022,6,848,3,4,18.0,19.0,3,12,0.0,1.0,2.260869565217391,0.014492753623188406,0.02666666666666667,0.6,0.6,0
2022,7,848,3,6,16.0,16.0,3,12,-2.0,-2.0,2.260869565217391,0.014492753623188406,0.02666666666666667,0.6,0.6,0
2022,8,848,3,73,17.0,17.0,3,12,5.0,5.0,2.260869565217391,0.014492753623188406,0.02666666666666667,0.4,0.4,0
2022,9,848,3,7,12.0,12.0,3,12,-1.0,-1.0,2.260869565217391,0.014492753623188406,0.02666666666666667,0.4,0.4,0
2022,10,848,3,9,16.0,16.0,3,12,-4.0,-4.0,2.260869565217391,0.014492753623188406,0.02666666666666667,0.0,0.0,0
2022,11,848,3,70,15.0,11.0,3,12,3.0,-1.0,2.260869565217391,0.014492753623188406,0.02666666666666667,0.0,0.0,0
2022,12,848,3,34,13.0,15.0,3,12,0.0,2.0,2.260869565217391,0.014492753623188406,0.02666666666666667,0.0,0.0,0
2022,13,848,3,11,17.0,17.0,3,12,0.0,0.0,2.260869565217391,0.014492753623188406,0.02666666666666667,0.0,0.0,0
2022,14,848,3,13,6.0,9.0,3,12,-4.0,-1.0,2.260869565217391,0.014492753623188406,0.02666666666666667,0.2,0.2,0
2022,15,848,3,39,15.0,15.0,3,12,3.0,3.0,2.260869565217391,0.014492753623188406,0.02666666666666667,0.2,0.2,0
2022,17,848,3,15,18.0,19.0,3,12,1.0,2.0,2.260869565217391,0.014492753623188406,0.02666666666666667,0.2,0.2,0
2022,18,848,3,22,16.0,16.0,3,12,-4.0,-4.0,2.260869565217391,0.014492753623188406,0.02666666666666667,0.2,0.2,0
2022,19,848,3,69,8.0,11.0,3,12,-5.0,-2.0,2.260869565217391,0.014492753623188406,0.02666666666666667,0.2,0.2,0
2022,20,848,3,32,17.0,19.0,3,12,5.0,7.0,2.260869565217391,0.014492753623188406,0.02666666666666667,0.0,0.0,0
2022,21,848,3,18,19.0,11.0,3,12,4.0,-4.0,2.260869565217391,0.014492753623188406,0.02666666666666667,0.0,0.0,0
2022,22,848,3,24,19.0,19.0,3,12,6.0,6.0,2.260869565217391,0.014492753623188406,0.02666666666666667,0.0,0.0,0
2022,1,849,3,3,20.0,20.0,2,12,4.0,4.0,0.14754098360655737,0.0,0.02666666666666667,0.0,0.0,0
2022,2,849,3,77,18.0,19.0,2,12,0.0,1.0,0.14754098360655737,0.0,0.02666666666666667,0.0,0.0,0
2022,3,849,3,1,18.0,19.0,2,12,2.0,3.0,0.14754098360655737,0.0,0.02666666666666667,0.0,0.0,0
2022,4,849,3,21,19.0,18.0,2,12,3.0,2.0,0.14754098360655737,0.0,0.02666666666666667,0.0,0.0,0
2022,5,849,3,79,19.0,19.0,2,12,5.0,5.0,0.14754098360655737,0.0,0.02666666666666667,0.0,0.0,0
2022,6,849,3,4,19.0,20.0,2,12,3.0,4.0,0.14754098360655737,0.0,0.02666666666666667,0.0,0.0,0
2022,7,849,3,6,19.0,19.0,2,12,4.0,4.0,0.14754098360655737,0.0,0.02666666666666667,0.0,0.0,0
2022,8,849,3,73,18.0,18.0,2,12,3.0,3.0,0.14754098360655737,0.0,0.02666666666666667,0.0,0.0,0
2022,9,849,3,7,18.0,19.0,2,12,2.0,3.0,0.14754098360655737,0.0,0.02666666666666667,0.0,0.0,0
2022,10,849,3,9,10.0,10.0,2,12,-2.0,-2.0,0.14754098360655737,0.0,0.02666666666666667,0.0,0.0,0
2022,11,849,3,70,17.0,19.0,2,12,-2.0,0.0,0.14754098360655737,0.0,0.02666666666666667,0.0,0.0,0
2022,12,849,3,34,18.0,20.0,2,12,1.0,3.0,0.14754098360655737,0.0,0.02666666666666667,0.0,0.0,0
2022,13,849,3,11,19.0,20.0,2,12,1.0,2.0,0.14754098360655737,0.0,0.02666666666666667,0.0,0.0,0
2022,14,849,3,13,11.0,17.0,2,12,-7.0,-1.0,0.14754098360655737,0.0,0.02666666666666667,0.0,0.0,0
2022,15,849,3,39,20.0,20.0,2,12,2.0,2.0,0.14754098360655737,0.0,0.02666666666666667,0.0,0.0,0
2022,16,849,3,14,10.0,16.0,2,12,-5.0,1.0,0.14754098360655737,0.0,0.02666666666666667,0.0,0.0,0
2022,17,849,3,15,19.0,20.0,2,12,0.0,1.0,0.14754098360655737,0.0,0.02666666666666667,0.0,0.0,0
2022,18,849,3,22,20.0,20.0,2,12,11.0,11.0,0.14754098360655737,0.0,0.02666666666666667,0.4,0.4,0
2022,19,849,3,69,17.0,20.0,2,12,0.0,3.0,0.14754098360655737,0.0,0.02666666666666667,0.4,0.4,0
2022,20,849,3,32,18.0,20.0,2,12,0.0,2.0,0.14754098360655737,0.0,0.02666666666666667,0.4,0.4,0
2022,21,849,3,18,18.0,16.0,2,12,2.0,0.0,0.14754098360655737,0.0,0.02666666666666667,0.4,0.4,0
2022,22,849,3,24,20.0,20.0,2,12,1.0,1.0,0.14754098360655737,0.0,0.02666666666666667,0.4,0.4,0
2022,16,856,3,14,8.0,13.0,0,12,-1.0,4.0,0.18181818181818182,0.0,0.02666666666666667,2.0,0.4,0
2023,1,848,3,3,15.0,15.0,4,13,5.0,5.0,2.260869565217391,0.014492753623188406,0.02666666666666667,0.2,0.6,0
2023,2,848,3,77,17.0,17.0,4,13,-2.0,-2.0,2.260869565217391,0.014492753623188406,0.02666666666666667,0.2,0.6,0
2023,3,848,3,1,8.0,8.0,4,13,-11.0,-11.0,2.260869565217391,0.014492753623188406,0.02666666666666667,0.2,0.6,0
2023,4,848,3,73,12.0,13.0,4,13,0.0,1.0,2.260869565217391,0.014492753623188406,0.02666666666666667,0.2,0.6,0
2023,5,848,3,79,11.0,11.0,4,13,-3.0,-3.0,2.260869565217391,0.014492753623188406,0.02666666666666667,0.2,0.2,0
2023,6,848,3,6,13.0,13.0,4,13,-1.0,-1.0,2.260869565217391,0.014492753623188406,0.02666666666666667,0.0,0.0,0
2023,7,848,3,4,18.0,18.0,4,13,2.0,2.0,2.260869565217391,0.014492753623188406,0.02666666666666667,0.0,0.0,0
2023,8,848,3,7,9.0,10.0,4,13,2.0,3.0,2.260869565217391,0.014492753623188406,0.02666666666666667,1.2,1.2,0
2023,9,848,3,70,10.0,10.0,4,13,-1.0,-1.0,2.260869565217391,0.014492753623188406,0.02666666666666667,1.2,1.2,0
2023,10,848,3,9,8.0,8.0,4,13,0.0,0.0,2.260869565217391,0.014492753623188406,0.02666666666666667,2.0,2.0,0
2023,11,848,3,11,16.0,16.0,4,13,5.0,5.0,2.260869565217391,0.014492753623188406,0.02666666666666667,2.0,2.0,0
2023,12,848,3,13,15.0,16.0,4,13,1.0,2.0,2.260869565217391,0.014492753623188406,0.02666666666666667,2.0,2.0,0
2023,13,848,3,39,4.0,4.0,4,13,-4.0,-4.0,2.260869565217391,0.014492753623188406,0.02666666666666667,1.6,1.6,0
2023,14,848,3,14,6.0,6.0,4,13,-1.0,-1.0,2.260869565217391,0.014492753623188406,0.02666666666666667,2.8,2.8,0
2023,15,848,3,15,14.0,14.0,4,13,3.0,3.0,2.260869565217391,0.014492753623188406,0.02666666666666667,2.0,2.0,0
2023,16,848,3,22,13.0,13.0,4,13,-3.0,-3.0,2.260869565217391,0.014492753623188406,0.02666666666666667,2.0,2.0,0
2023,17,848,3,78,13.0,14.0,4,13,0.0,1.0,2.260869565217391,0.014492753623188406,0.02666666666666667,2.0,2.0,0
2023,18,848,3,69,15.0,18.0,4,13,6.0,9.0,2.260869565217391,0.014492753623188406,0.02666666666666667,1.6,1.6,0
2023,19,848,3,32,14.0,14.0,4,13,5.0,5.0,2.260869565217391,0.014492753623188406,0.02666666666666667,0.8,0.8,0
2023,20,848,3,18,13.0,15.0,4,13,-6.0,-4.0,2.260869565217391,0.014492753623188406,0.02666666666666667,0.8,0.8,0
2023,21,848,3,80,5.0,6.0,4,13,-7.0,-6.0,2.260869565217391,0.014492753623188406,0.02666666666666667,0.8,0.8,0
2023,22,848,3,24,14.0,14.0,4,13,0.0,0.0,2.260869565217391,0.014492753623188406,0.02666666666666667,0.8,0.8,0
2023,1,858,3,3,16.0,16.0,0,13,4.0,4.0,0.027777777777777776,0.0,0.02666666666666667,0.0,0.4,0
2023,2,858,3,77,20.0,20.0,0,13,4.0,4.0,0.027777777777777776,0.0,0.02666666666666667,0.0,0.0,0
2023,3,858,3,1,18.0,18.0,0,13,2.0,2.0,0.027777777777777776,0.0,0.02666666666666667,0.0,0.0,0
2023,4,858,3,73,14.0,15.0,0,13,-2.0,-1.0,0.027777777777777776,0.0,0.02666666666666667,0.0,0.0,0
2023,5,858,3,79,20.0,20.0,0,13,0.0,0.0,0.027777777777777776,0.0,0.02666666666666667,0.0,0.0,0
2023,6,858,3,6,16.0,16.0,0,13,-2.0,-2.0,0.027777777777777776,0.0,0.02666666666666667,0.0,0.0,0
2023,7,858,3,4,20.0,20.0,0,13,0.0,0.0,0.027777777777777776,0.0,0.02666666666666667,0.0,0.0,0
2023,8,858,3,7,18.0,19.0,0,13,-2.0,-1.0,0.027777777777777776,0.0,0.02666666666666667,0.0,0.0,0
2023,9,858,3,70,18.0,18.0,0,13,5.0,5.0,0.027777777777777776,0.0,0.02666666666666667,0.0,0.0,0
2023,10,858,3,9,14.0,14.0,0,13,3.0,3.0,0.027777777777777776,0.0,0.02666666666666667,0.0,0.0,0
2023,11,858,3,11,20.0,20.0,0,13,2.0,2.0,0.027777777777777776,0.0,0.02666666666666667,0.0,0.0,0
2023,12,858,3,13,18.0,18.0,0,13,1.0,1.0,0.027777777777777776,0.0,0.02666666666666667,0.0,0.0,0
2023,13,858,3,39,10.0,10.0,0,13,-10.0,-10.0,0.027777777777777776,0.0,0.02666666666666667,0.0,0.0,0
2023,14,858,3,14,15.0,15.0,0,13,2.0,2.0,0.027777777777777776,0.0,0.02666666666666667,0.0,0.0,0
2023,15,858,3,15,18.0,18.0,0,13,4.0,4.0,0.027777777777777776,0.0,0.02666666666666667,0.0,0.0,0
2023,16,858,3,22,0.0,20.0,0,13,-17.0,3.0,0.027777777777777776,0.0,0.02666666666666667,0.0,0.0,0
2023,17,858,3,78,15.0,16.0,0,13,-3.0,-2.0,0.027777777777777776,0.0,0.02666666666666667,0.0,0.0,0
2023,18,858,3,69,16.0,20.0,0,13,6.0,10.0,0.027777777777777776,0.0,0.02666666666666667,0.2,0.2,0
2023,19,858,3,32,19.0,20.0,0,13,3.0,4.0,0.027777777777777776,0.0,0.02666666666666667,0.2,0.2,0
2023,20,858,3,18,19.0,19.0,0,13,8.0,8.0,0.027777777777777776,0.0,0.02666666666666667,0.2,0.2,0
2023,21,858,3,80,6.0,7.0,0,13,-10.0,-9.0,0.027777777777777776,0.0,0.02666666666666667,0.2,0.2,0
2023,22,858,3,24,20.0,20.0,0,13,4.0,4.0,0.027777777777777776,0.0,0.02666666666666667,0.2,0.2,0
2024,1,848,3,3,13.0,13.0,5,14,-2.0,-2.0,2.260869565217391,0.014492753623188406,0.02666666666666667,0.4,0.0,0
2024,2,848,3,77,12.0,12.0,5,14,1.0,1.0,2.260869565217391,0.014492753623188406,0.02666666666666667,0.0,0.0,0
2024,3,848,3,1,12.0,12.0,5,14,1.0,1.0,2.260869565217391,0.014492753623188406,0.02666666666666667,0.0,0.0,0
2024,4,848,3,22,14.0,14.0,5,14,-6.0,-6.0,2.260869565217391,0.014492753623188406,0.02666666666666667,0.0,0.0,0
2024,5,848,3,17,14.0,14.0,5,14,2.0,2.0,2.260869565217391,0.014492753623188406,0.02666666666666667,0.0,0.0,0
2024,6,848,3,79,14.0,14.0,5,14,-4.0,-4.0,2.260869565217391,0.014492753623188406,0.02666666666666667,0.0,0.0,0
2024,7,848,3,21,14.0,14.0,5,14,-6.0,-6.0,2.260869565217391,0.014492753623188406,0.02666666666666667,0.0,0.0,0
2024,8,848,3,6,9.0,9.0,5,14,0.0,0.0,2.260869565217391,0.014492753623188406,0.02666666666666667,0.4,0.4,0
2024,9,848,3,7,10.0,10.0,5,14,-7.0,-7.0,2.260869565217391,0.014492753623188406,0.02666666666666667,0.4,0.4,0
2024,10,848,3,4,0.0,19.0,5,14,-18.0,1.0,2.260869565217391,0.014492753623188406,0.02666666666666667,0.4,0.4,0
2024,11,848,3,70,16.0,16.0,5,14,1.0,1.0,2.260869565217391,0.014492753623188406,0.02666666666666667,0.4,0.4,0
2024,12,848,3,9,9.0,9.0,5,14,0.0,0.0,2.260869565217391,0.014492753623188406,0.02666666666666667,0.8,0.8,0
2024,13,848,3,11,13.0,13.0,5,14,-1.0,-1.0,2.260869565217391,0.014492753623188406,0.02666666666666667,0.4,0.4,0
2024,14,848,3,13,10.0,11.0,5,14,-2.0,-1.0,2.260869565217391,0.014492753623188406,0.02666666666666667,0.4,0.4,0
2024,15,848,3,39,19.0,19.0,5,14,5.0,5.0,2.260869565217391,0.014492753623188406,0.02666666666666667,0.4,0.4,0
2024,16,848,3,14,9.0,9.0,5,14,0.0,0.0,2.260869565217391,0.014492753623188406,0.02666666666666667,0.8,0.8,0
2024,17,848,3,73,9.0,10.0,5,14,2.0,3.0,2.260869565217391,0.014492753623188406,0.02666666666666667,1.6,1.6,0
2024,18,848,3,15,11.0,11.0,5,14,-9.0,-9.0,2.260869565217391,0.014492753623188406,0.02666666666666667,1.6,1.6,0
2024,19,848,3,69,14.0,16.0,5,14,-2.0,0.0,2.260869565217391,0.014492753623188406,0.02666666666666667,1.6,1.6,0
2024,20,848,3,32,9.0,9.0,5,14,-10.0,-10.0,2.260869565217391,0.014492753623188406,0.02666666666666667,1.6,1.6,0
2024,21,848,3,18,7.0,7.0,5,14,-11.0,-11.0,2.260869565217391,0.014492753623188406,0.02666666666666667,1.2,1.2,0
2024,22,848,3,80,17.0,18.0,5,14,-2.0,-1.0,2.260869565217391,0.014492753623188406,0.02666666666666667,0.0,0.0,0
2024,23,848,3,78,16.0,16.0,5,14,1.0,1.0,2.260869565217391,0.014492753623188406,0.02666666666666667,0.0,0.0,0
2024,24,848,3,24,18.0,16.0,5,14,7.0,5.0,2.260869565217391,0.014492753623188406,0.02666666666666667,0.0,0.0,0
2024,1,858,3,3,18.0,18.0,1,14,-2.0,-2.0,0.027777777777777776,0.0,0.02666666666666667,0.0,0.0,0
2024,2,858,3,77,19.0,19.0,1,14,5.0,5.0,0.027777777777777776,0.0,0.02666666666666667,0.0,0.0,0
2024,4,858,3,22,19.0,19.0,1,14,2.0,2.0,0.027777777777777776,0.0,0.02666666666666667,0.0,0.0,0
2024,5,858,3,17,20.0,20.0,1,14,3.0,3.0,0.027777777777777776,0.0,0.02666666666666667,0.0,0.0,0
2024,6,858,3,79,17.0,17.0,1,14,-3.0,-3.0,0.027777777777777776,0.0,0.02666666666666667,0.0,0.0,0
2024,7,858,3,21,19.0,20.0,1,14,2.0,3.0,0.027777777777777776,0.0,0.02666666666666667,0.0,0.0,0
2024,8,858,3,6,15.0,17.0,1,14,0.0,2.0,0.027777777777777776,0.0,0.02666666666666667,0.0,0.0,0
2024,9,858,3,7,13.0,13.0,1,14,-7.0,-7.0,0.027777777777777776,0.0,0.02666666666666667,0.0,0.0,0
2024,10,858,3,4,19.0,20.0,1,14,-1.0,0.0,0.027777777777777776,0.0,0.02666666666666667,0.0,0.0,0
2024,11,858,3,70,19.0,19.0,1,14,0.0,0.0,0.027777777777777776,0.0,0.02666666666666667,0.0,0.0,0
2024,12,858,3,9,12.0,12.0,1,14,1.0,1.0,0.027777777777777776,0.0,0.02666666666666667,0.0,0.0,0
2024,13,858,3,11,14.0,14.0,1,14,-3.0,-3.0,0.027777777777777776,0.0,0.02666666666666667,0.0,0.0,0
2024,14,858,3,13,18.0,19.0,1,14,1.0,2.0,0.027777777777777776,0.0,0.02666666666666667,0.0,0.0,0
2024,15,858,3,39,18.0,20.0,1,14,2.0,4.0,0.027777777777777776,0.0,0.02666666666666667,0.0,0.0,0
2024,16,861,3,14,18.0,18.0,0,14,6.0,6.0,0.6486486486486487,0.0,0.02666666666666667,0.0,0.0,0
2024,17,861,3,73,8.0,9.0,0,14,0.0,1.0,0.6486486486486487,0.0,0.02666666666666667,2.0,0.8,0
2024,18,861,3,15,12.0,12.0,0,14,1.0,1.0,0.6486486486486487,0.0,0.02666666666666667,1.3333333333333333,0.8,0
2024,19,861,3,69,15.0,17.0,0,14,5.0,7.0,0.6486486486486487,0.0,0.02666666666666667,1.25,1.0,0
2024,20,861,3,32,16.0,16.0,0,14,4.0,4.0,0.6486486486486487,0.0,0.02666666666666667,1.0,1.0,0
2024,21,861,3,18,16.0,18.0,0,14,-1.0,1.0,0.6486486486486487,0.0,0.02666666666666667,1.0,1.0,0
2024,22,861,3,80,0.0,14.0,0,14,-14.0,0.0,0.6486486486486487,0.0,0.02666666666666667,0.2,0.2,0
2024,23,861,3,78,19.0,19.0,0,14,0.0,0.0,0.6486486486486487,0.0,0.02666666666666667,0.2,0.2,0
2024,24,861,3,24,20.0,19.0,0,14,1.0,0.0,0.6486486486486487,0.0,0.02666666666666667,0.0,0.0,0
2025,1,832,3,1,10.0,10.0,10,15,-8.0,-8.0,5.202083333333333,0.11666666666666667,0.02666666666666667,8.2,0.0,0
2025,2,832,3,17,15.0,15.0,10,15,5.0,5.0,5.202083333333333,0.11666666666666667,0.02666666666666667,8.4,0.2,0
2025,3,832,3,22,15.0,12.0,10,15,1.0,-2.0,5.202083333333333,0.11666666666666667,0.02666666666666667,5.4,0.2,0
2025,4,832,3,3,8.0,8.0,10,15,-11.0,-11.0,5.202083333333333,0.11666666666666667,0.02666666666666667,3.8,0.2,0
2025,5,832,3,77,6.0,6.0,10,15,-2.0,-2.0,5.202083333333333,0.11666666666666667,0.02666666666666667,1.0,1.0,0
2025,6,832,3,79,6.0,6.0,10,15,-3.0,-3.0,5.202083333333333,0.11666666666666667,0.02666666666666667,1.4,1.4,0
2025,7,832,3,21,6.0,6.0,10,15,-2.0,-2.0,5.202083333333333,0.11666666666666667,0.02666666666666667,2.0,2.0,0
2025,8,832,3,6,11.0,11.0,10,15,1.0,1.0,5.202083333333333,0.11666666666666667,0.02666666666666667,2.2,2.2,0
2025,9,832,3,4,17.0,18.0,10,15,3.0,4.0,5.202083333333333,0.11666666666666667,0.02666666666666667,2.2,2.2,0
2025,10,832,3,7,16.0,17.0,10,15,6.0,7.0,5.202083333333333,0.11666666666666667,0.02666666666666667,1.6,1.6,0
2025,11,832,3,70,19.0,19.0,10,15,-1.0,-1.0,5.202083333333333,0.11666666666666667,0.02666666666666667,1.2,1.2,0
2025,12,832,3,9,9.0,11.0,10,15,-3.0,-1.0,5.202083333333333,0.11666666666666667,0.02666666666666667,0.4,0.4,0
2025,13,832,3,13,17.0,15.0,10,15,-1.0,-3.0,5.202083333333333,0.11666666666666667,0.02666666666666667,0.2,0.2,0
2025,14,832,3,11,13.0,13.0,10,15,-1.0,-1.0,5.202083333333333,0.11666666666666667,0.02666666666666667,0.2,0.2,0
2025,15,832,3,39,9.0,9.0,10,15,-4.0,-4.0,5.202083333333333,0.11666666666666667,0.02666666666666667,0.0,0.0,0
2025,16,832,3,14,13.0,13.0,10,15,2.0,2.0,5.202083333333333,0.11666666666666667,0.02666666666666667,0.0,0.0,0
2025,17,832,3,73,2.0,2.0,10,15,-1.0,-1.0,5.202083333333333,0.11666666666666667,0.02666666666666667,3.0,3.0,1
2025,18,832,3,15,18.0,13.0,10,15,8.0,3.0,5.202083333333333,0.11666666666666667,0.02666666666666667,3.2,3.2,0
2025,19,832,3,69,9.0,9.0,10,15,-11.0,-11.0,5.202083333333333,0.11666666666666667,0.02666666666666667,3.2,3.2,0
2025,20,832,3,32,12.0,7.0,10,15,-5.0,-10.0,5.202083333333333,0.11666666666666667,0.02666666666666667,3.2,3.2,0
2025,21,832,3,18,15.0,15.0,10,15,2.0,2.0,5.202083333333333,0.11666666666666667,0.02666666666666667,3.2,3.2,0
2025,22,832,3,80,3.0,3.0,10,15,-2.0,-2.0,5.202083333333333,0.11666666666666667,0.02666666666666667,2.2,2.2,0
2025,24,832,3,24,12.0,12.0,10,15,-1.0,-1.0,5.202083333333333,0.11666666666666667,0.02666666666666667,2.0,2.0,0
2025,1,848,3,1,6.0,6.0,6,15,1.0,1.0,2.260869565217391,0.014492753623188406,0.02666666666666667,2.0,4.0,0
2025,2,848,3,17,10.0,10.0,6,15,3.0,3.0,2.260869565217391,0.014492753623188406,0.02666666666666667,3.2,5.2,0
2025,3,848,3,22,9.0,9.0,6,15,0.0,0.0,2.260869565217391,0.014492753623188406,0.02666666666666667,3.6,5.6,0
2025,4,848,3,3,15.0,15.0,6,15,3.0,3.0,2.260869565217391,0.014492753623188406,0.02666666666666667,3.6,3.6,0
2025,5,848,3,77,11.0,11.0,6,15,2.0,2.0,2.260869565217391,0.014492753623188406,0.02666666666666667,4.0,4.0,0
2025,6,848,3,79,7.0,7.0,6,15,2.0,2.0,2.260869565217391,0.014492753623188406,0.02666666666666667,4.0,4.0,0
2025,7,848,3,21,7.0,7.0,6,15,2.0,2.0,2.260869565217391,0.014492753623188406,0.02666666666666667,4.8,4.8,0
2025,8,848,3,6,10.0,10.0,6,15,1.0,1.0,2.260869565217391,0.014492753623188406,0.02666666666666667,4.8,4.8,0
2025,9,848,3,4,11.0,11.0,6,15,-8.0,-8.0,2.260869565217391,0.014492753623188406,0.02666666666666667,4.8,4.8,0
2025,10,848,3,7,9.0,10.0,6,15,-11.0,-10.0,2.260869565217391,0.014492753623188406,0.02666666666666667,4.4,4.4,0
2025,11,848,3,70,12.0,12.0,6,15,-5.0,-5.0,2.260869565217391,0.014492753623188406,0.02666666666666667,2.4,2.4,0
2025,12,848,3,9,13.0,14.0,6,15,5.0,6.0,2.260869565217391,0.014492753623188406,0.02666666666666667,1.2,1.2,0
2025,13,848,3,13,5.0,5.0,6,15,-1.0,-1.0,2.260869565217391,0.014492753623188406,0.02666666666666667,2.4,2.4,0
2025,14,848,3,11,19.0,20.0,6,15,4.0,5.0,2.260869565217391,0.014492753623188406,0.02666666666666667,2.4,2.4,0
2025,15,848,3,39,15.0,15.0,6,15,10.0,10.0,2.260869565217391,0.014492753623188406,0.02666666666666667,4.4,4.4,0
2025,16,848,3,14,14.0,14.0,6,15,7.0,7.0,2.260869565217391,0.014492753623188406,0.02666666666666667,5.6,5.6,0
2025,17,848,3,73,19.0,19.0,6,15,6.0,6.0,2.260869565217391,0.014492753623188406,0.02666666666666667,4.8,4.8,0
2025,18,848,3,15,20.0,12.0,6,15,6.0,-2.0,2.260869565217391,0.014492753623188406,0.02666666666666667,3.2,3.2,0
2025,19,848,3,69,18.0,19.0,6,15,4.0,5.0,2.260869565217391,0.014492753623188406,0.02666666666666667,3.2,3.2,0
2025,20,848,3,32,17.0,17.0,6,15,5.0,5.0,2.260869565217391,0.014492753623188406,0.02666666666666667,1.2,1.2,0
2025,21,848,3,18,12.0,12.0,6,15,1.0,1.0,2.260869565217391,0.014492753623188406,0.02666666666666667,0.0,0.0,0
2025,22,848,3,80,16.0,16.0,6,15,0.0,0.0,2.260869565217391,0.014492753623188406,0.02666666666666667,0.0,0.0,0
2025,24,848,3,24,17.0,17.0,6,15,1.0,1.0,2.260869565217391,0.014492753623188406,0.02666666666666667,0.0,0.0,0
2026,2,832,3,17,17.0,17.0,11,16,8.0,8.0,5.202083333333333,0.11666666666666667,0.02666666666666667,2.4,0.4,0
2026,3,832,3,22,16.0,16.0,11,16,1.0,1.0,5.202083333333333,0.11666666666666667,0.02666666666666667,2.4,0.4,0
2026,4,832,3,79,13.0,13.0,11,16,4.0,4.0,5.202083333333333,0.11666666666666667,0.02666666666666667,2.8,0.8,0
2026,5,832,3,7,15.0,15.0,11,16,6.0,6.0,5.202083333333333,0.11666666666666667,0.02666666666666667,1.2,1.2,0
2026,6,832,3,6,12.0,12.0,11,16,-4.0,-4.0,5.202083333333333,0.11666666666666667,0.02666666666666667,1.2,1.2,0
2026,7,832,3,4,16.0,16.0,11,16,4.0,4.0,5.202083333333333,0.11666666666666667,0.02666666666666667,0.8,0.8,0
2026,8,832,3,70,17.0,17.0,11,16,-3.0,-3.0,5.202083333333333,0.11666666666666667,0.02666666666666667,0.8,0.8,0
2026,9,832,3,9,14.0,15.0,11,16,-3.0,-2.0,5.202083333333333,0.11666666666666667,0.02666666666666667,0.4,0.4,0
2026,10,832,3,13,19.0,15.0,11,16,3.0,-1.0,5.202083333333333,0.11666666666666667,0.02666666666666667,0.0,0.0,0
2026,11,832,3,11,18.0,18.0,11,16,0.0,0.0,5.202083333333333,0.11666666666666667,0.02666666666666667,0.0,0.0,0
2026,1,848,3,1,15.0,15.0,7,16,3.0,3.0,2.260869565217391,0.014492753623188406,0.02666666666666667,0.0,0.0,0
2026,2,848,3,17,22.0,18.0,7,16,0.0,-4.0,2.260869565217391,0.014492753623188406,0.02666666666666667,0.0,0.0,0
2026,3,848,3,22,17.0,17.0,7,16,-3.0,-3.0,2.260869565217391,0.014492753623188406,0.02666666666666667,0.0,0.0,0
2026,4,848,3,79,15.0,15.0,7,16,5.0,5.0,2.260869565217391,0.014492753623188406,0.02666666666666667,0.2,0.2,0
2026,5,848,3,7,18.0,18.0,7,16,-3.0,-3.0,2.260869565217391,0.014492753623188406,0.02666666666666667,0.2,0.2,0
2026,6,848,3,6,11.0,11.0,7,16,3.0,3.0,2.260869565217391,0.014492753623188406,0.02666666666666667,1.0,1.0,0
2026,7,848,3,4,18.0,18.0,7,16,0.0,0.0,2.260869565217391,0.014492753623188406,0.02666666666666667,1.0,1.0,0
2026,8,848,3,70,18.0,18.0,7,16,1.0,1.0,2.260869565217391,0.014492753623188406,0.02666666666666667,1.0,1.0,0
2026,9,848,3,9,16.0,16.0,7,16,-5.0,-5.0,2.260869565217391,0.014492753623188406,0.02666666666666667,0.8,0.8,0
2026,10,848,3,13,15.0,17.0,7,16,0.0,2.0,2.260869565217391,0.014492753623188406,0.02666666666666667,0.8,0.8,0
2026,11,848,3,11,19.0,19.0,7,16,2.0,2.0,2.260869565217391,0.014492753623188406,0.02666666666666667,0.0,0.0,0
2010,1,9,4,3,9.0,9.0,0,0,-2.0,-2.0,3.261904761904762,0.07142857142857142,0.029411764705882353,0.0,0.0,0
2010,2,9,4,1,9.0,9.0,0,0,7.0,7.0,3.261904761904762,0.07142857142857142,0.029411764705882353,9.0,9.0,1
2010,3,9,4,2,6.0,6.0,0,0,2.0,2.0,3.261904761904762,0.07142857142857142,0.029411764705882353,10.0,10.0,0
2010,4,9,4,17,8.0,8.0,0,0,3.0,3.0,3.261904761904762,0.07142857142857142,0.029411764705882353,10.0,10.0,0
2010,5,9,4,4,7.0,7.0,0,0,-1.0,-1.0,3.261904761904762,0.07142857142857142,0.029411764705882353,8.8,8.8,0
2010,6,9,4,6,2.0,2.0,0,0,-1.0,-1.0,3.261904761904762,0.07142857142857142,0.029411764705882353,11.8,11.8,1
2010,7,9,4,5,7.0,7.0,0,0,1.0,1.0,3.261904761904762,0.07142857142857142,0.029411764705882353,9.8,9.8,0
2010,8,9,4,7,8.0,8.0,0,0,1.0,1.0,3.261904761904762,0.07142857142857142,0.029411764705882353,8.6,8.6,0
2010,9,9,4,12,6.0,6.0,0,0,1.0,1.0,3.261904761904762,0.07142857142857142,0.029411764705882353,8.6,8.6,0
2010,10,9,4,9,6.0,6.0,0,0,-17.0,-17.0,3.261904761904762,0.07142857142857142,0.029411764705882353,7.8,7.8,0
2010,11,9,4,10,7.0,7.0,0,0,0.0,0.0,3.261904761904762,0.07142857142857142,0.029411764705882353,6.0,6.0,0
2010,12,9,4,11,8.0,8.0,0,0,-13.0,-13.0,3.261904761904762,0.07142857142857142,0.029411764705882353,4.4,4.4,0
2010,13,9,4,13,3.0,3.0,0,0,0.0,0.0,3.261904761904762,0.07142857142857142,0.029411764705882353,6.2,6.2,1
2010,14,9,4,14,9.0,9.0,0,0,1.0,1.0,3.261904761904762,0.07142857142857142,0.029411764705882353,5.0,5.0,0
2010,15,9,4,15,8.0,8.0,0,0,1.0,1.0,3.261904761904762,0.07142857142857142,0.029411764705882353,6.2,6.2,0
2010,16,9,4,22,3.0,4.0,0,0,-16.0,-15.0,3.261904761904762,0.07142857142857142,0.029411764705882353,5.0,5.0,0
2010,17,9,4,35,8.0,8.0,0,0,3.0,3.0,3.261904761904762,0.07142857142857142,0.029411764705882353,7.0,7.0,0
2010,18,9,4,18,7.0,7.0,0,0,-2.0,-2.0,3.261904761904762,0.07142857142857142,0.029411764705882353,4.4,4.4,0
2010,19,9,4,24,11.0,11.0,0,0,6.0,6.0,3.261904761904762,0.07142857142857142,0.029411764705882353,5.6,5.6,0
2010,1,808,4,3,17.0,17.0,0,0,-4.0,-4.0,1.103448275862069,0.017241379310344827,0.029411764705882353,0.0,4.4,0
2010,2,808,4,1,18.0,18.0,0,0,-1.0,-1.0,1.103448275862069,0.017241379310344827,0.029411764705882353,0.0,4.4,0
2010,3,808,4,2,11.0,11.0,0,0,-8.0,-8.0,1.103448275862069,0.017241379310344827,0.029411764705882353,0.0,2.4,0
2010,4,808,4,17,14.0,14.0,0,0,7.0,7.0,1.103448275862069,0.017241379310344827,0.029411764705882353,1.5,3.2,0
2010,5,808,4,4,19.0,14.0,0,0,8.0,3.0,1.103448275862069,0.017241379310344827,0.029411764705882353,1.2,1.2,0
2010,6,808,4,6,14.0,14.0,0,0,1.0,1.0,1.103448275862069,0.017241379310344827,0.029411764705882353,1.2,1.2,0
2010,7,808,4,5,9.0,9.0,0,0,-6.0,-6.0,1.103448275862069,0.017241379310344827,0.029411764705882353,1.2,1.2,0
2010,8,808,4,7,14.0,14.0,0,0,-3.0,-3.0,1.103448275862069,0.017241379310344827,0.029411764705882353,1.2,1.2,0
2010,9,808,4,12,10.0,10.0,0,0,-4.0,-4.0,1.103448275862069,0.017241379310344827,0.029411764705882353,0.0,0.0,0
2010,10,808,4,9,15.0,16.0,0,0,2.0,3.0,1.103448275862069,0.017241379310344827,0.029411764705882353,0.0,0.0,0
2010,11,808,4,10,13.0,13.0,0,0,3.0,3.0,1.103448275862069,0.017241379310344827,0.029411764705882353,0.2,0.2,0
2010,12,808,4,11,7.0,7.0,0,0,2.0,2.0,1.103448275862069,0.017241379310344827,0.029411764705882353,2.2,2.2,0
2010,13,808,4,13,23.0,24.0,0,0,14.0,15.0,1.103448275862069,0.017241379310344827,0.029411764705882353,2.6,2.6,0
2010,14,808,4,14,20.0,15.0,0,0,7.0,2.0,1.103448275862069,0.017241379310344827,0.029411764705882353,2.6,2.6,0
2010,15,808,4,15,12.0,13.0,0,0,1.0,2.0,1.103448275862069,0.017241379310344827,0.029411764705882353,2.6,2.6,0
2010,16,808,4,22,13.0,13.0,0,0,-9.0,-9.0,1.103448275862069,0.017241379310344827,0.029411764705882353,2.4,2.4,0
2010,17,808,4,35,20.0,15.0,0,0,2.0,-3.0,1.103448275862069,0.017241379310344827,0.029411764705882353,0.4,0.4,0
2010,18,808,4,18,10.0,10.0,0,0,-6.0,-6.0,1.103448275862069,0.017241379310344827,0.029411764705882353,0.0,0.0,0
2010,19,808,4,24,10.0,10.0,0,0,4.0,4.0,1.103448275862069,0.017241379310344827,0.029411764705882353,1.6,1.6,0
2011,1,2,4,1,18.0,18.0,1,1,6.0,6.0,2.4,0.06666666666666667,0.029411764705882353,1.2,1.6,0
2011,2,2,4,2,6.0,6.0,1,1,3.0,3.0,2.4,0.06666666666666667,0.029411764705882353,3.4,4.6,1
2011,3,2,4,17,16.0,16.0,1,1,4.0,4.0,2.4,0.06666666666666667,0.029411764705882353,3.0,4.6,0
2011,4,2,4,5,9.0,9.0,1,1,2.0,2.0,2.4,0.06666666666666667,0.029411764705882353,4.2,5.8,0
2011,6,2,4,6,15.0,16.0,1,1,7.0,8.0,2.4,0.06666666666666667,0.029411764705882353,5.0,5.0,0
2011,7,2,4,7,9.0,9.0,1,1,-11.0,-11.0,2.4,0.06666666666666667,0.029411764705882353,5.0,5.0,0
2011,8,2,4,12,9.0,9.0,1,1,-1.0,-1.0,2.4,0.06666666666666667,0.029411764705882353,2.2,2.2,0
2011,9,2,4,9,16.0,16.0,1,1,8.0,8.0,2.4,0.06666666666666667,0.029411764705882353,3.0,3.0,0
2011,10,2,4,20,11.0,11.0,1,1,-13.0,-13.0,2.4,0.06666666666666667,0.029411764705882353,1.8,1.8,0
2011,11,2,4,11,14.0,14.0,1,1,-9.0,-9.0,2.4,0.06666666666666667,0.029411764705882353,1.0,1.0,0
2011,1,808,4,1,6.0,6.0,1,1,3.0,3.0,1.103448275862069,0.017241379310344827,0.029411764705882353,4.6,4.0,1
2011,2,808,4,2,8.0,8.0,1,1,-9.0,-9.0,1.103448275862069,0.017241379310344827,0.029411764705882353,4.6,3.8,0
2011,3,808,4,17,10.0,10.0,1,1,1.0,1.0,1.103448275862069,0.017241379310344827,0.029411764705882353,5.0,3.4,0
2011,4,808,4,5,7.0,7.0,1,1,-1.0,-1.0,1.103448275862069,0.017241379310344827,0.029411764705882353,5.8,4.2,0
2011,5,808,4,4,6.0,6.0,1,1,-5.0,-5.0,1.103448275862069,0.017241379310344827,0.029411764705882353,4.2,4.2,0
2011,6,808,4,6,10.0,11.0,1,1,-9.0,-8.0,1.103448275862069,0.017241379310344827,0.029411764705882353,1.2,1.2,0
2011,7,808,4,7,10.0,10.0,1,1,5.0,5.0,1.103448275862069,0.017241379310344827,0.029411764705882353,3.2,3.2,0
2011,8,808,4,12,11.0,11.0,1,1,-4.0,-4.0,1.103448275862069,0.017241379310344827,0.029411764705882353,2.8,2.8,0
2011,9,808,4,9,14.0,14.0,1,1,2.0,2.0,1.103448275862069,0.017241379310344827,0.029411764705882353,2.0,2.0,0
2011,10,808,4,20,9.0,9.0,1,1,-1.0,-1.0,1.103448275862069,0.017241379310344827,0.029411764705882353,2.2,2.2,0
2011,11,808,4,11,12.0,12.0,1,1,0.0,0.0,1.103448275862069,0.017241379310344827,0.029411764705882353,2.2,2.2,0
2011,12,808,4,13,10.0,10.0,1,1,1.0,1.0,1.103448275862069,0.017241379310344827,0.029411764705882353,0.6,0.6,0
2011,13,808,4,14,7.0,7.0,1,1,-15.0,-15.0,1.103448275862069,0.017241379310344827,0.029411764705882353,0.6,0.6,0
2011,14,808,4,15,18.0,18.0,1,1,1.0,1.0,1.103448275862069,0.017241379310344827,0.029411764705882353,0.6,0.6,0
2011,15,808,4,22,10.0,9.0,1,1,1.0,0.0,1.103448275862069,0.017241379310344827,0.029411764705882353,0.8,0.8,0
2011,16,808,4,35,8.0,8.0,1,1,-15.0,-15.0,1.103448275862069,0.017241379310344827,0.029411764705882353,0.8,0.8,0
2011,17,808,4,68,16.0,11.0,1,1,5.0,0.0,1.103448275862069,0.017241379310344827,0.029411764705882353,0.4,0.4,0
2011,18,808,4,24,12.0,12.0,1,1,-1.0,-1.0,1.103448275862069,0.017241379310344827,0.029411764705882353,0.4,0.4,0
2011,19,808,4,18,15.0,15.0,1,1,5.0,5.0,1.103448275862069,0.017241379310344827,0.029411764705882353,0.6,0.6,0
2011,12,811,4,13,7.0,7.0,1,1,-6.0,-6.0,0.717391304347826,0.0,0.029411764705882353,0.0,0.2,0
2011,13,811,4,14,10.0,10.0,1,1,1.0,1.0,0.717391304347826,0.0,0.029411764705882353,0.4,0.6,0
2011,14,811,4,15,15.0,15.0,1,1,0.0,0.0,0.717391304347826,0.0,0.029411764705882353,0.4,0.6,0
2011,15,811,4,22,9.0,8.0,1,1,-7.0,-8.0,0.717391304347826,0.0,0.029411764705882353,0.4,0.6,0
2011,16,811,4,35,15.0,15.0,1,1,2.0,2.0,0.717391304347826,0.0,0.029411764705882353,0.4,0.4,0
2011,17,811,4,68,14.0,15.0,1,1,2.0,3.0,0.717391304347826,0.0,0.029411764705882353,0.4,0.4,0
2011,18,811,4,24,14.0,14.0,1,1,-2.0,-2.0,0.717391304347826,0.0,0.029411764705882353,0.0,0.0,0
2011,19,811,4,18,9.0,9.0,1,1,-8.0,-8.0,0.717391304347826,0.0,0.029411764705882353,0.0,0.0,0
2016,1,825,4,1,14.0,15.0,2,6,2.0,3.0,1.0594594594594595,0.005405405405405406,0.029411764705882353,1.2,0.0,0
2016,2,825,4,3,22.0,19.0,2,6,11.0,8.0,1.0594594594594595,0.005405405405405406,0.029411764705882353,0.4,0.0,0
2016,3,825,4,17,17.0,17.0,2,6,0.0,0.0,1.0594594594594595,0.005405405405405406,0.029411764705882353,0.0,0.0,0
2016,4,825,4,71,17.0,17.0,2,6,10.0,10.0,1.0594594594594595,0.005405405405405406,0.029411764705882353,1.2,1.2,0
2016,5,825,4,4,15.0,15.0,2,6,1.0,1.0,1.0594594594594595,0.005405405405405406,0.029411764705882353,1.2,1.2,0
2016,6,825,4,6,16.0,16.0,2,6,-3.0,-3.0,1.0594594594594595,0.005405405405405406,0.029411764705882353,1.2,1.2,0
2016,8,825,4,73,22.0,21.0,2,6,8.0,7.0,1.0594594594594595,0.005405405405405406,0.029411764705882353,1.2,1.2,0
2016,9,825,4,70,17.0,17.0,2,6,3.0,3.0,1.0594594594594595,0.005405405405405406,0.029411764705882353,1.2,1.2,0
2016,10,825,4,9,16.0,16.0,2,6,-1.0,-1.0,1.0594594594594595,0.005405405405405406,0.029411764705882353,0.0,0.0,0
2016,11,825,4,11,19.0,19.0,2,6,4.0,4.0,1.0594594594594595,0.005405405405405406,0.029411764705882353,0.0,0.0,0
2016,12,825,4,10,16.0,17.0,2,6,0.0,1.0,1.0594594594594595,0.005405405405405406,0.029411764705882353,0.0,0.0,0
2016,13,825,4,13,12.0,12.0,2,6,-6.0,-6.0,1.0594594594594595,0.005405405405405406,0.029411764705882353,0.0,0.0,0
2016,14,825,4,14,21.0,21.0,2,6,4.0,4.0,1.0594594594594595,0.005405405405405406,0.029411764705882353,0.0,0.0,0
2016,15,825,4,15,15.0,17.0,2,6,5.0,7.0,1.0594594594594595,0.005405405405405406,0.029411764705882353,0.2,0.2,0
2016,16,825,4,2,14.0,14.0,2,6,-6.0,-6.0,1.0594594594594595,0.005405405405405406,0.029411764705882353,0.2,0.2,0
2016,17,825,4,22,17.0,18.0,2,6,3.0,4.0,1.0594594594594595,0.005405405405405406,0.029411764705882353,0.2,0.2,0
2016,18,825,4,69,18.0,18.0,2,6,6.0,6.0,1.0594594594594595,0.005405405405405406,0.029411764705882353,0.2,0.2,0
2016,19,825,4,32,14.0,14.0,2,6,-3.0,-3.0,1.0594594594594595,0.005405405405405406,0.029411764705882353,0.2,0.2,0
2016,20,825,4,18,18.0,18.0,2,6,4.0,4.0,1.0594594594594595,0.005405405405405406,0.029411764705882353,0.0,0.0,0
2016,21,825,4,24,18.0,18.0,2,6,-4.0,-4.0,1.0594594594594595,0.005405405405405406,0.029411764705882353,0.0,0.0,0
2016,1,835,4,1,13.0,14.0,0,6,2.0,3.0,0.2571428571428571,0.0,0.029411764705882353,0.0,0.0,0
2016,2,835,4,3,19.0,20.0,0,6,-3.0,-2.0,0.2571428571428571,0.0,0.029411764705882353,0.0,0.0,0
2016,3,835,4,17,19.0,19.0,0,6,-3.0,-3.0,0.2571428571428571,0.0,0.029411764705882353,0.0,0.0,0
2016,4,835,4,71,18.0,18.0,0,6,5.0,5.0,0.2571428571428571,0.0,0.029411764705882353,0.0,0.0,0
2016,5,835,4,4,17.0,17.0,0,6,4.0,4.0,0.2571428571428571,0.0,0.029411764705882353,0.0,0.0,0
2016,6,835,4,6,18.0,18.0,0,6,-4.0,-4.0,0.2571428571428571,0.0,0.029411764705882353,0.0,0.0,0
2016,7,835,4,7,16.0,17.0,0,6,-5.0,-4.0,0.2571428571428571,0.0,0.029411764705882353,0.0,0.0,0
2016,8,835,4,73,21.0,22.0,0,6,6.0,7.0,0.2571428571428571,0.0,0.029411764705882353,0.0,0.0,0
2016,9,835,4,70,19.0,18.0,0,6,7.0,6.0,0.2571428571428571,0.0,0.029411764705882353,0.0,0.0,0
2016,10,835,4,9,18.0,18.0,0,6,0.0,0.0,0.2571428571428571,0.0,0.029411764705882353,0.0,0.0,0
2016,11,835,4,11,17.0,17.0,0,6,5.0,5.0,0.2571428571428571,0.0,0.029411764705882353,0.0,0.0,0
2016,12,835,4,10,14.0,16.0,0,6,-5.0,-3.0,0.2571428571428571,0.0,0.029411764705882353,0.0,0.0,0
2016,13,835,4,13,13.0,14.0,0,6,-2.0,-1.0,0.2571428571428571,0.0,0.029411764705882353,0.0,0.0,0
2016,14,835,4,14,20.0,20.0,0,6,-1.0,-1.0,0.2571428571428571,0.0,0.029411764705882353,0.0,0.0,0
2016,15,835,4,15,18.0,19.0,0,6,3.0,4.0,0.2571428571428571,0.0,0.029411764705882353,0.0,0.0,0
2016,16,835,4,2,19.0,19.0,0,6,9.0,9.0,0.2571428571428571,0.0,0.029411764705882353,0.2,0.2,0
2016,17,835,4,22,16.0,16.0,0,6,4.0,4.0,0.2571428571428571,0.0,0.029411764705882353,0.2,0.2,0
2016,18,835,4,69,15.0,15.0,0,6,2.0,2.0,0.2571428571428571,0.0,0.029411764705882353,0.2,0.2,0
2016,20,835,4,18,16.0,16.0,0,6,-3.0,-3.0,0.2571428571428571,0.0,0.029411764705882353,0.2,0.2,0
2016,21,835,4,24,15.0,15.0,0,6,-2.0,-2.0,0.2571428571428571,0.0,0.029411764705882353,0.2,0.2,0
2017,1,807,4,1,11.0,12.0,7,7,0.0,1.0,2.3422053231939164,0.0038022813688212928,0.029411764705882353,3.6,0.0,0
2017,2,807,4,17,7.0,7.0,7,7,-5.0,-5.0,2.3422053231939164,0.0038022813688212928,0.029411764705882353,3.6,0.0,0
2017,3,807,4,3,7.0,7.0,7,7,-2.0,-2.0,2.3422053231939164,0.0038022813688212928,0.029411764705882353,2.8,0.4,0
2017,4,807,4,71,8.0,8.0,7,7,0.0,0.0,2.3422053231939164,0.0038022813688212928,0.029411764705882353,2.4,1.2,0
2017,5,807,4,4,13.0,13.0,7,7,7.0,7.0,2.3422053231939164,0.0038022813688212928,0.029411764705882353,2.8,2.8,0
2017,6,807,4,6,10.0,12.0,7,7,-10.0,-8.0,2.3422053231939164,0.0038022813688212928,0.029411764705882353,2.8,2.8,0
2017,7,807,4,7,10.0,10.0,7,7,2.0,2.0,2.3422053231939164,0.0038022813688212928,0.029411764705882353,3.6,3.6,0
2017,8,807,4,73,13.0,14.0,7,7,-4.0,-3.0,2.3422053231939164,0.0038022813688212928,0.029411764705882353,3.2,3.2,0
2017,9,807,4,70,11.0,11.0,7,7,-2.0,-2.0,2.3422053231939164,0.0038022813688212928,0.029411764705882353,2.4,2.4,0
2017,10,807,4,9,5.0,6.0,7,7,-1.0,0.0,2.3422053231939164,0.0038022813688212928,0.029411764705882353,2.4,2.4,0
2017,11,807,4,11,12.0,7.0,7,7,-5.0,-10.0,2.3422053231939164,0.0038022813688212928,0.029411764705882353,2.4,2.4,0
2017,12,807,4,13,7.0,7.0,7,7,1.0,1.0,2.3422053231939164,0.0038022813688212928,0.029411764705882353,3.2,3.2,0
2017,13,807,4,14,14.0,12.0,7,7,1.0,-1.0,2.3422053231939164,0.0038022813688212928,0.029411764705882353,3.2,3.2,0
2017,14,807,4,15,7.0,7.0,7,7,-7.0,-7.0,2.3422053231939164,0.0038022813688212928,0.029411764705882353,3.2,3.2,0
2017,15,807,4,2,8.0,8.0,7,7,-8.0,-8.0,2.3422053231939164,0.0038022813688212928,0.029411764705882353,1.6,1.6,0
2017,16,807,4,22,11.0,12.0,7,7,-6.0,-5.0,2.3422053231939164,0.0038022813688212928,0.029411764705882353,1.6,1.6,0
2017,17,807,4,69,18.0,15.0,7,7,-2.0,-5.0,2.3422053231939164,0.0038022813688212928,0.029411764705882353,0.0,0.0,0
2017,18,807,4,32,7.0,8.0,7,7,-12.0,-11.0,2.3422053231939164,0.0038022813688212928,0.029411764705882353,0.0,0.0,0
2017,19,807,4,18,7.0,8.0,7,7,-3.0,-2.0,2.3422053231939164,0.0038022813688212928,0.029411764705882353,0.2,0.2,0
2017,20,807,4,24,7.0,7.0,7,7,1.0,1.0,2.3422053231939164,0.0038022813688212928,0.029411764705882353,1.8,1.8,0
2017,17,832,4,69,7.0,8.0,2,7,0.0,1.0,5.202083333333333,0.11666666666666667,0.029411764705882353,3.6,3.0,0
2017,18,832,4,32,8.0,9.0,2,7,-8.0,-7.0,5.202083333333333,0.11666666666666667,0.029411764705882353,3.6,3.0,0
2017,19,832,4,18,8.0,9.0,2,7,-3.0,-2.0,5.202083333333333,0.11666666666666667,0.029411764705882353,1.2,3.0,0
2017,20,832,4,24,12.0,12.0,2,7,-7.0,-7.0,5.202083333333333,0.11666666666666667,0.029411764705882353,1.2,2.8,0
2017,1,835,4,1,19.0,20.0,1,7,0.0,1.0,0.2571428571428571,0.0,0.029411764705882353,0.0,1.2,0
2017,2,835,4,17,20.0,18.0,1,7,7.0,5.0,0.2571428571428571,0.0,0.029411764705882353,0.0,0.0,0
2017,3,835,4,3,10.0,10.0,1,7,-3.0,-3.0,0.2571428571428571,0.0,0.029411764705882353,0.0,0.0,0
2017,4,835,4,71,16.0,16.0,1,7,-2.0,-2.0,0.2571428571428571,0.0,0.029411764705882353,0.0,0.0,0
2017,5,835,4,4,17.0,17.0,1,7,2.0,2.0,0.2571428571428571,0.0,0.029411764705882353,0.0,0.0,0
2017,6,835,4,6,16.0,17.0,1,7,5.0,6.0,0.2571428571428571,0.0,0.029411764705882353,0.0,0.0,0
2017,7,835,4,7,15.0,15.0,1,7,4.0,4.0,0.2571428571428571,0.0,0.029411764705882353,0.0,0.0,0
2017,9,835,4,70,16.0,16.0,1,7,5.0,5.0,0.2571428571428571,0.0,0.029411764705882353,0.0,0.0,0
2017,10,835,4,9,11.0,11.0,1,7,-9.0,-9.0,0.2571428571428571,0.0,0.029411764705882353,0.0,0.0,0
2017,11,835,4,11,10.0,11.0,1,7,-2.0,-1.0,0.2571428571428571,0.0,0.029411764705882353,0.0,0.0,0
2017,12,835,4,13,14.0,10.0,1,7,1.0,-3.0,0.2571428571428571,0.0,0.029411764705882353,0.0,0.0,0
2017,13,835,4,14,17.0,17.0,1,7,-3.0,-3.0,0.2571428571428571,0.0,0.029411764705882353,0.0,0.0,0
2017,14,835,4,15,11.0,11.0,1,7,5.0,5.0,0.2571428571428571,0.0,0.029411764705882353,1.6,1.6,0
2017,15,835,4,2,12.0,12.0,1,7,-3.0,-3.0,0.2571428571428571,0.0,0.029411764705882353,1.6,1.6,0
2017,16,835,4,22,18.0,14.0,1,7,6.0,2.0,0.2571428571428571,0.0,0.029411764705882353,1.6,1.6,0
2018,1,807,4,1,7.0,8.0,8,8,0.0,1.0,2.3422053231939164,0.0038022813688212928,0.029411764705882353,3.0,2.8,0
2018,2,807,4,3,7.0,8.0,8,8,1.0,2.0,2.3422053231939164,0.0038022813688212928,0.029411764705882353,4.6,4.4,0
2018,3,807,4,17,7.0,7.0,8,8,1.0,1.0,2.3422053231939164,0.0038022813688212928,0.029411764705882353,6.2,4.4,0
2018,4,807,4,73,14.0,9.0,8,8,-4.0,-9.0,2.3422053231939164,0.0038022813688212928,0.029411764705882353,6.0,4.4,0
2018,5,807,4,4,16.0,16.0,8,8,-4.0,-4.0,2.3422053231939164,0.0038022813688212928,0.029411764705882353,4.4,4.4,0
2018,6,807,4,6,11.0,11.0,8,8,3.0,3.0,2.3422053231939164,0.0038022813688212928,0.029411764705882353,4.0,4.0,0
2018,7,807,4,7,7.0,7.0,8,8,0.0,0.0,2.3422053231939164,0.0038022813688212928,0.029411764705882353,3.6,3.6,0
2018,8,807,4,34,12.0,12.0,8,8,3.0,3.0,2.3422053231939164,0.0038022813688212928,0.029411764705882353,2.4,2.4,0
2018,9,807,4,70,10.0,10.0,8,8,-10.0,-10.0,2.3422053231939164,0.0038022813688212928,0.029411764705882353,2.4,2.4,0
2018,10,807,4,9,11.0,11.0,8,8,5.0,5.0,2.3422053231939164,0.0038022813688212928,0.029411764705882353,4.0,4.0,0
2018,11,807,4,10,7.0,7.0,8,8,2.0,2.0,2.3422053231939164,0.0038022813688212928,0.029411764705882353,5.2,5.2,0
2018,12,807,4,11,13.0,13.0,8,8,1.0,1.0,2.3422053231939164,0.0038022813688212928,0.029411764705882353,4.0,4.0,0
2018,13,807,4,13,20.0,15.0,8,8,0.0,-5.0,2.3422053231939164,0.0038022813688212928,0.029411764705882353,3.6,3.6,0
2018,14,807,4,14,20.0,14.0,8,8,7.0,1.0,2.3422053231939164,0.0038022813688212928,0.029411764705882353,3.6,3.6,0
2018,15,807,4,15,10.0,10.0,8,8,0.0,0.0,2.3422053231939164,0.0038022813688212928,0.029411764705882353,2.2,2.2,0
2018,16,807,4,71,12.0,15.0,8,8,0.0,3.0,2.3422053231939164,0.0038022813688212928,0.029411764705882353,0.2,0.2,0
2018,17,807,4,22,16.0,16.0,8,8,-3.0,-3.0,2.3422053231939164,0.0038022813688212928,0.029411764705882353,0.2,0.2,0
2018,18,807,4,69,7.0,7.0,8,8,1.0,1.0,2.3422053231939164,0.0038022813688212928,0.029411764705882353,1.8,1.8,0
2018,19,807,4,32,7.0,7.0,8,8,1.0,1.0,2.3422053231939164,0.0038022813688212928,0.029411764705882353,3.4,3.4,0
2018,20,807,4,18,13.0,14.0,8,8,-6.0,-5.0,2.3422053231939164,0.0038022813688212928,0.029411764705882353,3.2,3.2,0
2018,21,807,4,24,10.0,10.0,8,8,-10.0,-10.0,2.3422053231939164,0.0038022813688212928,0.029411764705882353,3.2,3.2,0
2018,1,832,4,1,9.0,9.0,3,8,-1.0,-1.0,5.202083333333333,0.11666666666666667,0.029411764705882353,1.4,3.4,0
2018,2,832,4,3,10.0,10.0,3,8,-1.0,-1.0,5.202083333333333,0.11666666666666667,0.029411764705882353,0.2,1.8,0
2018,3,832,4,17,9.0,9.0,3,8,0.0,0.0,5.202083333333333,0.11666666666666667,0.029411764705882353,0.6,0.6,0
2018,4,832,4,73,9.0,10.0,3,8,4.0,5.0,5.202083333333333,0.11666666666666667,0.029411764705882353,2.6,2.6,0
2018,5,832,4,4,9.0,9.0,3,8,2.0,2.0,5.202083333333333,0.11666666666666667,0.029411764705882353,3.8,3.8,0
2018,6,832,4,6,8.0,8.0,3,8,-2.0,-2.0,5.202083333333333,0.11666666666666667,0.029411764705882353,3.8,3.8,0
2018,7,832,4,7,9.0,9.0,3,8,1.0,1.0,5.202083333333333,0.11666666666666667,0.029411764705882353,4.6,4.6,0
2018,8,832,4,34,7.0,7.0,3,8,-1.0,-1.0,5.202083333333333,0.11666666666666667,0.029411764705882353,5.0,5.0,0
2018,9,832,4,70,9.0,9.0,3,8,-3.0,-3.0,5.202083333333333,0.11666666666666667,0.029411764705882353,3.0,3.0,0
2018,10,832,4,9,16.0,16.0,3,8,-1.0,-1.0,5.202083333333333,0.11666666666666667,0.029411764705882353,1.8,1.8,0
2018,11,832,4,10,8.0,8.0,3,8,-4.0,-4.0,5.202083333333333,0.11666666666666667,0.029411764705882353,1.6,1.6,0
2018,12,832,4,11,5.0,5.0,3,8,-4.0,-4.0,5.202083333333333,0.11666666666666667,0.029411764705882353,1.2,1.2,0
2018,13,832,4,13,14.0,16.0,3,8,3.0,5.0,5.202083333333333,0.11666666666666667,0.029411764705882353,0.4,0.4,0
2018,14,832,4,14,7.0,7.0,3,8,-1.0,-1.0,5.202083333333333,0.11666666666666667,0.029411764705882353,1.2,1.2,0
2018,15,832,4,15,12.0,12.0,3,8,4.0,4.0,5.202083333333333,0.11666666666666667,0.029411764705882353,2.0,2.0,0
2018,16,832,4,71,11.0,14.0,3,8,-6.0,-3.0,5.202083333333333,0.11666666666666667,0.029411764705882353,2.0,2.0,0
2018,17,832,4,22,13.0,13.0,3,8,3.0,3.0,5.202083333333333,0.11666666666666667,0.029411764705882353,1.8,1.8,0
2018,18,832,4,69,11.0,11.0,3,8,4.0,4.0,5.202083333333333,0.11666666666666667,0.029411764705882353,3.0,3.0,0
2018,19,832,4,32,8.0,8.0,3,8,-11.0,-11.0,5.202083333333333,0.11666666666666667,0.029411764705882353,2.2,2.2,0
2018,20,832,4,18,15.0,16.0,3,8,3.0,4.0,5.202083333333333,0.11666666666666667,0.029411764705882353,1.4,1.4,0
2018,21,832,4,24,11.0,11.0,3,8,5.0,5.0,5.202083333333333,0.11666666666666667,0.029411764705882353,3.0,3.0,0
2019,1,807,4,1,11.0,11.0,9,9,4.0,4.0,2.3422053231939164,0.0038022813688212928,0.029411764705882353,4.4,4.0,0
2019,2,807,4,3,17.0,17.0,9,9,0.0,0.0,2.3422053231939164,0.0038022813688212928,0.029411764705882353,2.8,2.8,0
2019,3,807,4,17,8.0,8.0,9,9,-12.0,-12.0,2.3422053231939164,0.0038022813688212928,0.029411764705882353,1.2,2.8,0
2019,4,807,4,73,15.0,16.0,9,9,1.0,2.0,2.3422053231939164,0.0038022813688212928,0.029411764705882353,1.2,2.8,0
2019,5,807,4,4,0.0,16.0,9,9,-13.0,3.0,2.3422053231939164,0.0038022813688212928,0.029411764705882353,1.2,1.2,0
2019,6,807,4,6,11.0,11.0,9,9,-2.0,-2.0,2.3422053231939164,0.0038022813688212928,0.029411764705882353,0.0,0.0,0
2019,7,807,4,7,7.0,7.0,9,9,0.0,0.0,2.3422053231939164,0.0038022813688212928,0.029411764705882353,1.2,1.2,0
2019,8,807,4,34,13.0,13.0,9,9,5.0,5.0,2.3422053231939164,0.0038022813688212928,0.029411764705882353,2.0,2.0,0
2019,9,807,4,70,15.0,12.0,9,9,2.0,-1.0,2.3422053231939164,0.0038022813688212928,0.029411764705882353,2.0,2.0,0
2019,10,807,4,9,10.0,10.0,9,9,0.0,0.0,2.3422053231939164,0.0038022813688212928,0.029411764705882353,2.2,2.2,0
2019,11,807,4,10,9.0,9.0,9,9,-7.0,-7.0,2.3422053231939164,0.0038022813688212928,0.029411764705882353,2.2,2.2,0
2019,12,807,4,11,11.0,11.0,9,9,-1.0,-1.0,2.3422053231939164,0.0038022813688212928,0.029411764705882353,1.0,1.0,0
2019,13,807,4,13,12.0,7.0,9,9,4.0,-1.0,2.3422053231939164,0.0038022813688212928,0.029411764705882353,1.0,1.0,0
2019,14,807,4,14,6.0,6.0,9,9,1.0,1.0,2.3422053231939164,0.0038022813688212928,0.029411764705882353,3.0,3.0,0
2019,15,807,4,15,8.0,8.0,9,9,-1.0,-1.0,2.3422053231939164,0.0038022813688212928,0.029411764705882353,3.2,3.2,0
2019,16,807,4,71,6.0,7.0,9,9,-4.0,-3.0,2.3422053231939164,0.0038022813688212928,0.029411764705882353,3.4,3.4,0
2019,17,807,4,22,15.0,15.0,9,9,-5.0,-5.0,2.3422053231939164,0.0038022813688212928,0.029411764705882353,3.4,3.4,0
2019,18,807,4,32,12.0,12.0,9,9,2.0,2.0,2.3422053231939164,0.0038022813688212928,0.029411764705882353,2.8,2.8,0
2019,19,807,4,69,11.0,11.0,9,9,2.0,2.0,2.3422053231939164,0.0038022813688212928,0.029411764705882353,1.2,1.2,0
2019,20,807,4,18,13.0,14.0,9,9,-2.0,-1.0,2.3422053231939164,0.0038022813688212928,0.029411764705882353,0.8,0.8,0
2019,21,807,4,24,9.0,10.0,9,9,-3.0,-2.0,2.3422053231939164,0.0038022813688212928,0.029411764705882353,0.6,0.6,0
2019,1,817,4,1,12.0,12.0,8,9,-7.0,-7.0,5.0625,0.125,0.029411764705882353,4.8,0.6,0
2019,2,817,4,3,10.0,11.0,8,9,-8.0,-7.0,5.0625,0.125,0.029411764705882353,4.8,0.4,0
2019,3,817,4,17,7.0,7.0,8,9,0.0,0.0,5.0625,0.125,0.029411764705882353,6.0,1.2,0
2019,4,817,4,73,10.0,11.0,8,9,-10.0,-9.0,5.0625,0.125,0.029411764705882353,3.6,1.2,0
2019,5,817,4,4,13.0,10.0,8,9,1.0,-2.0,5.0625,0.125,0.029411764705882353,1.2,1.2,0
2019,6,817,4,6,6.0,7.0,8,9,-3.0,-2.0,5.0625,0.125,0.029411764705882353,1.6,1.6,0
2019,7,817,4,7,4.0,4.0,8,9,-2.0,-2.0,5.0625,0.125,0.029411764705882353,3.2,3.2,0
2019,8,817,4,34,8.0,8.0,8,9,-3.0,-3.0,5.0625,0.125,0.029411764705882353,2.0,2.0,0
2019,9,817,4,70,12.0,14.0,8,9,0.0,2.0,5.0625,0.125,0.029411764705882353,2.0,2.0,0
2019,10,817,4,9,7.0,7.0,8,9,0.0,0.0,5.0625,0.125,0.029411764705882353,3.2,3.2,0
2019,11,817,4,10,13.0,13.0,8,9,-6.0,-6.0,5.0625,0.125,0.029411764705882353,2.8,2.8,0
2019,12,817,4,11,20.0,18.0,8,9,6.0,4.0,5.0625,0.125,0.029411764705882353,1.2,1.2,0
2019,13,817,4,13,10.0,6.0,8,9,-4.0,-8.0,5.0625,0.125,0.029411764705882353,1.2,1.2,0
2019,14,817,4,14,5.0,5.0,8,9,1.0,1.0,5.0625,0.125,0.029411764705882353,3.6,3.6,0
2019,15,817,4,15,20.0,20.0,8,9,6.0,6.0,5.0625,0.125,0.029411764705882353,2.4,2.4,0
2019,16,817,4,71,10.0,10.0,8,9,-9.0,-9.0,5.0625,0.125,0.029411764705882353,2.4,2.4,0
2019,17,817,4,22,16.0,16.0,8,9,-3.0,-3.0,5.0625,0.125,0.029411764705882353,2.4,2.4,0
2019,18,817,4,32,13.0,13.0,8,9,5.0,5.0,5.0625,0.125,0.029411764705882353,3.2,3.2,0
2019,19,817,4,69,9.0,9.0,8,9,3.0,3.0,5.0625,0.125,0.029411764705882353,2.4,2.4,0
2019,20,817,4,18,11.0,12.0,8,9,5.0,6.0,5.0625,0.125,0.029411764705882353,4.0,4.0,0
2019,21,817,4,24,7.0,8.0,8,9,-4.0,-3.0,5.0625,0.125,0.029411764705882353,4.0,4.0,0
2020,1,817,4,70,10.0,10.0,9,10,-9.0,-9.0,5.0625,0.125,0.029411764705882353,4.0,4.0,0
2020,2,817,4,70,8.0,9.0,9,10,0.0,1.0,5.0625,0.125,0.029411764705882353,4.0,4.0,0
2020,3,817,4,11,11.0,11.0,9,10,3.0,3.0,5.0625,0.125,0.029411764705882353,3.2,3.2,0
2020,4,817,4,9,8.0,8.0,9,10,4.0,4.0,5.0625,0.125,0.029411764705882353,4.0,4.0,0
2020,5,817,4,9,5.0,5.0,9,10,-9.0,-9.0,5.0625,0.125,0.029411764705882353,4.0,4.0,0
2020,6,817,4,4,13.0,13.0,9,10,2.0,2.0,5.0625,0.125,0.029411764705882353,4.0,4.0,0
2020,7,817,4,13,4.0,4.0,9,10,0.0,0.0,5.0625,0.125,0.029411764705882353,5.8,5.8,0
2020,8,817,4,14,7.0,7.0,9,10,1.0,1.0,5.0625,0.125,0.029411764705882353,6.6,6.6,0
2020,9,817,4,76,8.0,8.0,9,10,4.0,4.0,5.0625,0.125,0.029411764705882353,6.6,6.6,0
2020,10,817,4,71,5.0,5.0,9,10,0.0,0.0,5.0625,0.125,0.029411764705882353,8.6,8.6,0
2020,11,817,4,20,6.0,6.0,9,10,3.0,3.0,5.0625,0.125,0.029411764705882353,11.6,11.6,1
2020,12,817,4,75,10.0,10.0,9,10,1.0,1.0,5.0625,0.125,0.029411764705882353,9.4,9.4,0
2020,13,817,4,21,5.0,5.0,9,10,2.0,2.0,5.0625,0.125,0.029411764705882353,10.8,10.8,1
2020,14,817,4,5,5.0,5.0,9,10,-5.0,-5.0,5.0625,0.125,0.029411764705882353,8.6,8.6,0
2020,15,817,4,3,6.0,6.0,9,10,-1.0,-1.0,5.0625,0.125,0.029411764705882353,7.8,7.8,0
2020,16,817,4,3,7.0,7.0,9,10,2.0,2.0,5.0625,0.125,0.029411764705882353,6.8,6.8,0
2020,17,817,4,24,11.0,12.0,9,10,4.0,5.0,5.0625,0.125,0.029411764705882353,7.8,7.8,0
2020,1,839,4,70,14.0,14.0,4,10,6.0,6.0,2.5238095238095237,0.021164021164021163,0.029411764705882353,0.8,5.6,0
2020,2,839,4,70,5.0,5.0,4,10,-13.0,-13.0,2.5238095238095237,0.021164021164021163,0.029411764705882353,0.8,5.4,0
2020,3,839,4,11,14.0,14.0,4,10,0.0,0.0,2.5238095238095237,0.021164021164021163,0.029411764705882353,0.8,4.2,0
2020,4,839,4,9,9.0,9.0,4,10,3.0,3.0,2.5238095238095237,0.021164021164021163,0.029411764705882353,2.4,3.8,0
2020,5,839,4,9,14.0,11.0,4,10,6.0,3.0,2.5238095238095237,0.021164021164021163,0.029411764705882353,3.2,3.2,0
2020,6,839,4,4,15.0,15.0,4,10,2.0,2.0,2.5238095238095237,0.021164021164021163,0.029411764705882353,2.4,2.4,0
2020,7,839,4,13,6.0,6.0,4,10,1.0,1.0,2.5238095238095237,0.021164021164021163,0.029411764705882353,4.4,4.4,0
2020,8,839,4,14,12.0,12.0,4,10,4.0,4.0,2.5238095238095237,0.021164021164021163,0.029411764705882353,5.2,5.2,0
2020,9,839,4,76,10.0,10.0,4,10,-4.0,-4.0,2.5238095238095237,0.021164021164021163,0.029411764705882353,3.6,3.6,0
2020,10,839,4,71,7.0,7.0,4,10,0.0,0.0,2.5238095238095237,0.021164021164021163,0.029411764705882353,4.0,4.0,0
2020,11,839,4,20,7.0,7.0,4,10,-11.0,-11.0,2.5238095238095237,0.021164021164021163,0.029411764705882353,4.0,4.0,0
2020,12,839,4,75,11.0,11.0,4,10,3.0,3.0,2.5238095238095237,0.021164021164021163,0.029411764705882353,2.8,2.8,0
2020,13,839,4,21,12.0,12.0,4,10,-7.0,-7.0,2.5238095238095237,0.021164021164021163,0.029411764705882353,2.0,2.0,0
2020,14,839,4,5,7.0,7.0,4,10,-4.0,-4.0,2.5238095238095237,0.021164021164021163,0.029411764705882353,2.0,2.0,0
2020,15,839,4,3,7.0,7.0,4,10,-2.0,-2.0,2.5238095238095237,0.021164021164021163,0.029411764705882353,1.2,1.2,0
2020,16,839,4,3,11.0,11.0,4,10,9.0,9.0,2.5238095238095237,0.021164021164021163,0.029411764705882353,4.8,4.8,1
2020,17,839,4,24,10.0,11.0,4,10,1.0,2.0,2.5238095238095237,0.021164021164021163,0.029411764705882353,4.4,4.4,0
2010,1,67,5,3,15.0,15.0,0,0,-1.0,-1.0,0.6052631578947368,0.0,0.005089058524173028,0.0,0.0,0
2010,2,67,5,1,12.0,12.0,0,0,-9.0,-9.0,0.6052631578947368,0.0,0.005089058524173028,0.0,0.0,0
2010,3,67,5,2,13.0,13.0,0,0,2.0,2.0,0.6052631578947368,0.0,0.005089058524173028,0.0,0.0,0
2010,4,67,5,17,13.0,13.0,0,0,-8.0,-8.0,0.6052631578947368,0.0,0.005089058524173028,0.0,0.0,0
2010,5,67,5,4,14.0,15.0,0,0,-6.0,-5.0,0.6052631578947368,0.0,0.005089058524173028,0.0,0.0,0
2010,6,67,5,6,13.0,13.0,0,0,3.0,3.0,0.6052631578947368,0.0,0.005089058524173028,0.2,0.2,0
2010,7,67,5,5,14.0,14.0,0,0,-2.0,-2.0,0.6052631578947368,0.0,0.005089058524173028,0.2,0.2,0
2010,8,67,5,7,15.0,15.0,0,0,7.0,7.0,0.6052631578947368,0.0,0.005089058524173028,1.0,1.0,0
2010,9,67,5,12,11.0,11.0,0,0,2.0,2.0,0.6052631578947368,0.0,0.005089058524173028,1.4,1.4,0
2010,10,67,5,9,16.0,17.0,0,0,4.0,5.0,0.6052631578947368,0.0,0.005089058524173028,1.4,1.4,0
2010,11,67,5,10,16.0,17.0,0,0,-8.0,-7.0,0.6052631578947368,0.0,0.005089058524173028,1.2,1.2,0
2010,12,67,5,11,15.0,15.0,0,0,3.0,3.0,0.6052631578947368,0.0,0.005089058524173028,1.2,1.2,0
2010,13,67,5,13,16.0,15.0,0,0,4.0,3.0,0.6052631578947368,0.0,0.005089058524173028,0.4,0.4,0
2010,14,67,5,14,14.0,14.0,0,0,3.0,3.0,0.6052631578947368,0.0,0.005089058524173028,0.0,0.0,0
2010,15,67,5,15,13.0,14.0,0,0,-1.0,0.0,0.6052631578947368,0.0,0.005089058524173028,0.0,0.0,0
2010,16,67,5,22,18.0,18.0,0,0,8.0,8.0,0.6052631578947368,0.0,0.005089058524173028,0.2,0.2,0
2010,17,67,5,35,16.0,17.0,0,0,-4.0,-3.0,0.6052631578947368,0.0,0.005089058524173028,0.2,0.2,0
2010,18,67,5,18,19.0,15.0,0,0,6.0,2.0,0.6052631578947368,0.0,0.005089058524173028,0.2,0.2,0
2010,19,67,5,24,18.0,18.0,0,0,3.0,3.0,0.6052631578947368,0.0,0.005089058524173028,0.2,0.2,0
2010,1,153,5,3,18.0,18.0,0,0,5.0,5.0,0.8157894736842105,0.0,0.005089058524173028,0.0,0.2,0
2010,2,153,5,1,17.0,17.0,0,0,6.0,6.0,0.8157894736842105,0.0,0.005089058524173028,0.0,0.0,0
2010,3,153,5,2,14.0,14.0,0,0,5.0,5.0,0.8157894736842105,0.0,0.005089058524173028,0.6666666666666666,0.4,0
2010,4,153,5,17,12.0,12.0,0,0,-1.0,-1.0,0.8157894736842105,0.0,0.005089058524173028,0.5,0.4,0
2010,5,153,5,4,15.0,16.0,0,0,5.0,6.0,0.8157894736842105,0.0,0.005089058524173028,0.6,0.6,0
2010,6,153,5,6,17.0,17.0,0,0,6.0,6.0,0.8157894736842105,0.0,0.005089058524173028,0.6,0.6,0
2010,7,153,5,5,16.0,16.0,0,0,4.0,4.0,0.8157894736842105,0.0,0.005089058524173028,0.6,0.6,0
2010,8,153,5,7,16.0,16.0,0,0,4.0,4.0,0.8157894736842105,0.0,0.005089058524173028,0.2,0.2,0
2010,9,153,5,12,17.0,17.0,0,0,4.0,4.0,0.8157894736842105,0.0,0.005089058524173028,0.2,0.2,0
2010,10,153,5,9,17.0,18.0,0,0,-4.0,-3.0,0.8157894736842105,0.0,0.005089058524173028,0.0,0.0,0
2010,11,153,5,10,15.0,16.0,0,0,0.0,1.0,0.8157894736842105,0.0,0.005089058524173028,0.0,0.0,0
2010,12,153,5,11,17.0,17.0,0,0,-7.0,-7.0,0.8157894736842105,0.0,0.005089058524173028,0.0,0.0,0
2010,13,153,5,13,11.0,13.0,0,0,-2.0,0.0,0.8157894736842105,0.0,0.005089058524173028,0.0,0.0,0
2010,14,153,5,14,15.0,16.0,0,0,0.0,1.0,0.8157894736842105,0.0,0.005089058524173028,0.0,0.0,0
2010,15,153,5,15,11.0,11.0,0,0,-1.0,-1.0,0.8157894736842105,0.0,0.005089058524173028,0.0,0.0,0
2010,16,153,5,22,16.0,16.0,0,0,5.0,5.0,0.8157894736842105,0.0,0.005089058524173028,0.0,0.0,0
2010,17,153,5,35,15.0,16.0,0,0,4.0,5.0,0.8157894736842105,0.0,0.005089058524173028,0.0,0.0,0
2010,18,153,5,18,14.0,14.0,0,0,3.0,3.0,0.8157894736842105,0.0,0.005089058524173028,0.0,0.0,0
2010,19,153,5,24,17.0,17.0,0,0,8.0,8.0,0.8157894736842105,0.0,0.005089058524173028,0.4,0.4,0
2011,1,67,5,1,10.0,10.0,1,1,2.0,2.0,0.6052631578947368,0.0,0.005089058524173028,1.0,1.2,0
2011,2,67,5,2,12.0,12.0,1,1,-1.0,-1.0,0.6052631578947368,0.0,0.005089058524173028,0.8,1.2,0
2011,3,67,5,17,9.0,9.0,1,1,-5.0,-5.0,0.6052631578947368,0.0,0.005089058524173028,0.8,1.2,0
2011,4,67,5,5,16.0,16.0,1,1,7.0,7.0,0.6052631578947368,0.0,0.005089058524173028,1.2,1.6,0
2011,5,67,5,4,11.0,11.0,1,1,-3.0,-3.0,0.6052631578947368,0.0,0.005089058524173028,1.2,1.2,0
2011,6,67,5,6,16.0,17.0,1,1,6.0,7.0,0.6052631578947368,0.0,0.005089058524173028,0.6,0.6,0
2011,7,67,5,7,15.0,15.0,1,1,5.0,5.0,0.6052631578947368,0.0,0.005089058524173028,0.8,0.8,0
2011,8,67,5,12,17.0,17.0,1,1,4.0,4.0,0.6052631578947368,0.0,0.005089058524173028,0.8,0.8,0
2011,9,67,5,9,19.0,19.0,1,1,-2.0,-2.0,0.6052631578947368,0.0,0.005089058524173028,0.4,0.4,0
2011,10,67,5,20,24.0,16.0,1,1,9.0,1.0,0.6052631578947368,0.0,0.005089058524173028,0.4,0.4,0
2011,11,67,5,11,23.0,18.0,1,1,15.0,10.0,0.6052631578947368,0.0,0.005089058524173028,1.0,1.0,0
2011,12,67,5,13,11.0,11.0,1,1,-12.0,-12.0,0.6052631578947368,0.0,0.005089058524173028,0.8,0.8,0
2011,13,67,5,14,16.0,16.0,1,1,6.0,6.0,0.6052631578947368,0.0,0.005089058524173028,1.0,1.0,0
2011,14,67,5,15,14.0,14.0,1,1,2.0,2.0,0.6052631578947368,0.0,0.005089058524173028,1.0,1.0,0
2011,15,67,5,22,15.0,15.0,1,1,-9.0,-9.0,0.6052631578947368,0.0,0.005089058524173028,1.0,1.0,0
2011,16,67,5,35,13.0,13.0,1,1,4.0,4.0,0.6052631578947368,0.0,0.005089058524173028,0.6,0.6,0
2011,17,67,5,68,9.0,9.0,1,1,-12.0,-12.0,0.6052631578947368,0.0,0.005089058524173028,0.6,0.6,0
2011,18,67,5,24,13.0,13.0,1,1,-9.0,-9.0,0.6052631578947368,0.0,0.005089058524173028,0.4,0.4,0
2011,19,67,5,18,14.0,14.0,1,1,2.0,2.0,0.6052631578947368,0.0,0.005089058524173028,0.4,0.4,0
2011,1,153,5,1,12.0,12.0,1,1,1.0,1.0,0.8157894736842105,0.0,0.005089058524173028,0.4,0.4,0
2011,2,153,5,2,13.0,13.0,1,1,-1.0,-1.0,0.8157894736842105,0.0,0.005089058524173028,0.4,0.0,0
2011,3,153,5,17,7.0,7.0,1,1,-17.0,-17.0,0.8157894736842105,0.0,0.005089058524173028,0.4,0.0,0
2011,4,153,5,5,17.0,17.0,1,1,1.0,1.0,0.8157894736842105,0.0,0.005089058524173028,0.4,0.0,0
2011,5,153,5,4,13.0,13.0,1,1,-3.0,-3.0,0.8157894736842105,0.0,0.005089058524173028,0.0,0.0,0
2011,6,153,5,6,19.0,20.0,1,1,-1.0,0.0,0.8157894736842105,0.0,0.005089058524173028,0.0,0.0,0
2011,7,153,5,7,24.0,18.0,1,1,16.0,10.0,0.8157894736842105,0.0,0.005089058524173028,0.8,0.8,0
2011,8,153,5,12,18.0,18.0,1,1,10.0,10.0,0.8157894736842105,0.0,0.005089058524173028,1.6,1.6,0
2011,9,153,5,9,18.0,18.0,1,1,8.0,8.0,0.8157894736842105,0.0,0.005089058524173028,1.8,1.8,0
2011,10,153,5,20,16.0,17.0,1,1,4.0,5.0,0.8157894736842105,0.0,0.005089058524173028,1.8,1.8,0
2011,11,153,5,11,16.0,16.0,1,1,6.0,6.0,0.8157894736842105,0.0,0.005089058524173028,2.0,2.0,0
2011,12,153,5,13,6.0,6.0,1,1,-18.0,-18.0,0.8157894736842105,0.0,0.005089058524173028,1.2,1.2,0
2011,13,153,5,14,18.0,18.0,1,1,11.0,11.0,0.8157894736842105,0.0,0.005089058524173028,1.6,1.6,0
2011,14,153,5,15,16.0,16.0,1,1,-5.0,-5.0,0.8157894736842105,0.0,0.005089058524173028,1.4,1.4,0
2011,15,153,5,22,16.0,16.0,1,1,1.0,1.0,0.8157894736842105,0.0,0.005089058524173028,1.4,1.4,0
2011,16,153,5,35,11.0,11.0,1,1,4.0,4.0,0.8157894736842105,0.0,0.005089058524173028,2.4,2.4,0
2011,17,153,5,68,10.0,10.0,1,1,2.0,2.0,0.8157894736842105,0.0,0.005089058524173028,3.2,3.2,0
2011,18,153,5,24,15.0,15.0,1,1,0.0,0.0,0.8157894736842105,0.0,0.005089058524173028,2.0,2.0,0
2011,19,153,5,18,13.0,13.0,1,1,2.0,2.0,0.8157894736842105,0.0,0.005089058524173028,2.0,2.0,0
2012,1,817,5,1,10.0,10.0,1,2,1.0,1.0,5.0625,0.125,0.005089058524173028,0.4,2.4,0
2012,2,817,5,2,15.0,15.0,1,2,3.0,3.0,5.0625,0.125,0.005089058524173028,0.4,1.2,0
2012,3,817,5,17,17.0,17.0,1,2,0.0,0.0,5.0625,0.125,0.005089058524173028,0.4,0.4,0
2012,4,817,5,3,6.0,6.0,1,2,-9.0,-9.0,5.0625,0.125,0.005089058524173028,0.4,0.4,0
2012,5,817,5,4,15.0,16.0,1,2,2.0,3.0,5.0625,0.125,0.005089058524173028,0.4,0.4,0
2012,6,817,5,6,15.0,16.0,1,2,-2.0,-1.0,5.0625,0.125,0.005089058524173028,0.0,0.0,0
2012,7,817,5,7,14.0,14.0,1,2,0.0,0.0,5.0625,0.125,0.005089058524173028,0.0,0.0,0
2012,8,817,5,12,17.0,17.0,1,2,6.0,6.0,5.0625,0.125,0.005089058524173028,0.0,0.0,0
2012,9,817,5,9,12.0,14.0,1,2,-1.0,1.0,5.0625,0.125,0.005089058524173028,0.0,0.0,0
2012,10,817,5,10,11.0,11.0,1,2,-2.0,-2.0,5.0625,0.125,0.005089058524173028,0.0,0.0,0
2012,11,817,5,11,18.0,18.0,1,2,3.0,3.0,5.0625,0.125,0.005089058524173028,0.0,0.0,0
2012,12,817,5,13,16.0,16.0,1,2,7.0,7.0,5.0625,0.125,0.005089058524173028,0.4,0.4,0
2012,13,817,5,14,14.0,15.0,1,2,2.0,3.0,5.0625,0.125,0.005089058524173028,0.4,0.4,0
2012,14,817,5,15,15.0,15.0,1,2,6.0,6.0,5.0625,0.125,0.005089058524173028,0.8,0.8,0
2012,15,817,5,22,14.0,16.0,1,2,4.0,6.0,5.0625,0.125,0.005089058524173028,1.0,1.0,0
2012,16,817,5,35,21.0,16.0,1,2,12.0,7.0,5.0625,0.125,0.005089058524173028,1.4,1.4,0
2012,17,817,5,68,15.0,15.0,1,2,2.0,2.0,5.0625,0.125,0.005089058524173028,1.0,1.0,0
2012,18,817,5,24,16.0,17.0,1,2,6.0,7.0,5.0625,0.125,0.005089058524173028,1.2,1.2,0
2012,19,817,5,69,18.0,18.0,1,2,6.0,6.0,5.0625,0.125,0.005089058524173028,0.8,0.8,0
2012,20,817,5,18,15.0,16.0,1,2,2.0,3.0,5.0625,0.125,0.005089058524173028,0.6,0.6,0
2012,1,818,5,1,11.0,11.0,0,2,0.0,0.0,0.8793103448275862,0.0,0.005089058524173028,0.0,0.2,0
2012,2,818,5,2,18.0,18.0,0,2,10.0,10.0,0.8793103448275862,0.0,0.005089058524173028,2.0,1.0,0
2012,3,818,5,17,24.0,18.0,0,2,8.0,2.0,0.8793103448275862,0.0,0.005089058524173028,1.3333333333333333,0.8,0
2012,4,818,5,3,17.0,19.0,0,2,3.0,5.0,0.8793103448275862,0.0,0.005089058524173028,1.0,0.8,0
2012,5,818,5,4,14.0,15.0,0,2,2.0,3.0,0.8793103448275862,0.0,0.005089058524173028,0.8,0.8,0
2012,6,818,5,6,16.0,17.0,0,2,4.0,5.0,0.8793103448275862,0.0,0.005089058524173028,0.8,0.8,0
2012,7,818,5,7,19.0,20.0,0,2,4.0,5.0,0.8793103448275862,0.0,0.005089058524173028,0.0,0.0,0
2012,8,818,5,12,18.0,18.0,0,2,-5.0,-5.0,0.8793103448275862,0.0,0.005089058524173028,0.0,0.0,0
2012,9,818,5,9,23.0,16.0,0,2,9.0,2.0,0.8793103448275862,0.0,0.005089058524173028,0.0,0.0,0
2012,10,818,5,10,15.0,18.0,0,2,1.0,4.0,0.8793103448275862,0.0,0.005089058524173028,0.0,0.0,0
2012,11,818,5,11,16.0,16.0,0,2,0.0,0.0,0.8793103448275862,0.0,0.005089058524173028,0.0,0.0,0
2012,12,818,5,13,15.0,15.0,0,2,7.0,7.0,0.8793103448275862,0.0,0.005089058524173028,0.8,0.8,0
2012,13,818,5,14,16.0,17.0,0,2,-8.0,-7.0,0.8793103448275862,0.0,0.005089058524173028,0.8,0.8,0
2012,14,818,5,15,16.0,16.0,0,2,-4.0,-4.0,0.8793103448275862,0.0,0.005089058524173028,0.8,0.8,0
2012,15,818,5,22,19.0,17.0,0,2,6.0,4.0,0.8793103448275862,0.0,0.005089058524173028,0.8,0.8,0
2012,16,818,5,35,16.0,17.0,0,2,8.0,9.0,0.8793103448275862,0.0,0.005089058524173028,1.6,1.6,0
2012,17,818,5,68,18.0,18.0,0,2,3.0,3.0,0.8793103448275862,0.0,0.005089058524173028,0.8,0.8,0
2012,18,818,5,24,17.0,18.0,0,2,5.0,6.0,0.8793103448275862,0.0,0.005089058524173028,0.8,0.8,0
2012,19,818,5,69,14.0,14.0,0,2,-10.0,-10.0,0.8793103448275862,0.0,0.005089058524173028,0.8,0.8,0
2012,20,818,5,18,17.0,17.0,0,2,9.0,9.0,0.8793103448275862,0.0,0.005089058524173028,1.6,1.6,0
2013,1,817,5,1,14.0,14.0,2,3,-5.0,-5.0,5.0625,0.125,0.005089058524173028,0.2,0.8,0
2013,2,817,5,2,13.0,13.0,2,3,-5.0,-5.0,5.0625,0.125,0.005089058524173028,0.2,0.8,0
2013,3,817,5,17,7.0,7.0,2,3,0.0,0.0,5.0625,0.125,0.005089058524173028,1.2,2.0,0
2013,4,817,5,3,13.0,13.0,2,3,-3.0,-3.0,5.0625,0.125,0.005089058524173028,1.2,2.0,0
2013,5,817,5,4,11.0,11.0,2,3,1.0,1.0,5.0625,0.125,0.005089058524173028,1.4,1.4,0
2013,6,817,5,6,12.0,12.0,2,3,-6.0,-6.0,5.0625,0.125,0.005089058524173028,1.4,1.4,0
2013,7,817,5,7,11.0,10.0,2,3,-4.0,-5.0,5.0625,0.125,0.005089058524173028,1.4,1.4,0
2013,8,817,5,9,5.0,6.0,2,3,-3.0,-2.0,5.0625,0.125,0.005089058524173028,1.0,1.0,0
2013,9,817,5,20,6.0,6.0,2,3,-6.0,-6.0,5.0625,0.125,0.005089058524173028,1.0,1.0,0
2013,10,817,5,11,8.0,8.0,2,3,-5.0,-5.0,5.0625,0.125,0.005089058524173028,0.8,0.8,0
2013,11,817,5,13,19.0,19.0,2,3,9.0,9.0,5.0625,0.125,0.005089058524173028,1.0,1.0,0
2013,12,817,5,14,7.0,7.0,2,3,0.0,0.0,5.0625,0.125,0.005089058524173028,2.2,2.2,0
2013,13,817,5,15,9.0,9.0,2,3,-13.0,-13.0,5.0625,0.125,0.005089058524173028,1.4,1.4,0
2013,14,817,5,35,12.0,13.0,2,3,-7.0,-6.0,5.0625,0.125,0.005089058524173028,1.4,1.4,0
2013,15,817,5,22,16.0,16.0,2,3,3.0,3.0,5.0625,0.125,0.005089058524173028,1.4,1.4,0
2013,16,817,5,68,11.0,11.0,2,3,1.0,1.0,5.0625,0.125,0.005089058524173028,1.4,1.4,0
2013,17,817,5,24,9.0,10.0,2,3,-7.0,-6.0,5.0625,0.125,0.005089058524173028,0.2,0.2,0
2013,18,817,5,69,10.0,11.0,2,3,-1.0,0.0,5.0625,0.125,0.005089058524173028,0.2,0.2,0
2013,19,817,5,18,7.0,7.0,2,3,-3.0,-3.0,5.0625,0.125,0.005089058524173028,0.4,0.4,0
2013,1,818,5,1,13.0,13.0,1,3,1.0,1.0,0.8793103448275862,0.0,0.005089058524173028,0.8,0.4,0
2013,2,818,5,2,17.0,17.0,1,3,7.0,7.0,0.8793103448275862,0.0,0.005089058524173028,1.0,0.4,0
2013,3,818,5,17,15.0,16.0,1,3,3.0,4.0,0.8793103448275862,0.0,0.005089058524173028,1.0,0.4,0
2013,4,818,5,3,16.0,16.0,1,3,-6.0,-6.0,0.8793103448275862,0.0,0.005089058524173028,1.0,0.4,0
2013,5,818,5,4,12.0,12.0,1,3,-8.0,-8.0,0.8793103448275862,0.0,0.005089058524173028,0.2,0.2,0
2013,6,818,5,6,10.0,10.0,1,3,2.0,2.0,0.8793103448275862,0.0,0.005089058524173028,1.0,1.0,0
2013,7,818,5,7,7.0,7.0,1,3,1.0,1.0,0.8793103448275862,0.0,0.005089058524173028,2.4,2.4,0
2013,8,818,5,9,12.0,13.0,1,3,-10.0,-9.0,0.8793103448275862,0.0,0.005089058524173028,2.4,2.4,0
2013,9,818,5,20,16.0,16.0,1,3,-4.0,-4.0,0.8793103448275862,0.0,0.005089058524173028,2.4,2.4,0
2013,10,818,5,11,14.0,14.0,1,3,2.0,2.0,0.8793103448275862,0.0,0.005089058524173028,2.4,2.4,0
2013,11,818,5,13,18.0,18.0,1,3,6.0,6.0,0.8793103448275862,0.0,0.005089058524173028,1.6,1.6,0
2013,12,818,5,14,10.0,10.0,1,3,-11.0,-11.0,0.8793103448275862,0.0,0.005089058524173028,0.0,0.0,0
2013,13,818,5,15,12.0,12.0,1,3,-2.0,-2.0,0.8793103448275862,0.0,0.005089058524173028,0.0,0.0,0
2013,14,818,5,35,16.0,16.0,1,3,-2.0,-2.0,0.8793103448275862,0.0,0.005089058524173028,0.0,0.0,0
2013,15,818,5,22,17.0,18.0,1,3,5.0,6.0,0.8793103448275862,0.0,0.005089058524173028,0.0,0.0,0
2013,16,818,5,68,14.0,14.0,1,3,1.0,1.0,0.8793103448275862,0.0,0.005089058524173028,0.0,0.0,0
2013,17,818,5,24,13.0,14.0,1,3,-4.0,-3.0,0.8793103448275862,0.0,0.005089058524173028,0.0,0.0,0
2013,18,818,5,69,14.0,16.0,1,3,2.0,4.0,0.8793103448275862,0.0,0.005089058524173028,0.0,0.0,0
2013,19,818,5,18,8.0,8.0,1,3,-7.0,-7.0,0.8793103448275862,0.0,0.005089058524173028,0.0,0.0,0
2014,1,818,5,1,6.0,6.0,2,4,-2.0,-2.0,0.8793103448275862,0.0,0.005089058524173028,0.8,0.8,0
2014,2,818,5,2,9.0,9.0,2,4,-10.0,-10.0,0.8793103448275862,0.0,0.005089058524173028,0.8,0.8,0
2014,3,818,5,3,14.0,14.0,2,4,-7.0,-7.0,0.8793103448275862,0.0,0.005089058524173028,0.8,0.8,0
2014,4,818,5,17,9.0,9.0,2,4,-3.0,-3.0,0.8793103448275862,0.0,0.005089058524173028,0.8,0.8,0
2014,5,818,5,4,21.0,16.0,2,4,-1.0,-6.0,0.8793103448275862,0.0,0.005089058524173028,0.8,0.8,0
2014,6,818,5,6,7.0,7.0,2,4,-10.0,-10.0,0.8793103448275862,0.0,0.005089058524173028,0.0,0.0,0
2014,7,818,5,7,8.0,8.0,2,4,0.0,0.0,0.8793103448275862,0.0,0.005089058524173028,0.8,0.8,0
2014,8,818,5,70,14.0,15.0,2,4,-6.0,-5.0,0.8793103448275862,0.0,0.005089058524173028,0.8,0.8,0
2014,9,818,5,9,10.0,10.0,2,4,0.0,0.0,0.8793103448275862,0.0,0.005089058524173028,1.0,1.0,0
2014,10,818,5,10,13.0,13.0,2,4,0.0,0.0,0.8793103448275862,0.0,0.005089058524173028,1.0,1.0,0
2014,11,818,5,11,8.0,8.0,2,4,-1.0,-1.0,0.8793103448275862,0.0,0.005089058524173028,1.4,1.4,0
2014,12,818,5,13,12.0,12.0,2,4,1.0,1.0,0.8793103448275862,0.0,0.005089058524173028,0.6,0.6,0
2014,13,818,5,14,12.0,13.0,2,4,-1.0,0.0,0.8793103448275862,0.0,0.005089058524173028,0.6,0.6,0
2014,14,818,5,15,12.0,12.0,2,4,6.0,6.0,0.8793103448275862,0.0,0.005089058524173028,2.0,2.0,0
2014,15,818,5,22,20.0,11.0,2,4,11.0,2.0,0.8793103448275862,0.0,0.005089058524173028,2.4,2.4,0
2014,16,818,5,71,9.0,10.0,2,4,-4.0,-3.0,0.8793103448275862,0.0,0.005089058524173028,2.0,2.0,0
2014,17,818,5,69,14.0,15.0,2,4,4.0,5.0,0.8793103448275862,0.0,0.005089058524173028,2.2,2.2,0
2014,18,818,5,18,15.0,16.0,2,4,2.0,3.0,0.8793103448275862,0.0,0.005089058524173028,2.2,2.2,0
2014,19,818,5,24,10.0,10.0,2,4,-2.0,-2.0,0.8793103448275862,0.0,0.005089058524173028,0.6,0.6,0
2014,1,826,5,1,8.0,8.0,0,4,-1.0,-1.0,1.8035714285714286,0.026785714285714284,0.005089058524173028,2.0,0.6,0
2014,2,826,5,2,11.0,11.0,0,4,1.0,1.0,1.8035714285714286,0.026785714285714284,0.005089058524173028,1.5,0.8,0
2014,3,826,5,3,12.0,13.0,0,4,1.0,2.0,1.8035714285714286,0.026785714285714284,0.005089058524173028,1.0,0.6,0
2014,4,826,5,17,13.0,13.0,0,4,3.0,3.0,1.8035714285714286,0.026785714285714284,0.005089058524173028,1.0,0.8,0
2014,5,826,5,4,12.0,13.0,0,4,-2.0,-1.0,1.8035714285714286,0.026785714285714284,0.005089058524173028,0.8,0.8,0
2014,6,826,5,6,9.0,9.0,0,4,-10.0,-10.0,1.8035714285714286,0.026785714285714284,0.005089058524173028,0.4,0.4,0
2014,7,826,5,7,15.0,15.0,0,4,-1.0,-1.0,1.8035714285714286,0.026785714285714284,0.005089058524173028,0.2,0.2,0
2014,8,826,5,70,7.0,7.0,0,4,-15.0,-15.0,1.8035714285714286,0.026785714285714284,0.005089058524173028,0.2,0.2,0
2014,9,826,5,9,9.0,9.0,0,4,0.0,0.0,1.8035714285714286,0.026785714285714284,0.005089058524173028,0.4,0.4,0
2014,10,826,5,10,8.0,8.0,0,4,-12.0,-12.0,1.8035714285714286,0.026785714285714284,0.005089058524173028,0.4,0.4,0
2014,11,826,5,11,10.0,11.0,0,4,-4.0,-3.0,1.8035714285714286,0.026785714285714284,0.005089058524173028,0.4,0.4,0
2014,12,826,5,13,11.0,11.0,0,4,2.0,2.0,1.8035714285714286,0.026785714285714284,0.005089058524173028,0.8,0.8,0
2014,13,826,5,14,21.0,11.0,0,4,10.0,0.0,1.8035714285714286,0.026785714285714284,0.005089058524173028,0.8,0.8,0
2014,14,826,5,15,10.0,10.0,0,4,-4.0,-4.0,1.8035714285714286,0.026785714285714284,0.005089058524173028,0.4,0.4,0
2014,15,826,5,22,12.0,13.0,0,4,1.0,2.0,1.8035714285714286,0.026785714285714284,0.005089058524173028,0.4,0.4,0
2014,16,826,5,71,5.0,5.0,0,4,-9.0,-9.0,1.8035714285714286,0.026785714285714284,0.005089058524173028,0.4,0.4,0
2014,17,826,5,69,17.0,14.0,0,4,2.0,-1.0,1.8035714285714286,0.026785714285714284,0.005089058524173028,0.0,0.0,0
2014,18,826,5,18,17.0,14.0,0,4,6.0,3.0,1.8035714285714286,0.026785714285714284,0.005089058524173028,0.0,0.0,0
2014,19,826,5,24,5.0,5.0,0,4,-15.0,-15.0,1.8035714285714286,0.026785714285714284,0.005089058524173028,0.0,0.0,0
2015,1,830,5,1,11.0,12.0,0,5,-2.0,-1.0,13.919421487603305,0.5371900826446281,0.005089058524173028,0.0,0.0,0
2015,2,830,5,2,6.0,6.0,0,5,-1.0,-1.0,13.919421487603305,0.5371900826446281,0.005089058524173028,3.0,1.2,0
2015,3,830,5,17,13.0,13.0,0,5,-4.0,-4.0,13.919421487603305,0.5371900826446281,0.005089058524173028,2.0,1.2,0
2015,4,830,5,3,15.0,15.0,0,5,-3.0,-3.0,13.919421487603305,0.5371900826446281,0.005089058524173028,1.5,1.2,0
2015,5,830,5,4,6.0,6.0,0,5,-5.0,-5.0,13.919421487603305,0.5371900826446281,0.005089058524173028,1.2,1.2,0
2015,6,830,5,6,9.0,10.0,0,5,-9.0,-8.0,13.919421487603305,0.5371900826446281,0.005089058524173028,1.2,1.2,0
2015,7,830,5,7,19.0,12.0,0,5,4.0,-3.0,13.919421487603305,0.5371900826446281,0.005089058524173028,0.0,0.0,0
2015,8,830,5,70,7.0,7.0,0,5,-1.0,-1.0,13.919421487603305,0.5371900826446281,0.005089058524173028,0.8,0.8,0
2015,9,830,5,9,13.0,13.0,0,5,-3.0,-3.0,13.919421487603305,0.5371900826446281,0.005089058524173028,0.8,0.8,0
2015,10,830,5,11,9.0,9.0,0,5,5.0,5.0,13.919421487603305,0.5371900826446281,0.005089058524173028,3.2,3.2,0
2015,11,830,5,13,18.0,15.0,0,5,10.0,7.0,13.919421487603305,0.5371900826446281,0.005089058524173028,4.0,4.0,0
2015,12,830,5,14,20.0,20.0,0,5,8.0,8.0,13.919421487603305,0.5371900826446281,0.005089058524173028,4.0,4.0,0
2015,13,830,5,15,8.0,8.0,0,5,0.0,0.0,13.919421487603305,0.5371900826446281,0.005089058524173028,4.0,4.0,0
2015,14,830,5,22,17.0,15.0,0,5,8.0,6.0,13.919421487603305,0.5371900826446281,0.005089058524173028,4.4,4.4,0
2015,15,830,5,71,9.0,9.0,0,5,-1.0,-1.0,13.919421487603305,0.5371900826446281,0.005089058524173028,2.2,2.2,0
2015,16,830,5,69,8.0,10.0,0,5,4.0,6.0,13.919421487603305,0.5371900826446281,0.005089058524173028,3.8,3.8,0
2015,17,830,5,32,8.0,8.0,0,5,-1.0,-1.0,13.919421487603305,0.5371900826446281,0.005089058524173028,4.2,4.2,0
2015,18,830,5,18,9.0,10.0,0,5,0.0,1.0,13.919421487603305,0.5371900826446281,0.005089058524173028,3.8,3.8,0
2015,19,830,5,24,11.0,11.0,0,5,-5.0,-5.0,13.919421487603305,0.5371900826446281,0.005089058524173028,3.4,3.4,0
2015,1,832,5,1,7.0,8.0,0,5,-2.0,-1.0,5.202083333333333,0.11666666666666667,0.005089058524173028,2.0,3.6,0
2015,2,832,5,2,15.0,15.0,0,5,7.0,7.0,5.202083333333333,0.11666666666666667,0.005089058524173028,3.0,2.0,0
2015,3,832,5,17,14.0,14.0,0,5,1.0,1.0,5.202083333333333,0.11666666666666667,0.005089058524173028,2.0,1.6,0
2015,4,832,5,3,9.0,9.0,0,5,-10.0,-10.0,5.202083333333333,0.11666666666666667,0.005089058524173028,1.5,1.2,0
2015,5,832,5,4,5.0,5.0,0,5,-4.0,-4.0,5.202083333333333,0.11666666666666667,0.005089058524173028,1.6,1.6,0
2015,6,832,5,6,0.0,8.0,0,5,-10.0,-2.0,5.202083333333333,0.11666666666666667,0.005089058524173028,1.4,1.4,0
2015,7,832,5,7,11.0,11.0,0,5,-1.0,-1.0,5.202083333333333,0.11666666666666667,0.005089058524173028,0.6,0.6,0
2015,8,832,5,70,12.0,13.0,0,5,-4.0,-3.0,5.202083333333333,0.11666666666666667,0.005089058524173028,0.6,0.6,0
2015,9,832,5,9,8.0,8.0,0,5,-6.0,-6.0,5.202083333333333,0.11666666666666667,0.005089058524173028,0.6,0.6,0
2015,10,832,5,11,12.0,12.0,0,5,-5.0,-5.0,5.202083333333333,0.11666666666666667,0.005089058524173028,0.2,0.2,0
2015,11,832,5,13,10.0,10.0,0,5,-7.0,-7.0,5.202083333333333,0.11666666666666667,0.005089058524173028,0.0,0.0,0
2015,12,832,5,14,17.0,13.0,0,5,6.0,2.0,5.202083333333333,0.11666666666666667,0.005089058524173028,0.0,0.0,0
2015,13,832,5,15,14.0,14.0,0,5,5.0,5.0,5.202083333333333,0.11666666666666667,0.005089058524173028,0.4,0.4,0
2015,14,832,5,22,10.0,12.0,0,5,0.0,2.0,5.202083333333333,0.11666666666666667,0.005089058524173028,0.6,0.6,0
2015,16,832,5,69,20.0,20.0,0,5,13.0,13.0,5.202083333333333,0.11666666666666667,0.005089058524173028,1.8,1.8,0
2015,17,832,5,32,11.0,11.0,0,5,-2.0,-2.0,5.202083333333333,0.11666666666666667,0.005089058524173028,1.8,1.8,0
2015,18,832,5,18,10.0,12.0,0,5,-9.0,-7.0,5.202083333333333,0.11666666666666667,0.005089058524173028,1.8,1.8,0
2015,19,832,5,24,10.0,10.0,0,5,-1.0,-1.0,5.202083333333333,0.11666666666666667,0.005089058524173028,1.4,1.4,0
2016,5,826,5,4,13.0,13.0,2,6,3.0,3.0,1.8035714285714286,0.026785714285714284,0.005089058524173028,4.4,1.4,0
2016,6,826,5,6,8.0,9.0,2,6,-12.0,-11.0,1.8035714285714286,0.026785714285714284,0.005089058524173028,4.4,0.2,0
2016,7,826,5,7,15.0,13.0,2,6,3.0,1.0,1.8035714285714286,0.026785714285714284,0.005089058524173028,3.2,0.2,0
2016,8,826,5,73,6.0,7.0,2,6,-16.0,-15.0,1.8035714285714286,0.026785714285714284,0.005089058524173028,0.2,0.2,0
2016,9,826,5,70,0.0,20.0,2,6,-22.0,-2.0,1.8035714285714286,0.026785714285714284,0.005089058524173028,0.2,0.2,0
2016,10,826,5,9,15.0,15.0,2,6,5.0,5.0,1.8035714285714286,0.026785714285714284,0.005089058524173028,0.2,0.2,0
2016,11,826,5,11,12.0,12.0,2,6,-4.0,-4.0,1.8035714285714286,0.026785714285714284,0.005089058524173028,0.2,0.2,0
2016,12,826,5,10,18.0,19.0,2,6,3.0,4.0,1.8035714285714286,0.026785714285714284,0.005089058524173028,0.2,0.2,0
2016,13,826,5,13,19.0,19.0,2,6,5.0,5.0,1.8035714285714286,0.026785714285714284,0.005089058524173028,0.2,0.2,0
2016,14,826,5,14,16.0,17.0,2,6,-3.0,-2.0,1.8035714285714286,0.026785714285714284,0.005089058524173028,0.2,0.2,0
2016,15,826,5,15,7.0,7.0,2,6,-2.0,-2.0,1.8035714285714286,0.026785714285714284,0.005089058524173028,0.4,0.4,0
2016,16,826,5,2,15.0,15.0,2,6,1.0,1.0,1.8035714285714286,0.026785714285714284,0.005089058524173028,0.4,0.4,0
2016,17,826,5,22,13.0,13.0,2,6,0.0,0.0,1.8035714285714286,0.026785714285714284,0.005089058524173028,0.4,0.4,0
2016,18,826,5,69,13.0,13.0,2,6,2.0,2.0,1.8035714285714286,0.026785714285714284,0.005089058524173028,0.4,0.4,0
2016,19,826,5,32,18.0,18.0,2,6,0.0,0.0,1.8035714285714286,0.026785714285714284,0.005089058524173028,0.4,0.4,0
2016,20,826,5,18,14.0,14.0,2,6,1.0,1.0,1.8035714285714286,0.026785714285714284,0.005089058524173028,0.0,0.0,0
2016,21,826,5,24,17.0,17.0,2,6,-2.0,-2.0,1.8035714285714286,0.026785714285714284,0.005089058524173028,0.0,0.0,0
2016,1,830,5,1,5.0,5.0,1,6,-5.0,-5.0,13.919421487603305,0.5371900826446281,0.005089058524173028,3.4,0.2,0
2016,2,830,5,3,10.0,10.0,1,6,4.0,4.0,13.919421487603305,0.5371900826446281,0.005089058524173028,2.6,1.8,0
2016,3,830,5,17,9.0,9.0,1,6,1.0,1.0,13.919421487603305,0.5371900826446281,0.005089058524173028,3.0,2.6,0
2016,4,830,5,71,9.0,9.0,1,6,-10.0,-10.0,13.919421487603305,0.5371900826446281,0.005089058524173028,2.6,2.6,0
2016,1,832,5,1,7.0,7.0,1,6,-2.0,-2.0,5.202083333333333,0.11666666666666667,0.005089058524173028,1.6,3.0,0
2016,2,832,5,3,11.0,11.0,1,6,-7.0,-7.0,5.202083333333333,0.11666666666666667,0.005089058524173028,0.4,2.8,0
2016,3,832,5,17,8.0,8.0,1,6,-1.0,-1.0,5.202083333333333,0.11666666666666667,0.005089058524173028,0.8,1.6,0
2016,4,832,5,71,11.0,11.0,1,6,-1.0,-1.0,5.202083333333333,0.11666666666666667,0.005089058524173028,0.8,0.8,0
2016,5,832,5,4,8.0,8.0,1,6,2.0,2.0,5.202083333333333,0.11666666666666667,0.005089058524173028,2.4,2.4,0
2016,6,832,5,6,6.0,7.0,1,6,-2.0,-1.0,5.202083333333333,0.11666666666666667,0.005089058524173028,2.8,2.8,0
2016,7,832,5,7,20.0,16.0,1,6,11.0,7.0,5.202083333333333,0.11666666666666667,0.005089058524173028,3.2,3.2,0
2016,8,832,5,73,18.0,13.0,1,6,-3.0,-8.0,5.202083333333333,0.11666666666666667,0.005089058524173028,2.8,2.8,0
2016,9,832,5,70,15.0,15.0,1,6,7.0,7.0,5.202083333333333,0.11666666666666667,0.005089058524173028,3.6,3.6,0
2016,10,832,5,9,7.0,8.0,1,6,-1.0,0.0,5.202083333333333,0.11666666666666667,0.005089058524173028,2.8,2.8,0
2016,11,832,5,11,6.0,6.0,1,6,-2.0,-2.0,5.202083333333333,0.11666666666666667,0.005089058524173028,2.8,2.8,0
2016,12,832,5,10,15.0,13.0,1,6,1.0,-1.0,5.202083333333333,0.11666666666666667,0.005089058524173028,2.4,2.4,0
2016,13,832,5,13,14.0,15.0,1,6,-6.0,-5.0,5.202083333333333,0.11666666666666667,0.005089058524173028,2.4,2.4,0
2016,14,832,5,14,15.0,16.0,1,6,0.0,1.0,5.202083333333333,0.11666666666666667,0.005089058524173028,1.6,1.6,0
2016,15,832,5,15,6.0,6.0,1,6,-8.0,-8.0,5.202083333333333,0.11666666666666667,0.005089058524173028,0.8,0.8,0
2016,16,832,5,2,16.0,16.0,1,6,5.0,5.0,5.202083333333333,0.11666666666666667,0.005089058524173028,0.0,0.0,0
2016,17,832,5,22,14.0,14.0,1,6,-3.0,-3.0,5.202083333333333,0.11666666666666667,0.005089058524173028,0.0,0.0,0
2016,18,832,5,69,10.0,10.0,1,6,4.0,4.0,5.202083333333333,0.11666666666666667,0.005089058524173028,1.6,1.6,0
2016,19,832,5,32,10.0,10.0,1,6,-6.0,-6.0,5.202083333333333,0.11666666666666667,0.005089058524173028,1.6,1.6,0
2016,20,832,5,18,15.0,15.0,1,6,9.0,9.0,5.202083333333333,0.11666666666666667,0.005089058524173028,3.2,3.2,0
2016,21,832,5,24,21.0,21.0,1,6,3.0,3.0,5.202083333333333,0.11666666666666667,0.005089058524173028,3.2,3.2,0
2017,1,826,5,1,9.0,9.0,3,7,0.0,0.0,1.8035714285714286,0.026785714285714284,0.005089058524173028,0.4,3.6,0
2017,2,826,5,17,9.0,9.0,3,7,-8.0,-8.0,1.8035714285714286,0.026785714285714284,0.005089058524173028,0.4,2.0,0
2017,3,826,5,3,11.0,11.0,3,7,-1.0,-1.0,1.8035714285714286,0.026785714285714284,0.005089058524173028,0.4,2.0,0
2017,4,826,5,71,12.0,13.0,3,7,0.0,1.0,1.8035714285714286,0.026785714285714284,0.005089058524173028,0.4,0.4,0
2017,5,826,5,4,19.0,20.0,3,7,10.0,11.0,1.8035714285714286,0.026785714285714284,0.005089058524173028,0.8,0.8,0
2017,6,826,5,6,9.0,11.0,3,7,-5.0,-3.0,1.8035714285714286,0.026785714285714284,0.005089058524173028,0.4,0.4,0
2017,7,826,5,7,11.0,11.0,3,7,-6.0,-6.0,1.8035714285714286,0.026785714285714284,0.005089058524173028,0.4,0.4,0
2017,8,826,5,73,11.0,11.0,3,7,-8.0,-8.0,1.8035714285714286,0.026785714285714284,0.005089058524173028,0.4,0.4,0
2017,9,826,5,70,14.0,14.0,3,7,-2.0,-2.0,1.8035714285714286,0.026785714285714284,0.005089058524173028,0.4,0.4,0
2017,10,826,5,9,12.0,12.0,3,7,-3.0,-3.0,1.8035714285714286,0.026785714285714284,0.005089058524173028,0.0,0.0,0
2017,11,826,5,11,16.0,13.0,3,7,5.0,2.0,1.8035714285714286,0.026785714285714284,0.005089058524173028,0.0,0.0,0
2017,12,826,5,13,19.0,17.0,3,7,7.0,5.0,1.8035714285714286,0.026785714285714284,0.005089058524173028,0.0,0.0,0
2017,13,826,5,14,8.0,14.0,3,7,-4.0,2.0,1.8035714285714286,0.026785714285714284,0.005089058524173028,0.0,0.0,0
2017,14,826,5,15,13.0,13.0,3,7,-3.0,-3.0,1.8035714285714286,0.026785714285714284,0.005089058524173028,0.0,0.0,0
2017,17,826,5,69,11.0,12.0,3,7,1.0,2.0,1.8035714285714286,0.026785714285714284,0.005089058524173028,0.2,0.2,0
2017,1,832,5,1,8.0,8.0,2,7,0.0,0.0,5.202083333333333,0.11666666666666667,0.005089058524173028,4.0,1.0,0
2017,2,832,5,17,11.0,11.0,2,7,4.0,4.0,5.202083333333333,0.11666666666666667,0.005089058524173028,3.6,2.2,0
2017,3,832,5,3,16.0,16.0,2,7,0.0,0.0,5.202083333333333,0.11666666666666667,0.005089058524173028,3.6,2.2,0
2017,4,832,5,71,14.0,11.0,2,7,4.0,1.0,5.202083333333333,0.11666666666666667,0.005089058524173028,2.2,2.4,0
2017,5,832,5,4,12.0,12.0,2,7,5.0,5.0,5.202083333333333,0.11666666666666667,0.005089058524173028,3.4,3.4,0
2017,6,832,5,6,6.0,6.0,2,7,0.0,0.0,5.202083333333333,0.11666666666666667,0.005089058524173028,4.2,4.2,0
2017,7,832,5,7,13.0,13.0,2,7,-7.0,-7.0,5.202083333333333,0.11666666666666667,0.005089058524173028,3.0,3.0,0
2017,8,832,5,73,15.0,12.0,2,7,7.0,4.0,5.202083333333333,0.11666666666666667,0.005089058524173028,3.8,3.8,0
2017,9,832,5,70,10.0,10.0,2,7,-7.0,-7.0,5.202083333333333,0.11666666666666667,0.005089058524173028,3.6,3.6,0
2017,10,832,5,9,13.0,14.0,2,7,-6.0,-5.0,5.202083333333333,0.11666666666666667,0.005089058524173028,2.4,2.4,0
2017,11,832,5,11,9.0,10.0,2,7,2.0,3.0,5.202083333333333,0.11666666666666667,0.005089058524173028,2.0,2.0,0
2017,12,832,5,13,13.0,14.0,2,7,3.0,4.0,5.202083333333333,0.11666666666666667,0.005089058524173028,2.2,2.2,0
2017,13,832,5,14,15.0,15.0,2,7,1.0,1.0,5.202083333333333,0.11666666666666667,0.005089058524173028,1.4,1.4,0
2017,14,832,5,15,10.0,10.0,2,7,6.0,6.0,5.202083333333333,0.11666666666666667,0.005089058524173028,3.8,3.8,0
2017,15,832,5,2,14.0,14.0,2,7,-5.0,-5.0,5.202083333333333,0.11666666666666667,0.005089058524173028,3.8,3.8,0
2017,16,832,5,22,19.0,15.0,2,7,-1.0,-5.0,5.202083333333333,0.11666666666666667,0.005089058524173028,2.6,2.6,0
2017,15,842,5,2,15.0,15.0,0,7,1.0,1.0,2.6042780748663104,0.03208556149732621,0.005089058524173028,0.0,2.4,0
2017,16,842,5,22,14.0,17.0,0,7,1.0,4.0,2.6042780748663104,0.03208556149732621,0.005089058524173028,0.0,2.4,0
2017,19,842,5,18,19.0,17.0,0,7,7.0,5.0,2.6042780748663104,0.03208556149732621,0.005089058524173028,0.0,0.0,0
2017,20,842,5,24,17.0,17.0,0,7,1.0,1.0,2.6042780748663104,0.03208556149732621,0.005089058524173028,0.0,0.0,0
2017,17,843,5,69,19.0,18.0,0,7,6.0,5.0,0.16,0.0,0.005089058524173028,0.0,0.0,0
2017,18,843,5,32,17.0,13.0,0,7,-1.0,-5.0,0.16,0.0,0.005089058524173028,0.0,0.0,0
2017,19,843,5,18,18.0,15.0,0,7,1.0,-2.0,0.16,0.0,0.005089058524173028,0.0,0.0,0
2017,20,843,5,24,20.0,20.0,0,7,5.0,5.0,0.16,0.0,0.005089058524173028,0.0,0.0,0
2018,1,842,5,1,20.0,20.0,1,8,2.0,2.0,2.6042780748663104,0.03208556149732621,0.005089058524173028,0.0,0.0,0
2018,2,842,5,3,5.0,6.0,1,8,1.0,2.0,2.6042780748663104,0.03208556149732621,0.005089058524173028,2.4,2.4,0
2018,3,842,5,17,17.0,17.0,1,8,-1.0,-1.0,2.6042780748663104,0.03208556149732621,0.005089058524173028,2.4,2.4,0
2018,4,842,5,73,17.0,17.0,1,8,5.0,5.0,2.6042780748663104,0.03208556149732621,0.005089058524173028,2.4,2.4,0
2018,5,842,5,4,12.0,12.0,1,8,-7.0,-7.0,2.6042780748663104,0.03208556149732621,0.005089058524173028,2.4,2.4,0
2018,6,842,5,6,10.0,10.0,1,8,3.0,3.0,2.6042780748663104,0.03208556149732621,0.005089058524173028,3.6,3.6,0
2018,7,842,5,7,16.0,16.0,1,8,5.0,5.0,2.6042780748663104,0.03208556149732621,0.005089058524173028,1.2,1.2,0
2018,8,842,5,34,14.0,14.0,1,8,-6.0,-6.0,2.6042780748663104,0.03208556149732621,0.005089058524173028,1.2,1.2,0
2018,9,842,5,70,12.0,12.0,1,8,1.0,1.0,2.6042780748663104,0.03208556149732621,0.005089058524173028,1.2,1.2,0
2018,10,842,5,9,14.0,14.0,1,8,1.0,1.0,2.6042780748663104,0.03208556149732621,0.005089058524173028,1.2,1.2,0
2018,11,842,5,10,16.0,17.0,1,8,2.0,3.0,2.6042780748663104,0.03208556149732621,0.005089058524173028,0.0,0.0,0
2018,12,842,5,11,6.0,6.0,1,8,0.0,0.0,2.6042780748663104,0.03208556149732621,0.005089058524173028,1.6,1.6,0
2018,13,842,5,13,10.0,11.0,1,8,1.0,2.0,2.6042780748663104,0.03208556149732621,0.005089058524173028,2.0,2.0,0
2018,14,842,5,14,9.0,9.0,1,8,-5.0,-5.0,2.6042780748663104,0.03208556149732621,0.005089058524173028,2.0,2.0,0
2018,15,842,5,15,15.0,15.0,1,8,2.0,2.0,2.6042780748663104,0.03208556149732621,0.005089058524173028,2.0,2.0,0
2018,16,842,5,71,17.0,13.0,1,8,-2.0,-6.0,2.6042780748663104,0.03208556149732621,0.005089058524173028,2.0,2.0,0
2018,17,842,5,22,7.0,7.0,1,8,-4.0,-4.0,2.6042780748663104,0.03208556149732621,0.005089058524173028,0.4,0.4,0
2018,18,842,5,69,19.0,13.0,1,8,7.0,1.0,2.6042780748663104,0.03208556149732621,0.005089058524173028,0.0,0.0,0
2018,19,842,5,32,20.0,15.0,1,8,10.0,5.0,2.6042780748663104,0.03208556149732621,0.005089058524173028,0.2,0.2,0
2018,20,842,5,18,9.0,10.0,1,8,-4.0,-3.0,2.6042780748663104,0.03208556149732621,0.005089058524173028,0.2,0.2,0
2018,21,842,5,24,17.0,17.0,1,8,1.0,1.0,2.6042780748663104,0.03208556149732621,0.005089058524173028,0.2,0.2,0
2018,1,843,5,1,16.0,16.0,1,8,1.0,1.0,0.16,0.0,0.005089058524173028,0.0,0.2,0
2018,2,843,5,3,11.0,11.0,1,8,-6.0,-6.0,0.16,0.0,0.005089058524173028,0.0,0.2,0
2018,3,843,5,17,15.0,15.0,1,8,-5.0,-5.0,0.16,0.0,0.005089058524173028,0.0,0.0,0
2018,4,843,5,73,19.0,19.0,1,8,9.0,9.0,0.16,0.0,0.005089058524173028,0.2,0.2,0
2018,5,843,5,4,20.0,20.0,1,8,8.0,8.0,0.16,0.0,0.005089058524173028,0.2,0.2,0
2018,6,843,5,6,15.0,16.0,1,8,-4.0,-3.0,0.16,0.0,0.005089058524173028,0.2,0.2,0
2018,7,843,5,7,12.0,12.0,1,8,-7.0,-7.0,0.16,0.0,0.005089058524173028,0.2,0.2,0
2018,8,843,5,34,20.0,17.0,1,8,6.0,3.0,0.16,0.0,0.005089058524173028,0.2,0.2,0
2018,9,843,5,70,19.0,19.0,1,8,2.0,2.0,0.16,0.0,0.005089058524173028,0.0,0.0,0
2018,10,843,5,9,0.0,20.0,1,8,-20.0,0.0,0.16,0.0,0.005089058524173028,0.0,0.0,0
2018,11,843,5,10,17.0,18.0,1,8,7.0,8.0,0.16,0.0,0.005089058524173028,0.2,0.2,0
2018,12,843,5,11,8.0,8.0,1,8,-3.0,-3.0,0.16,0.0,0.005089058524173028,0.2,0.2,0
2018,13,843,5,13,11.0,12.0,1,8,-3.0,-2.0,0.16,0.0,0.005089058524173028,0.2,0.2,0
2018,14,843,5,14,16.0,18.0,1,8,-3.0,-1.0,0.16,0.0,0.005089058524173028,0.2,0.2,0
2018,15,843,5,15,17.0,17.0,1,8,0.0,0.0,0.16,0.0,0.005089058524173028,0.2,0.2,0
2018,16,843,5,71,20.0,16.0,1,8,0.0,-4.0,0.16,0.0,0.005089058524173028,0.0,0.0,0
2018,17,843,5,22,6.0,6.0,1,8,-7.0,-7.0,0.16,0.0,0.005089058524173028,0.0,0.0,0
2018,18,843,5,69,20.0,14.0,1,8,11.0,5.0,0.16,0.0,0.005089058524173028,0.4,0.4,0
2018,19,843,5,32,14.0,14.0,1,8,0.0,0.0,0.16,0.0,0.005089058524173028,0.4,0.4,0
2018,20,843,5,18,16.0,17.0,1,8,5.0,6.0,0.16,0.0,0.005089058524173028,0.4,0.4,0
2018,21,843,5,24,16.0,16.0,1,8,4.0,4.0,0.16,0.0,0.005089058524173028,0.4,0.4,0
2019,1,826,5,1,15.0,15.0,5,9,5.0,5.0,1.8035714285714286,0.026785714285714284,0.005089058524173028,0.4,0.6,0
2019,2,826,5,3,15.0,15.0,5,9,3.0,3.0,1.8035714285714286,0.026785714285714284,0.005089058524173028,0.4,0.2,0
2019,3,826,5,17,11.0,11.0,5,9,-8.0,-8.0,1.8035714285714286,0.026785714285714284,0.005089058524173028,0.4,0.2,0
2019,4,826,5,73,6.0,6.0,5,9,-13.0,-13.0,1.8035714285714286,0.026785714285714284,0.005089058524173028,0.4,0.2,0
2019,5,826,5,4,9.0,9.0,5,9,0.0,0.0,1.8035714285714286,0.026785714285714284,0.005089058524173028,0.6,0.6,0
2019,6,826,5,6,7.0,8.0,5,9,0.0,1.0,1.8035714285714286,0.026785714285714284,0.005089058524173028,1.6,1.6,0
2019,7,826,5,7,10.0,12.0,5,9,0.0,2.0,1.8035714285714286,0.026785714285714284,0.005089058524173028,1.8,1.8,0
2019,8,826,5,34,19.0,16.0,5,9,5.0,2.0,1.8035714285714286,0.026785714285714284,0.005089058524173028,1.8,1.8,0
2019,9,826,5,70,16.0,18.0,5,9,-1.0,1.0,1.8035714285714286,0.026785714285714284,0.005089058524173028,1.8,1.8,0
2019,10,826,5,9,17.0,17.0,5,9,8.0,8.0,1.8035714285714286,0.026785714285714284,0.005089058524173028,1.8,1.8,0
2019,11,826,5,10,14.0,14.0,5,9,11.0,11.0,1.8035714285714286,0.026785714285714284,0.005089058524173028,3.6,3.6,1
2019,12,826,5,11,13.0,13.0,5,9,-2.0,-2.0,1.8035714285714286,0.026785714285714284,0.005089058524173028,3.4,3.4,0
2019,13,826,5,13,19.0,18.0,5,9,12.0,11.0,1.8035714285714286,0.026785714285714284,0.005089058524173028,4.6,4.6,0
2019,14,826,5,14,12.0,13.0,5,9,-7.0,-6.0,1.8035714285714286,0.026785714285714284,0.005089058524173028,4.6,4.6,0
2019,15,826,5,15,14.0,15.0,5,9,-1.0,0.0,1.8035714285714286,0.026785714285714284,0.005089058524173028,4.2,4.2,0
2019,16,826,5,71,19.0,20.0,5,9,7.0,8.0,1.8035714285714286,0.026785714285714284,0.005089058524173028,1.2,1.2,0
2019,17,826,5,22,14.0,14.0,5,9,4.0,4.0,1.8035714285714286,0.026785714285714284,0.005089058524173028,1.4,1.4,0
2019,18,826,5,32,9.0,9.0,5,9,-2.0,-2.0,1.8035714285714286,0.026785714285714284,0.005089058524173028,0.2,0.2,0
2019,19,826,5,69,13.0,13.0,5,9,1.0,1.0,1.8035714285714286,0.026785714285714284,0.005089058524173028,0.2,0.2,0
2019,20,826,5,18,16.0,16.0,5,9,6.0,6.0,1.8035714285714286,0.026785714285714284,0.005089058524173028,0.4,0.4,0
2019,21,826,5,24,13.0,14.0,5,9,4.0,5.0,1.8035714285714286,0.026785714285714284,0.005089058524173028,0.8,0.8,0
2019,13,842,5,13,13.0,16.0,2,9,4.0,7.0,2.6042780748663104,0.03208556149732621,0.005089058524173028,5.6,1.0,0
2019,14,842,5,14,17.0,15.0,2,9,6.0,4.0,2.6042780748663104,0.03208556149732621,0.005089058524173028,4.4,1.0,0
2019,15,842,5,15,11.0,12.0,2,9,3.0,4.0,2.6042780748663104,0.03208556149732621,0.005089058524173028,2.8,1.8,0
2019,16,842,5,71,16.0,11.0,2,9,2.0,-3.0,2.6042780748663104,0.03208556149732621,0.005089058524173028,2.8,1.6,0
2019,17,842,5,22,9.0,9.0,2,9,2.0,2.0,2.6042780748663104,0.03208556149732621,0.005089058524173028,2.4,2.4,0
2019,18,842,5,32,10.0,10.0,2,9,1.0,1.0,2.6042780748663104,0.03208556149732621,0.005089058524173028,2.4,2.4,0
2019,19,842,5,69,10.0,10.0,2,9,-6.0,-6.0,2.6042780748663104,0.03208556149732621,0.005089058524173028,2.4,2.4,0
2019,20,842,5,18,6.0,7.0,2,9,4.0,5.0,2.6042780748663104,0.03208556149732621,0.005089058524173028,5.2,5.2,1
2019,21,842,5,24,11.0,12.0,2,9,-7.0,-6.0,2.6042780748663104,0.03208556149732621,0.005089058524173028,5.2,5.2,0
2019,1,848,5,1,13.0,13.0,0,9,-1.0,-1.0,2.260869565217391,0.014492753623188406,0.005089058524173028,0.0,4.0,0
2019,2,848,5,3,12.0,12.0,0,9,3.0,3.0,2.260869565217391,0.014492753623188406,0.005089058524173028,1.0,4.0,0
2019,4,848,5,73,11.0,12.0,0,9,0.0,1.0,2.260869565217391,0.014492753623188406,0.005089058524173028,0.6666666666666666,4.0,0
2019,5,848,5,4,11.0,12.0,0,9,0.0,1.0,2.260869565217391,0.014492753623188406,0.005089058524173028,0.5,0.4,0
2019,6,848,5,6,10.0,10.0,0,9,2.0,2.0,2.260869565217391,0.014492753623188406,0.005089058524173028,1.2,1.2,0
2019,7,848,5,7,13.0,14.0,0,9,-6.0,-5.0,2.260869565217391,0.014492753623188406,0.005089058524173028,1.2,1.2,0
2019,8,848,5,34,11.0,11.0,0,9,-4.0,-4.0,2.260869565217391,0.014492753623188406,0.005089058524173028,0.8,0.8,0
2019,9,848,5,70,18.0,13.0,0,9,3.0,-2.0,2.260869565217391,0.014492753623188406,0.005089058524173028,0.8,0.8,0
2019,10,848,5,9,9.0,9.0,0,9,-3.0,-3.0,2.260869565217391,0.014492753623188406,0.005089058524173028,0.8,0.8,0
2019,11,848,5,10,16.0,17.0,0,9,10.0,11.0,2.260869565217391,0.014492753623188406,0.005089058524173028,1.6,1.6,0
2019,12,848,5,11,12.0,12.0,0,9,2.0,2.0,2.260869565217391,0.014492753623188406,0.005089058524173028,1.8,1.8,0
2010,1,4,6,3,3.0,3.0,0,0,2.0,2.0,6.033670033670034,0.17845117845117844,0.3200589970501475,25.0,25.0,1
2010,2,4,6,1,3.0,3.0,0,0,-1.0,-1.0,6.033670033670034,0.17845117845117844,0.3200589970501475,18.5,18.5,0
2010,3,4,6,2,19.0,19.0,0,0,6.0,6.0,6.033670033670034,0.17845117845117844,0.3200589970501475,12.333333333333334,12.333333333333334,0
2010,4,4,6,17,3.0,3.0,0,0,-1.0,-1.0,6.033670033670034,0.17845117845117844,0.3200589970501475,12.25,12.25,0
2010,5,4,6,4,4.0,4.0,0,0,2.0,2.0,6.033670033670034,0.17845117845117844,0.3200589970501475,13.4,13.4,1
2010,6,4,6,6,24.0,24.0,0,0,18.0,18.0,6.033670033670034,0.17845117845117844,0.3200589970501475,10.0,10.0,0
2010,7,4,6,5,12.0,12.0,0,0,4.0,4.0,6.033670033670034,0.17845117845117844,0.3200589970501475,8.4,8.4,0
2010,8,4,6,7,3.0,4.0,0,0,0.0,1.0,6.033670033670034,0.17845117845117844,0.3200589970501475,11.4,11.4,1
2010,9,4,6,12,4.0,4.0,0,0,-4.0,-4.0,6.033670033670034,0.17845117845117844,0.3200589970501475,9.8,9.8,0
2010,10,4,6,9,3.0,3.0,0,0,-11.0,-11.0,6.033670033670034,0.17845117845117844,0.3200589970501475,6.2,6.2,0
2010,11,4,6,10,2.0,2.0,0,0,1.0,1.0,6.033670033670034,0.17845117845117844,0.3200589970501475,9.6,9.6,1
2010,12,4,6,11,3.0,3.0,0,0,1.0,1.0,6.033670033670034,0.17845117845117844,0.3200589970501475,12.4,12.4,1
2010,13,4,6,13,10.0,10.0,0,0,-11.0,-11.0,6.033670033670034,0.17845117845117844,0.3200589970501475,9.4,9.4,0
2010,14,4,6,14,1.0,1.0,0,0,0.0,0.0,6.033670033670034,0.17845117845117844,0.3200589970501475,13.6,13.6,1
2010,15,4,6,15,1.0,1.0,0,0,0.0,0.0,6.033670033670034,0.17845117845117844,0.3200589970501475,18.6,18.6,1
2010,16,4,6,22,4.0,5.0,0,0,1.0,2.0,6.033670033670034,0.17845117845117844,0.3200589970501475,16.6,16.6,1
2010,17,4,6,35,3.0,3.0,0,0,2.0,2.0,6.033670033670034,0.17845117845117844,0.3200589970501475,18.0,18.0,1
2010,18,4,6,18,5.0,5.0,0,0,2.0,2.0,6.033670033670034,0.17845117845117844,0.3200589970501475,21.0,21.0,1
2010,19,4,6,24,3.0,3.0,0,0,-4.0,-4.0,6.033670033670034,0.17845117845117844,0.3200589970501475,17.2,17.2,0
2010,1,13,6,3,2.0,2.0,0,0,0.0,0.0,5.464516129032258,0.08387096774193549,0.3200589970501475,18.0,15.8,1
2010,2,13,6,1,5.0,5.0,0,0,2.0,2.0,5.464516129032258,0.08387096774193549,0.3200589970501475,16.5,15.8,1
2010,3,13,6,2,21.0,21.0,0,0,14.0,14.0,5.464516129032258,0.08387096774193549,0.3200589970501475,13.0,12.0,0
2010,4,13,6,17,7.0,7.0,0,0,-2.0,-2.0,5.464516129032258,0.08387096774193549,0.3200589970501475,10.25,9.4,0
2010,5,13,6,4,9.0,9.0,0,0,3.0,3.0,5.464516129032258,0.08387096774193549,0.3200589970501475,9.8,9.8,0
2010,6,13,6,6,4.0,4.0,0,0,0.0,0.0,5.464516129032258,0.08387096774193549,0.3200589970501475,8.6,8.6,0
2010,7,13,6,5,8.0,8.0,0,0,1.0,1.0,5.464516129032258,0.08387096774193549,0.3200589970501475,6.8,6.8,0
2010,8,13,6,7,6.0,7.0,0,0,-9.0,-8.0,5.464516129032258,0.08387096774193549,0.3200589970501475,5.6,5.6,0
2010,9,13,6,12,5.0,5.0,0,0,-6.0,-6.0,5.464516129032258,0.08387096774193549,0.3200589970501475,5.2,5.2,0
2010,10,13,6,9,7.0,7.0,0,0,-8.0,-8.0,5.464516129032258,0.08387096774193549,0.3200589970501475,3.6,3.6,0
2010,11,13,6,10,3.0,3.0,0,0,1.0,1.0,5.464516129032258,0.08387096774193549,0.3200589970501475,4.8,4.8,1
2010,12,13,6,11,4.0,4.0,0,0,0.0,0.0,5.464516129032258,0.08387096774193549,0.3200589970501475,6.0,6.0,0
2010,13,13,6,13,6.0,6.0,0,0,2.0,2.0,5.464516129032258,0.08387096774193549,0.3200589970501475,8.4,8.4,0
2010,14,13,6,14,3.0,3.0,0,0,0.0,0.0,5.464516129032258,0.08387096774193549,0.3200589970501475,11.4,11.4,1
2010,15,13,6,15,24.0,24.0,0,0,16.0,16.0,5.464516129032258,0.08387096774193549,0.3200589970501475,12.2,12.2,0
2010,16,13,6,22,12.0,12.0,0,0,-9.0,-9.0,5.464516129032258,0.08387096774193549,0.3200589970501475,8.6,8.6,0
2010,17,13,6,35,6.0,6.0,0,0,3.0,3.0,5.464516129032258,0.08387096774193549,0.3200589970501475,9.2,9.2,1
2010,18,13,6,18,9.0,9.0,0,0,-6.0,-6.0,5.464516129032258,0.08387096774193549,0.3200589970501475,6.8,6.8,0
2010,19,13,6,24,6.0,6.0,0,0,-4.0,-4.0,5.464516129032258,0.08387096774193549,0.3200589970501475,4.0,4.0,0
2011,1,4,6,1,5.0,5.0,1,1,1.0,1.0,6.033670033670034,0.17845117845117844,0.3200589970501475,14.6,5.6,0
2011,2,4,6,2,5.0,5.0,1,1,-1.0,-1.0,6.033670033670034,0.17845117845117844,0.3200589970501475,13.2,7.2,0
2011,3,4,6,17,5.0,5.0,1,1,-2.0,-2.0,6.033670033670034,0.17845117845117844,0.3200589970501475,9.4,5.4,0
2011,4,4,6,5,5.0,5.0,1,1,2.0,2.0,6.033670033670034,0.17845117845117844,0.3200589970501475,9.4,8.4,1
2011,5,4,6,4,4.0,4.0,1,1,-1.0,-1.0,6.033670033670034,0.17845117845117844,0.3200589970501475,10.2,10.2,0
2011,6,4,6,6,4.0,4.0,1,1,2.0,2.0,6.033670033670034,0.17845117845117844,0.3200589970501475,11.4,11.4,1
2011,7,4,6,7,2.0,2.0,1,1,-20.0,-20.0,6.033670033670034,0.17845117845117844,0.3200589970501475,9.8,9.8,0
2011,8,4,6,12,4.0,4.0,1,1,2.0,2.0,6.033670033670034,0.17845117845117844,0.3200589970501475,12.2,12.2,1
2011,9,4,6,9,3.0,3.0,1,1,2.0,2.0,6.033670033670034,0.17845117845117844,0.3200589970501475,14.2,14.2,1
2011,10,4,6,20,4.0,4.0,1,1,2.0,2.0,6.033670033670034,0.17845117845117844,0.3200589970501475,15.8,15.8,1
2011,11,4,6,11,5.0,5.0,1,1,2.0,2.0,6.033670033670034,0.17845117845117844,0.3200589970501475,15.2,15.2,1
2011,12,4,6,13,8.0,8.0,1,1,4.0,4.0,6.033670033670034,0.17845117845117844,0.3200589970501475,17.6,17.6,0
2011,13,4,6,14,4.0,4.0,1,1,1.0,1.0,6.033670033670034,0.17845117845117844,0.3200589970501475,17.0,17.0,1
2011,14,4,6,15,5.0,5.0,1,1,1.0,1.0,6.033670033670034,0.17845117845117844,0.3200589970501475,14.4,14.4,0
2011,15,4,6,22,5.0,5.0,1,1,3.0,3.0,6.033670033670034,0.17845117845117844,0.3200589970501475,14.4,14.4,1
2011,16,4,6,35,6.0,6.0,1,1,1.0,1.0,6.033670033670034,0.17845117845117844,0.3200589970501475,13.4,13.4,0
2011,17,4,6,68,3.0,4.0,1,1,0.0,1.0,6.033670033670034,0.17845117845117844,0.3200589970501475,14.0,14.0,1
2011,18,4,6,24,5.0,5.0,1,1,3.0,3.0,6.033670033670034,0.17845117845117844,0.3200589970501475,14.6,14.6,1
2011,19,4,6,18,5.0,5.0,1,1,1.0,1.0,6.033670033670034,0.17845117845117844,0.3200589970501475,14.6,14.6,0
2011,1,13,6,1,8.0,8.0,1,1,1.0,1.0,5.464516129032258,0.08387096774193549,0.3200589970501475,4.4,12.2,0
2011,2,13,6,2,7.0,7.0,1,1,2.0,2.0,5.464516129032258,0.08387096774193549,0.3200589970501475,6.4,12.2,0
2011,3,13,6,17,6.0,6.0,1,1,0.0,0.0,5.464516129032258,0.08387096774193549,0.3200589970501475,5.0,10.8,0
2011,4,13,6,5,10.0,10.0,1,1,-1.0,-1.0,5.464516129032258,0.08387096774193549,0.3200589970501475,5.0,7.2,0
2011,5,13,6,4,8.0,8.0,1,1,-14.0,-14.0,5.464516129032258,0.08387096774193549,0.3200589970501475,4.8,4.8,0
2011,6,13,6,6,6.0,6.0,1,1,-15.0,-15.0,5.464516129032258,0.08387096774193549,0.3200589970501475,3.6,3.6,0
2011,7,13,6,7,3.0,3.0,1,1,-3.0,-3.0,5.464516129032258,0.08387096774193549,0.3200589970501475,3.2,3.2,0
2011,8,13,6,12,5.0,5.0,1,1,0.0,0.0,5.464516129032258,0.08387096774193549,0.3200589970501475,3.6,3.6,0
2011,9,13,6,9,4.0,4.0,1,1,-1.0,-1.0,5.464516129032258,0.08387096774193549,0.3200589970501475,5.6,5.6,0
2011,10,13,6,20,5.0,5.0,1,1,0.0,0.0,5.464516129032258,0.08387096774193549,0.3200589970501475,7.6,7.6,0
2011,11,13,6,11,4.0,4.0,1,1,-2.0,-2.0,5.464516129032258,0.08387096774193549,0.3200589970501475,9.2,9.2,0
2011,12,13,6,13,4.0,4.0,1,1,-4.0,-4.0,5.464516129032258,0.08387096774193549,0.3200589970501475,8.4,8.4,0
2011,13,13,6,14,6.0,6.0,1,1,0.0,0.0,5.464516129032258,0.08387096774193549,0.3200589970501475,8.0,8.0,0
2011,14,13,6,15,6.0,6.0,1,1,-3.0,-3.0,5.464516129032258,0.08387096774193549,0.3200589970501475,6.4,6.4,0
2011,15,13,6,22,4.0,4.0,1,1,-3.0,-3.0,5.464516129032258,0.08387096774193549,0.3200589970501475,5.6,5.6,0
2011,16,13,6,35,5.0,5.0,1,1,-1.0,-1.0,5.464516129032258,0.08387096774193549,0.3200589970501475,5.6,5.6,0
2011,17,13,6,68,6.0,6.0,1,1,-14.0,-14.0,5.464516129032258,0.08387096774193549,0.3200589970501475,4.8,4.8,0
2011,18,13,6,24,6.0,6.0,1,1,1.0,1.0,5.464516129032258,0.08387096774193549,0.3200589970501475,5.2,5.2,0
2011,19,13,6,18,7.0,7.0,1,1,2.0,2.0,5.464516129032258,0.08387096774193549,0.3200589970501475,6.8,6.8,0
2012,1,4,6,1,12.0,12.0,2,2,7.0,7.0,6.033670033670034,0.17845117845117844,0.3200589970501475,13.0,7.6,0
2012,2,4,6,2,8.0,9.0,2,2,7.0,8.0,6.033670033670034,0.17845117845117844,0.3200589970501475,16.0,11.0,1
2012,3,4,6,17,9.0,9.0,2,2,0.0,0.0,6.033670033670034,0.17845117845117844,0.3200589970501475,13.4,11.4,0
2012,4,4,6,3,9.0,9.0,2,2,2.0,2.0,6.033670033670034,0.17845117845117844,0.3200589970501475,11.0,10.6,0
2012,5,4,6,4,2.0,3.0,2,2,0.0,1.0,6.033670033670034,0.17845117845117844,0.3200589970501475,12.2,12.2,1
2012,6,4,6,6,5.0,6.0,2,2,2.0,3.0,6.033670033670034,0.17845117845117844,0.3200589970501475,13.2,13.2,1
2012,7,4,6,7,3.0,3.0,2,2,-2.0,-2.0,6.033670033670034,0.17845117845117844,0.3200589970501475,10.2,10.2,0
2012,8,4,6,12,11.0,11.0,2,2,10.0,10.0,6.033670033670034,0.17845117845117844,0.3200589970501475,14.8,14.8,1
2012,9,4,6,9,1.0,1.0,2,2,-1.0,-1.0,6.033670033670034,0.17845117845117844,0.3200589970501475,17.2,17.2,1
2012,10,4,6,10,1.0,1.0,2,2,0.0,0.0,6.033670033670034,0.17845117845117844,0.3200589970501475,18.6,18.6,1
2012,11,4,6,11,6.0,6.0,2,2,1.0,1.0,6.033670033670034,0.17845117845117844,0.3200589970501475,17.6,17.6,0
2012,12,4,6,13,5.0,6.0,2,2,-17.0,-16.0,6.033670033670034,0.17845117845117844,0.3200589970501475,15.6,15.6,0
2012,13,4,6,14,10.0,10.0,2,2,7.0,7.0,6.033670033670034,0.17845117845117844,0.3200589970501475,13.6,13.6,1
2012,14,4,6,15,5.0,5.0,2,2,2.0,2.0,6.033670033670034,0.17845117845117844,0.3200589970501475,13.0,13.0,1
2012,15,4,6,22,6.0,7.0,2,2,-17.0,-16.0,6.033670033670034,0.17845117845117844,0.3200589970501475,8.0,8.0,0
2012,16,4,6,35,4.0,4.0,2,2,1.0,1.0,6.033670033670034,0.17845117845117844,0.3200589970501475,9.0,9.0,1
2012,17,4,6,68,5.0,5.0,2,2,3.0,3.0,6.033670033670034,0.17845117845117844,0.3200589970501475,12.6,12.6,1
2012,18,4,6,24,6.0,7.0,2,2,4.0,5.0,6.033670033670034,0.17845117845117844,0.3200589970501475,13.2,13.2,1
2012,19,4,6,69,7.0,9.0,2,2,4.0,6.0,6.033670033670034,0.17845117845117844,0.3200589970501475,13.2,13.2,1
2012,20,4,6,18,7.0,8.0,2,2,5.0,6.0,6.033670033670034,0.17845117845117844,0.3200589970501475,16.8,16.8,1
2012,1,13,6,1,16.0,16.0,2,2,-1.0,-1.0,5.464516129032258,0.08387096774193549,0.3200589970501475,5.6,13.8,0
2012,2,13,6,2,12.0,12.0,2,2,-3.0,-3.0,5.464516129032258,0.08387096774193549,0.3200589970501475,4.0,10.2,0
2012,3,13,6,17,12.0,12.0,2,2,-1.0,-1.0,5.464516129032258,0.08387096774193549,0.3200589970501475,4.0,6.6,0
2012,4,13,6,3,14.0,14.0,2,2,5.0,5.0,5.464516129032258,0.08387096774193549,0.3200589970501475,2.4,4.0,0
2012,5,13,6,4,16.0,17.0,2,2,1.0,2.0,5.464516129032258,0.08387096774193549,0.3200589970501475,0.4,0.4,0
2012,6,13,6,6,7.0,7.0,2,2,1.0,1.0,5.464516129032258,0.08387096774193549,0.3200589970501475,2.0,2.0,0
2012,7,13,6,7,6.0,6.0,2,2,-4.0,-4.0,5.464516129032258,0.08387096774193549,0.3200589970501475,2.2,2.2,0
2012,8,13,6,12,13.0,13.0,2,2,-3.0,-3.0,5.464516129032258,0.08387096774193549,0.3200589970501475,2.2,2.2,0
2012,9,13,6,9,5.0,5.0,2,2,1.0,1.0,5.464516129032258,0.08387096774193549,0.3200589970501475,4.2,4.2,0
2012,10,13,6,10,13.0,14.0,2,2,1.0,2.0,5.464516129032258,0.08387096774193549,0.3200589970501475,4.2,4.2,0
2012,11,13,6,11,7.0,7.0,2,2,-2.0,-2.0,5.464516129032258,0.08387096774193549,0.3200589970501475,3.0,3.0,0
2012,12,13,6,13,14.0,14.0,2,2,9.0,9.0,5.464516129032258,0.08387096774193549,0.3200589970501475,4.8,4.8,0
2012,13,13,6,14,3.0,3.0,2,2,-1.0,-1.0,5.464516129032258,0.08387096774193549,0.3200589970501475,7.2,7.2,0
2012,14,13,6,15,13.0,13.0,2,2,5.0,5.0,5.464516129032258,0.08387096774193549,0.3200589970501475,5.6,5.6,0
2012,15,13,6,22,10.0,11.0,2,2,8.0,9.0,5.464516129032258,0.08387096774193549,0.3200589970501475,9.2,9.2,1
2012,16,13,6,35,6.0,6.0,2,2,2.0,2.0,5.464516129032258,0.08387096774193549,0.3200589970501475,11.2,11.2,0
2012,17,13,6,68,6.0,6.0,2,2,0.0,0.0,5.464516129032258,0.08387096774193549,0.3200589970501475,10.8,10.8,0
2012,18,13,6,24,8.0,9.0,2,2,1.0,2.0,5.464516129032258,0.08387096774193549,0.3200589970501475,9.6,9.6,0
2012,19,13,6,69,11.0,7.0,2,2,7.0,3.0,5.464516129032258,0.08387096774193549,0.3200589970501475,11.2,11.2,0
2012,20,13,6,18,5.0,5.0,2,2,2.0,2.0,5.464516129032258,0.08387096774193549,0.3200589970501475,10.6,10.6,1
2013,1,4,6,1,5.0,5.0,3,3,3.0,3.0,6.033670033670034,0.17845117845117844,0.3200589970501475,17.4,11.8,1
2013,2,4,6,2,3.0,3.0,3,3,-19.0,-19.0,6.033670033670034,0.17845117845117844,0.3200589970501475,13.8,10.2,0
2013,3,4,6,17,3.0,3.0,3,3,2.0,2.0,6.033670033670034,0.17845117845117844,0.3200589970501475,15.2,14.0,1
2013,4,4,6,3,3.0,3.0,3,3,-5.0,-5.0,6.033670033670034,0.17845117845117844,0.3200589970501475,13.0,12.4,0
2013,5,4,6,4,5.0,5.0,3,3,4.0,4.0,6.033670033670034,0.17845117845117844,0.3200589970501475,14.4,14.4,1
2013,6,4,6,6,6.0,6.0,3,3,-1.0,-1.0,6.033670033670034,0.17845117845117844,0.3200589970501475,12.0,12.0,0
2013,7,4,6,7,6.0,6.0,3,3,4.0,4.0,6.033670033670034,0.17845117845117844,0.3200589970501475,15.6,15.6,1
2013,8,4,6,9,9.0,10.0,3,3,6.0,7.0,6.033670033670034,0.17845117845117844,0.3200589970501475,13.6,13.6,1
2013,9,4,6,20,8.0,8.0,3,3,4.0,4.0,6.033670033670034,0.17845117845117844,0.3200589970501475,15.2,15.2,0
2013,10,4,6,11,5.0,5.0,3,3,0.0,0.0,6.033670033670034,0.17845117845117844,0.3200589970501475,12.2,12.2,0
2013,11,4,6,13,9.0,9.0,3,3,7.0,7.0,6.033670033670034,0.17845117845117844,0.3200589970501475,14.6,14.6,1
2013,12,4,6,14,5.0,5.0,3,3,3.0,3.0,6.033670033670034,0.17845117845117844,0.3200589970501475,14.6,14.6,1
2013,13,4,6,15,7.0,7.0,3,3,5.0,5.0,6.033670033670034,0.17845117845117844,0.3200589970501475,15.2,15.2,1
2013,14,4,6,35,5.0,6.0,3,3,-1.0,0.0,6.033670033670034,0.17845117845117844,0.3200589970501475,14.4,14.4,0
2013,15,4,6,22,8.0,8.0,3,3,4.0,4.0,6.033670033670034,0.17845117845117844,0.3200589970501475,14.8,14.8,0
2013,16,4,6,68,8.0,8.0,3,3,-3.0,-3.0,6.033670033670034,0.17845117845117844,0.3200589970501475,11.2,11.2,0
2013,17,4,6,24,10.0,11.0,3,3,5.0,6.0,6.033670033670034,0.17845117845117844,0.3200589970501475,9.6,9.6,0
2013,18,4,6,69,6.0,6.0,3,3,1.0,1.0,6.033670033670034,0.17845117845117844,0.3200589970501475,8.0,8.0,0
2013,19,4,6,18,3.0,3.0,3,3,0.0,0.0,6.033670033670034,0.17845117845117844,0.3200589970501475,9.4,9.4,1
2013,1,13,6,1,4.0,4.0,3,3,0.0,0.0,5.464516129032258,0.08387096774193549,0.3200589970501475,10.6,9.4,0
2013,2,13,6,2,2.0,2.0,3,3,-3.0,-3.0,5.464516129032258,0.08387096774193549,0.3200589970501475,11.0,11.4,0
2013,3,13,6,17,5.0,5.0,3,3,-1.0,-1.0,5.464516129032258,0.08387096774193549,0.3200589970501475,11.4,11.0,0
2013,4,13,6,3,4.0,6.0,3,3,-11.0,-9.0,5.464516129032258,0.08387096774193549,0.3200589970501475,9.0,9.0,0
2013,5,13,6,4,9.0,6.0,3,3,6.0,3.0,5.464516129032258,0.08387096774193549,0.3200589970501475,9.0,9.0,1
2013,6,13,6,6,21.0,22.0,3,3,0.0,1.0,5.464516129032258,0.08387096774193549,0.3200589970501475,6.6,6.6,0
2013,7,13,6,7,16.0,16.0,3,3,8.0,8.0,5.464516129032258,0.08387096774193549,0.3200589970501475,5.4,5.4,0
2013,8,13,6,9,11.0,12.0,3,3,5.0,6.0,5.464516129032258,0.08387096774193549,0.3200589970501475,5.4,5.4,0
2013,9,13,6,20,7.0,7.0,3,3,-15.0,-15.0,5.464516129032258,0.08387096774193549,0.3200589970501475,5.4,5.4,0
2013,10,13,6,11,7.0,7.0,3,3,-1.0,-1.0,5.464516129032258,0.08387096774193549,0.3200589970501475,3.2,3.2,0
2013,11,13,6,13,10.0,10.0,3,3,3.0,3.0,5.464516129032258,0.08387096774193549,0.3200589970501475,4.4,4.4,0
2013,12,13,6,14,4.0,4.0,3,3,0.0,0.0,5.464516129032258,0.08387096774193549,0.3200589970501475,6.0,6.0,0
2013,13,13,6,15,6.0,6.0,3,3,0.0,0.0,5.464516129032258,0.08387096774193549,0.3200589970501475,6.0,6.0,0
2013,14,13,6,35,6.0,7.0,3,3,-3.0,-2.0,5.464516129032258,0.08387096774193549,0.3200589970501475,6.4,6.4,0
2013,15,13,6,22,5.0,5.0,3,3,-5.0,-5.0,5.464516129032258,0.08387096774193549,0.3200589970501475,5.8,5.8,0
2013,16,13,6,68,5.0,5.0,3,3,1.0,1.0,5.464516129032258,0.08387096774193549,0.3200589970501475,7.0,7.0,0
2013,17,13,6,24,7.0,8.0,3,3,-1.0,0.0,5.464516129032258,0.08387096774193549,0.3200589970501475,5.4,5.4,0
2013,18,13,6,69,13.0,15.0,3,3,0.0,2.0,5.464516129032258,0.08387096774193549,0.3200589970501475,3.8,3.8,0
2013,19,13,6,18,9.0,9.0,3,3,2.0,2.0,5.464516129032258,0.08387096774193549,0.3200589970501475,4.6,4.6,0
2014,1,4,6,1,5.0,5.0,4,4,1.0,1.0,6.033670033670034,0.17845117845117844,0.3200589970501475,9.4,6.8,0
2014,2,4,6,2,4.0,4.0,4,4,0.0,0.0,6.033670033670034,0.17845117845117844,0.3200589970501475,11.8,6.8,0
2014,3,4,6,3,9.0,10.0,4,4,0.0,1.0,6.033670033670034,0.17845117845117844,0.3200589970501475,10.2,6.4,0
2014,4,4,6,17,5.0,5.0,4,4,2.0,2.0,6.033670033670034,0.17845117845117844,0.3200589970501475,11.2,9.4,1
2014,5,4,6,4,7.0,7.0,4,4,1.0,1.0,6.033670033670034,0.17845117845117844,0.3200589970501475,9.8,9.8,0
2014,6,4,6,6,5.0,5.0,4,4,1.0,1.0,6.033670033670034,0.17845117845117844,0.3200589970501475,9.8,9.8,0
2014,7,4,6,7,7.0,7.0,4,4,1.0,1.0,6.033670033670034,0.17845117845117844,0.3200589970501475,9.0,9.0,0
2014,8,4,6,70,4.0,4.0,4,4,-1.0,-1.0,6.033670033670034,0.17845117845117844,0.3200589970501475,10.6,10.6,0
2014,9,4,6,9,16.0,19.0,4,4,10.0,13.0,6.033670033670034,0.17845117845117844,0.3200589970501475,9.2,9.2,0
2014,10,4,6,10,7.0,7.0,4,4,2.0,2.0,6.033670033670034,0.17845117845117844,0.3200589970501475,9.6,9.6,0
2014,11,4,6,11,5.0,5.0,4,4,3.0,3.0,6.033670033670034,0.17845117845117844,0.3200589970501475,10.8,10.8,1
2014,12,4,6,13,4.0,4.0,4,4,-3.0,-3.0,6.033670033670034,0.17845117845117844,0.3200589970501475,10.4,10.4,0
2014,13,4,6,14,7.0,7.0,4,4,-14.0,-14.0,6.033670033670034,0.17845117845117844,0.3200589970501475,8.4,8.4,0
2014,14,4,6,15,5.0,5.0,4,4,1.0,1.0,6.033670033670034,0.17845117845117844,0.3200589970501475,9.2,9.2,0
2014,15,4,6,22,5.0,5.0,4,4,-17.0,-17.0,6.033670033670034,0.17845117845117844,0.3200589970501475,7.2,7.2,0
2014,16,4,6,71,7.0,8.0,4,4,1.0,2.0,6.033670033670034,0.17845117845117844,0.3200589970501475,5.2,5.2,0
2014,17,4,6,69,6.0,6.0,4,4,0.0,0.0,6.033670033670034,0.17845117845117844,0.3200589970501475,5.6,5.6,0
2014,18,4,6,18,8.0,8.0,4,4,2.0,2.0,6.033670033670034,0.17845117845117844,0.3200589970501475,7.2,7.2,0
2014,19,4,6,24,8.0,8.0,4,4,-1.0,-1.0,6.033670033670034,0.17845117845117844,0.3200589970501475,5.6,5.6,0
2014,1,8,6,1,11.0,12.0,2,4,4.0,5.0,6.635897435897436,0.21025641025641026,0.3200589970501475,8.0,6.8,0
2014,2,8,6,2,6.0,6.0,2,4,-6.0,-6.0,6.635897435897436,0.21025641025641026,0.3200589970501475,4.4,5.2,0
2014,3,8,6,3,5.0,6.0,2,4,-5.0,-4.0,6.635897435897436,0.21025641025641026,0.3200589970501475,2.6,3.8,0
2014,4,8,6,17,11.0,11.0,2,4,3.0,3.0,6.635897435897436,0.21025641025641026,0.3200589970501475,2.2,3.0,0
2014,5,8,6,4,6.0,6.0,2,4,-1.0,-1.0,6.635897435897436,0.21025641025641026,0.3200589970501475,3.4,3.4,0
2014,6,8,6,6,6.0,6.0,2,4,-6.0,-6.0,6.635897435897436,0.21025641025641026,0.3200589970501475,2.2,2.2,0
2014,7,8,6,7,10.0,10.0,2,4,0.0,0.0,6.635897435897436,0.21025641025641026,0.3200589970501475,2.4,2.4,0
2014,8,8,6,70,8.0,8.0,2,4,-2.0,-2.0,6.635897435897436,0.21025641025641026,0.3200589970501475,2.4,2.4,0
2014,9,8,6,9,18.0,20.0,2,4,-4.0,-2.0,6.635897435897436,0.21025641025641026,0.3200589970501475,1.6,1.6,0
2014,10,8,6,10,12.0,12.0,2,4,1.0,1.0,6.635897435897436,0.21025641025641026,0.3200589970501475,0.4,0.4,0
2014,11,8,6,11,16.0,17.0,2,4,10.0,11.0,6.635897435897436,0.21025641025641026,0.3200589970501475,2.0,2.0,0
2014,12,8,6,13,8.0,8.0,2,4,4.0,4.0,6.635897435897436,0.21025641025641026,0.3200589970501475,4.2,4.2,0
2014,13,8,6,14,11.0,12.0,2,4,2.0,3.0,6.635897435897436,0.21025641025641026,0.3200589970501475,4.4,4.4,0
2014,14,8,6,15,7.0,7.0,2,4,-1.0,-1.0,6.635897435897436,0.21025641025641026,0.3200589970501475,5.2,5.2,0
2014,15,8,6,22,10.0,10.0,2,4,-2.0,-2.0,6.635897435897436,0.21025641025641026,0.3200589970501475,5.2,5.2,0
2014,16,8,6,71,8.0,9.0,2,4,-1.0,0.0,6.635897435897436,0.21025641025641026,0.3200589970501475,4.0,4.0,0
2014,17,8,6,69,8.0,9.0,2,4,-5.0,-4.0,6.635897435897436,0.21025641025641026,0.3200589970501475,1.6,1.6,0
2014,18,8,6,18,10.0,10.0,2,4,3.0,3.0,6.635897435897436,0.21025641025641026,0.3200589970501475,2.4,2.4,0
2014,19,8,6,24,7.0,7.0,2,4,-3.0,-3.0,6.635897435897436,0.21025641025641026,0.3200589970501475,2.0,2.0,0
2015,1,8,6,1,5.0,5.0,3,5,-7.0,-7.0,6.635897435897436,0.21025641025641026,0.3200589970501475,2.0,2.0,0
2015,2,8,6,2,11.0,11.0,3,5,7.0,7.0,6.635897435897436,0.21025641025641026,0.3200589970501475,4.0,4.0,0
2015,3,8,6,17,6.0,6.0,3,5,2.0,2.0,6.635897435897436,0.21025641025641026,0.3200589970501475,6.4,6.4,0
2015,4,8,6,3,4.0,4.0,3,5,2.0,2.0,6.635897435897436,0.21025641025641026,0.3200589970501475,8.8,8.8,1
2015,5,8,6,4,7.0,7.0,3,5,2.0,2.0,6.635897435897436,0.21025641025641026,0.3200589970501475,10.4,10.4,0
2015,6,8,6,6,6.0,6.0,3,5,0.0,0.0,6.635897435897436,0.21025641025641026,0.3200589970501475,12.0,12.0,0
2015,7,8,6,7,3.0,3.0,3,5,-1.0,-1.0,6.635897435897436,0.21025641025641026,0.3200589970501475,12.0,12.0,0
2015,8,8,6,70,14.0,18.0,3,5,-5.0,-1.0,6.635897435897436,0.21025641025641026,0.3200589970501475,9.6,9.6,0
2015,9,8,6,9,5.0,5.0,3,5,-3.0,-3.0,6.635897435897436,0.21025641025641026,0.3200589970501475,6.8,6.8,0
2015,10,8,6,11,5.0,5.0,3,5,-13.0,-13.0,6.635897435897436,0.21025641025641026,0.3200589970501475,4.8,4.8,0
2015,11,8,6,13,16.0,14.0,3,5,9.0,7.0,6.635897435897436,0.21025641025641026,0.3200589970501475,4.4,4.4,0
2015,12,8,6,14,2.0,2.0,3,5,-3.0,-3.0,6.635897435897436,0.21025641025641026,0.3200589970501475,4.0,4.0,0
2015,13,8,6,15,3.0,3.0,3,5,0.0,0.0,6.635897435897436,0.21025641025641026,0.3200589970501475,7.0,7.0,1
2015,14,8,6,22,6.0,6.0,3,5,2.0,2.0,6.635897435897436,0.21025641025641026,0.3200589970501475,8.6,8.6,0
2015,15,8,6,71,5.0,5.0,3,5,-3.0,-3.0,6.635897435897436,0.21025641025641026,0.3200589970501475,9.4,9.4,0
2015,16,8,6,69,18.0,8.0,3,5,2.0,-8.0,6.635897435897436,0.21025641025641026,0.3200589970501475,8.2,8.2,0
2015,17,8,6,32,19.0,15.0,3,5,0.0,-4.0,6.635897435897436,0.21025641025641026,0.3200589970501475,6.2,6.2,0
2015,18,8,6,18,4.0,5.0,3,5,0.0,1.0,6.635897435897436,0.21025641025641026,0.3200589970501475,5.6,5.6,0
2015,19,8,6,24,3.0,3.0,3,5,0.0,0.0,6.635897435897436,0.21025641025641026,0.3200589970501475,6.2,6.2,1
2015,1,20,6,1,4.0,4.0,5,5,1.0,1.0,11.58203125,0.44140625,0.3200589970501475,10.0,8.4,1
2015,2,20,6,2,2.0,2.0,5,5,1.0,1.0,11.58203125,0.44140625,0.3200589970501475,12.0,13.4,1
2015,3,20,6,17,3.0,3.0,5,5,0.0,0.0,11.58203125,0.44140625,0.3200589970501475,14.2,16.4,1
2015,4,20,6,3,2.0,2.0,5,5,-3.0,-3.0,11.58203125,0.44140625,0.3200589970501475,15.0,16.0,0
2015,5,20,6,4,3.0,3.0,5,5,0.0,0.0,11.58203125,0.44140625,0.3200589970501475,16.0,16.0,1
2015,6,20,6,6,3.0,3.0,5,5,1.0,1.0,11.58203125,0.44140625,0.3200589970501475,16.6,16.6,1
2015,7,20,6,7,18.0,16.0,5,5,13.0,11.0,11.58203125,0.44140625,0.3200589970501475,13.6,13.6,0
2015,8,20,6,70,3.0,3.0,5,5,-1.0,-1.0,11.58203125,0.44140625,0.3200589970501475,13.0,13.0,0
2015,9,20,6,9,6.0,6.0,5,5,3.0,3.0,11.58203125,0.44140625,0.3200589970501475,14.0,14.0,1
2015,10,20,6,11,3.0,3.0,5,5,2.0,2.0,11.58203125,0.44140625,0.3200589970501475,16.0,16.0,1
2015,11,20,6,13,8.0,9.0,5,5,-4.0,-3.0,11.58203125,0.44140625,0.3200589970501475,12.4,12.4,0
2015,12,20,6,14,3.0,3.0,5,5,1.0,1.0,11.58203125,0.44140625,0.3200589970501475,14.0,14.0,1
2015,13,20,6,15,1.0,1.0,5,5,0.0,0.0,11.58203125,0.44140625,0.3200589970501475,16.6,16.6,1
2015,14,20,6,22,4.0,4.0,5,5,1.0,1.0,11.58203125,0.44140625,0.3200589970501475,16.6,16.6,1
2015,15,20,6,71,4.0,4.0,5,5,2.0,2.0,11.58203125,0.44140625,0.3200589970501475,15.2,15.2,1
2015,16,20,6,69,13.0,5.0,5,5,10.0,2.0,11.58203125,0.44140625,0.3200589970501475,18.2,18.2,1
2015,17,20,6,32,3.0,3.0,5,5,-15.0,-15.0,11.58203125,0.44140625,0.3200589970501475,14.6,14.6,0
2015,18,20,6,18,3.0,3.0,5,5,0.0,0.0,11.58203125,0.44140625,0.3200589970501475,12.6,12.6,1
2015,19,20,6,24,15.0,16.0,5,5,11.0,12.0,11.58203125,0.44140625,0.3200589970501475,12.0,12.0,0
2016,1,8,6,1,4.0,4.0,4,6,-14.0,-14.0,6.635897435897436,0.21025641025641026,0.3200589970501475,5.4,8.4,0
2016,2,8,6,3,4.0,4.0,4,6,2.0,2.0,6.635897435897436,0.21025641025641026,0.3200589970501475,9.0,9.0,1
2016,3,8,6,17,3.0,3.0,4,6,-2.0,-2.0,6.635897435897436,0.21025641025641026,0.3200589970501475,11.0,11.0,0
2016,4,8,6,71,3.0,4.0,4,6,0.0,1.0,6.635897435897436,0.21025641025641026,0.3200589970501475,11.6,11.0,1
2016,5,8,6,4,5.0,5.0,4,6,3.0,3.0,6.635897435897436,0.21025641025641026,0.3200589970501475,12.2,12.2,1
2016,6,8,6,6,11.0,6.0,4,6,-10.0,-15.0,6.635897435897436,0.21025641025641026,0.3200589970501475,12.2,12.2,0
2016,7,8,6,7,6.0,6.0,4,6,0.0,0.0,6.635897435897436,0.21025641025641026,0.3200589970501475,10.2,10.2,0
2016,8,8,6,73,4.0,5.0,4,6,0.0,1.0,6.635897435897436,0.21025641025641026,0.3200589970501475,10.6,10.6,0
2016,9,8,6,70,4.0,6.0,4,6,1.0,3.0,6.635897435897436,0.21025641025641026,0.3200589970501475,10.6,10.6,1
2016,10,8,6,9,5.0,5.0,4,6,0.0,0.0,6.635897435897436,0.21025641025641026,0.3200589970501475,9.0,9.0,0
2016,11,8,6,11,14.0,14.0,4,6,8.0,8.0,6.635897435897436,0.21025641025641026,0.3200589970501475,10.6,10.6,0
2016,12,8,6,10,5.0,5.0,4,6,-1.0,-1.0,6.635897435897436,0.21025641025641026,0.3200589970501475,10.6,10.6,0
2016,13,8,6,13,3.0,3.0,4,6,-6.0,-6.0,6.635897435897436,0.21025641025641026,0.3200589970501475,8.6,8.6,0
2016,14,8,6,14,4.0,4.0,4,6,0.0,0.0,6.635897435897436,0.21025641025641026,0.3200589970501475,8.0,8.0,0
2016,15,8,6,15,5.0,5.0,4,6,1.0,1.0,6.635897435897436,0.21025641025641026,0.3200589970501475,8.4,8.4,0
2016,16,8,6,2,6.0,6.0,4,6,2.0,2.0,6.635897435897436,0.21025641025641026,0.3200589970501475,9.2,9.2,0
2016,17,8,6,22,8.0,3.0,4,6,3.0,-2.0,6.635897435897436,0.21025641025641026,0.3200589970501475,9.6,9.6,0
2016,18,8,6,69,5.0,5.0,4,6,-14.0,-14.0,6.635897435897436,0.21025641025641026,0.3200589970501475,9.2,9.2,0
2016,19,8,6,32,6.0,6.0,4,6,0.0,0.0,6.635897435897436,0.21025641025641026,0.3200589970501475,8.4,8.4,0
2016,20,8,6,18,3.0,3.0,4,6,-17.0,-17.0,6.635897435897436,0.21025641025641026,0.3200589970501475,6.0,6.0,0
2016,21,8,6,24,4.0,4.0,4,6,-2.0,-2.0,6.635897435897436,0.21025641025641026,0.3200589970501475,5.2,5.2,0
2016,1,20,6,1,3.0,3.0,6,6,0.0,0.0,11.58203125,0.44140625,0.3200589970501475,11.4,6.2,1
2016,2,20,6,3,3.0,3.0,6,6,-18.0,-18.0,11.58203125,0.44140625,0.3200589970501475,8.4,6.2,0
2016,3,20,6,17,4.0,4.0,6,6,2.0,2.0,11.58203125,0.44140625,0.3200589970501475,12.0,8.2,1
2016,4,20,6,71,7.0,2.0,6,6,-13.0,-18.0,11.58203125,0.44140625,0.3200589970501475,9.0,8.2,0
2016,5,20,6,4,6.0,6.0,6,6,3.0,3.0,11.58203125,0.44140625,0.3200589970501475,9.6,9.6,1
2016,6,20,6,6,4.0,4.0,6,6,0.0,0.0,11.58203125,0.44140625,0.3200589970501475,9.0,9.0,0
2016,7,20,6,7,3.0,3.0,6,6,1.0,1.0,11.58203125,0.44140625,0.3200589970501475,12.6,12.6,1
2016,8,20,6,73,3.0,4.0,6,6,1.0,2.0,11.58203125,0.44140625,0.3200589970501475,12.6,12.6,1
2016,9,20,6,70,9.0,4.0,6,6,-12.0,-17.0,11.58203125,0.44140625,0.3200589970501475,12.6,12.6,0
2016,10,20,6,9,11.0,6.0,6,6,2.0,-3.0,11.58203125,0.44140625,0.3200589970501475,10.0,10.0,0
2016,11,20,6,11,5.0,5.0,6,6,1.0,1.0,11.58203125,0.44140625,0.3200589970501475,10.0,10.0,0
2016,12,20,6,10,6.0,6.0,6,6,1.0,1.0,11.58203125,0.44140625,0.3200589970501475,8.4,8.4,0
2016,13,20,6,13,4.0,4.0,6,6,-2.0,-2.0,11.58203125,0.44140625,0.3200589970501475,6.4,6.4,0
2016,14,20,6,14,3.0,3.0,6,6,0.0,0.0,11.58203125,0.44140625,0.3200589970501475,9.4,9.4,1
2016,15,20,6,15,22.0,22.0,6,6,17.0,17.0,11.58203125,0.44140625,0.3200589970501475,11.0,11.0,0
2016,16,20,6,2,5.0,5.0,6,6,-17.0,-17.0,11.58203125,0.44140625,0.3200589970501475,8.6,8.6,0
2016,17,20,6,22,6.0,4.0,6,6,2.0,0.0,11.58203125,0.44140625,0.3200589970501475,9.0,9.0,0
2016,18,20,6,69,6.0,6.0,6,6,2.0,2.0,11.58203125,0.44140625,0.3200589970501475,9.8,9.8,0
2016,19,20,6,32,7.0,7.0,6,6,2.0,2.0,11.58203125,0.44140625,0.3200589970501475,8.8,8.8,0
2016,20,20,6,18,5.0,5.0,6,6,0.0,0.0,11.58203125,0.44140625,0.3200589970501475,8.8,8.8,0
2016,21,20,6,24,5.0,5.0,6,6,2.0,2.0,11.58203125,0.44140625,0.3200589970501475,11.8,11.8,1
2017,1,8,6,1,4.0,4.0,5,7,0.0,0.0,6.635897435897436,0.21025641025641026,0.3200589970501475,5.6,11.8,0
2017,2,8,6,17,4.0,4.0,5,7,-1.0,-1.0,6.635897435897436,0.21025641025641026,0.3200589970501475,7.6,11.4,0
2017,3,8,6,3,5.0,5.0,5,7,1.0,1.0,6.635897435897436,0.21025641025641026,0.3200589970501475,8.4,11.8,0
2017,4,8,6,71,2.0,2.0,5,7,-1.0,-1.0,6.635897435897436,0.21025641025641026,0.3200589970501475,11.4,12.8,1
2017,5,8,6,4,4.0,4.0,5,7,-16.0,-16.0,6.635897435897436,0.21025641025641026,0.3200589970501475,9.8,9.8,0
2017,6,8,6,6,1.0,1.0,5,7,-1.0,-1.0,6.635897435897436,0.21025641025641026,0.3200589970501475,11.0,11.0,1
2017,7,8,6,7,4.0,4.0,5,7,-3.0,-3.0,6.635897435897436,0.21025641025641026,0.3200589970501475,10.2,10.2,0
2017,8,8,6,73,3.0,3.0,5,7,-11.0,-11.0,6.635897435897436,0.21025641025641026,0.3200589970501475,7.8,7.8,0
2017,9,8,6,70,3.0,4.0,5,7,-2.0,-1.0,6.635897435897436,0.21025641025641026,0.3200589970501475,6.8,6.8,0
2017,10,8,6,9,2.0,2.0,5,7,-1.0,-1.0,6.635897435897436,0.21025641025641026,0.3200589970501475,9.8,9.8,1
2017,11,8,6,11,2.0,2.0,5,7,0.0,0.0,6.635897435897436,0.21025641025641026,0.3200589970501475,9.8,9.8,1
2017,12,8,6,13,4.0,4.0,5,7,0.0,0.0,6.635897435897436,0.21025641025641026,0.3200589970501475,11.0,11.0,0
2017,13,8,6,14,5.0,7.0,5,7,0.0,2.0,6.635897435897436,0.21025641025641026,0.3200589970501475,13.0,13.0,0
2017,14,8,6,15,4.0,4.0,5,7,-16.0,-16.0,6.635897435897436,0.21025641025641026,0.3200589970501475,11.0,11.0,0
2017,15,8,6,2,0.0,2.0,5,7,-20.0,-18.0,6.635897435897436,0.21025641025641026,0.3200589970501475,8.0,8.0,0
2017,16,8,6,22,10.0,6.0,5,7,5.0,1.0,6.635897435897436,0.21025641025641026,0.3200589970501475,6.4,6.4,0
2017,17,8,6,69,5.0,5.0,5,7,2.0,2.0,6.635897435897436,0.21025641025641026,0.3200589970501475,7.0,7.0,1
2017,18,8,6,32,5.0,5.0,5,7,2.0,2.0,6.635897435897436,0.21025641025641026,0.3200589970501475,8.0,8.0,1
2017,19,8,6,18,3.0,3.0,5,7,0.0,0.0,6.635897435897436,0.21025641025641026,0.3200589970501475,11.0,11.0,1
2017,20,8,6,24,5.0,5.0,5,7,1.0,1.0,6.635897435897436,0.21025641025641026,0.3200589970501475,13.4,13.4,0
2017,1,20,6,1,2.0,2.0,7,7,1.0,1.0,11.58203125,0.44140625,0.3200589970501475,14.4,16.4,1
2017,2,20,6,17,2.0,2.0,7,7,0.0,0.0,11.58203125,0.44140625,0.3200589970501475,15.6,17.0,1
2017,3,20,6,3,3.0,3.0,7,7,2.0,2.0,11.58203125,0.44140625,0.3200589970501475,18.6,19.0,1
2017,4,20,6,71,1.0,1.0,7,7,-1.0,-1.0,11.58203125,0.44140625,0.3200589970501475,20.2,19.6,1
2017,5,20,6,4,2.0,2.0,7,7,0.0,0.0,11.58203125,0.44140625,0.3200589970501475,20.8,20.8,1
2017,6,20,6,6,2.0,2.0,7,7,1.0,1.0,11.58203125,0.44140625,0.3200589970501475,20.8,20.8,1
2017,7,20,6,7,2.0,2.0,7,7,-2.0,-2.0,11.58203125,0.44140625,0.3200589970501475,19.6,19.6,0
2017,8,20,6,73,4.0,4.0,7,7,0.0,0.0,11.58203125,0.44140625,0.3200589970501475,17.0,17.0,0
2017,9,20,6,70,2.0,2.0,7,7,0.0,0.0,11.58203125,0.44140625,0.3200589970501475,17.0,17.0,1
2017,10,20,6,9,3.0,3.0,7,7,-4.0,-4.0,11.58203125,0.44140625,0.3200589970501475,14.6,14.6,0
2017,11,20,6,11,1.0,1.0,7,7,0.0,0.0,11.58203125,0.44140625,0.3200589970501475,14.6,14.6,1
2017,12,20,6,13,2.0,2.0,7,7,0.0,0.0,11.58203125,0.44140625,0.3200589970501475,15.8,15.8,1
2017,13,20,6,14,6.0,8.0,7,7,3.0,5.0,11.58203125,0.44140625,0.3200589970501475,16.4,16.4,1
2017,14,20,6,15,1.0,1.0,7,7,-17.0,-17.0,11.58203125,0.44140625,0.3200589970501475,12.8,12.8,0
2017,15,20,6,2,20.0,20.0,7,7,16.0,16.0,11.58203125,0.44140625,0.3200589970501475,14.0,14.0,0
2017,16,20,6,22,2.0,3.0,7,7,-17.0,-16.0,11.58203125,0.44140625,0.3200589970501475,9.0,9.0,0
2017,17,20,6,69,2.0,2.0,7,7,0.0,0.0,11.58203125,0.44140625,0.3200589970501475,9.0,9.0,1
2017,18,20,6,32,1.0,1.0,7,7,-3.0,-3.0,11.58203125,0.44140625,0.3200589970501475,8.4,8.4,0
2017,19,20,6,18,2.0,2.0,7,7,1.0,1.0,11.58203125,0.44140625,0.3200589970501475,13.4,13.4,1
2017,20,20,6,24,3.0,3.0,7,7,0.0,0.0,11.58203125,0.44140625,0.3200589970501475,14.0,14.0,1
2018,1,8,6,1,2.0,2.0,6,8,-1.0,-1.0,6.635897435897436,0.21025641025641026,0.3200589970501475,14.4,17.0,1
2018,2,8,6,3,2.0,2.0,6,8,-16.0,-16.0,6.635897435897436,0.21025641025641026,0.3200589970501475,11.4,13.4,0
2018,3,8,6,17,2.0,2.0,6,8,-1.0,-1.0,6.635897435897436,0.21025641025641026,0.3200589970501475,11.4,14.0,1
2018,4,8,6,73,6.0,6.0,6,8,4.0,4.0,6.635897435897436,0.21025641025641026,0.3200589970501475,12.0,12.6,1
2018,5,8,6,4,4.0,4.0,6,8,-13.0,-13.0,6.635897435897436,0.21025641025641026,0.3200589970501475,9.6,9.6,0
2018,6,8,6,6,4.0,4.0,6,8,0.0,0.0,6.635897435897436,0.21025641025641026,0.3200589970501475,9.0,9.0,0
2018,7,8,6,7,5.0,5.0,6,8,-1.0,-1.0,6.635897435897436,0.21025641025641026,0.3200589970501475,10.6,10.6,0
2018,8,8,6,34,6.0,6.0,6,8,3.0,3.0,6.635897435897436,0.21025641025641026,0.3200589970501475,10.6,10.6,1
2018,9,8,6,70,3.0,4.0,6,8,1.0,2.0,6.635897435897436,0.21025641025641026,0.3200589970501475,10.6,10.6,1
2018,10,8,6,9,3.0,3.0,6,8,0.0,0.0,6.635897435897436,0.21025641025641026,0.3200589970501475,13.6,13.6,1
2018,11,8,6,10,3.0,3.0,6,8,0.0,0.0,6.635897435897436,0.21025641025641026,0.3200589970501475,14.2,14.2,1
2018,12,8,6,11,3.0,3.0,6,8,0.0,0.0,6.635897435897436,0.21025641025641026,0.3200589970501475,15.6,15.6,1
2018,13,8,6,13,6.0,6.0,6,8,-11.0,-11.0,6.635897435897436,0.21025641025641026,0.3200589970501475,12.6,12.6,0
2018,14,8,6,14,1.0,1.0,6,8,-1.0,-1.0,6.635897435897436,0.21025641025641026,0.3200589970501475,12.6,12.6,1
2018,15,8,6,15,5.0,5.0,6,8,0.0,0.0,6.635897435897436,0.21025641025641026,0.3200589970501475,11.6,11.6,0
2018,16,8,6,71,4.0,4.0,6,8,0.0,0.0,6.635897435897436,0.21025641025641026,0.3200589970501475,11.0,11.0,0
2018,17,8,6,22,4.0,4.0,6,8,-1.0,-1.0,6.635897435897436,0.21025641025641026,0.3200589970501475,10.0,10.0,0
2018,18,8,6,69,2.0,3.0,6,8,1.0,2.0,6.635897435897436,0.21025641025641026,0.3200589970501475,15.0,15.0,1
2018,19,8,6,32,6.0,6.0,6,8,3.0,3.0,6.635897435897436,0.21025641025641026,0.3200589970501475,14.4,14.4,1
2018,20,8,6,18,4.0,4.0,6,8,1.0,1.0,6.635897435897436,0.21025641025641026,0.3200589970501475,15.4,15.4,1
2018,21,8,6,24,4.0,4.0,6,8,-15.0,-15.0,6.635897435897436,0.21025641025641026,0.3200589970501475,13.0,13.0,0
2018,1,20,6,1,3.0,3.0,8,8,2.0,2.0,11.58203125,0.44140625,0.3200589970501475,19.0,16.0,1
2018,2,20,6,3,1.0,1.0,8,8,0.0,0.0,11.58203125,0.44140625,0.3200589970501475,20.4,16.0,1
2018,3,20,6,17,1.0,1.0,8,8,-7.0,-7.0,11.58203125,0.44140625,0.3200589970501475,18.8,13.8,0
2018,4,20,6,73,1.0,1.0,8,8,-3.0,-3.0,11.58203125,0.44140625,0.3200589970501475,16.2,13.2,0
2018,5,20,6,4,3.0,3.0,8,8,-1.0,-1.0,11.58203125,0.44140625,0.3200589970501475,15.6,15.6,0
2018,6,20,6,6,2.0,2.0,8,8,0.0,0.0,11.58203125,0.44140625,0.3200589970501475,14.2,14.2,1
2018,7,20,6,7,1.0,1.0,8,8,0.0,0.0,11.58203125,0.44140625,0.3200589970501475,14.2,14.2,1
2018,8,20,6,34,3.0,3.0,8,8,-2.0,-2.0,11.58203125,0.44140625,0.3200589970501475,15.4,15.4,0
2018,9,20,6,70,6.0,3.0,8,8,3.0,0.0,11.58203125,0.44140625,0.3200589970501475,16.0,16.0,1
2018,10,20,6,9,2.0,2.0,8,8,1.0,1.0,11.58203125,0.44140625,0.3200589970501475,18.6,18.6,1
2018,11,20,6,10,1.0,1.0,8,8,-17.0,-17.0,11.58203125,0.44140625,0.3200589970501475,15.0,15.0,0
2018,12,20,6,11,4.0,4.0,8,8,2.0,2.0,11.58203125,0.44140625,0.3200589970501475,13.6,13.6,1
2018,13,20,6,13,2.0,2.0,8,8,1.0,1.0,11.58203125,0.44140625,0.3200589970501475,16.6,16.6,1
2018,14,20,6,14,2.0,2.0,8,8,-2.0,-2.0,11.58203125,0.44140625,0.3200589970501475,16.0,16.0,0
2018,15,20,6,15,3.0,3.0,8,8,0.0,0.0,11.58203125,0.44140625,0.3200589970501475,14.0,14.0,1
2018,16,20,6,71,3.0,3.0,8,8,0.0,0.0,11.58203125,0.44140625,0.3200589970501475,17.0,17.0,1
2018,17,20,6,22,8.0,9.0,8,8,2.0,3.0,11.58203125,0.44140625,0.3200589970501475,15.0,15.0,0
2018,18,20,6,69,5.0,2.0,8,8,1.0,-2.0,11.58203125,0.44140625,0.3200589970501475,12.4,12.4,0
2018,19,20,6,32,4.0,4.0,8,8,2.0,2.0,11.58203125,0.44140625,0.3200589970501475,13.6,13.6,1
2018,20,20,6,18,2.0,2.0,8,8,-4.0,-4.0,11.58203125,0.44140625,0.3200589970501475,12.2,12.2,0
2018,21,20,6,24,3.0,3.0,8,8,1.0,1.0,11.58203125,0.44140625,0.3200589970501475,12.8,12.8,1
2019,1,20,6,1,3.0,3.0,9,9,-1.0,-1.0,11.58203125,0.44140625,0.3200589970501475,13.6,13.6,0
2019,2,20,6,3,2.0,2.0,9,9,-3.0,-3.0,11.58203125,0.44140625,0.3200589970501475,13.2,13.2,0
2019,3,20,6,17,3.0,3.0,9,9,0.0,0.0,11.58203125,0.44140625,0.3200589970501475,12.6,12.6,1
2019,4,20,6,73,3.0,3.0,9,9,0.0,0.0,11.58203125,0.44140625,0.3200589970501475,14.0,14.0,1
2019,5,20,6,4,3.0,3.0,9,9,-1.0,-1.0,11.58203125,0.44140625,0.3200589970501475,12.8,12.8,0
2019,6,20,6,6,4.0,4.0,9,9,2.0,2.0,11.58203125,0.44140625,0.3200589970501475,14.0,14.0,1
2019,7,20,6,7,1.0,1.0,9,9,-1.0,-1.0,11.58203125,0.44140625,0.3200589970501475,15.6,15.6,1
2019,8,20,6,34,7.0,7.0,9,9,2.0,2.0,11.58203125,0.44140625,0.3200589970501475,14.8,14.8,0
2019,9,20,6,70,9.0,10.0,9,9,5.0,6.0,11.58203125,0.44140625,0.3200589970501475,14.2,14.2,0
2019,10,20,6,9,6.0,6.0,9,9,-10.0,-10.0,11.58203125,0.44140625,0.3200589970501475,11.8,11.8,0
2019,11,20,6,10,20.0,20.0,9,9,18.0,18.0,11.58203125,0.44140625,0.3200589970501475,11.8,11.8,1
2019,12,20,6,11,5.0,5.0,9,9,2.0,2.0,11.58203125,0.44140625,0.3200589970501475,11.2,11.2,1
2019,13,20,6,13,2.0,2.0,9,9,-2.0,-2.0,11.58203125,0.44140625,0.3200589970501475,11.6,11.6,0
2019,14,20,6,14,4.0,4.0,9,9,-9.0,-9.0,11.58203125,0.44140625,0.3200589970501475,9.2,9.2,0
2019,15,20,6,15,3.0,3.0,9,9,2.0,2.0,11.58203125,0.44140625,0.3200589970501475,14.2,14.2,1
2019,16,20,6,71,3.0,3.0,9,9,-15.0,-15.0,11.58203125,0.44140625,0.3200589970501475,10.6,10.6,0
2019,17,20,6,22,1.0,1.0,9,9,-1.0,-1.0,11.58203125,0.44140625,0.3200589970501475,11.2,11.2,1
2019,18,20,6,32,2.0,3.0,9,9,0.0,1.0,11.58203125,0.44140625,0.3200589970501475,12.2,12.2,1
2019,19,20,6,69,2.0,2.0,9,9,-18.0,-18.0,11.58203125,0.44140625,0.3200589970501475,12.2,12.2,0
2019,20,20,6,18,2.0,2.0,9,9,-15.0,-15.0,11.58203125,0.44140625,0.3200589970501475,7.2,7.2,0
2019,21,20,6,24,4.0,5.0,9,9,-1.0,0.0,11.58203125,0.44140625,0.3200589970501475,9.2,9.2,0
2019,1,844,6,1,5.0,5.0,1,9,0.0,0.0,9.295081967213115,0.29508196721311475,0.3200589970501475,5.6,7.6,0
2019,2,844,6,3,1.0,1.0,1,9,-2.0,-2.0,9.295081967213115,0.29508196721311475,0.3200589970501475,8.8,7.2,1
2019,3,844,6,17,4.0,4.0,1,9,-1.0,-1.0,9.295081967213115,0.29508196721311475,0.3200589970501475,9.6,9.2,0
2019,4,844,6,73,8.0,9.0,1,9,3.0,4.0,9.295081967213115,0.29508196721311475,0.3200589970501475,10.6,11.4,0
2019,5,844,6,4,5.0,5.0,1,9,0.0,0.0,9.295081967213115,0.29508196721311475,0.3200589970501475,11.4,11.4,0
2019,6,844,6,6,15.0,16.0,1,9,-5.0,-4.0,9.295081967213115,0.29508196721311475,0.3200589970501475,9.4,9.4,0
2019,7,844,6,7,3.0,3.0,1,9,0.0,0.0,9.295081967213115,0.29508196721311475,0.3200589970501475,9.2,9.2,1
2019,8,844,6,34,3.0,3.0,1,9,0.0,0.0,9.295081967213115,0.29508196721311475,0.3200589970501475,10.2,10.2,1
2019,9,844,6,70,1.0,1.0,1,9,-1.0,-1.0,9.295081967213115,0.29508196721311475,0.3200589970501475,11.6,11.6,1
2019,10,844,6,9,3.0,3.0,1,9,0.0,0.0,9.295081967213115,0.29508196721311475,0.3200589970501475,12.6,12.6,1
2019,11,844,6,10,10.0,10.0,1,9,-7.0,-7.0,9.295081967213115,0.29508196721311475,0.3200589970501475,12.6,12.6,0
2019,12,844,6,11,4.0,4.0,1,9,0.0,0.0,9.295081967213115,0.29508196721311475,0.3200589970501475,12.0,12.0,0
2019,13,844,6,13,1.0,1.0,1,9,0.0,0.0,9.295081967213115,0.29508196721311475,0.3200589970501475,14.0,14.0,1
2019,14,844,6,14,1.0,1.0,1,9,0.0,0.0,9.295081967213115,0.29508196721311475,0.3200589970501475,15.4,15.4,1
2019,15,844,6,15,1.0,1.0,1,9,-1.0,-1.0,9.295081967213115,0.29508196721311475,0.3200589970501475,16.0,16.0,1
2019,16,844,6,71,1.0,1.0,1,9,-2.0,-2.0,9.295081967213115,0.29508196721311475,0.3200589970501475,19.0,19.0,1
2019,17,844,6,22,2.0,2.0,1,9,-4.0,-4.0,9.295081967213115,0.29508196721311475,0.3200589970501475,18.2,18.2,0
2019,18,844,6,32,1.0,2.0,1,9,-3.0,-2.0,9.295081967213115,0.29508196721311475,0.3200589970501475,15.8,15.8,0
2019,19,844,6,69,4.0,4.0,1,9,0.0,0.0,9.295081967213115,0.29508196721311475,0.3200589970501475,13.4,13.4,0
2019,20,844,6,18,14.0,4.0,1,9,-4.0,-14.0,9.295081967213115,0.29508196721311475,0.3200589970501475,9.8,9.8,0
2019,21,844,6,24,3.0,4.0,1,9,0.0,1.0,9.295081967213115,0.29508196721311475,0.3200589970501475,9.8,9.8,1
2020,1,20,6,70,11.0,11.0,10,10,1.0,1.0,11.58203125,0.44140625,0.3200589970501475,5.8,8.4,0
2020,2,20,6,70,10.0,10.0,10,10,-10.0,-10.0,11.58203125,0.44140625,0.3200589970501475,2.2,5.8,0
2020,3,20,6,11,5.0,5.0,10,10,-1.0,-1.0,11.58203125,0.44140625,0.3200589970501475,3.8,4.8,0
2020,4,20,6,9,10.0,10.0,10,10,0.0,0.0,11.58203125,0.44140625,0.3200589970501475,4.0,5.0,0
2020,5,20,6,9,11.0,12.0,10,10,-1.0,0.0,11.58203125,0.44140625,0.3200589970501475,2.0,2.0,0
2020,6,20,6,4,11.0,11.0,10,10,4.0,4.0,11.58203125,0.44140625,0.3200589970501475,3.0,3.0,0
2020,7,20,6,13,14.0,14.0,10,10,1.0,1.0,11.58203125,0.44140625,0.3200589970501475,3.0,3.0,0
2020,8,20,6,14,17.0,17.0,10,10,-3.0,-3.0,11.58203125,0.44140625,0.3200589970501475,1.4,1.4,0
2020,9,20,6,76,14.0,14.0,10,10,4.0,4.0,11.58203125,0.44140625,0.3200589970501475,1.4,1.4,0
2020,10,20,6,71,14.0,15.0,10,10,1.0,2.0,11.58203125,0.44140625,0.3200589970501475,1.4,1.4,0
2020,11,20,6,20,11.0,11.0,10,10,0.0,0.0,11.58203125,0.44140625,0.3200589970501475,0.2,0.2,0
2020,12,20,6,75,15.0,15.0,10,10,5.0,5.0,11.58203125,0.44140625,0.3200589970501475,0.4,0.4,0
2020,13,20,6,21,14.0,14.0,10,10,2.0,2.0,11.58203125,0.44140625,0.3200589970501475,0.4,0.4,0
2020,14,20,6,5,11.0,12.0,10,10,8.0,9.0,11.58203125,0.44140625,0.3200589970501475,3.2,3.2,1
2020,15,20,6,3,11.0,11.0,10,10,-2.0,-2.0,11.58203125,0.44140625,0.3200589970501475,3.2,3.2,0
2020,16,20,6,3,13.0,13.0,10,10,1.0,1.0,11.58203125,0.44140625,0.3200589970501475,3.2,3.2,0
2020,17,20,6,24,13.0,13.0,10,10,-1.0,-1.0,11.58203125,0.44140625,0.3200589970501475,3.0,3.0,0
2020,1,844,6,70,7.0,7.0,2,10,5.0,5.0,9.295081967213115,0.29508196721311475,0.3200589970501475,11.8,6.6,1
2020,2,844,6,70,14.0,11.0,2,10,-5.0,-8.0,9.295081967213115,0.29508196721311475,0.3200589970501475,9.2,3.6,0
2020,3,844,6,11,6.0,6.0,2,10,-5.0,-5.0,9.295081967213115,0.29508196721311475,0.3200589970501475,6.6,3.6,0
2020,4,844,6,9,4.0,4.0,2,10,1.0,1.0,9.295081967213115,0.29508196721311475,0.3200589970501475,9.6,6.6,1
2020,5,844,6,9,8.0,8.0,2,10,4.0,4.0,9.295081967213115,0.29508196721311475,0.3200589970501475,9.0,9.0,0
2020,6,844,6,4,9.0,9.0,2,10,-11.0,-11.0,9.295081967213115,0.29508196721311475,0.3200589970501475,5.4,5.4,0
2020,7,844,6,13,13.0,13.0,2,10,-1.0,-1.0,9.295081967213115,0.29508196721311475,0.3200589970501475,5.4,5.4,0
2020,8,844,6,14,13.0,13.0,2,10,-5.0,-5.0,9.295081967213115,0.29508196721311475,0.3200589970501475,5.4,5.4,0
2020,9,844,6,76,5.0,5.0,2,10,-3.0,-3.0,9.295081967213115,0.29508196721311475,0.3200589970501475,3.2,3.2,0
2020,10,844,6,71,10.0,11.0,2,10,4.0,5.0,9.295081967213115,0.29508196721311475,0.3200589970501475,2.4,2.4,0
2020,11,844,6,20,4.0,4.0,2,10,-3.0,-3.0,9.295081967213115,0.29508196721311475,0.3200589970501475,3.6,3.6,0
2020,12,844,6,75,4.0,4.0,2,10,0.0,0.0,9.295081967213115,0.29508196721311475,0.3200589970501475,6.0,6.0,0
2020,13,844,6,21,7.0,7.0,2,10,2.0,2.0,9.295081967213115,0.29508196721311475,0.3200589970501475,8.0,8.0,0
2020,14,844,6,5,12.0,14.0,2,10,8.0,10.0,9.295081967213115,0.29508196721311475,0.3200589970501475,9.6,9.6,0
2020,15,844,6,3,12.0,12.0,2,10,2.0,2.0,9.295081967213115,0.29508196721311475,0.3200589970501475,8.2,8.2,0
2020,16,844,6,3,4.0,4.0,2,10,-16.0,-16.0,9.295081967213115,0.29508196721311475,0.3200589970501475,7.0,7.0,0
2020,17,844,6,24,12.0,9.0,2,10,-1.0,-4.0,9.295081967213115,0.29508196721311475,0.3200589970501475,4.6,4.6,0
2021,1,832,6,3,8.0,8.0,6,11,0.0,0.0,5.202083333333333,0.11666666666666667,0.3200589970501475,8.8,3.4,0
2021,2,832,6,21,11.0,11.0,6,11,6.0,6.0,5.202083333333333,0.11666666666666667,0.3200589970501475,8.8,3.0,0
2021,3,832,6,75,5.0,5.0,6,11,-6.0,-6.0,5.202083333333333,0.11666666666666667,0.3200589970501475,6.8,2.8,0
2021,4,832,6,4,6.0,6.0,6,11,-1.0,-1.0,5.202083333333333,0.11666666666666667,0.3200589970501475,5.6,4.0,0
2021,5,832,6,6,4.0,4.0,6,11,2.0,2.0,5.202083333333333,0.11666666666666667,0.3200589970501475,7.6,7.6,1
2021,6,832,6,73,5.0,5.0,6,11,-3.0,-3.0,5.202083333333333,0.11666666666666667,0.3200589970501475,7.6,7.6,0
2021,7,832,6,34,5.0,5.0,6,11,-6.0,-6.0,5.202083333333333,0.11666666666666667,0.3200589970501475,5.6,5.6,0
2021,8,832,6,70,12.0,12.0,6,11,6.0,6.0,5.202083333333333,0.11666666666666667,0.3200589970501475,7.2,7.2,0
2021,9,832,6,70,10.0,11.0,6,11,5.0,6.0,5.202083333333333,0.11666666666666667,0.3200589970501475,8.0,8.0,0
2021,10,832,6,9,10.0,9.0,6,11,4.0,3.0,5.202083333333333,0.11666666666666667,0.3200589970501475,6.0,6.0,0
2021,11,832,6,11,15.0,15.0,6,11,12.0,12.0,5.202083333333333,0.11666666666666667,0.3200589970501475,8.2,8.2,1
2021,12,832,6,13,11.0,13.0,6,11,1.0,3.0,5.202083333333333,0.11666666666666667,0.3200589970501475,8.3,8.3,0
2021,13,832,6,39,6.0,6.0,6,11,-1.0,-1.0,5.202083333333333,0.11666666666666667,0.3200589970501475,7.9,7.9,0
2021,14,832,6,14,6.0,7.0,6,11,0.0,1.0,5.202083333333333,0.11666666666666667,0.3200589970501475,7.5,7.5,0
2021,15,832,6,71,2.0,2.0,6,11,-1.0,-1.0,5.202083333333333,0.11666666666666667,0.3200589970501475,8.9,8.9,1
2021,16,832,6,5,19.0,15.0,6,11,11.0,7.0,5.202083333333333,0.11666666666666667,0.3200589970501475,6.7,6.7,0
2021,17,832,6,69,5.0,6.0,6,11,-2.0,-1.0,5.202083333333333,0.11666666666666667,0.3200589970501475,7.8,7.8,0
2021,18,832,6,32,6.0,6.0,6,11,0.0,0.0,5.202083333333333,0.11666666666666667,0.3200589970501475,8.2,8.2,0
2021,19,832,6,18,3.0,6.0,6,11,-3.0,0.0,5.202083333333333,0.11666666666666667,0.3200589970501475,8.2,8.2,0
2021,20,832,6,78,5.0,7.0,6,11,-2.0,0.0,5.202083333333333,0.11666666666666667,0.3200589970501475,6.4,6.4,0
2021,21,832,6,77,15.0,15.0,6,11,7.0,7.0,5.202083333333333,0.11666666666666667,0.3200589970501475,6.4,6.4,0
2021,22,832,6,24,5.0,5.0,6,11,2.0,2.0,5.202083333333333,0.11666666666666667,0.3200589970501475,8.2,8.2,1
2021,1,844,6,3,4.0,4.0,3,11,-2.0,-2.0,9.295081967213115,0.29508196721311475,0.3200589970501475,4.2,8.2,0
2021,2,844,6,21,4.0,4.0,3,11,0.0,0.0,9.295081967213115,0.29508196721311475,0.3200589970501475,4.2,9.0,0
2021,3,844,6,75,8.0,8.0,3,11,2.0,2.0,9.295081967213115,0.29508196721311475,0.3200589970501475,5.6,9.4,0
2021,4,844,6,4,4.0,4.0,3,11,0.0,0.0,9.295081967213115,0.29508196721311475,0.3200589970501475,8.0,11.0,0
2021,5,844,6,6,1.0,1.0,3,11,-19.0,-19.0,9.295081967213115,0.29508196721311475,0.3200589970501475,8.0,8.0,0
2021,6,844,6,73,1.0,1.0,3,11,-3.0,-3.0,9.295081967213115,0.29508196721311475,0.3200589970501475,8.8,8.8,0
2021,7,844,6,34,7.0,7.0,3,11,-9.0,-9.0,9.295081967213115,0.29508196721311475,0.3200589970501475,6.4,6.4,0
2021,8,844,6,70,7.0,7.0,3,11,0.0,0.0,9.295081967213115,0.29508196721311475,0.3200589970501475,6.0,6.0,0
2021,9,844,6,70,12.0,12.0,3,11,4.0,4.0,9.295081967213115,0.29508196721311475,0.3200589970501475,4.4,4.4,0
2021,10,844,6,9,4.0,4.0,3,11,2.0,2.0,9.295081967213115,0.29508196721311475,0.3200589970501475,8.0,8.0,1
2021,11,844,6,11,7.0,7.0,3,11,-11.0,-11.0,9.295081967213115,0.29508196721311475,0.3200589970501475,5.6,5.6,0
2021,12,844,6,13,9.0,11.0,3,11,1.0,3.0,9.295081967213115,0.29508196721311475,0.3200589970501475,6.0,6.0,0
2021,13,844,6,39,5.0,5.0,3,11,0.0,0.0,9.295081967213115,0.29508196721311475,0.3200589970501475,6.8,6.8,0
2021,14,844,6,14,5.0,8.0,3,11,1.0,4.0,9.295081967213115,0.29508196721311475,0.3200589970501475,8.4,8.4,0
2021,15,844,6,71,19.0,15.0,3,11,4.0,0.0,9.295081967213115,0.29508196721311475,0.3200589970501475,4.8,4.8,0
2021,16,844,6,5,3.0,4.0,3,11,-1.0,0.0,9.295081967213115,0.29508196721311475,0.3200589970501475,7.2,7.2,0
2021,17,844,6,69,4.0,5.0,3,11,0.0,1.0,9.295081967213115,0.29508196721311475,0.3200589970501475,9.2,9.2,0
2021,18,844,6,32,8.0,8.0,3,11,3.0,3.0,9.295081967213115,0.29508196721311475,0.3200589970501475,9.2,9.2,0
2021,19,844,6,18,6.0,7.0,3,11,1.0,2.0,9.295081967213115,0.29508196721311475,0.3200589970501475,8.8,8.8,0
2021,20,844,6,78,13.0,13.0,3,11,5.0,5.0,9.295081967213115,0.29508196721311475,0.3200589970501475,9.6,9.6,0
2021,21,844,6,77,4.0,4.0,3,11,-3.0,-3.0,9.295081967213115,0.29508196721311475,0.3200589970501475,8.4,8.4,0
2021,22,844,6,24,7.0,7.0,3,11,-3.0,-3.0,9.295081967213115,0.29508196721311475,0.3200589970501475,6.2,6.2,0
2022,1,832,6,3,3.0,3.0,7,12,1.0,1.0,5.202083333333333,0.11666666666666667,0.3200589970501475,10.2,7.8,1
2022,2,832,6,77,3.0,3.0,7,12,0.0,0.0,5.202083333333333,0.11666666666666667,0.3200589970501475,11.6,8.8,1
2022,3,832,6,1,9.0,9.0,7,12,-11.0,-11.0,5.202083333333333,0.11666666666666667,0.3200589970501475,10.4,8.0,0
2022,4,832,6,21,4.0,10.0,7,12,-16.0,-10.0,5.202083333333333,0.11666666666666667,0.3200589970501475,9.6,6.8,0
2022,5,832,6,79,2.0,2.0,7,12,-1.0,-1.0,5.202083333333333,0.11666666666666667,0.3200589970501475,9.6,9.6,1
2022,6,832,6,4,3.0,3.0,7,12,-1.0,-1.0,5.202083333333333,0.11666666666666667,0.3200589970501475,8.4,8.4,0
2022,7,832,6,6,2.0,2.0,7,12,0.0,0.0,5.202083333333333,0.11666666666666667,0.3200589970501475,9.0,9.0,1
2022,8,832,6,73,4.0,4.0,7,12,-16.0,-16.0,5.202083333333333,0.11666666666666667,0.3200589970501475,9.0,9.0,0
2022,9,832,6,7,3.0,3.0,7,12,1.0,1.0,5.202083333333333,0.11666666666666667,0.3200589970501475,12.8,12.8,1
2022,10,832,6,9,1.0,1.0,7,12,0.0,0.0,5.202083333333333,0.11666666666666667,0.3200589970501475,14.8,14.8,1
2022,11,832,6,70,3.0,3.0,7,12,-15.0,-15.0,5.202083333333333,0.11666666666666667,0.3200589970501475,12.4,12.4,0
2022,12,832,6,34,19.0,9.0,7,12,14.0,4.0,5.202083333333333,0.11666666666666667,0.3200589970501475,11.0,11.0,0
2022,13,832,6,11,2.0,2.0,7,12,-2.0,-2.0,5.202083333333333,0.11666666666666667,0.3200589970501475,13.4,13.4,0
2022,14,832,6,13,1.0,2.0,7,12,-2.0,-1.0,5.202083333333333,0.11666666666666667,0.3200589970501475,12.6,12.6,1
2022,15,832,6,39,3.0,3.0,7,12,-5.0,-5.0,5.202083333333333,0.11666666666666667,0.3200589970501475,8.4,8.4,0
2022,16,832,6,14,18.0,3.0,7,12,14.0,-1.0,5.202083333333333,0.11666666666666667,0.3200589970501475,10.8,10.8,0
2022,17,832,6,15,4.0,4.0,7,12,1.0,1.0,5.202083333333333,0.11666666666666667,0.3200589970501475,11.6,11.6,1
2022,18,832,6,22,3.0,3.0,7,12,-16.0,-16.0,5.202083333333333,0.11666666666666667,0.3200589970501475,9.2,9.2,0
2022,19,832,6,69,1.0,1.0,7,12,-19.0,-19.0,5.202083333333333,0.11666666666666667,0.3200589970501475,6.2,6.2,0
2022,20,832,6,32,5.0,5.0,7,12,0.0,0.0,5.202083333333333,0.11666666666666667,0.3200589970501475,7.4,7.4,0
2022,21,832,6,18,7.0,5.0,7,12,4.0,2.0,5.202083333333333,0.11666666666666667,0.3200589970501475,8.0,8.0,1
2022,22,832,6,24,4.0,4.0,7,12,0.0,0.0,5.202083333333333,0.11666666666666667,0.3200589970501475,7.4,7.4,0
2022,1,844,6,3,1.0,1.0,4,12,0.0,0.0,9.295081967213115,0.29508196721311475,0.3200589970501475,9.4,12.6,1
2022,2,844,6,77,2.0,2.0,4,12,0.0,0.0,9.295081967213115,0.29508196721311475,0.3200589970501475,11.2,16.4,1
2022,3,844,6,1,1.0,1.0,4,12,0.0,0.0,9.295081967213115,0.29508196721311475,0.3200589970501475,15.6,19.6,1
2022,4,844,6,21,2.0,2.0,4,12,-4.0,-4.0,9.295081967213115,0.29508196721311475,0.3200589970501475,16.0,18.2,0
2022,5,844,6,79,1.0,1.0,4,12,-1.0,-1.0,9.295081967213115,0.29508196721311475,0.3200589970501475,19.4,19.4,1
2022,6,844,6,4,1.0,1.0,4,12,-19.0,-19.0,9.295081967213115,0.29508196721311475,0.3200589970501475,14.2,14.2,0
2022,7,844,6,6,1.0,1.0,4,12,-3.0,-3.0,9.295081967213115,0.29508196721311475,0.3200589970501475,12.8,12.8,0
2022,8,844,6,73,1.0,1.0,4,12,-18.0,-18.0,9.295081967213115,0.29508196721311475,0.3200589970501475,7.6,7.6,0
2022,9,844,6,7,19.0,15.0,4,12,14.0,10.0,9.295081967213115,0.29508196721311475,0.3200589970501475,8.0,8.0,0
2022,10,844,6,9,3.0,3.0,4,12,-1.0,-1.0,9.295081967213115,0.29508196721311475,0.3200589970501475,6.8,6.8,0
2022,11,844,6,70,2.0,2.0,4,12,1.0,1.0,9.295081967213115,0.29508196721311475,0.3200589970501475,11.8,11.8,1
2022,12,844,6,34,1.0,1.0,4,12,-18.0,-18.0,9.295081967213115,0.29508196721311475,0.3200589970501475,9.4,9.4,0
2022,13,844,6,11,3.0,3.0,4,12,-3.0,-3.0,9.295081967213115,0.29508196721311475,0.3200589970501475,11.0,11.0,0
2022,14,844,6,13,15.0,4.0,4,12,9.0,-2.0,9.295081967213115,0.29508196721311475,0.3200589970501475,10.6,10.6,0
2022,15,844,6,39,2.0,2.0,4,12,-1.0,-1.0,9.295081967213115,0.29508196721311475,0.3200589970501475,11.2,11.2,1
2022,16,844,6,14,1.0,1.0,4,12,-1.0,-1.0,9.295081967213115,0.29508196721311475,0.3200589970501475,9.8,9.8,1
2022,17,844,6,15,1.0,1.0,4,12,-1.0,-1.0,9.295081967213115,0.29508196721311475,0.3200589970501475,13.4,13.4,1
2022,18,844,6,22,2.0,2.0,4,12,-1.0,-1.0,9.295081967213115,0.29508196721311475,0.3200589970501475,14.8,14.8,1
2022,19,844,6,69,12.0,2.0,4,12,9.0,-1.0,9.295081967213115,0.29508196721311475,0.3200589970501475,16.2,16.2,1
2022,20,844,6,32,7.0,7.0,4,12,1.0,1.0,9.295081967213115,0.29508196721311475,0.3200589970501475,14.8,14.8,0
2022,21,844,6,18,5.0,10.0,4,12,1.0,6.0,9.295081967213115,0.29508196721311475,0.3200589970501475,13.6,13.6,0
2022,22,844,6,24,3.0,3.0,4,12,1.0,1.0,9.295081967213115,0.29508196721311475,0.3200589970501475,13.6,13.6,1
2023,1,832,6,3,4.0,4.0,8,13,0.0,0.0,5.202083333333333,0.11666666666666667,0.3200589970501475,9.8,13.0,0
2023,2,832,6,77,4.0,5.0,8,13,-2.0,-1.0,5.202083333333333,0.11666666666666667,0.3200589970501475,11.4,11.6,0
2023,3,832,6,1,5.0,5.0,8,13,-7.0,-7.0,5.202083333333333,0.11666666666666667,0.3200589970501475,9.4,10.0,0
2023,4,832,6,73,4.0,4.0,8,13,-1.0,-1.0,5.202083333333333,0.11666666666666667,0.3200589970501475,8.4,9.6,0
2023,5,832,6,79,3.0,3.0,8,13,-2.0,-2.0,5.202083333333333,0.11666666666666667,0.3200589970501475,8.0,8.0,0
2023,6,832,6,6,4.0,5.0,8,13,-4.0,-3.0,5.202083333333333,0.11666666666666667,0.3200589970501475,6.4,6.4,0
2023,7,832,6,4,2.0,2.0,8,13,-3.0,-3.0,5.202083333333333,0.11666666666666667,0.3200589970501475,6.8,6.8,0
2023,8,832,6,7,11.0,8.0,8,13,6.0,3.0,5.202083333333333,0.11666666666666667,0.3200589970501475,8.8,8.8,0
2023,9,832,6,70,3.0,3.0,8,13,-3.0,-3.0,5.202083333333333,0.11666666666666667,0.3200589970501475,8.4,8.4,0
2023,10,832,6,9,5.0,5.0,8,13,-5.0,-5.0,5.202083333333333,0.11666666666666667,0.3200589970501475,6.6,6.6,0
2023,11,832,6,11,11.0,11.0,8,13,3.0,3.0,5.202083333333333,0.11666666666666667,0.3200589970501475,6.6,6.6,0
2023,12,832,6,13,4.0,5.0,8,13,-15.0,-14.0,5.202083333333333,0.11666666666666667,0.3200589970501475,4.6,4.6,0
2023,13,832,6,39,6.0,6.0,8,13,1.0,1.0,5.202083333333333,0.11666666666666667,0.3200589970501475,4.6,4.6,0
2023,14,832,6,14,1.0,1.0,8,13,-2.0,-2.0,5.202083333333333,0.11666666666666667,0.3200589970501475,6.0,6.0,1
2023,15,832,6,15,1.0,1.0,8,13,0.0,0.0,5.202083333333333,0.11666666666666667,0.3200589970501475,10.8,10.8,1
2023,16,832,6,22,6.0,6.0,8,13,0.0,0.0,5.202083333333333,0.11666666666666667,0.3200589970501475,11.6,11.6,0
2023,17,832,6,78,12.0,12.0,8,13,-8.0,-8.0,5.202083333333333,0.11666666666666667,0.3200589970501475,11.6,11.6,0
2023,18,832,6,69,4.0,4.0,8,13,1.0,1.0,5.202083333333333,0.11666666666666667,0.3200589970501475,12.6,12.6,1
2023,19,832,6,32,2.0,2.0,8,13,-2.0,-2.0,5.202083333333333,0.11666666666666667,0.3200589970501475,12.0,12.0,0
2023,20,832,6,18,7.0,8.0,8,13,1.0,2.0,5.202083333333333,0.11666666666666667,0.3200589970501475,8.6,8.6,0
2023,21,832,6,80,12.0,2.0,8,13,6.0,-4.0,5.202083333333333,0.11666666666666667,0.3200589970501475,8.6,8.6,0
2023,22,832,6,24,16.0,16.0,8,13,-2.0,-2.0,5.202083333333333,0.11666666666666667,0.3200589970501475,8.6,8.6,0
2023,1,844,6,3,3.0,3.0,5,13,-16.0,-16.0,9.295081967213115,0.29508196721311475,0.3200589970501475,10.6,5.6,0
2023,2,844,6,77,12.0,2.0,5,13,5.0,-5.0,9.295081967213115,0.29508196721311475,0.3200589970501475,8.8,4.4,0
2023,3,844,6,1,7.0,7.0,5,13,-13.0,-13.0,9.295081967213115,0.29508196721311475,0.3200589970501475,7.2,2.8,0
2023,4,844,6,73,1.0,1.0,5,13,-2.0,-2.0,9.295081967213115,0.29508196721311475,0.3200589970501475,7.8,4.2,1
2023,5,844,6,79,7.0,7.0,5,13,0.0,0.0,9.295081967213115,0.29508196721311475,0.3200589970501475,5.4,5.4,0
2023,6,844,6,6,6.0,3.0,5,13,0.0,-3.0,9.295081967213115,0.29508196721311475,0.3200589970501475,7.0,7.0,0
2023,7,844,6,4,19.0,19.0,5,13,8.0,8.0,9.295081967213115,0.29508196721311475,0.3200589970501475,5.8,5.8,0
2023,8,844,6,7,10.0,11.0,5,13,6.0,7.0,9.295081967213115,0.29508196721311475,0.3200589970501475,8.2,8.2,0
2023,9,844,6,70,2.0,2.0,5,13,0.0,0.0,9.295081967213115,0.29508196721311475,0.3200589970501475,8.8,8.8,1
2023,10,844,6,9,4.0,4.0,5,13,-5.0,-5.0,9.295081967213115,0.29508196721311475,0.3200589970501475,8.0,8.0,0
2023,11,844,6,11,6.0,6.0,5,13,-1.0,-1.0,9.295081967213115,0.29508196721311475,0.3200589970501475,7.6,7.6,0
2023,12,844,6,13,1.0,2.0,5,13,-2.0,-1.0,9.295081967213115,0.29508196721311475,0.3200589970501475,10.6,10.6,1
2023,13,844,6,39,9.0,9.0,5,13,-10.0,-10.0,9.295081967213115,0.29508196721311475,0.3200589970501475,8.2,8.2,0
2023,14,844,6,14,3.0,3.0,5,13,-1.0,-1.0,9.295081967213115,0.29508196721311475,0.3200589970501475,7.0,7.0,0
2023,15,844,6,15,3.0,3.0,5,13,-1.0,-1.0,9.295081967213115,0.29508196721311475,0.3200589970501475,9.0,9.0,0
2023,16,844,6,22,4.0,4.0,5,13,0.0,0.0,9.295081967213115,0.29508196721311475,0.3200589970501475,10.2,10.2,0
2023,17,844,6,78,5.0,5.0,5,13,0.0,0.0,9.295081967213115,0.29508196721311475,0.3200589970501475,9.2,9.2,0
2023,18,844,6,69,1.0,1.0,5,13,-19.0,-19.0,9.295081967213115,0.29508196721311475,0.3200589970501475,9.2,9.2,0
2023,19,844,6,32,1.0,1.0,5,13,-2.0,-2.0,9.295081967213115,0.29508196721311475,0.3200589970501475,9.8,9.8,1
2023,20,844,6,18,0.0,2.0,5,13,-20.0,-18.0,9.295081967213115,0.29508196721311475,0.3200589970501475,7.4,7.4,0
2023,21,844,6,80,1.0,1.0,5,13,-1.0,-1.0,9.295081967213115,0.29508196721311475,0.3200589970501475,8.6,8.6,1
2023,22,844,6,24,2.0,2.0,5,13,0.0,0.0,9.295081967213115,0.29508196721311475,0.3200589970501475,10.2,10.2,1
2024,1,832,6,3,4.0,4.0,9,14,1.0,1.0,5.202083333333333,0.11666666666666667,0.3200589970501475,8.6,13.2,1
2024,3,832,6,1,2.0,2.0,9,14,1.0,1.0,5.202083333333333,0.11666666666666667,0.3200589970501475,11.2,15.2,1
2024,4,832,6,22,4.0,4.0,9,14,1.0,1.0,5.202083333333333,0.11666666666666667,0.3200589970501475,12.6,18.2,1
2024,5,832,6,17,7.0,7.0,9,14,2.0,2.0,5.202083333333333,0.11666666666666667,0.3200589970501475,13.0,16.6,0
2024,6,832,6,79,3.0,3.0,9,14,-2.0,-2.0,5.202083333333333,0.11666666666666667,0.3200589970501475,15.0,15.0,0
2024,7,832,6,21,4.0,5.0,9,14,-1.0,0.0,5.202083333333333,0.11666666666666667,0.3200589970501475,14.0,14.0,0
2024,8,832,6,6,3.0,3.0,9,14,0.0,0.0,5.202083333333333,0.11666666666666667,0.3200589970501475,12.0,12.0,1
2024,9,832,6,7,12.0,12.0,9,14,-4.0,-4.0,5.202083333333333,0.11666666666666667,0.3200589970501475,9.0,9.0,0
2024,10,832,6,4,6.0,6.0,9,14,0.0,0.0,5.202083333333333,0.11666666666666667,0.3200589970501475,8.6,8.6,0
2024,11,832,6,70,4.0,4.0,9,14,1.0,1.0,5.202083333333333,0.11666666666666667,0.3200589970501475,9.6,9.6,1
2024,12,832,6,9,7.0,7.0,9,14,2.0,2.0,5.202083333333333,0.11666666666666667,0.3200589970501475,9.8,9.8,0
2024,13,832,6,11,4.0,4.0,9,14,-2.0,-2.0,5.202083333333333,0.11666666666666667,0.3200589970501475,8.4,8.4,0
2024,14,832,6,13,7.0,8.0,9,14,1.0,2.0,5.202083333333333,0.11666666666666667,0.3200589970501475,10.0,10.0,0
2024,15,832,6,39,10.0,10.0,9,14,5.0,5.0,5.202083333333333,0.11666666666666667,0.3200589970501475,10.4,10.4,0
2024,16,832,6,14,5.0,5.0,9,14,1.0,1.0,5.202083333333333,0.11666666666666667,0.3200589970501475,9.8,9.8,0
2024,17,832,6,73,3.0,3.0,9,14,-15.0,-15.0,5.202083333333333,0.11666666666666667,0.3200589970501475,7.6,7.6,0
2024,18,832,6,15,10.0,10.0,9,14,3.0,3.0,5.202083333333333,0.11666666666666667,0.3200589970501475,7.2,7.2,0
2024,19,832,6,69,3.0,3.0,9,14,1.0,1.0,5.202083333333333,0.11666666666666667,0.3200589970501475,9.2,9.2,1
2024,20,832,6,32,1.0,1.0,9,14,0.0,0.0,5.202083333333333,0.11666666666666667,0.3200589970501475,12.2,12.2,1
2024,21,832,6,18,0.0,14.0,9,14,-16.0,-2.0,5.202083333333333,0.11666666666666667,0.3200589970501475,9.8,9.8,0
2024,22,832,6,80,2.0,2.0,9,14,-1.0,-1.0,5.202083333333333,0.11666666666666667,0.3200589970501475,12.8,12.8,1
2024,23,832,6,78,7.0,7.0,9,14,1.0,1.0,5.202083333333333,0.11666666666666667,0.3200589970501475,13.2,13.2,0
2024,24,832,6,24,3.0,3.0,9,14,1.0,1.0,5.202083333333333,0.11666666666666667,0.3200589970501475,13.2,13.2,1
2024,1,844,6,3,2.0,2.0,6,14,-2.0,-2.0,9.295081967213115,0.29508196721311475,0.3200589970501475,12.6,10.6,0
2024,2,844,6,77,2.0,2.0,6,14,-1.0,-1.0,9.295081967213115,0.29508196721311475,0.3200589970501475,12.8,13.8,1
2024,3,844,6,1,4.0,5.0,6,14,2.0,3.0,9.295081967213115,0.29508196721311475,0.3200589970501475,16.6,14.6,1
2024,4,844,6,22,8.0,8.0,6,14,4.0,4.0,9.295081967213115,0.29508196721311475,0.3200589970501475,15.4,15.4,0
2024,5,844,6,17,6.0,6.0,6,14,2.0,2.0,9.295081967213115,0.29508196721311475,0.3200589970501475,14.2,14.2,0
2024,6,844,6,79,2.0,2.0,6,14,-1.0,-1.0,9.295081967213115,0.29508196721311475,0.3200589970501475,14.8,14.8,1
2024,7,844,6,21,3.0,4.0,6,14,0.0,1.0,9.295081967213115,0.29508196721311475,0.3200589970501475,14.6,14.6,1
2024,8,844,6,6,1.0,1.0,6,14,0.0,0.0,9.295081967213115,0.29508196721311475,0.3200589970501475,15.8,15.8,1
2024,9,844,6,7,11.0,11.0,6,14,-8.0,-8.0,9.295081967213115,0.29508196721311475,0.3200589970501475,13.4,13.4,0
2024,10,844,6,4,5.0,5.0,6,14,0.0,0.0,9.295081967213115,0.29508196721311475,0.3200589970501475,13.0,13.0,0
2024,11,844,6,70,6.0,6.0,6,14,-5.0,-5.0,9.295081967213115,0.29508196721311475,0.3200589970501475,10.0,10.0,0
2024,12,844,6,9,11.0,11.0,6,14,-3.0,-3.0,9.295081967213115,0.29508196721311475,0.3200589970501475,7.0,7.0,0
2024,13,844,6,11,6.0,6.0,6,14,2.0,2.0,9.295081967213115,0.29508196721311475,0.3200589970501475,4.4,4.4,0
2024,14,844,6,13,1.0,2.0,6,14,-2.0,-1.0,9.295081967213115,0.29508196721311475,0.3200589970501475,7.4,7.4,1
2024,15,844,6,39,6.0,6.0,6,14,3.0,3.0,9.295081967213115,0.29508196721311475,0.3200589970501475,8.4,8.4,1
2024,16,844,6,14,4.0,4.0,6,14,3.0,3.0,9.295081967213115,0.29508196721311475,0.3200589970501475,13.4,13.4,1
2024,17,844,6,73,1.0,1.0,6,14,-1.0,-1.0,9.295081967213115,0.29508196721311475,0.3200589970501475,17.0,17.0,1
2024,18,844,6,15,9.0,9.0,6,14,4.0,4.0,9.295081967213115,0.29508196721311475,0.3200589970501475,16.6,16.6,0
2024,19,844,6,69,4.0,4.0,6,14,3.0,3.0,9.295081967213115,0.29508196721311475,0.3200589970501475,18.6,18.6,1
2024,20,844,6,32,4.0,4.0,6,14,1.0,1.0,9.295081967213115,0.29508196721311475,0.3200589970501475,18.8,18.8,1
2024,21,844,6,18,6.0,6.0,6,14,1.0,1.0,9.295081967213115,0.29508196721311475,0.3200589970501475,15.8,15.8,0
2024,22,844,6,80,4.0,4.0,6,14,0.0,0.0,9.295081967213115,0.29508196721311475,0.3200589970501475,14.6,14.6,0
2024,23,844,6,78,5.0,5.0,6,14,3.0,3.0,9.295081967213115,0.29508196721311475,0.3200589970501475,16.2,16.2,1
2024,24,844,6,24,19.0,14.0,6,14,16.0,11.0,9.295081967213115,0.29508196721311475,0.3200589970501475,14.2,14.2,1
2024,2,860,6,77,11.0,11.0,0,14,4.0,4.0,1.7027027027027026,0.0,0.3200589970501475,6.0,12.2,0
2025,1,1,6,1,8.0,8.0,15,15,-2.0,-2.0,14.350591715976332,0.5325443786982249,0.3200589970501475,6.4,10.4,0
2025,2,1,6,17,5.0,5.0,15,15,-14.0,-14.0,14.350591715976332,0.5325443786982249,0.3200589970501475,6.2,8.0,0
2025,3,1,6,22,8.0,8.0,15,15,1.0,1.0,14.350591715976332,0.5325443786982249,0.3200589970501475,3.8,5.6,0
2025,4,1,6,3,9.0,9.0,15,15,4.0,4.0,14.350591715976332,0.5325443786982249,0.3200589970501475,5.8,4.6,0
2025,5,1,6,77,7.0,7.0,15,15,0.0,0.0,14.350591715976332,0.5325443786982249,0.3200589970501475,4.6,4.6,0
2025,6,1,6,79,12.0,12.0,15,15,4.0,4.0,14.350591715976332,0.5325443786982249,0.3200589970501475,5.2,5.2,0
2025,7,1,6,21,12.0,12.0,15,15,8.0,8.0,14.350591715976332,0.5325443786982249,0.3200589970501475,7.6,7.6,0
2025,8,1,6,6,7.0,4.0,15,15,2.0,-1.0,14.350591715976332,0.5325443786982249,0.3200589970501475,8.4,8.4,0
2025,9,1,6,4,5.0,5.0,15,15,-1.0,-1.0,14.350591715976332,0.5325443786982249,0.3200589970501475,8.0,8.0,0
2025,10,1,6,7,5.0,5.0,15,15,-1.0,-1.0,14.350591715976332,0.5325443786982249,0.3200589970501475,8.4,8.4,0
2025,11,1,6,70,4.0,4.0,15,15,0.0,0.0,14.350591715976332,0.5325443786982249,0.3200589970501475,10.0,10.0,0
2025,12,1,6,9,5.0,5.0,15,15,1.0,1.0,14.350591715976332,0.5325443786982249,0.3200589970501475,10.0,10.0,0
2025,13,1,6,13,18.0,16.0,15,15,11.0,9.0,14.350591715976332,0.5325443786982249,0.3200589970501475,9.2,9.2,0
2025,14,1,6,11,12.0,12.0,15,15,0.0,0.0,14.350591715976332,0.5325443786982249,0.3200589970501475,7.6,7.6,0
2025,15,1,6,39,7.0,7.0,15,15,-13.0,-13.0,14.350591715976332,0.5325443786982249,0.3200589970501475,6.0,6.0,0
2025,16,1,6,14,10.0,5.0,15,15,4.0,-1.0,14.350591715976332,0.5325443786982249,0.3200589970501475,5.2,5.2,0
2025,17,1,6,73,12.0,12.0,15,15,4.0,4.0,14.350591715976332,0.5325443786982249,0.3200589970501475,3.6,3.6,0
2025,18,1,6,15,6.0,6.0,15,15,-2.0,-2.0,14.350591715976332,0.5325443786982249,0.3200589970501475,3.2,3.2,0
2025,19,1,6,69,5.0,5.0,15,15,1.0,1.0,14.350591715976332,0.5325443786982249,0.3200589970501475,5.6,5.6,0
2025,20,1,6,32,3.0,3.0,15,15,-5.0,-5.0,14.350591715976332,0.5325443786982249,0.3200589970501475,6.4,6.4,0
2025,21,1,6,18,13.0,13.0,15,15,-5.0,-5.0,14.350591715976332,0.5325443786982249,0.3200589970501475,4.8,4.8,0
2025,22,1,6,80,19.0,20.0,15,15,11.0,12.0,14.350591715976332,0.5325443786982249,0.3200589970501475,4.8,4.8,0
2025,24,1,6,24,16.0,16.0,15,15,8.0,8.0,14.350591715976332,0.5325443786982249,0.3200589970501475,4.8,4.8,0
2025,1,844,6,1,7.0,7.0,7,15,-1.0,-1.0,9.295081967213115,0.29508196721311475,0.3200589970501475,11.8,3.2,0
2025,2,844,6,17,6.0,6.0,7,15,-12.0,-12.0,9.295081967213115,0.29508196721311475,0.3200589970501475,9.8,2.4,0
2025,3,844,6,22,4.0,4.0,7,15,0.0,0.0,9.295081967213115,0.29508196721311475,0.3200589970501475,9.8,4.8,0
2025,4,844,6,3,2.0,3.0,7,15,-2.0,-1.0,9.295081967213115,0.29508196721311475,0.3200589970501475,8.6,6.4,0
2025,5,844,6,77,4.0,4.0,7,15,1.0,1.0,9.295081967213115,0.29508196721311475,0.3200589970501475,8.6,8.6,1
2025,6,844,6,79,8.0,8.0,7,15,1.0,1.0,9.295081967213115,0.29508196721311475,0.3200589970501475,9.0,9.0,0
2025,7,844,6,21,11.0,11.0,7,15,5.0,5.0,9.295081967213115,0.29508196721311475,0.3200589970501475,10.6,10.6,0
2025,8,844,6,6,2.0,2.0,7,15,0.0,0.0,9.295081967213115,0.29508196721311475,0.3200589970501475,11.8,11.8,1
2025,9,844,6,4,7.0,7.0,7,15,4.0,4.0,9.295081967213115,0.29508196721311475,0.3200589970501475,12.4,12.4,1
2025,10,844,6,7,8.0,8.0,7,15,3.0,3.0,9.295081967213115,0.29508196721311475,0.3200589970501475,11.4,11.4,0
2025,11,844,6,70,2.0,2.0,7,15,-1.0,-1.0,9.295081967213115,0.29508196721311475,0.3200589970501475,13.2,13.2,1
2025,12,844,6,9,6.0,6.0,7,15,-8.0,-8.0,9.295081967213115,0.29508196721311475,0.3200589970501475,11.6,11.6,0
2025,13,844,6,13,3.0,3.0,7,15,0.0,0.0,9.295081967213115,0.29508196721311475,0.3200589970501475,11.0,11.0,1
2025,14,844,6,11,1.0,1.0,7,15,-3.0,-3.0,9.295081967213115,0.29508196721311475,0.3200589970501475,10.4,10.4,0
2025,15,844,6,39,6.0,6.0,7,15,-13.0,-13.0,9.295081967213115,0.29508196721311475,0.3200589970501475,8.4,8.4,0
2025,16,844,6,14,4.0,4.0,7,15,0.0,0.0,9.295081967213115,0.29508196721311475,0.3200589970501475,7.8,7.8,0
2025,17,844,6,73,10.0,10.0,7,15,1.0,1.0,9.295081967213115,0.29508196721311475,0.3200589970501475,8.2,8.2,0
2025,18,844,6,15,7.0,7.0,7,15,1.0,1.0,9.295081967213115,0.29508196721311475,0.3200589970501475,6.8,6.8,0
2025,19,844,6,69,3.0,3.0,7,15,0.0,0.0,9.295081967213115,0.29508196721311475,0.3200589970501475,7.4,7.4,1
2025,20,844,6,32,2.0,2.0,7,15,0.0,0.0,9.295081967213115,0.29508196721311475,0.3200589970501475,11.0,11.0,1
2025,21,844,6,18,3.0,3.0,7,15,-16.0,-16.0,9.295081967213115,0.29508196721311475,0.3200589970501475,8.6,8.6,0
2025,22,844,6,80,9.0,9.0,7,15,5.0,5.0,9.295081967213115,0.29508196721311475,0.3200589970501475,10.6,10.6,0
2025,24,844,6,24,5.0,5.0,7,15,1.0,1.0,9.295081967213115,0.29508196721311475,0.3200589970501475,11.4,11.4,0
2026,1,1,6,1,7.0,7.0,16,16,3.0,3.0,14.350591715976332,0.5325443786982249,0.3200589970501475,4.8,10.8,0
2026,2,1,6,17,3.0,3.0,16,16,0.0,0.0,14.350591715976332,0.5325443786982249,0.3200589970501475,7.0,10.2,1
2026,3,1,6,22,6.0,6.0,16,16,0.0,0.0,14.350591715976332,0.5325443786982249,0.3200589970501475,8.6,11.8,0
2026,4,1,6,79,6.0,6.0,16,16,0.0,0.0,14.350591715976332,0.5325443786982249,0.3200589970501475,9.4,11.0,0
2026,5,1,6,7,5.0,5.0,16,16,3.0,3.0,14.350591715976332,0.5325443786982249,0.3200589970501475,12.2,12.2,1
2026,6,1,6,6,3.0,3.0,16,16,1.0,1.0,14.350591715976332,0.5325443786982249,0.3200589970501475,13.4,13.4,1
2026,7,1,6,4,2.0,2.0,16,16,1.0,1.0,14.350591715976332,0.5325443786982249,0.3200589970501475,15.4,15.4,1
2026,8,1,6,70,3.0,3.0,16,16,-2.0,-2.0,14.350591715976332,0.5325443786982249,0.3200589970501475,15.8,15.8,0
2026,9,1,6,9,3.0,3.0,16,16,0.0,0.0,14.350591715976332,0.5325443786982249,0.3200589970501475,17.2,17.2,1
2026,10,1,6,13,5.0,6.0,16,16,1.0,2.0,14.350591715976332,0.5325443786982249,0.3200589970501475,16.0,16.0,0
2026,11,1,6,11,5.0,2.0,16,16,0.0,-3.0,14.350591715976332,0.5325443786982249,0.3200589970501475,14.4,14.4,0
2026,1,844,6,1,4.0,4.0,8,16,1.0,1.0,9.295081967213115,0.29508196721311475,0.3200589970501475,11.4,12.4,1
2026,2,844,6,17,4.0,4.0,8,16,0.0,0.0,9.295081967213115,0.29508196721311475,0.3200589970501475,10.2,12.8,0
2026,3,844,6,22,4.0,4.0,8,16,1.0,1.0,9.295081967213115,0.29508196721311475,0.3200589970501475,13.2,12.8,1
2026,4,844,6,79,3.0,3.0,8,16,-5.0,-5.0,9.295081967213115,0.29508196721311475,0.3200589970501475,11.6,11.2,0
2026,5,844,6,7,8.0,8.0,8,16,4.0,4.0,9.295081967213115,0.29508196721311475,0.3200589970501475,11.6,11.6,0
2026,6,844,6,6,4.0,4.0,8,16,-13.0,-13.0,9.295081967213115,0.29508196721311475,0.3200589970501475,8.6,8.6,0
2026,7,844,6,4,10.0,10.0,8,16,-5.0,-5.0,9.295081967213115,0.29508196721311475,0.3200589970501475,6.2,6.2,0
2026,8,844,6,70,2.0,2.0,8,16,-6.0,-6.0,9.295081967213115,0.29508196721311475,0.3200589970501475,4.0,4.0,0
2026,9,844,6,9,2.0,2.0,8,16,1.0,1.0,9.295081967213115,0.29508196721311475,0.3200589970501475,8.2,8.2,1
2026,10,844,6,13,4.0,5.0,8,16,2.0,3.0,9.295081967213115,0.29508196721311475,0.3200589970501475,9.4,9.4,1
2026,11,844,6,11,2.0,3.0,8,16,-2.0,-1.0,9.295081967213115,0.29508196721311475,0.3200589970501475,11.8,11.8,0
2010,1,17,9,3,6.0,6.0,0,0,-2.0,-2.0,11.402597402597403,0.4155844155844156,0.4162962962962963,4.0,4.0,0
2010,2,17,9,1,2.0,2.0,0,0,-7.0,-7.0,11.402597402597403,0.4155844155844156,0.4162962962962963,3.0,3.0,0
2010,3,17,9,2,1.0,1.0,0,0,-1.0,-1.0,11.402597402597403,0.4155844155844156,0.4162962962962963,8.0,8.0,1
2010,4,17,9,17,2.0,2.0,0,0,-6.0,-6.0,11.402597402597403,0.4155844155844156,0.4162962962962963,7.0,7.0,0
2010,5,17,9,4,1.0,1.0,0,0,0.0,0.0,11.402597402597403,0.4155844155844156,0.4162962962962963,10.6,10.6,1
2010,6,17,9,6,1.0,1.0,0,0,0.0,0.0,11.402597402597403,0.4155844155844156,0.4162962962962963,14.8,14.8,1
2010,7,17,9,5,1.0,1.0,0,0,-2.0,-2.0,11.402597402597403,0.4155844155844156,0.4162962962962963,17.4,17.4,1
2010,8,17,9,7,7.0,2.0,0,0,2.0,-3.0,11.402597402597403,0.4155844155844156,0.4162962962962963,15.8,15.8,0
2010,9,17,9,12,2.0,2.0,0,0,-22.0,-22.0,11.402597402597403,0.4155844155844156,0.4162962962962963,15.0,15.0,0
2010,10,17,9,9,2.0,2.0,0,0,1.0,1.0,11.402597402597403,0.4155844155844156,0.4162962962962963,15.0,15.0,1
2010,11,17,9,10,4.0,4.0,0,0,-2.0,-2.0,11.402597402597403,0.4155844155844156,0.4162962962962963,11.6,11.6,0
2010,12,17,9,11,2.0,2.0,0,0,1.0,1.0,11.402597402597403,0.4155844155844156,0.4162962962962963,13.6,13.6,1
2010,13,17,9,13,1.0,1.0,0,0,-1.0,-1.0,11.402597402597403,0.4155844155844156,0.4162962962962963,15.2,15.2,1
2010,14,17,9,14,4.0,4.0,0,0,-2.0,-2.0,11.402597402597403,0.4155844155844156,0.4162962962962963,16.8,16.8,0
2010,15,17,9,15,5.0,5.0,0,0,2.0,2.0,11.402597402597403,0.4155844155844156,0.4162962962962963,14.8,14.8,1
2010,16,17,9,22,2.0,2.0,0,0,0.0,0.0,11.402597402597403,0.4155844155844156,0.4162962962962963,16.8,16.8,1
2010,17,17,9,35,2.0,2.0,0,0,-21.0,-21.0,11.402597402597403,0.4155844155844156,0.4162962962962963,11.8,11.8,0
2010,18,17,9,18,3.0,3.0,0,0,1.0,1.0,11.402597402597403,0.4155844155844156,0.4162962962962963,11.8,11.8,1
2010,19,17,9,24,5.0,5.0,0,0,-3.0,-3.0,11.402597402597403,0.4155844155844156,0.4162962962962963,11.0,11.0,0
2010,1,20,9,3,1.0,1.0,0,0,-3.0,-3.0,11.58203125,0.44140625,0.4162962962962963,12.0,10.4,0
2010,2,20,9,1,1.0,1.0,0,0,-16.0,-16.0,11.58203125,0.44140625,0.4162962962962963,6.0,6.8,0
2010,3,20,9,2,3.0,3.0,0,0,2.0,2.0,11.58203125,0.44140625,0.4162962962962963,12.333333333333334,11.8,1
2010,4,20,9,17,1.0,1.0,0,0,-5.0,-5.0,11.58203125,0.44140625,0.4162962962962963,11.25,9.8,0
2010,5,20,9,4,2.0,2.0,0,0,-1.0,-1.0,11.58203125,0.44140625,0.4162962962962963,12.0,12.0,1
2010,6,20,9,6,3.0,3.0,0,0,1.0,1.0,11.58203125,0.44140625,0.4162962962962963,13.2,13.2,1
2010,7,20,9,5,3.0,3.0,0,0,-19.0,-19.0,11.58203125,0.44140625,0.4162962962962963,13.2,13.2,0
2010,8,20,9,7,2.0,3.0,0,0,-2.0,-1.0,11.58203125,0.44140625,0.4162962962962963,10.6,10.6,0
2010,9,20,9,12,1.0,1.0,0,0,0.0,0.0,11.58203125,0.44140625,0.4162962962962963,14.0,14.0,1
2010,10,20,9,9,1.0,1.0,0,0,-6.0,-6.0,11.58203125,0.44140625,0.4162962962962963,12.2,12.2,0
2010,11,20,9,10,1.0,1.0,0,0,-2.0,-2.0,11.58203125,0.44140625,0.4162962962962963,11.6,11.6,1
2010,12,20,9,11,1.0,1.0,0,0,-2.0,-2.0,11.58203125,0.44140625,0.4162962962962963,14.6,14.6,1
2010,13,20,9,13,4.0,4.0,0,0,-11.0,-11.0,11.58203125,0.44140625,0.4162962962962963,12.2,12.2,0
2010,14,20,9,14,6.0,6.0,0,0,2.0,2.0,11.58203125,0.44140625,0.4162962962962963,9.6,9.6,0
2010,15,20,9,15,2.0,2.0,0,0,0.0,0.0,11.58203125,0.44140625,0.4162962962962963,12.0,12.0,1
2010,16,20,9,22,1.0,1.0,0,0,0.0,0.0,11.58203125,0.44140625,0.4162962962962963,14.0,14.0,1
2010,17,20,9,35,1.0,1.0,0,0,-16.0,-16.0,11.58203125,0.44140625,0.4162962962962963,11.0,11.0,0
2010,18,20,9,18,2.0,2.0,0,0,1.0,1.0,11.58203125,0.44140625,0.4162962962962963,16.0,16.0,1
2010,19,20,9,24,1.0,1.0,0,0,0.0,0.0,11.58203125,0.44140625,0.4162962962962963,18.6,18.6,1
2011,1,17,9,1,3.0,3.0,1,1,-2.0,-2.0,11.402597402597403,0.4155844155844156,0.4162962962962963,10.0,17.0,0
2011,2,17,9,2,3.0,3.0,1,1,-1.0,-1.0,11.402597402597403,0.4155844155844156,0.4162962962962963,8.8,14.4,0
2011,3,17,9,17,18.0,18.0,1,1,15.0,15.0,11.402597402597403,0.4155844155844156,0.4162962962962963,11.8,17.4,1
2011,4,17,9,5,2.0,2.0,1,1,0.0,0.0,11.402597402597403,0.4155844155844156,0.4162962962962963,11.8,16.0,1
2011,5,17,9,4,1.0,1.0,1,1,-3.0,-3.0,11.402597402597403,0.4155844155844156,0.4162962962962963,13.4,13.4,0
2011,6,17,9,6,3.0,3.0,1,1,-1.0,-1.0,11.402597402597403,0.4155844155844156,0.4162962962962963,13.8,13.8,0
2011,7,17,9,7,4.0,4.0,1,1,1.0,1.0,11.402597402597403,0.4155844155844156,0.4162962962962963,14.4,14.4,1
2011,8,17,9,12,2.0,2.0,1,1,-1.0,-1.0,11.402597402597403,0.4155844155844156,0.4162962962962963,14.4,14.4,1
2011,9,17,9,9,1.0,1.0,1,1,-2.0,-2.0,11.402597402597403,0.4155844155844156,0.4162962962962963,13.8,13.8,1
2011,10,17,9,20,1.0,1.0,1,1,-2.0,-2.0,11.402597402597403,0.4155844155844156,0.4162962962962963,14.4,14.4,1
2011,11,17,9,11,6.0,6.0,1,1,1.0,1.0,11.402597402597403,0.4155844155844156,0.4162962962962963,14.0,14.0,0
2011,12,17,9,13,3.0,3.0,1,1,1.0,1.0,11.402597402597403,0.4155844155844156,0.4162962962962963,14.6,14.6,1
2011,13,17,9,14,5.0,5.0,1,1,-15.0,-15.0,11.402597402597403,0.4155844155844156,0.4162962962962963,11.6,11.6,0
2011,14,17,9,15,2.0,2.0,1,1,-1.0,-1.0,11.402597402597403,0.4155844155844156,0.4162962962962963,11.6,11.6,1
2011,15,17,9,22,6.0,6.0,1,1,2.0,2.0,11.402597402597403,0.4155844155844156,0.4162962962962963,11.0,11.0,0
2011,16,17,9,35,4.0,4.0,1,1,1.0,1.0,11.402597402597403,0.4155844155844156,0.4162962962962963,12.0,12.0,1
2011,17,17,9,68,2.0,3.0,1,1,-2.0,-1.0,11.402597402597403,0.4155844155844156,0.4162962962962963,10.8,10.8,0
2011,18,17,9,24,4.0,4.0,1,1,0.0,0.0,11.402597402597403,0.4155844155844156,0.4162962962962963,13.2,13.2,0
2011,19,17,9,18,2.0,2.0,1,1,1.0,1.0,11.402597402597403,0.4155844155844156,0.4162962962962963,15.2,15.2,1
2011,1,20,9,1,1.0,1.0,1,1,0.0,0.0,11.58203125,0.44140625,0.4162962962962963,20.0,17.8,1
2011,2,20,9,2,1.0,1.0,1,1,0.0,0.0,11.58203125,0.44140625,0.4162962962962963,20.0,19.8,1
2011,3,20,9,17,1.0,1.0,1,1,-1.0,-1.0,11.58203125,0.44140625,0.4162962962962963,23.6,21.0,1
2011,4,20,9,5,1.0,1.0,1,1,0.0,0.0,11.58203125,0.44140625,0.4162962962962963,23.6,23.6,1
2011,5,20,9,4,2.0,2.0,1,1,1.0,1.0,11.58203125,0.44140625,0.4162962962962963,23.6,23.6,1
2011,6,20,9,6,1.0,1.0,1,1,0.0,0.0,11.58203125,0.44140625,0.4162962962962963,23.6,23.6,1
2011,7,20,9,7,1.0,1.0,1,1,-1.0,-1.0,11.58203125,0.44140625,0.4162962962962963,22.2,22.2,1
2011,8,20,9,12,1.0,1.0,1,1,0.0,0.0,11.58203125,0.44140625,0.4162962962962963,23.6,23.6,1
2011,9,20,9,9,2.0,2.0,1,1,0.0,0.0,11.58203125,0.44140625,0.4162962962962963,22.2,22.2,1
2011,10,20,9,20,3.0,3.0,1,1,-1.0,-1.0,11.58203125,0.44140625,0.4162962962962963,19.6,19.6,0
2011,11,20,9,11,1.0,1.0,1,1,-1.0,-1.0,11.58203125,0.44140625,0.4162962962962963,18.2,18.2,1
2011,12,20,9,13,1.0,1.0,1,1,0.0,0.0,11.58203125,0.44140625,0.4162962962962963,19.6,19.6,1
2011,13,20,9,14,1.0,1.0,1,1,0.0,0.0,11.58203125,0.44140625,0.4162962962962963,19.6,19.6,1
2011,14,20,9,15,1.0,1.0,1,1,0.0,0.0,11.58203125,0.44140625,0.4162962962962963,21.0,21.0,1
2011,15,20,9,22,1.0,1.0,1,1,-2.0,-2.0,11.58203125,0.44140625,0.4162962962962963,21.6,21.6,1
2011,16,20,9,35,2.0,2.0,1,1,1.0,1.0,11.58203125,0.44140625,0.4162962962962963,23.0,23.0,1
2011,17,20,9,68,1.0,1.0,1,1,0.0,0.0,11.58203125,0.44140625,0.4162962962962963,23.0,23.0,1
2011,18,20,9,24,1.0,1.0,1,1,-23.0,-23.0,11.58203125,0.44140625,0.4162962962962963,18.0,18.0,0
2011,19,20,9,18,1.0,1.0,1,1,-1.0,-1.0,11.58203125,0.44140625,0.4162962962962963,16.6,16.6,1
2012,1,17,9,1,5.0,5.0,2,2,1.0,1.0,11.402597402597403,0.4155844155844156,0.4162962962962963,15.2,16.0,0
2012,2,17,9,2,4.0,4.0,2,2,0.0,0.0,11.402597402597403,0.4155844155844156,0.4162962962962963,14.6,13.4,0
2012,3,17,9,17,6.0,7.0,2,2,2.0,3.0,11.402597402597403,0.4155844155844156,0.4162962962962963,14.6,10.8,0
2012,4,17,9,3,3.0,3.0,2,2,-1.0,-1.0,11.402597402597403,0.4155844155844156,0.4162962962962963,14.6,13.2,0
2012,5,17,9,4,11.0,12.0,2,2,0.0,1.0,11.402597402597403,0.4155844155844156,0.4162962962962963,9.6,9.6,0
2012,6,17,9,6,1.0,2.0,2,2,0.0,1.0,11.402597402597403,0.4155844155844156,0.4162962962962963,12.2,12.2,1
2012,7,17,9,7,4.0,4.0,2,2,-3.0,-3.0,11.402597402597403,0.4155844155844156,0.4162962962962963,11.0,11.0,0
2012,8,17,9,12,19.0,19.0,2,2,15.0,15.0,11.402597402597403,0.4155844155844156,0.4162962962962963,11.0,11.0,0
2012,9,17,9,9,2.0,2.0,2,2,1.0,1.0,11.402597402597403,0.4155844155844156,0.4162962962962963,13.6,13.6,1
2012,10,17,9,10,8.0,3.0,2,2,0.0,-5.0,11.402597402597403,0.4155844155844156,0.4162962962962963,14.4,14.4,0
2012,11,17,9,11,11.0,11.0,2,2,3.0,3.0,11.402597402597403,0.4155844155844156,0.4162962962962963,10.2,10.2,0
2012,12,17,9,13,12.0,7.0,2,2,6.0,1.0,11.402597402597403,0.4155844155844156,0.4162962962962963,10.6,10.6,0
2012,13,17,9,14,11.0,11.0,2,2,-9.0,-9.0,11.402597402597403,0.4155844155844156,0.4162962962962963,8.2,8.2,0
2012,14,17,9,15,7.0,7.0,2,2,-4.0,-4.0,11.402597402597403,0.4155844155844156,0.4162962962962963,3.2,3.2,0
2012,15,17,9,22,2.0,2.0,2,2,-7.0,-7.0,11.402597402597403,0.4155844155844156,0.4162962962962963,2.8,2.8,0
2012,16,17,9,35,1.0,1.0,2,2,-1.0,-1.0,11.402597402597403,0.4155844155844156,0.4162962962962963,5.6,5.6,1
2012,17,17,9,68,2.0,2.0,2,2,-1.0,-1.0,11.402597402597403,0.4155844155844156,0.4162962962962963,7.0,7.0,1
2012,18,17,9,24,2.0,2.0,2,2,-18.0,-18.0,11.402597402597403,0.4155844155844156,0.4162962962962963,7.0,7.0,0
2012,19,17,9,69,3.0,3.0,2,2,-20.0,-20.0,11.402597402597403,0.4155844155844156,0.4162962962962963,7.0,7.0,0
2012,20,17,9,18,3.0,3.0,2,2,-1.0,-1.0,11.402597402597403,0.4155844155844156,0.4162962962962963,9.0,9.0,0
2012,1,20,9,1,6.0,6.0,2,2,4.0,4.0,11.58203125,0.44140625,0.4162962962962963,17.2,9.0,1
2012,2,20,9,2,5.0,6.0,2,2,-6.0,-5.0,11.58203125,0.44140625,0.4162962962962963,12.2,6.0,0
2012,3,20,9,17,11.0,11.0,2,2,6.0,6.0,11.58203125,0.44140625,0.4162962962962963,9.2,8.0,0
2012,4,20,9,3,1.0,1.0,2,2,0.0,0.0,11.58203125,0.44140625,0.4162962962962963,14.2,13.0,1
2012,5,20,9,4,7.0,8.0,2,2,1.0,2.0,11.58203125,0.44140625,0.4162962962962963,12.2,12.2,0
2012,6,20,9,6,9.0,10.0,2,2,5.0,6.0,11.58203125,0.44140625,0.4162962962962963,11.0,11.0,0
2012,7,20,9,7,1.0,1.0,2,2,-3.0,-3.0,11.58203125,0.44140625,0.4162962962962963,13.4,13.4,0
2012,8,20,9,12,1.0,1.0,2,2,-20.0,-20.0,11.58203125,0.44140625,0.4162962962962963,11.4,11.4,0
2012,9,20,9,9,4.0,4.0,2,2,1.0,1.0,11.58203125,0.44140625,0.4162962962962963,9.4,9.4,1
2012,10,20,9,10,2.0,2.0,2,2,-3.0,-3.0,11.58203125,0.44140625,0.4162962962962963,9.8,9.8,0
2012,11,20,9,11,3.0,3.0,2,2,-1.0,-1.0,11.58203125,0.44140625,0.4162962962962963,9.8,9.8,0
2012,12,20,9,13,10.0,11.0,2,2,8.0,9.0,11.58203125,0.44140625,0.4162962962962963,11.0,11.0,1
2012,13,20,9,14,5.0,6.0,2,2,-17.0,-16.0,11.58203125,0.44140625,0.4162962962962963,11.0,11.0,0
2012,14,20,9,15,3.0,3.0,2,2,2.0,2.0,11.58203125,0.44140625,0.4162962962962963,13.0,13.0,1
2012,15,20,9,22,1.0,1.0,2,2,0.0,0.0,11.58203125,0.44140625,0.4162962962962963,16.0,16.0,1
2012,16,20,9,35,2.0,2.0,2,2,1.0,1.0,11.58203125,0.44140625,0.4162962962962963,18.6,18.6,1
2012,17,20,9,68,1.0,1.0,2,2,0.0,0.0,11.58203125,0.44140625,0.4162962962962963,20.0,20.0,1
2012,18,20,9,24,24.0,3.0,2,2,21.0,0.0,11.58203125,0.44140625,0.4162962962962963,23.0,23.0,1
2012,19,20,9,69,1.0,1.0,2,2,-1.0,-1.0,11.58203125,0.44140625,0.4162962962962963,21.6,21.6,1
2012,20,20,9,18,4.0,4.0,2,2,-2.0,-2.0,11.58203125,0.44140625,0.4162962962962963,18.2,18.2,0
2013,1,17,9,1,2.0,2.0,3,3,-4.0,-4.0,11.402597402597403,0.4155844155844156,0.4162962962962963,7.0,14.8,0
2013,2,17,9,2,5.0,5.0,3,3,3.0,3.0,11.402597402597403,0.4155844155844156,0.4162962962962963,7.6,13.4,1
2013,3,17,9,17,22.0,14.0,3,3,2.0,-6.0,11.402597402597403,0.4155844155844156,0.4162962962962963,7.6,10.4,0
2013,4,17,9,3,7.0,5.0,3,3,0.0,-2.0,11.402597402597403,0.4155844155844156,0.4162962962962963,8.8,8.0,0
2013,5,17,9,4,7.0,8.0,3,3,2.0,3.0,11.402597402597403,0.4155844155844156,0.4162962962962963,8.4,8.4,0
2013,6,17,9,6,4.0,4.0,3,3,1.0,1.0,11.402597402597403,0.4155844155844156,0.4162962962962963,9.8,9.8,1
2013,7,17,9,7,5.0,5.0,3,3,1.0,1.0,11.402597402597403,0.4155844155844156,0.4162962962962963,8.6,8.6,0
2013,8,17,9,9,4.0,4.0,3,3,2.0,2.0,11.402597402597403,0.4155844155844156,0.4162962962962963,12.2,12.2,1
2013,9,17,9,20,3.0,3.0,3,3,-4.0,-4.0,11.402597402597403,0.4155844155844156,0.4162962962962963,12.2,12.2,0
2013,10,17,9,11,10.0,10.0,3,3,6.0,6.0,11.402597402597403,0.4155844155844156,0.4162962962962963,12.6,12.6,0
2013,11,17,9,13,3.0,3.0,3,3,-2.0,-2.0,11.402597402597403,0.4155844155844156,0.4162962962962963,11.6,11.6,0
2013,12,17,9,14,2.0,2.0,3,3,-1.0,-1.0,11.402597402597403,0.4155844155844156,0.4162962962962963,12.2,12.2,1
2013,13,17,9,15,4.0,4.0,3,3,-11.0,-11.0,11.402597402597403,0.4155844155844156,0.4162962962962963,8.6,8.6,0
2013,14,17,9,35,13.0,3.0,3,3,-8.0,-18.0,11.402597402597403,0.4155844155844156,0.4162962962962963,7.4,7.4,0
2013,15,17,9,22,1.0,1.0,3,3,-1.0,-1.0,11.402597402597403,0.4155844155844156,0.4162962962962963,8.6,8.6,1
2013,16,17,9,68,4.0,4.0,3,3,-16.0,-16.0,11.402597402597403,0.4155844155844156,0.4162962962962963,6.6,6.6,0
2013,17,17,9,24,1.0,1.0,3,3,-1.0,-1.0,11.402597402597403,0.4155844155844156,0.4162962962962963,7.2,7.2,1
2013,18,17,9,69,2.0,2.0,3,3,-1.0,-1.0,11.402597402597403,0.4155844155844156,0.4162962962962963,10.2,10.2,1
2013,19,17,9,18,4.0,4.0,3,3,2.0,2.0,11.402597402597403,0.4155844155844156,0.4162962962962963,13.8,13.8,1
2013,1,20,9,1,1.0,1.0,3,3,-2.0,-2.0,11.58203125,0.44140625,0.4162962962962963,16.2,13.2,1
2013,2,20,9,2,1.0,1.0,3,3,0.0,0.0,11.58203125,0.44140625,0.4162962962962963,16.2,18.2,1
2013,3,20,9,17,9.0,9.0,3,3,5.0,5.0,11.58203125,0.44140625,0.4162962962962963,15.6,17.0,0
2013,4,20,9,3,2.0,2.0,3,3,1.0,1.0,11.58203125,0.44140625,0.4162962962962963,17.0,19.0,1
2013,5,20,9,4,3.0,3.0,3,3,-1.0,-1.0,11.58203125,0.44140625,0.4162962962962963,17.8,17.8,0
2013,6,20,9,6,3.0,3.0,3,3,1.0,1.0,11.58203125,0.44140625,0.4162962962962963,18.4,18.4,1
2013,7,20,9,7,1.0,1.0,3,3,0.0,0.0,11.58203125,0.44140625,0.4162962962962963,18.4,18.4,1
2013,8,20,9,9,3.0,3.0,3,3,-18.0,-18.0,11.58203125,0.44140625,0.4162962962962963,16.0,16.0,0
2013,9,20,9,20,2.0,2.0,3,3,1.0,1.0,11.58203125,0.44140625,0.4162962962962963,16.0,16.0,1
2013,10,20,9,11,2.0,2.0,3,3,-1.0,-1.0,11.58203125,0.44140625,0.4162962962962963,16.6,16.6,1
2013,11,20,9,13,2.0,2.0,3,3,1.0,1.0,11.58203125,0.44140625,0.4162962962962963,18.0,18.0,1
2013,12,20,9,14,1.0,1.0,3,3,0.0,0.0,11.58203125,0.44140625,0.4162962962962963,18.0,18.0,1
2013,13,20,9,15,1.0,1.0,3,3,0.0,0.0,11.58203125,0.44140625,0.4162962962962963,23.0,23.0,1
2013,14,20,9,35,1.0,1.0,3,3,0.0,0.0,11.58203125,0.44140625,0.4162962962962963,23.0,23.0,1
2013,15,20,9,22,2.0,2.0,3,3,1.0,1.0,11.58203125,0.44140625,0.4162962962962963,25.0,25.0,1
2013,16,20,9,68,1.0,1.0,3,3,0.0,0.0,11.58203125,0.44140625,0.4162962962962963,25.0,25.0,1
2013,17,20,9,24,2.0,2.0,3,3,1.0,1.0,11.58203125,0.44140625,0.4162962962962963,25.0,25.0,1
2013,18,20,9,69,1.0,1.0,3,3,0.0,0.0,11.58203125,0.44140625,0.4162962962962963,25.0,25.0,1
2013,19,20,9,18,1.0,1.0,3,3,0.0,0.0,11.58203125,0.44140625,0.4162962962962963,25.0,25.0,1
2014,1,20,9,1,12.0,13.0,4,4,-6.0,-5.0,11.58203125,0.44140625,0.4162962962962963,20.0,20.0,0
2014,2,20,9,2,2.0,2.0,4,4,-1.0,-1.0,11.58203125,0.44140625,0.4162962962962963,18.0,18.0,1
2014,3,20,9,3,10.0,11.0,4,4,4.0,5.0,11.58203125,0.44140625,0.4162962962962963,14.6,14.6,0
2014,4,20,9,17,3.0,3.0,4,4,-2.0,-2.0,11.58203125,0.44140625,0.4162962962962963,11.6,11.6,0
2014,5,20,9,4,15.0,10.0,4,4,11.0,6.0,11.58203125,0.44140625,0.4162962962962963,9.0,9.0,0
2014,6,20,9,6,4.0,4.0,4,4,-16.0,-16.0,11.58203125,0.44140625,0.4162962962962963,9.0,9.0,0
2014,7,20,9,7,3.0,3.0,4,4,0.0,0.0,11.58203125,0.44140625,0.4162962962962963,9.0,9.0,1
2014,8,20,9,70,12.0,13.0,4,4,-9.0,-8.0,11.58203125,0.44140625,0.4162962962962963,7.4,7.4,0
2014,9,20,9,9,2.0,2.0,4,4,-3.0,-3.0,11.58203125,0.44140625,0.4162962962962963,7.4,7.4,0
2014,10,20,9,10,6.0,6.0,4,4,2.0,2.0,11.58203125,0.44140625,0.4162962962962963,7.4,7.4,0
2014,11,20,9,11,2.0,2.0,4,4,-5.0,-5.0,11.58203125,0.44140625,0.4162962962962963,8.6,8.6,0
2014,12,20,9,13,3.0,3.0,4,4,-2.0,-2.0,11.58203125,0.44140625,0.4162962962962963,7.6,7.6,0
2014,13,20,9,14,8.0,8.0,4,4,2.0,2.0,11.58203125,0.44140625,0.4162962962962963,9.2,9.2,0
2014,14,20,9,15,4.0,4.0,4,4,2.0,2.0,11.58203125,0.44140625,0.4162962962962963,10.8,10.8,1
2014,15,20,9,22,9.0,9.0,4,4,6.0,6.0,11.58203125,0.44140625,0.4162962962962963,11.4,11.4,1
2014,16,20,9,71,10.0,11.0,4,4,2.0,3.0,11.58203125,0.44140625,0.4162962962962963,11.0,11.0,0
2014,17,20,9,69,18.0,17.0,4,4,11.0,10.0,11.58203125,0.44140625,0.4162962962962963,10.2,10.2,0
2014,18,20,9,18,6.0,6.0,4,4,1.0,1.0,11.58203125,0.44140625,0.4162962962962963,10.6,10.6,0
2014,1,817,9,1,2.0,2.0,3,4,-20.0,-20.0,5.0625,0.125,0.4162962962962963,0.4,7.0,0
2014,2,817,9,2,5.0,5.0,3,4,-11.0,-11.0,5.0625,0.125,0.4162962962962963,0.2,4.0,0
2014,3,817,9,3,13.0,3.0,3,4,9.0,-1.0,5.0625,0.125,0.4162962962962963,2.6,5.6,0
2014,4,817,9,17,2.0,2.0,3,4,-2.0,-2.0,5.0625,0.125,0.4162962962962963,5.0,6.8,0
2014,5,817,9,4,3.0,3.0,3,4,0.0,0.0,5.0625,0.125,0.4162962962962963,7.8,7.8,1
2014,6,817,9,6,3.0,3.0,3,4,0.0,0.0,5.0625,0.125,0.4162962962962963,10.8,10.8,1
2014,7,817,9,7,6.0,6.0,3,4,5.0,5.0,5.0625,0.125,0.4162962962962963,15.8,15.8,1
2014,8,817,9,70,5.0,5.0,3,4,-3.0,-3.0,5.0625,0.125,0.4162962962962963,14.2,14.2,0
2014,9,817,9,9,8.0,8.0,3,4,5.0,5.0,5.0625,0.125,0.4162962962962963,14.8,14.8,1
2014,10,817,9,10,5.0,5.0,3,4,-1.0,-1.0,5.0625,0.125,0.4162962962962963,13.4,13.4,0
2014,11,817,9,11,4.0,4.0,3,4,3.0,3.0,5.0625,0.125,0.4162962962962963,15.4,15.4,1
2014,12,817,9,13,5.0,5.0,3,4,4.0,4.0,5.0625,0.125,0.4162962962962963,15.4,15.4,1
2014,13,817,9,14,9.0,9.0,3,4,4.0,4.0,5.0625,0.125,0.4162962962962963,16.6,16.6,0
2014,14,817,9,15,3.0,3.0,3,4,0.0,0.0,5.0625,0.125,0.4162962962962963,16.6,16.6,1
2014,15,817,9,22,6.0,6.0,3,4,2.0,2.0,5.0625,0.125,0.4162962962962963,17.4,17.4,0
2014,16,817,9,71,6.0,7.0,3,4,-1.0,0.0,5.0625,0.125,0.4162962962962963,13.6,13.6,0
2014,17,817,9,69,5.0,5.0,3,4,2.0,2.0,5.0625,0.125,0.4162962962962963,11.6,11.6,1
2014,18,817,9,18,9.0,9.0,3,4,-9.0,-9.0,5.0625,0.125,0.4162962962962963,9.6,9.6,0
2015,1,817,9,1,6.0,7.0,4,5,0.0,1.0,5.0625,0.125,0.4162962962962963,8.2,8.2,0
2015,2,817,9,2,4.0,4.0,4,5,-6.0,-6.0,5.0625,0.125,0.4162962962962963,6.0,6.0,0
2015,3,817,9,17,7.0,7.0,4,5,-2.0,-2.0,5.0625,0.125,0.4162962962962963,5.2,5.2,0
2015,4,817,9,3,7.0,7.0,4,5,1.0,1.0,5.0625,0.125,0.4162962962962963,3.8,3.8,0
2015,5,817,9,4,10.0,10.0,4,5,3.0,3.0,5.0625,0.125,0.4162962962962963,5.0,5.0,0
2015,6,817,9,6,4.0,4.0,4,5,-1.0,-1.0,5.0625,0.125,0.4162962962962963,5.4,5.4,0
2015,7,817,9,7,9.0,9.0,4,5,-4.0,-4.0,5.0625,0.125,0.4162962962962963,5.2,5.2,0
2015,8,817,9,70,18.0,14.0,4,5,8.0,4.0,5.0625,0.125,0.4162962962962963,5.0,5.0,0
2015,9,817,9,9,10.0,10.0,4,5,-5.0,-5.0,5.0625,0.125,0.4162962962962963,3.4,3.4,0
2015,10,817,9,11,4.0,4.0,4,5,1.0,1.0,5.0625,0.125,0.4162962962962963,5.2,5.2,1
2015,11,817,9,13,5.0,6.0,4,5,-13.0,-12.0,5.0625,0.125,0.4162962962962963,3.2,3.2,0
2015,12,817,9,14,19.0,15.0,4,5,11.0,7.0,5.0625,0.125,0.4162962962962963,4.0,4.0,0
2015,13,817,9,15,2.0,2.0,4,5,0.0,0.0,5.0625,0.125,0.4162962962962963,7.4,7.4,1
2015,14,817,9,22,7.0,7.0,4,5,-8.0,-8.0,5.0625,0.125,0.4162962962962963,7.4,7.4,0
2015,15,817,9,71,10.0,10.0,4,5,-5.0,-5.0,5.0625,0.125,0.4162962962962963,4.4,4.4,0
2015,16,817,9,69,3.0,3.0,4,5,-7.0,-7.0,5.0625,0.125,0.4162962962962963,4.6,4.6,0
2015,17,817,9,32,5.0,5.0,4,5,0.0,0.0,5.0625,0.125,0.4162962962962963,5.8,5.8,0
2015,18,817,9,18,19.0,9.0,4,5,8.0,-2.0,5.0625,0.125,0.4162962962962963,2.2,2.2,0
2015,19,817,9,24,5.0,5.0,4,5,-1.0,-1.0,5.0625,0.125,0.4162962962962963,3.8,3.8,0
2015,1,826,9,1,12.0,13.0,1,5,-4.0,-3.0,1.8035714285714286,0.026785714285714284,0.4162962962962963,0.0,3.8,0
2015,2,826,9,2,5.0,5.0,1,5,-4.0,-4.0,1.8035714285714286,0.026785714285714284,0.4162962962962963,0.4,4.0,0
2015,3,826,9,17,12.0,12.0,1,5,-7.0,-7.0,1.8035714285714286,0.026785714285714284,0.4162962962962963,0.4,2.0,0
2015,4,826,9,3,17.0,17.0,1,5,8.0,8.0,1.8035714285714286,0.026785714285714284,0.4162962962962963,0.8,2.4,0
2015,5,826,9,4,8.0,8.0,1,5,-2.0,-2.0,1.8035714285714286,0.026785714285714284,0.4162962962962963,1.0,1.0,0
2015,6,826,9,6,5.0,5.0,1,5,1.0,1.0,1.8035714285714286,0.026785714285714284,0.4162962962962963,3.4,3.4,0
2015,7,826,9,7,8.0,8.0,1,5,-1.0,-1.0,1.8035714285714286,0.026785714285714284,0.4162962962962963,3.4,3.4,0
2015,8,826,9,70,15.0,8.0,1,5,3.0,-4.0,1.8035714285714286,0.026785714285714284,0.4162962962962963,3.4,3.4,0
2015,9,826,9,9,7.0,7.0,1,5,1.0,1.0,1.8035714285714286,0.026785714285714284,0.4162962962962963,4.6,4.6,0
2015,10,826,9,11,7.0,7.0,1,5,5.0,5.0,1.8035714285714286,0.026785714285714284,0.4162962962962963,8.0,8.0,1
2015,11,826,9,13,12.0,12.0,1,5,8.0,8.0,1.8035714285714286,0.026785714285714284,0.4162962962962963,8.0,8.0,0
2015,12,826,9,14,18.0,14.0,1,5,8.0,4.0,1.8035714285714286,0.026785714285714284,0.4162962962962963,7.8,7.8,0
2015,13,826,9,15,4.0,4.0,1,5,-2.0,-2.0,1.8035714285714286,0.026785714285714284,0.4162962962962963,9.4,9.4,0
2015,14,826,9,22,20.0,10.0,1,5,7.0,-3.0,1.8035714285714286,0.026785714285714284,0.4162962962962963,7.8,7.8,0
2015,15,826,9,71,11.0,11.0,1,5,6.0,6.0,1.8035714285714286,0.026785714285714284,0.4162962962962963,6.2,6.2,0
2015,16,826,9,69,4.0,4.0,1,5,-9.0,-9.0,1.8035714285714286,0.026785714285714284,0.4162962962962963,3.8,3.8,0
2015,17,826,9,32,4.0,4.0,1,5,0.0,0.0,1.8035714285714286,0.026785714285714284,0.4162962962962963,6.0,6.0,0
2015,18,826,9,18,6.0,7.0,1,5,-1.0,0.0,1.8035714285714286,0.026785714285714284,0.4162962962962963,5.6,5.6,0
2015,19,826,9,24,9.0,9.0,1,5,-1.0,-1.0,1.8035714285714286,0.026785714285714284,0.4162962962962963,5.8,5.8,0
2016,1,817,9,1,8.0,8.0,5,6,4.0,4.0,5.0625,0.125,0.4162962962962963,6.2,6.2,0
2016,2,817,9,3,5.0,5.0,5,6,1.0,1.0,5.0625,0.125,0.4162962962962963,8.4,8.6,0
2016,3,817,9,17,2.0,2.0,5,6,-2.0,-2.0,5.0625,0.125,0.4162962962962963,8.8,8.6,0
2016,4,817,9,71,5.0,6.0,5,6,-6.0,-5.0,5.0625,0.125,0.4162962962962963,8.8,7.4,0
2016,5,817,9,4,3.0,3.0,5,6,-1.0,-1.0,5.0625,0.125,0.4162962962962963,9.6,9.6,0
2016,6,817,9,6,1.0,1.0,5,6,-1.0,-1.0,5.0625,0.125,0.4162962962962963,10.8,10.8,1
2016,7,817,9,7,4.0,4.0,5,6,-3.0,-3.0,5.0625,0.125,0.4162962962962963,9.6,9.6,0
2016,8,817,9,73,2.0,3.0,5,6,-5.0,-4.0,5.0625,0.125,0.4162962962962963,8.4,8.4,0
2016,9,817,9,70,5.0,7.0,5,6,0.0,2.0,5.0625,0.125,0.4162962962962963,10.4,10.4,0
2016,10,817,9,9,4.0,4.0,5,6,0.0,0.0,5.0625,0.125,0.4162962962962963,10.4,10.4,0
2016,11,817,9,11,3.0,3.0,5,6,0.0,0.0,5.0625,0.125,0.4162962962962963,9.8,9.8,1
2016,12,817,9,10,3.0,3.0,5,6,1.0,1.0,5.0625,0.125,0.4162962962962963,12.2,12.2,1
2016,13,817,9,13,5.0,5.0,5,6,3.0,3.0,5.0625,0.125,0.4162962962962963,14.6,14.6,1
2016,14,817,9,14,6.0,6.0,5,6,1.0,1.0,5.0625,0.125,0.4162962962962963,14.6,14.6,0
2016,15,817,9,15,2.0,2.0,5,6,0.0,0.0,5.0625,0.125,0.4162962962962963,15.8,15.8,1
2016,16,817,9,2,4.0,4.0,5,6,3.0,3.0,5.0625,0.125,0.4162962962962963,17.8,17.8,1
2016,17,817,9,22,4.0,6.0,5,6,-2.0,0.0,5.0625,0.125,0.4162962962962963,15.8,15.8,0
2016,18,817,9,69,3.0,3.0,5,6,0.0,0.0,5.0625,0.125,0.4162962962962963,15.2,15.2,1
2016,19,817,9,32,4.0,4.0,5,6,1.0,1.0,5.0625,0.125,0.4162962962962963,16.2,16.2,1
2016,20,817,9,18,6.0,6.0,5,6,-2.0,-2.0,5.0625,0.125,0.4162962962962963,13.4,13.4,0
2016,21,817,9,24,3.0,3.0,5,6,-2.0,-2.0,5.0625,0.125,0.4162962962962963,10.4,10.4,0
2016,1,826,9,1,18.0,18.0,2,6,-4.0,-4.0,1.8035714285714286,0.026785714285714284,0.4162962962962963,3.8,8.8,0
2016,2,826,9,3,15.0,15.0,2,6,8.0,8.0,1.8035714285714286,0.026785714285714284,0.4162962962962963,5.0,7.0,0
2016,3,826,9,17,6.0,6.0,2,6,3.0,3.0,1.8035714285714286,0.026785714285714284,0.4162962962962963,5.6,7.0,1
2016,4,826,9,71,8.0,8.0,2,6,-7.0,-7.0,1.8035714285714286,0.026785714285714284,0.4162962962962963,4.4,6.2,0
2016,5,830,9,4,4.0,4.0,1,6,3.0,3.0,13.919421487603305,0.5371900826446281,0.4162962962962963,7.6,9.2,1
2016,6,830,9,6,0.0,21.0,1,6,-18.0,3.0,13.919421487603305,0.5371900826446281,0.4162962962962963,7.4,9.2,0
2016,7,830,9,7,5.0,5.0,1,6,1.0,1.0,13.919421487603305,0.5371900826446281,0.4162962962962963,8.2,10.4,0
2016,8,830,9,73,9.0,9.0,1,6,1.0,1.0,13.919421487603305,0.5371900826446281,0.4162962962962963,8.2,8.2,0
2016,9,830,9,70,8.0,9.0,1,6,6.0,7.0,13.919421487603305,0.5371900826446281,0.4162962962962963,11.8,11.8,1
2016,10,830,9,9,3.0,3.0,1,6,1.0,1.0,13.919421487603305,0.5371900826446281,0.4162962962962963,10.4,10.4,1
2016,11,830,9,11,4.0,4.0,1,6,-1.0,-1.0,13.919421487603305,0.5371900826446281,0.4162962962962963,12.4,12.4,0
2016,12,830,9,10,4.0,4.0,1,6,1.0,1.0,13.919421487603305,0.5371900826446281,0.4162962962962963,13.0,13.0,1
2016,13,830,9,13,2.0,2.0,1,6,-9.0,-9.0,13.919421487603305,0.5371900826446281,0.4162962962962963,12.2,12.2,0
2016,14,830,9,14,7.0,7.0,1,6,0.0,0.0,13.919421487603305,0.5371900826446281,0.4162962962962963,9.8,9.8,0
2016,15,830,9,15,4.0,4.0,1,6,-2.0,-2.0,13.919421487603305,0.5371900826446281,0.4162962962962963,7.8,7.8,0
2016,16,830,9,2,3.0,3.0,1,6,1.0,1.0,13.919421487603305,0.5371900826446281,0.4162962962962963,9.4,9.4,1
2016,17,830,9,22,3.0,5.0,1,6,1.0,3.0,13.919421487603305,0.5371900826446281,0.4162962962962963,10.0,10.0,1
2016,18,830,9,69,4.0,4.0,1,6,-16.0,-16.0,13.919421487603305,0.5371900826446281,0.4162962962962963,10.0,10.0,0
2016,19,830,9,32,3.0,3.0,1,6,-1.0,-1.0,13.919421487603305,0.5371900826446281,0.4162962962962963,11.2,11.2,0
2016,20,830,9,18,4.0,4.0,1,6,1.0,1.0,13.919421487603305,0.5371900826446281,0.4162962962962963,12.6,12.6,1
2016,21,830,9,24,6.0,6.0,1,6,2.0,2.0,13.919421487603305,0.5371900826446281,0.4162962962962963,11.4,11.4,0
2017,1,817,9,1,0.0,10.0,6,7,-17.0,-7.0,5.0625,0.125,0.4162962962962963,8.8,7.8,0
2017,2,817,9,17,5.0,5.0,6,7,1.0,1.0,5.0625,0.125,0.4162962962962963,8.2,10.2,0
2017,3,817,9,3,4.0,4.0,6,7,-1.0,-1.0,5.0625,0.125,0.4162962962962963,7.2,9.8,0
2017,4,817,9,71,5.0,5.0,6,7,-12.0,-12.0,5.0625,0.125,0.4162962962962963,6.4,6.8,0
2017,5,817,9,4,6.0,6.0,6,7,3.0,3.0,5.0625,0.125,0.4162962962962963,7.4,7.4,1
2017,6,817,9,6,5.0,5.0,6,7,2.0,2.0,5.0625,0.125,0.4162962962962963,10.4,10.4,1
2017,7,817,9,7,6.0,6.0,6,7,3.0,3.0,5.0625,0.125,0.4162962962962963,11.0,11.0,1
2017,8,817,9,73,10.0,10.0,6,7,9.0,9.0,5.0625,0.125,0.4162962962962963,14.0,14.0,1
2017,9,817,9,70,4.0,5.0,6,7,1.0,2.0,5.0625,0.125,0.4162962962962963,17.0,17.0,1
2017,10,817,9,9,19.0,20.0,6,7,14.0,15.0,5.0625,0.125,0.4162962962962963,16.0,16.0,0
2017,11,817,9,11,6.0,6.0,6,7,-14.0,-14.0,5.0625,0.125,0.4162962962962963,13.0,13.0,0
2017,12,817,9,13,6.0,6.0,6,7,3.0,3.0,5.0625,0.125,0.4162962962962963,13.0,13.0,1
2017,13,817,9,14,16.0,3.0,6,7,12.0,-1.0,5.0625,0.125,0.4162962962962963,10.4,10.4,0
2017,14,817,9,15,3.0,3.0,6,7,1.0,1.0,5.0625,0.125,0.4162962962962963,11.0,11.0,1
2017,15,817,9,2,4.0,4.0,6,7,1.0,1.0,5.0625,0.125,0.4162962962962963,12.0,12.0,1
2017,16,817,9,22,3.0,4.0,6,7,0.0,1.0,5.0625,0.125,0.4162962962962963,15.0,15.0,1
2017,17,817,9,69,4.0,4.0,6,7,-14.0,-14.0,5.0625,0.125,0.4162962962962963,12.0,12.0,0
2017,18,817,9,32,16.0,7.0,6,7,-4.0,-13.0,5.0625,0.125,0.4162962962962963,9.6,9.6,0
2017,19,817,9,18,14.0,5.0,6,7,8.0,-1.0,5.0625,0.125,0.4162962962962963,7.6,7.6,0
2017,20,817,9,24,4.0,4.0,6,7,-16.0,-16.0,5.0625,0.125,0.4162962962962963,4.6,4.6,0
2017,1,830,9,1,5.0,5.0,2,7,0.0,0.0,13.919421487603305,0.5371900826446281,0.4162962962962963,9.8,3.6,0
2017,2,830,9,17,16.0,19.0,2,7,13.0,16.0,13.919421487603305,0.5371900826446281,0.4162962962962963,12.8,6.6,1
2017,3,830,9,3,6.0,6.0,2,7,-12.0,-12.0,13.919421487603305,0.5371900826446281,0.4162962962962963,10.4,6.6,0
2017,4,830,9,71,7.0,7.0,2,7,2.0,2.0,13.919421487603305,0.5371900826446281,0.4162962962962963,9.4,7.0,0
2017,5,830,9,4,5.0,5.0,2,7,-14.0,-14.0,13.919421487603305,0.5371900826446281,0.4162962962962963,7.0,7.0,0
2017,6,830,9,6,4.0,4.0,2,7,-1.0,-1.0,13.919421487603305,0.5371900826446281,0.4162962962962963,7.0,7.0,0
2017,7,830,9,7,5.0,5.0,2,7,-13.0,-13.0,13.919421487603305,0.5371900826446281,0.4162962962962963,4.0,4.0,0
2017,8,830,9,73,5.0,5.0,2,7,-13.0,-13.0,13.919421487603305,0.5371900826446281,0.4162962962962963,4.0,4.0,0
2017,9,830,9,70,5.0,6.0,2,7,-15.0,-14.0,13.919421487603305,0.5371900826446281,0.4162962962962963,2.0,2.0,0
2017,10,830,9,9,4.0,5.0,2,7,0.0,1.0,13.919421487603305,0.5371900826446281,0.4162962962962963,4.4,4.4,0
2017,11,830,9,11,5.0,5.0,2,7,0.0,0.0,13.919421487603305,0.5371900826446281,0.4162962962962963,4.4,4.4,0
2017,12,830,9,13,5.0,5.0,2,7,-14.0,-14.0,13.919421487603305,0.5371900826446281,0.4162962962962963,4.4,4.4,0
2017,13,830,9,14,13.0,2.0,2,7,3.0,-8.0,13.919421487603305,0.5371900826446281,0.4162962962962963,4.6,4.6,0
2017,14,830,9,15,2.0,2.0,2,7,-17.0,-17.0,13.919421487603305,0.5371900826446281,0.4162962962962963,4.6,4.6,0
2017,15,830,9,2,3.0,3.0,2,7,2.0,2.0,13.919421487603305,0.5371900826446281,0.4162962962962963,7.2,7.2,1
2017,16,830,9,22,4.0,5.0,2,7,2.0,3.0,13.919421487603305,0.5371900826446281,0.4162962962962963,8.8,8.8,1
2017,17,830,9,69,16.0,6.0,2,7,12.0,2.0,13.919421487603305,0.5371900826446281,0.4162962962962963,11.2,11.2,0
2017,18,830,9,32,2.0,2.0,2,7,1.0,1.0,13.919421487603305,0.5371900826446281,0.4162962962962963,16.0,16.0,1
2017,19,830,9,18,4.0,4.0,2,7,-1.0,-1.0,13.919421487603305,0.5371900826446281,0.4162962962962963,18.0,18.0,0
2017,20,830,9,24,6.0,6.0,2,7,1.0,1.0,13.919421487603305,0.5371900826446281,0.4162962962962963,15.0,15.0,0
2018,1,817,9,1,8.0,5.0,7,8,4.0,1.0,5.0625,0.125,0.4162962962962963,4.0,13.8,0
2018,2,817,9,3,4.0,5.0,7,8,-16.0,-15.0,5.0625,0.125,0.4162962962962963,4.0,11.4,0
2018,3,817,9,17,6.0,6.0,7,8,5.0,5.0,5.0625,0.125,0.4162962962962963,9.0,11.4,1
2018,4,817,9,73,4.0,4.0,7,8,-13.0,-13.0,5.0625,0.125,0.4162962962962963,7.4,9.4,0
2018,5,817,9,4,6.0,6.0,7,8,1.0,1.0,5.0625,0.125,0.4162962962962963,9.4,9.4,0
2018,6,817,9,6,1.0,1.0,7,8,0.0,0.0,5.0625,0.125,0.4162962962962963,12.0,12.0,1
2018,7,817,9,7,6.0,6.0,7,8,2.0,2.0,5.0625,0.125,0.4162962962962963,14.4,14.4,0
2018,8,817,9,34,5.0,5.0,7,8,1.0,1.0,5.0625,0.125,0.4162962962962963,11.8,11.8,0
2018,9,817,9,70,7.0,7.0,7,8,-11.0,-11.0,5.0625,0.125,0.4162962962962963,11.8,11.8,0
2018,10,817,9,9,6.0,6.0,7,8,1.0,1.0,5.0625,0.125,0.4162962962962963,11.8,11.8,0
2018,11,817,9,10,20.0,15.0,7,8,0.0,-5.0,5.0625,0.125,0.4162962962962963,6.8,6.8,0
2018,12,817,9,11,12.0,12.0,7,8,8.0,8.0,5.0625,0.125,0.4162962962962963,6.8,6.8,0
2018,13,817,9,13,8.0,8.0,7,8,-8.0,-8.0,5.0625,0.125,0.4162962962962963,4.4,4.4,0
2018,14,817,9,14,19.0,15.0,7,8,2.0,-2.0,5.0625,0.125,0.4162962962962963,4.4,4.4,0
2018,15,817,9,15,6.0,6.0,7,8,0.0,0.0,5.0625,0.125,0.4162962962962963,4.0,4.0,0
2018,16,817,9,71,18.0,12.0,7,8,12.0,6.0,5.0625,0.125,0.4162962962962963,5.6,5.6,0
2018,17,817,9,22,15.0,15.0,7,8,11.0,11.0,5.0625,0.125,0.4162962962962963,5.6,5.6,0
2018,18,817,9,69,4.0,5.0,7,8,-12.0,-11.0,5.0625,0.125,0.4162962962962963,5.6,5.6,0
2018,19,817,9,32,1.0,1.0,7,8,-16.0,-16.0,5.0625,0.125,0.4162962962962963,5.6,5.6,0
2018,20,817,9,18,11.0,6.0,7,8,7.0,2.0,5.0625,0.125,0.4162962962962963,6.4,6.4,0
2018,21,817,9,24,5.0,5.0,7,8,1.0,1.0,5.0625,0.125,0.4162962962962963,7.2,7.2,0
2018,1,830,9,1,4.0,4.0,3,8,-2.0,-2.0,13.919421487603305,0.5371900826446281,0.4162962962962963,13.0,6.4,0
2018,2,830,9,3,15.0,15.0,3,8,-4.0,-4.0,13.919421487603305,0.5371900826446281,0.4162962962962963,10.6,6.4,0
2018,3,830,9,17,5.0,5.0,3,8,0.0,0.0,13.919421487603305,0.5371900826446281,0.4162962962962963,7.6,8.4,0
2018,4,830,9,73,5.0,5.0,3,8,-11.0,-11.0,13.919421487603305,0.5371900826446281,0.4162962962962963,5.6,6.0,0
2018,5,830,9,4,5.0,5.0,3,8,2.0,2.0,13.919421487603305,0.5371900826446281,0.4162962962962963,6.6,6.6,1
2018,6,830,9,6,20.0,20.0,3,8,11.0,11.0,13.919421487603305,0.5371900826446281,0.4162962962962963,5.4,5.4,0
2018,7,830,9,7,3.0,3.0,3,8,0.0,0.0,13.919421487603305,0.5371900826446281,0.4162962962962963,8.4,8.4,1
2018,8,830,9,34,4.0,4.0,3,8,2.0,2.0,13.919421487603305,0.5371900826446281,0.4162962962962963,10.0,10.0,1
2018,9,830,9,70,4.0,5.0,3,8,3.0,4.0,13.919421487603305,0.5371900826446281,0.4162962962962963,15.0,15.0,1
2018,10,830,9,9,5.0,5.0,3,8,-10.0,-10.0,13.919421487603305,0.5371900826446281,0.4162962962962963,12.0,12.0,0
2018,11,830,9,10,4.0,4.0,3,8,0.0,0.0,13.919421487603305,0.5371900826446281,0.4162962962962963,14.0,14.0,0
2018,12,830,9,11,7.0,7.0,3,8,-12.0,-12.0,13.919421487603305,0.5371900826446281,0.4162962962962963,11.0,11.0,0
2018,13,830,9,13,7.0,7.0,3,8,4.0,4.0,13.919421487603305,0.5371900826446281,0.4162962962962963,10.4,10.4,1
2018,14,830,9,14,5.0,5.0,3,8,0.0,0.0,13.919421487603305,0.5371900826446281,0.4162962962962963,7.4,7.4,0
2018,15,830,9,15,2.0,2.0,3,8,0.0,0.0,13.919421487603305,0.5371900826446281,0.4162962962962963,11.0,11.0,1
2018,16,830,9,71,19.0,11.0,3,8,14.0,6.0,13.919421487603305,0.5371900826446281,0.4162962962962963,10.6,10.6,0
2018,17,830,9,22,3.0,3.0,3,8,0.0,0.0,13.919421487603305,0.5371900826446281,0.4162962962962963,13.6,13.6,1
2018,18,830,9,69,18.0,15.0,3,8,16.0,13.0,13.919421487603305,0.5371900826446281,0.4162962962962963,14.2,14.2,1
2018,19,830,9,32,2.0,2.0,3,8,1.0,1.0,13.919421487603305,0.5371900826446281,0.4162962962962963,17.2,17.2,1
2018,20,830,9,18,5.0,5.0,3,8,3.0,3.0,13.919421487603305,0.5371900826446281,0.4162962962962963,17.2,17.2,1
2018,21,830,9,24,6.0,6.0,3,8,3.0,3.0,13.919421487603305,0.5371900826446281,0.4162962962962963,18.2,18.2,1
2019,1,830,9,1,4.0,4.0,4,9,1.0,1.0,13.919421487603305,0.5371900826446281,0.4162962962962963,18.2,18.2,1
2019,2,830,9,3,5.0,5.0,4,9,1.0,1.0,13.919421487603305,0.5371900826446281,0.4162962962962963,17.0,17.0,0
2019,3,830,9,17,5.0,5.0,4,9,1.0,1.0,13.919421487603305,0.5371900826446281,0.4162962962962963,14.4,14.4,0
2019,4,830,9,73,4.0,4.0,4,9,0.0,0.0,13.919421487603305,0.5371900826446281,0.4162962962962963,13.2,13.2,0
2019,5,830,9,4,4.0,4.0,4,9,1.0,1.0,13.919421487603305,0.5371900826446281,0.4162962962962963,13.2,13.2,1
2019,6,830,9,6,3.0,3.0,4,9,-1.0,-1.0,13.919421487603305,0.5371900826446281,0.4162962962962963,12.6,12.6,0
2019,7,830,9,7,9.0,11.0,4,9,4.0,6.0,13.919421487603305,0.5371900826446281,0.4162962962962963,12.2,12.2,0
2019,8,830,9,34,4.0,4.0,4,9,0.0,0.0,13.919421487603305,0.5371900826446281,0.4162962962962963,12.2,12.2,0
2019,9,830,9,70,2.0,3.0,4,9,1.0,2.0,13.919421487603305,0.5371900826446281,0.4162962962962963,15.0,15.0,1
2019,10,830,9,9,4.0,4.0,4,9,-1.0,-1.0,13.919421487603305,0.5371900826446281,0.4162962962962963,14.0,14.0,0
2019,11,830,9,10,2.0,2.0,4,9,1.0,1.0,13.919421487603305,0.5371900826446281,0.4162962962962963,16.8,16.8,1
2019,12,830,9,11,1.0,1.0,4,9,-1.0,-1.0,13.919421487603305,0.5371900826446281,0.4162962962962963,18.6,18.6,1
2019,13,830,9,13,5.0,5.0,4,9,-15.0,-15.0,13.919421487603305,0.5371900826446281,0.4162962962962963,16.2,16.2,0
2019,14,830,9,14,19.0,20.0,4,9,11.0,12.0,13.919421487603305,0.5371900826446281,0.4162962962962963,11.8,11.8,0
2019,15,830,9,15,4.0,4.0,4,9,1.0,1.0,13.919421487603305,0.5371900826446281,0.4162962962962963,12.8,12.8,1
2019,16,830,9,71,9.0,4.0,4,9,5.0,0.0,13.919421487603305,0.5371900826446281,0.4162962962962963,10.0,10.0,0
2019,17,830,9,22,5.0,5.0,4,9,-13.0,-13.0,13.919421487603305,0.5371900826446281,0.4162962962962963,6.2,6.2,0
2019,18,830,9,32,4.0,1.0,4,9,-2.0,-5.0,13.919421487603305,0.5371900826446281,0.4162962962962963,7.8,7.8,0
2019,19,830,9,69,3.0,3.0,4,9,0.0,0.0,13.919421487603305,0.5371900826446281,0.4162962962962963,10.0,10.0,1
2019,20,830,9,18,1.0,1.0,4,9,0.0,0.0,13.919421487603305,0.5371900826446281,0.4162962962962963,12.0,12.0,1
2019,21,830,9,24,2.0,3.0,4,9,0.0,1.0,13.919421487603305,0.5371900826446281,0.4162962962962963,13.2,13.2,1
2019,1,842,9,1,17.0,17.0,2,9,6.0,6.0,2.6042780748663104,0.03208556149732621,0.4162962962962963,0.2,13.2,0
2019,2,842,9,3,13.0,13.0,2,9,5.0,5.0,2.6042780748663104,0.03208556149732621,0.4162962962962963,1.0,12.4,0
2019,3,842,9,17,6.0,6.0,2,9,0.0,0.0,2.6042780748663104,0.03208556149732621,0.4162962962962963,2.6,11.2,0
2019,4,842,9,73,0.0,20.0,2,9,-17.0,3.0,2.6042780748663104,0.03208556149732621,0.4162962962962963,2.6,6.2,0
2019,5,842,9,4,6.0,6.0,2,9,0.0,0.0,2.6042780748663104,0.03208556149732621,0.4162962962962963,4.2,4.2,0
2019,6,842,9,6,8.0,5.0,2,9,3.0,0.0,2.6042780748663104,0.03208556149732621,0.4162962962962963,6.4,6.4,0
2019,7,842,9,7,5.0,5.0,2,9,-3.0,-3.0,2.6042780748663104,0.03208556149732621,0.4162962962962963,6.4,6.4,0
2019,8,842,9,34,9.0,9.0,2,9,-1.0,-1.0,2.6042780748663104,0.03208556149732621,0.4162962962962963,4.8,4.8,0
2019,9,842,9,70,8.0,9.0,2,9,1.0,2.0,2.6042780748663104,0.03208556149732621,0.4162962962962963,6.0,6.0,0
2019,10,842,9,9,5.0,5.0,2,9,1.0,1.0,2.6042780748663104,0.03208556149732621,0.4162962962962963,6.8,6.8,0
2019,11,842,9,10,4.0,4.0,2,9,-10.0,-10.0,2.6042780748663104,0.03208556149732621,0.4162962962962963,4.6,4.6,0
2019,12,842,9,11,6.0,6.0,2,9,0.0,0.0,2.6042780748663104,0.03208556149732621,0.4162962962962963,5.4,5.4,0
2019,13,848,9,13,17.0,14.0,0,9,12.0,9.0,2.260869565217391,0.014492753623188406,0.4162962962962963,3.8,7.2,0
2019,14,848,9,14,8.0,8.0,0,9,2.0,2.0,2.260869565217391,0.014492753623188406,0.4162962962962963,5.4,7.6,0
2019,15,848,9,15,6.0,6.0,0,9,0.0,0.0,2.260869565217391,0.014492753623188406,0.4162962962962963,7.0,6.8,0
2019,16,848,9,71,0.0,19.0,0,9,-5.0,14.0,2.260869565217391,0.014492753623188406,0.4162962962962963,7.4,8.8,0
2019,17,848,9,22,6.0,6.0,0,9,2.0,2.0,2.260869565217391,0.014492753623188406,0.4162962962962963,9.6,9.6,0
2019,18,848,9,32,5.0,5.0,0,9,0.0,0.0,2.260869565217391,0.014492753623188406,0.4162962962962963,9.6,9.6,0
2019,19,848,9,69,6.0,6.0,0,9,1.0,1.0,2.260869565217391,0.014492753623188406,0.4162962962962963,10.0,10.0,0
2019,20,848,9,18,5.0,6.0,0,9,-9.0,-8.0,2.260869565217391,0.014492753623188406,0.4162962962962963,8.4,8.4,0
2019,21,848,9,24,5.0,6.0,0,9,-1.0,0.0,2.260869565217391,0.014492753623188406,0.4162962962962963,8.0,8.0,0
2020,1,830,9,70,2.0,3.0,5,10,-18.0,-17.0,13.919421487603305,0.5371900826446281,0.4162962962962963,13.2,5.6,0
2020,2,830,9,70,2.0,2.0,5,10,-1.0,-1.0,13.919421487603305,0.5371900826446281,0.4162962962962963,14.6,6.6,1
2020,3,830,9,11,7.0,7.0,5,10,5.0,5.0,13.919421487603305,0.5371900826446281,0.4162962962962963,15.2,8.2,1
2020,4,830,9,9,3.0,3.0,5,10,1.0,1.0,13.919421487603305,0.5371900826446281,0.4162962962962963,14.0,12.0,1
2020,5,830,9,9,4.0,4.0,5,10,3.0,3.0,13.919421487603305,0.5371900826446281,0.4162962962962963,15.4,15.4,1
2020,6,830,9,4,3.0,3.0,5,10,1.0,1.0,13.919421487603305,0.5371900826446281,0.4162962962962963,19.0,19.0,1
2020,7,830,9,13,3.0,3.0,5,10,0.0,0.0,13.919421487603305,0.5371900826446281,0.4162962962962963,19.0,19.0,1
2020,8,830,9,14,5.0,5.0,5,10,-12.0,-12.0,13.919421487603305,0.5371900826446281,0.4162962962962963,15.4,15.4,0
2020,9,830,9,76,3.0,3.0,5,10,-16.0,-16.0,13.919421487603305,0.5371900826446281,0.4162962962962963,11.6,11.6,0
2020,10,830,9,71,2.0,2.0,5,10,0.0,0.0,13.919421487603305,0.5371900826446281,0.4162962962962963,10.2,10.2,1
2020,11,830,9,20,3.0,3.0,5,10,1.0,1.0,13.919421487603305,0.5371900826446281,0.4162962962962963,10.4,10.4,1
2020,12,830,9,75,3.0,3.0,5,10,0.0,0.0,13.919421487603305,0.5371900826446281,0.4162962962962963,10.4,10.4,1
2020,13,830,9,21,3.0,3.0,5,10,-14.0,-14.0,13.919421487603305,0.5371900826446281,0.4162962962962963,10.4,10.4,0
2020,14,830,9,5,2.0,2.0,5,10,-4.0,-4.0,13.919421487603305,0.5371900826446281,0.4162962962962963,12.0,12.0,0
2020,15,830,9,3,3.0,3.0,5,10,1.0,1.0,13.919421487603305,0.5371900826446281,0.4162962962962963,12.2,12.2,1
2020,16,830,9,3,3.0,3.0,5,10,-16.0,-16.0,13.919421487603305,0.5371900826446281,0.4162962962962963,8.4,8.4,0
2020,17,830,9,24,1.0,1.0,5,10,0.0,0.0,13.919421487603305,0.5371900826446281,0.4162962962962963,10.4,10.4,1
2020,1,848,9,70,4.0,5.0,1,10,-9.0,-8.0,2.260869565217391,0.014492753623188406,0.4162962962962963,5.6,10.4,0
2020,2,848,9,70,6.0,7.0,1,10,2.0,3.0,2.260869565217391,0.014492753623188406,0.4162962962962963,6.0,11.2,0
2020,3,848,9,11,13.0,13.0,1,10,8.0,8.0,2.260869565217391,0.014492753623188406,0.4162962962962963,6.0,9.4,0
2020,4,848,9,9,12.0,12.0,1,10,4.0,4.0,2.260869565217391,0.014492753623188406,0.4162962962962963,6.8,10.2,0
2020,5,848,9,9,9.0,9.0,1,10,4.0,4.0,2.260869565217391,0.014492753623188406,0.4162962962962963,7.2,7.2,0
2020,6,848,9,4,6.0,6.0,1,10,-2.0,-2.0,2.260869565217391,0.014492753623188406,0.4162962962962963,8.0,8.0,0
2020,7,848,9,13,5.0,5.0,1,10,-1.0,-1.0,2.260869565217391,0.014492753623188406,0.4162962962962963,7.2,7.2,0
2020,8,848,9,14,9.0,9.0,1,10,-6.0,-6.0,2.260869565217391,0.014492753623188406,0.4162962962962963,5.2,5.2,0
2020,9,848,9,76,4.0,4.0,1,10,1.0,1.0,2.260869565217391,0.014492753623188406,0.4162962962962963,7.4,7.4,1
2020,10,848,9,71,15.0,10.0,1,10,5.0,0.0,2.260869565217391,0.014492753623188406,0.4162962962962963,5.6,5.6,0
2020,11,848,9,20,5.0,5.0,1,10,-12.0,-12.0,2.260869565217391,0.014492753623188406,0.4162962962962963,4.8,4.8,0
2020,12,848,9,75,6.0,6.0,1,10,-6.0,-6.0,2.260869565217391,0.014492753623188406,0.4162962962962963,3.2,3.2,0
2020,13,848,9,21,6.0,6.0,1,10,-9.0,-9.0,2.260869565217391,0.014492753623188406,0.4162962962962963,3.2,3.2,0
2020,14,848,9,5,4.0,4.0,1,10,-3.0,-3.0,2.260869565217391,0.014492753623188406,0.4162962962962963,1.4,1.4,0
2020,15,848,9,3,4.0,4.0,1,10,1.0,1.0,2.260869565217391,0.014492753623188406,0.4162962962962963,4.2,4.2,1
2020,16,848,9,3,12.0,12.0,1,10,6.0,6.0,2.260869565217391,0.014492753623188406,0.4162962962962963,5.8,5.8,0
2020,17,848,9,24,5.0,5.0,1,10,1.0,1.0,2.260869565217391,0.014492753623188406,0.4162962962962963,8.2,8.2,0
2021,1,815,9,3,0.0,11.0,10,11,-5.0,6.0,5.409556313993174,0.13310580204778158,0.4162962962962963,10.6,10.2,0
2021,2,815,9,21,2.0,2.0,10,11,-9.0,-9.0,5.409556313993174,0.13310580204778158,0.4162962962962963,7.0,9.0,0
2021,3,815,9,75,4.0,4.0,10,11,0.0,0.0,5.409556313993174,0.13310580204778158,0.4162962962962963,9.4,8.4,0
2021,4,815,9,4,8.0,8.0,10,11,3.0,3.0,5.409556313993174,0.13310580204778158,0.4162962962962963,6.4,8.8,0
2021,5,815,9,6,9.0,9.0,10,11,5.0,5.0,5.409556313993174,0.13310580204778158,0.4162962962962963,8.8,8.8,0
2021,6,815,9,73,6.0,7.0,10,11,5.0,6.0,5.409556313993174,0.13310580204778158,0.4162962962962963,11.8,11.8,1
2021,7,815,9,34,4.0,4.0,10,11,1.0,1.0,5.409556313993174,0.13310580204778158,0.4162962962962963,14.8,14.8,1
2021,8,815,9,70,4.0,5.0,10,11,0.0,1.0,5.409556313993174,0.13310580204778158,0.4162962962962963,14.8,14.8,0
2021,9,815,9,70,3.0,3.0,10,11,-3.0,-3.0,5.409556313993174,0.13310580204778158,0.4162962962962963,14.4,14.4,0
2021,10,815,9,9,0.0,5.0,10,11,-16.0,-11.0,5.409556313993174,0.13310580204778158,0.4162962962962963,12.0,12.0,0
2021,11,815,9,11,4.0,4.0,10,11,-13.0,-13.0,5.409556313993174,0.13310580204778158,0.4162962962962963,7.0,7.0,0
2021,12,815,9,13,0.0,7.0,10,11,-19.0,-12.0,5.409556313993174,0.13310580204778158,0.4162962962962963,4.0,4.0,0
2021,13,815,9,39,0.0,16.0,10,11,-8.0,8.0,5.409556313993174,0.13310580204778158,0.4162962962962963,2.4,2.4,0
2021,14,815,9,14,8.0,9.0,10,11,3.0,4.0,5.409556313993174,0.13310580204778158,0.4162962962962963,2.8,2.8,0
2021,15,815,9,71,8.0,9.0,10,11,-1.0,0.0,5.409556313993174,0.13310580204778158,0.4162962962962963,3.2,3.2,0
2021,16,815,9,5,6.0,7.0,10,11,3.0,4.0,5.409556313993174,0.13310580204778158,0.4162962962962963,6.2,6.2,1
2021,17,815,9,69,3.0,3.0,10,11,0.0,0.0,5.409556313993174,0.13310580204778158,0.4162962962962963,9.2,9.2,1
2021,18,815,9,32,4.0,4.0,10,11,1.0,1.0,5.409556313993174,0.13310580204778158,0.4162962962962963,11.4,11.4,1
2021,19,815,9,18,4.0,4.0,10,11,0.0,0.0,5.409556313993174,0.13310580204778158,0.4162962962962963,12.0,12.0,0
2021,20,815,9,78,11.0,11.0,10,11,7.0,7.0,5.409556313993174,0.13310580204778158,0.4162962962962963,14.0,14.0,0
2021,21,815,9,77,5.0,5.0,10,11,-12.0,-12.0,5.409556313993174,0.13310580204778158,0.4162962962962963,11.0,11.0,0
2021,22,815,9,24,4.0,4.0,10,11,-11.0,-11.0,5.409556313993174,0.13310580204778158,0.4162962962962963,8.0,8.0,0
2021,1,830,9,3,1.0,1.0,6,11,-1.0,-1.0,13.919421487603305,0.5371900826446281,0.4162962962962963,14.0,8.6,1
2021,2,830,9,21,3.0,3.0,6,11,2.0,2.0,13.919421487603305,0.5371900826446281,0.4162962962962963,17.4,11.0,1
2021,3,830,9,75,3.0,3.0,6,11,1.0,1.0,13.919421487603305,0.5371900826446281,0.4162962962962963,17.2,12.2,1
2021,4,830,9,4,2.0,2.0,6,11,0.0,0.0,13.919421487603305,0.5371900826446281,0.4162962962962963,21.0,16.0,1
2021,5,830,9,6,2.0,2.0,6,11,1.0,1.0,13.919421487603305,0.5371900826446281,0.4162962962962963,21.0,21.0,1
2021,6,830,9,73,3.0,3.0,6,11,-15.0,-15.0,13.919421487603305,0.5371900826446281,0.4162962962962963,17.4,17.4,0
2021,7,830,9,34,1.0,1.0,6,11,0.0,0.0,13.919421487603305,0.5371900826446281,0.4162962962962963,17.6,17.6,1
2021,8,830,9,70,1.0,1.0,6,11,0.0,0.0,13.919421487603305,0.5371900826446281,0.4162962962962963,19.0,19.0,1
2021,9,830,9,70,1.0,1.0,6,11,0.0,0.0,13.919421487603305,0.5371900826446281,0.4162962962962963,20.4,20.4,1
2021,10,830,9,9,1.0,2.0,6,11,-19.0,-18.0,13.919421487603305,0.5371900826446281,0.4162962962962963,15.4,15.4,0
2021,11,830,9,11,3.0,3.0,6,11,-6.0,-6.0,13.919421487603305,0.5371900826446281,0.4162962962962963,15.8,15.8,0
2021,12,830,9,13,1.0,1.0,6,11,0.0,0.0,13.919421487603305,0.5371900826446281,0.4162962962962963,13.1,13.1,1
2021,13,830,9,39,1.0,1.0,6,11,0.0,0.0,13.919421487603305,0.5371900826446281,0.4162962962962963,13.1,13.1,1
2021,14,830,9,14,1.0,3.0,6,11,-17.0,-15.0,13.919421487603305,0.5371900826446281,0.4162962962962963,7.9,7.9,0
2021,15,830,9,71,20.0,20.0,6,11,18.0,18.0,13.919421487603305,0.5371900826446281,0.4162962962962963,11.5,11.5,1
2021,16,830,9,5,2.0,3.0,6,11,0.0,1.0,13.919421487603305,0.5371900826446281,0.4162962962962963,14.7,14.7,1
2021,17,830,9,69,1.0,1.0,6,11,0.0,0.0,13.919421487603305,0.5371900826446281,0.4162962962962963,17.2,17.2,1
2021,18,830,9,32,3.0,3.0,6,11,2.0,2.0,13.919421487603305,0.5371900826446281,0.4162962962962963,17.2,17.2,1
2021,19,830,9,18,2.0,2.0,6,11,0.0,0.0,13.919421487603305,0.5371900826446281,0.4162962962962963,20.8,20.8,1
2021,20,830,9,78,7.0,2.0,6,11,5.0,0.0,13.919421487603305,0.5371900826446281,0.4162962962962963,21.0,21.0,1
2021,21,830,9,77,3.0,3.0,6,11,1.0,1.0,13.919421487603305,0.5371900826446281,0.4162962962962963,21.0,21.0,1
2021,22,830,9,24,1.0,1.0,6,11,0.0,0.0,13.919421487603305,0.5371900826446281,0.4162962962962963,21.2,21.2,1
2022,1,815,9,3,4.0,4.0,11,12,-14.0,-14.0,5.409556313993174,0.13310580204778158,0.4162962962962963,5.0,16.2,0
2022,2,815,9,77,1.0,1.0,11,12,-3.0,-3.0,5.409556313993174,0.13310580204778158,0.4162962962962963,4.8,15.0,0
2022,3,815,9,1,3.0,3.0,11,12,1.0,1.0,5.409556313993174,0.13310580204778158,0.4162962962962963,6.0,14.8,1
2022,4,815,9,21,3.0,7.0,11,12,1.0,5.0,5.409556313993174,0.13310580204778158,0.4162962962962963,9.6,14.8,1
2022,5,815,9,79,4.0,4.0,11,12,0.0,0.0,5.409556313993174,0.13310580204778158,0.4162962962962963,12.0,12.0,0
2022,6,815,9,4,5.0,5.0,11,12,3.0,3.0,5.409556313993174,0.13310580204778158,0.4162962962962963,15.8,15.8,1
2022,7,815,9,6,3.0,3.0,11,12,2.0,2.0,5.409556313993174,0.13310580204778158,0.4162962962962963,18.4,18.4,1
2022,8,815,9,73,2.0,2.0,11,12,0.0,0.0,5.409556313993174,0.13310580204778158,0.4162962962962963,18.6,18.6,1
2022,9,815,9,7,13.0,13.0,11,12,-7.0,-7.0,5.409556313993174,0.13310580204778158,0.4162962962962963,15.0,15.0,0
2022,10,815,9,9,4.0,4.0,11,12,2.0,2.0,5.409556313993174,0.13310580204778158,0.4162962962962963,16.2,16.2,1
2022,11,815,9,70,5.0,13.0,11,12,-15.0,-7.0,5.409556313993174,0.13310580204778158,0.4162962962962963,12.4,12.4,0
2022,12,815,9,34,3.0,3.0,11,12,-1.0,-1.0,5.409556313993174,0.13310580204778158,0.4162962962962963,9.8,9.8,0
2022,13,815,9,11,11.0,11.0,11,12,6.0,6.0,5.409556313993174,0.13310580204778158,0.4162962962962963,8.0,8.0,0
2022,14,815,9,13,2.0,3.0,11,12,0.0,1.0,5.409556313993174,0.13310580204778158,0.4162962962962963,11.6,11.6,1
2022,15,815,9,39,5.0,5.0,11,12,0.0,0.0,5.409556313993174,0.13310580204778158,0.4162962962962963,10.0,10.0,0
2022,16,815,9,14,13.0,4.0,11,12,7.0,-2.0,5.409556313993174,0.13310580204778158,0.4162962962962963,11.8,11.8,0
2022,17,815,9,15,2.0,2.0,11,12,1.0,1.0,5.409556313993174,0.13310580204778158,0.4162962962962963,14.4,14.4,1
2022,18,815,9,22,4.0,4.0,11,12,2.0,2.0,5.409556313993174,0.13310580204778158,0.4162962962962963,16.0,16.0,1
2022,19,815,9,69,9.0,4.0,11,12,5.0,0.0,5.409556313993174,0.13310580204778158,0.4162962962962963,14.8,14.8,0
2022,20,815,9,32,4.0,4.0,11,12,1.0,1.0,5.409556313993174,0.13310580204778158,0.4162962962962963,15.8,15.8,1
2022,21,815,9,18,4.0,9.0,11,12,-3.0,2.0,5.409556313993174,0.13310580204778158,0.4162962962962963,15.2,15.2,0
2022,22,815,9,24,2.0,2.0,11,12,-1.0,-1.0,5.409556313993174,0.13310580204778158,0.4162962962962963,13.2,13.2,1
2022,1,830,9,3,2.0,2.0,7,12,-17.0,-17.0,13.919421487603305,0.5371900826446281,0.4162962962962963,16.2,9.6,0
2022,2,830,9,77,4.0,4.0,7,12,3.0,3.0,13.919421487603305,0.5371900826446281,0.4162962962962963,17.6,12.2,1
2022,3,830,9,1,2.0,2.0,7,12,-16.0,-16.0,13.919421487603305,0.5371900826446281,0.4162962962962963,13.8,9.2,0
2022,4,830,9,21,1.0,1.0,7,12,0.0,0.0,13.919421487603305,0.5371900826446281,0.4162962962962963,15.4,13.2,1
2022,5,830,9,79,3.0,3.0,7,12,2.0,2.0,13.919421487603305,0.5371900826446281,0.4162962962962963,15.4,15.4,1
2022,6,830,9,4,2.0,2.0,7,12,1.0,1.0,13.919421487603305,0.5371900826446281,0.4162962962962963,20.4,20.4,1
2022,7,830,9,6,4.0,4.0,7,12,1.0,1.0,13.919421487603305,0.5371900826446281,0.4162962962962963,18.4,18.4,1
2022,8,830,9,73,3.0,3.0,7,12,2.0,2.0,13.919421487603305,0.5371900826446281,0.4162962962962963,23.4,23.4,1
2022,9,830,9,7,1.0,1.0,7,12,0.0,0.0,13.919421487603305,0.5371900826446281,0.4162962962962963,23.2,23.2,1
2022,10,830,9,9,2.0,2.0,7,12,-5.0,-5.0,13.919421487603305,0.5371900826446281,0.4162962962962963,19.2,19.2,0
2022,11,830,9,70,1.0,1.0,7,12,-1.0,-1.0,13.919421487603305,0.5371900826446281,0.4162962962962963,18.0,18.0,1
2022,12,830,9,34,2.0,2.0,7,12,1.0,1.0,13.919421487603305,0.5371900826446281,0.4162962962962963,20.0,20.0,1
2022,13,830,9,11,10.0,10.0,7,12,9.0,9.0,13.919421487603305,0.5371900826446281,0.4162962962962963,20.0,20.0,1
2022,14,830,9,13,14.0,1.0,7,12,13.0,0.0,13.919421487603305,0.5371900826446281,0.4162962962962963,20.2,20.2,1
2022,15,830,9,39,1.0,1.0,7,12,0.0,0.0,13.919421487603305,0.5371900826446281,0.4162962962962963,24.2,24.2,1
2022,16,830,9,14,7.0,2.0,7,12,6.0,1.0,13.919421487603305,0.5371900826446281,0.4162962962962963,25.4,25.4,1
2022,17,830,9,15,8.0,8.0,7,12,1.0,1.0,13.919421487603305,0.5371900826446281,0.4162962962962963,21.6,21.6,0
2022,18,830,9,22,1.0,1.0,7,12,0.0,0.0,13.919421487603305,0.5371900826446281,0.4162962962962963,21.6,21.6,1
2022,19,830,9,69,2.0,3.0,7,12,1.0,2.0,13.919421487603305,0.5371900826446281,0.4162962962962963,21.4,21.4,1
2022,20,830,9,32,1.0,1.0,7,12,0.0,0.0,13.919421487603305,0.5371900826446281,0.4162962962962963,21.2,21.2,1
2022,21,830,9,18,3.0,2.0,7,12,-3.0,-4.0,13.919421487603305,0.5371900826446281,0.4162962962962963,17.8,17.8,0
2022,22,830,9,24,1.0,1.0,7,12,0.0,0.0,13.919421487603305,0.5371900826446281,0.4162962962962963,21.6,21.6,1
2023,1,815,9,3,2.0,2.0,12,13,0.0,0.0,5.409556313993174,0.13310580204778158,0.4162962962962963,13.2,20.2,1
2023,2,815,9,77,1.0,1.0,12,13,0.0,0.0,5.409556313993174,0.13310580204778158,0.4162962962962963,15.8,20.2,1
2023,3,815,9,1,0.0,20.0,12,13,-5.0,15.0,5.409556313993174,0.13310580204778158,0.4162962962962963,15.0,17.4,0
2023,4,815,9,73,3.0,3.0,12,13,2.0,2.0,5.409556313993174,0.13310580204778158,0.4162962962962963,18.8,20.8,1
2023,5,815,9,79,1.0,1.0,12,13,-1.0,-1.0,5.409556313993174,0.13310580204778158,0.4162962962962963,19.4,19.4,1
2023,6,815,9,6,20.0,20.0,12,13,4.0,4.0,5.409556313993174,0.13310580204778158,0.4162962962962963,15.8,15.8,0
2023,7,815,9,4,11.0,11.0,12,13,7.0,7.0,5.409556313993174,0.13310580204778158,0.4162962962962963,13.2,13.2,0
2023,8,815,9,7,12.0,12.0,12,13,6.0,6.0,5.409556313993174,0.13310580204778158,0.4162962962962963,12.8,12.8,0
2023,9,815,9,70,15.0,15.0,12,13,12.0,12.0,5.409556313993174,0.13310580204778158,0.4162962962962963,10.8,10.8,1
2023,10,815,9,9,15.0,16.0,12,13,9.0,10.0,5.409556313993174,0.13310580204778158,0.4162962962962963,8.8,8.8,0
2023,11,815,9,11,9.0,9.0,12,13,6.0,6.0,5.409556313993174,0.13310580204778158,0.4162962962962963,11.8,11.8,1
2023,12,815,9,13,2.0,3.0,12,13,0.0,1.0,5.409556313993174,0.13310580204778158,0.4162962962962963,13.0,13.0,1
2023,13,815,9,39,7.0,7.0,12,13,3.0,3.0,5.409556313993174,0.13310580204778158,0.4162962962962963,13.6,13.6,0
2023,14,815,9,14,5.0,5.0,12,13,3.0,3.0,5.409556313993174,0.13310580204778158,0.4162962962962963,14.2,14.2,1
2023,15,815,9,15,13.0,13.0,12,13,5.0,5.0,5.409556313993174,0.13310580204778158,0.4162962962962963,13.4,13.4,0
2023,16,815,9,22,5.0,5.0,12,13,-14.0,-14.0,5.409556313993174,0.13310580204778158,0.4162962962962963,10.4,10.4,0
2023,17,815,9,78,0.0,13.0,12,13,-10.0,3.0,5.409556313993174,0.13310580204778158,0.4162962962962963,7.0,7.0,0
2023,18,815,9,69,9.0,9.0,12,13,5.0,5.0,5.409556313993174,0.13310580204778158,0.4162962962962963,7.0,7.0,0
2023,19,815,9,32,5.0,5.0,12,13,-15.0,-15.0,5.409556313993174,0.13310580204778158,0.4162962962962963,3.4,3.4,0
2023,20,815,9,18,9.0,9.0,12,13,5.0,5.0,5.409556313993174,0.13310580204778158,0.4162962962962963,5.0,5.0,0
2023,21,815,9,80,11.0,12.0,12,13,8.0,9.0,5.409556313993174,0.13310580204778158,0.4162962962962963,8.0,8.0,1
2023,22,815,9,24,9.0,9.0,12,13,5.0,5.0,5.409556313993174,0.13310580204778158,0.4162962962962963,10.2,10.2,0
2023,1,830,9,3,1.0,1.0,8,13,0.0,0.0,13.919421487603305,0.5371900826446281,0.4162962962962963,21.6,12.8,1
2023,2,830,9,77,15.0,15.0,8,13,13.0,13.0,13.919421487603305,0.5371900826446281,0.4162962962962963,20.4,16.6,1
2023,3,830,9,1,1.0,1.0,8,13,0.0,0.0,13.919421487603305,0.5371900826446281,0.4162962962962963,20.4,19.2,1
2023,4,830,9,73,2.0,2.0,8,13,0.0,0.0,13.919421487603305,0.5371900826446281,0.4162962962962963,22.4,19.8,1
2023,5,830,9,79,9.0,9.0,8,13,8.0,8.0,13.919421487603305,0.5371900826446281,0.4162962962962963,22.6,22.6,1
2023,6,830,9,6,1.0,1.0,8,13,0.0,0.0,13.919421487603305,0.5371900826446281,0.4162962962962963,22.6,22.6,1
2023,7,830,9,4,1.0,1.0,8,13,0.0,0.0,13.919421487603305,0.5371900826446281,0.4162962962962963,24.0,24.0,1
2023,8,830,9,7,1.0,1.0,8,13,0.0,0.0,13.919421487603305,0.5371900826446281,0.4162962962962963,24.0,24.0,1
2023,9,830,9,70,1.0,1.0,8,13,0.0,0.0,13.919421487603305,0.5371900826446281,0.4162962962962963,25.6,25.6,1
2023,10,830,9,9,1.0,1.0,8,13,0.0,0.0,13.919421487603305,0.5371900826446281,0.4162962962962963,25.6,25.6,1
2023,11,830,9,11,2.0,2.0,8,13,1.0,1.0,13.919421487603305,0.5371900826446281,0.4162962962962963,25.8,25.8,1
2023,12,830,9,13,6.0,1.0,8,13,5.0,0.0,13.919421487603305,0.5371900826446281,0.4162962962962963,25.6,25.6,1
2023,13,830,9,39,1.0,1.0,8,13,0.0,0.0,13.919421487603305,0.5371900826446281,0.4162962962962963,25.6,25.6,1
2023,14,830,9,14,2.0,2.0,8,13,1.0,1.0,13.919421487603305,0.5371900826446281,0.4162962962962963,25.4,25.4,1
2023,15,830,9,15,11.0,11.0,8,13,6.0,6.0,13.919421487603305,0.5371900826446281,0.4162962962962963,22.2,22.2,0
2023,16,830,9,22,1.0,1.0,8,13,0.0,0.0,13.919421487603305,0.5371900826446281,0.4162962962962963,22.2,22.2,1
2023,17,830,9,78,1.0,1.0,8,13,0.0,0.0,13.919421487603305,0.5371900826446281,0.4162962962962963,22.4,22.4,1
2023,18,830,9,69,6.0,6.0,8,13,5.0,5.0,13.919421487603305,0.5371900826446281,0.4162962962962963,22.4,22.4,1
2023,19,830,9,32,3.0,3.0,8,13,2.0,2.0,13.919421487603305,0.5371900826446281,0.4162962962962963,22.4,22.4,1
2023,20,830,9,18,1.0,1.0,8,13,0.0,0.0,13.919421487603305,0.5371900826446281,0.4162962962962963,25.4,25.4,1
2023,21,830,9,80,2.0,3.0,8,13,1.0,2.0,13.919421487603305,0.5371900826446281,0.4162962962962963,25.2,25.2,1
2023,22,830,9,24,1.0,1.0,8,13,0.0,0.0,13.919421487603305,0.5371900826446281,0.4162962962962963,25.2,25.2,1
2024,1,815,9,3,5.0,5.0,13,14,3.0,3.0,5.409556313993174,0.13310580204778158,0.4162962962962963,11.4,23.8,1
2024,2,815,9,77,3.0,3.0,13,14,1.0,1.0,5.409556313993174,0.13310580204778158,0.4162962962962963,15.0,22.4,1
2024,3,815,9,1,6.0,3.0,13,14,1.0,-2.0,5.409556313993174,0.13310580204778158,0.4162962962962963,14.6,19.4,0
2024,4,815,9,22,2.0,2.0,13,14,0.0,0.0,5.409556313993174,0.13310580204778158,0.4162962962962963,15.2,18.0,1
2024,5,815,9,17,2.0,2.0,13,14,-1.0,-1.0,5.409556313993174,0.13310580204778158,0.4162962962962963,15.8,15.8,1
2024,6,815,9,79,4.0,4.0,13,14,0.0,0.0,5.409556313993174,0.13310580204778158,0.4162962962962963,14.6,14.6,0
2024,7,815,9,21,11.0,11.0,13,14,3.0,3.0,5.409556313993174,0.13310580204778158,0.4162962962962963,11.8,11.8,0
2024,8,815,9,6,16.0,18.0,13,14,-2.0,0.0,5.409556313993174,0.13310580204778158,0.4162962962962963,9.8,9.8,0
2024,9,815,9,7,16.0,16.0,13,14,-2.0,-2.0,5.409556313993174,0.13310580204778158,0.4162962962962963,6.2,6.2,0
2024,10,815,9,4,11.0,8.0,13,14,3.0,0.0,5.409556313993174,0.13310580204778158,0.4162962962962963,4.0,4.0,0
2024,11,815,9,70,8.0,8.0,13,14,1.0,1.0,5.409556313993174,0.13310580204778158,0.4162962962962963,2.8,2.8,0
2024,12,815,9,9,0.0,19.0,13,14,-17.0,2.0,5.409556313993174,0.13310580204778158,0.4162962962962963,2.0,2.0,0
2024,13,815,9,11,16.0,16.0,13,14,9.0,9.0,5.409556313993174,0.13310580204778158,0.4162962962962963,3.2,3.2,0
2024,14,815,9,13,2.0,3.0,13,14,-5.0,-4.0,5.409556313993174,0.13310580204778158,0.4162962962962963,4.6,4.6,0
2024,15,815,9,39,5.0,5.0,13,14,-1.0,-1.0,5.409556313993174,0.13310580204778158,0.4162962962962963,5.4,5.4,0
2024,16,815,9,14,8.0,8.0,13,14,0.0,0.0,5.409556313993174,0.13310580204778158,0.4162962962962963,5.0,5.0,0
2024,17,815,9,73,4.0,4.0,13,14,-13.0,-13.0,5.409556313993174,0.13310580204778158,0.4162962962962963,5.0,5.0,0
2024,18,815,9,15,13.0,13.0,13,14,3.0,3.0,5.409556313993174,0.13310580204778158,0.4162962962962963,4.0,4.0,0
2024,19,815,9,69,9.0,10.0,13,14,2.0,3.0,5.409556313993174,0.13310580204778158,0.4162962962962963,3.8,3.8,0
2024,20,815,9,32,18.0,18.0,13,14,1.0,1.0,5.409556313993174,0.13310580204778158,0.4162962962962963,2.2,2.2,0
2024,21,815,9,18,12.0,13.0,13,14,1.0,2.0,5.409556313993174,0.13310580204778158,0.4162962962962963,1.4,1.4,0
2024,22,815,9,80,15.0,16.0,13,14,5.0,6.0,5.409556313993174,0.13310580204778158,0.4162962962962963,1.6,1.6,0
2024,23,815,9,78,9.0,9.0,13,14,-8.0,-8.0,5.409556313993174,0.13310580204778158,0.4162962962962963,1.4,1.4,0
2024,24,815,9,24,10.0,10.0,13,14,-10.0,-10.0,5.409556313993174,0.13310580204778158,0.4162962962962963,0.2,0.2,0
2024,1,830,9,3,1.0,1.0,9,14,0.0,0.0,13.919421487603305,0.5371900826446281,0.4162962962962963,25.4,5.4,1
2024,2,830,9,77,1.0,1.0,9,14,0.0,0.0,13.919421487603305,0.5371900826446281,0.4162962962962963,25.4,10.4,1
2024,3,830,9,1,1.0,1.0,9,14,-18.0,-18.0,13.919421487603305,0.5371900826446281,0.4162962962962963,20.4,10.2,0
2024,4,830,9,22,1.0,1.0,9,14,0.0,0.0,13.919421487603305,0.5371900826446281,0.4162962962962963,20.6,15.4,1
2024,5,830,9,17,1.0,1.0,9,14,0.0,0.0,13.919421487603305,0.5371900826446281,0.4162962962962963,20.4,20.4,1
2024,6,830,9,79,1.0,1.0,9,14,-1.0,-1.0,13.919421487603305,0.5371900826446281,0.4162962962962963,18.8,18.8,1
2024,7,830,9,21,1.0,1.0,9,14,0.0,0.0,13.919421487603305,0.5371900826446281,0.4162962962962963,18.8,18.8,1
2024,8,830,9,6,6.0,6.0,9,14,0.0,0.0,13.919421487603305,0.5371900826446281,0.4162962962962963,20.4,20.4,0
2024,9,830,9,7,2.0,2.0,9,14,1.0,1.0,13.919421487603305,0.5371900826446281,0.4162962962962963,20.2,20.2,1
2024,10,830,9,4,2.0,2.0,9,14,1.0,1.0,13.919421487603305,0.5371900826446281,0.4162962962962963,20.2,20.2,1
2024,11,830,9,70,1.0,1.0,9,14,-4.0,-4.0,13.919421487603305,0.5371900826446281,0.4162962962962963,18.6,18.6,0
2024,12,830,9,9,4.0,4.0,9,14,2.0,2.0,13.919421487603305,0.5371900826446281,0.4162962962962963,17.2,17.2,1
2024,13,830,9,11,3.0,3.0,9,14,-2.0,-2.0,13.919421487603305,0.5371900826446281,0.4162962962962963,17.6,17.6,0
2024,14,830,9,13,11.0,1.0,9,14,7.0,-3.0,13.919421487603305,0.5371900826446281,0.4162962962962963,15.0,15.0,0
2024,15,830,9,39,2.0,2.0,9,14,0.0,0.0,13.919421487603305,0.5371900826446281,0.4162962962962963,13.6,13.6,1
2024,16,830,9,14,7.0,7.0,9,14,1.0,1.0,13.919421487603305,0.5371900826446281,0.4162962962962963,13.2,13.2,0
2024,17,830,9,73,6.0,6.0,9,14,1.0,1.0,13.919421487603305,0.5371900826446281,0.4162962962962963,11.6,11.6,0
2024,18,830,9,15,2.0,2.0,9,14,0.0,0.0,13.919421487603305,0.5371900826446281,0.4162962962962963,13.2,13.2,1
2024,19,830,9,69,2.0,2.0,9,14,-1.0,-1.0,13.919421487603305,0.5371900826446281,0.4162962962962963,13.8,13.8,1
2024,20,830,9,32,2.0,2.0,9,14,-4.0,-4.0,13.919421487603305,0.5371900826446281,0.4162962962962963,11.8,11.8,0
2024,21,830,9,18,17.0,12.0,9,14,16.0,11.0,13.919421487603305,0.5371900826446281,0.4162962962962963,15.4,15.4,1
2024,22,830,9,80,5.0,5.0,9,14,0.0,0.0,13.919421487603305,0.5371900826446281,0.4162962962962963,15.4,15.4,0
2024,23,830,9,78,2.0,1.0,9,14,1.0,0.0,13.919421487603305,0.5371900826446281,0.4162962962962963,16.8,16.8,1
2024,24,830,9,24,4.0,5.0,9,14,-2.0,-1.0,13.919421487603305,0.5371900826446281,0.4162962962962963,15.4,15.4,0
2025,1,830,9,1,3.0,3.0,10,15,1.0,1.0,13.919421487603305,0.5371900826446281,0.4162962962962963,17.4,17.4,1
2025,2,830,9,17,4.0,4.0,10,15,0.0,0.0,13.919421487603305,0.5371900826446281,0.4162962962962963,14.6,14.6,0
2025,3,830,9,22,1.0,1.0,10,15,0.0,0.0,13.919421487603305,0.5371900826446281,0.4162962962962963,17.6,17.6,1
2025,4,830,9,3,7.0,7.0,10,15,1.0,1.0,13.919421487603305,0.5371900826446281,0.4162962962962963,14.2,14.2,0
2025,5,830,9,77,1.0,1.0,10,15,-1.0,-1.0,13.919421487603305,0.5371900826446281,0.4162962962962963,16.2,16.2,1
2025,6,830,9,79,1.0,1.0,10,15,-3.0,-3.0,13.919421487603305,0.5371900826446281,0.4162962962962963,15.0,15.0,0
2025,7,830,9,21,2.0,2.0,10,15,1.0,1.0,13.919421487603305,0.5371900826446281,0.4162962962962963,17.6,17.6,1
2025,8,830,9,6,4.0,5.0,10,15,0.0,1.0,13.919421487603305,0.5371900826446281,0.4162962962962963,15.0,15.0,0
2025,9,830,9,4,3.0,3.0,10,15,-7.0,-7.0,13.919421487603305,0.5371900826446281,0.4162962962962963,13.6,13.6,0
2025,10,830,9,7,2.0,2.0,10,15,0.0,0.0,13.919421487603305,0.5371900826446281,0.4162962962962963,13.6,13.6,1
2025,11,830,9,70,7.0,7.0,10,15,-11.0,-11.0,13.919421487603305,0.5371900826446281,0.4162962962962963,11.2,11.2,0
2025,12,830,9,9,1.0,1.0,10,15,-4.0,-4.0,13.919421487603305,0.5371900826446281,0.4162962962962963,8.2,8.2,0
2025,13,830,9,13,4.0,4.0,10,15,0.0,0.0,13.919421487603305,0.5371900826446281,0.4162962962962963,8.2,8.2,0
2025,14,830,9,11,8.0,8.0,10,15,-1.0,-1.0,13.919421487603305,0.5371900826446281,0.4162962962962963,8.4,8.4,0
2025,15,830,9,39,3.0,3.0,10,15,1.0,1.0,13.919421487603305,0.5371900826446281,0.4162962962962963,8.4,8.4,1
2025,16,830,9,14,1.0,1.0,10,15,0.0,0.0,13.919421487603305,0.5371900826446281,0.4162962962962963,13.4,13.4,1
2025,17,830,9,73,1.0,1.0,10,15,0.0,0.0,13.919421487603305,0.5371900826446281,0.4162962962962963,16.4,16.4,1
2025,18,830,9,15,2.0,2.0,10,15,0.0,0.0,13.919421487603305,0.5371900826446281,0.4162962962962963,17.6,17.6,1
2025,19,830,9,69,1.0,1.0,10,15,0.0,0.0,13.919421487603305,0.5371900826446281,0.4162962962962963,22.2,22.2,1
2025,20,830,9,32,5.0,5.0,10,15,2.0,2.0,13.919421487603305,0.5371900826446281,0.4162962962962963,21.6,21.6,1
2025,21,830,9,18,19.0,16.0,10,15,16.0,13.0,13.919421487603305,0.5371900826446281,0.4162962962962963,19.6,19.6,1
2025,22,830,9,80,2.0,2.0,10,15,1.0,1.0,13.919421487603305,0.5371900826446281,0.4162962962962963,19.6,19.6,1
2025,24,830,9,24,1.0,1.0,10,15,0.0,0.0,13.919421487603305,0.5371900826446281,0.4162962962962963,21.0,21.0,1
2025,3,852,9,22,14.0,15.0,4,15,2.0,3.0,0.9469026548672567,0.0,0.4162962962962963,0.0,16.0,0
2025,4,852,9,3,10.0,10.0,4,15,1.0,1.0,0.9469026548672567,0.0,0.4162962962962963,0.4,13.4,0
2025,5,852,9,77,8.0,8.0,4,15,-11.0,-11.0,0.9469026548672567,0.0,0.4162962962962963,0.4,10.4,0
2025,6,852,9,79,10.0,10.0,4,15,0.0,0.0,0.9469026548672567,0.0,0.4162962962962963,0.6,5.6,0
2025,7,852,9,21,20.0,20.0,4,15,10.0,10.0,0.9469026548672567,0.0,0.4162962962962963,0.8,0.8,0
2025,8,852,9,6,12.0,12.0,4,15,-5.0,-5.0,0.9469026548672567,0.0,0.4162962962962963,0.8,0.8,0
2025,9,852,9,4,19.0,20.0,4,15,6.0,7.0,0.9469026548672567,0.0,0.4162962962962963,0.4,0.4,0
2025,10,852,9,7,18.0,11.0,4,15,6.0,-1.0,0.9469026548672567,0.0,0.4162962962962963,0.4,0.4,0
2025,11,852,9,70,18.0,18.0,4,15,2.0,2.0,0.9469026548672567,0.0,0.4162962962962963,0.2,0.2,0
2025,12,852,9,9,11.0,12.0,4,15,-4.0,-3.0,0.9469026548672567,0.0,0.4162962962962963,0.0,0.0,0
2025,13,852,9,13,7.0,7.0,4,15,-6.0,-6.0,0.9469026548672567,0.0,0.4162962962962963,0.0,0.0,0
2025,14,852,9,11,20.0,16.0,4,15,3.0,-1.0,0.9469026548672567,0.0,0.4162962962962963,0.0,0.0,0
2025,15,852,9,39,12.0,12.0,4,15,3.0,3.0,0.9469026548672567,0.0,0.4162962962962963,0.4,0.4,0
2025,16,852,9,14,9.0,10.0,4,15,-4.0,-3.0,0.9469026548672567,0.0,0.4162962962962963,0.4,0.4,0
2025,17,852,9,73,6.0,6.0,4,15,0.0,0.0,0.9469026548672567,0.0,0.4162962962962963,2.0,2.0,0
2025,18,852,9,15,13.0,13.0,4,15,1.0,1.0,0.9469026548672567,0.0,0.4162962962962963,2.0,2.0,0
2025,19,852,9,69,13.0,13.0,4,15,6.0,6.0,0.9469026548672567,0.0,0.4162962962962963,3.2,3.2,0
2025,20,852,9,32,10.0,11.0,4,15,-1.0,0.0,0.9469026548672567,0.0,0.4162962962962963,2.8,2.8,0
2025,21,852,9,18,17.0,19.0,4,15,0.0,2.0,0.9469026548672567,0.0,0.4162962962962963,2.8,2.8,0
2025,22,852,9,80,20.0,19.0,4,15,8.0,7.0,0.9469026548672567,0.0,0.4162962962962963,1.2,1.2,0
2025,24,852,9,24,10.0,10.0,4,15,-4.0,-4.0,0.9469026548672567,0.0,0.4162962962962963,1.2,1.2,0
2025,1,859,9,1,18.0,18.0,2,15,3.0,3.0,1.8222222222222222,0.0,0.4162962962962963,0.4,0.0,0
2025,2,859,9,17,20.0,20.0,2,15,8.0,8.0,1.8222222222222222,0.0,0.4162962962962963,0.0,0.0,0
2026,2,830,9,17,8.0,8.0,11,16,-8.0,-8.0,13.919421487603305,0.5371900826446281,0.4162962962962963,16.0,0.0,0
2026,3,830,9,22,11.0,11.0,11,16,3.0,3.0,13.919421487603305,0.5371900826446281,0.4162962962962963,13.8,0.8,0
2026,4,830,9,79,2.0,2.0,11,16,-3.0,-3.0,13.919421487603305,0.5371900826446281,0.4162962962962963,12.8,2.8,0
2026,5,830,9,7,6.0,6.0,11,16,3.0,3.0,13.919421487603305,0.5371900826446281,0.4162962962962963,10.8,5.8,1
2026,6,830,9,6,2.0,2.0,11,16,-20.0,-20.0,13.919421487603305,0.5371900826446281,0.4162962962962963,5.8,5.8,0
2026,7,830,9,4,5.0,5.0,11,16,1.0,1.0,13.919421487603305,0.5371900826446281,0.4162962962962963,8.2,8.2,0
2026,8,830,9,70,5.0,5.0,11,16,3.0,3.0,13.919421487603305,0.5371900826446281,0.4162962962962963,11.0,11.0,1
2026,9,830,9,9,7.0,7.0,11,16,-13.0,-13.0,13.919421487603305,0.5371900826446281,0.4162962962962963,9.0,9.0,0
2026,10,830,9,13,2.0,2.0,11,16,-1.0,-1.0,13.919421487603305,0.5371900826446281,0.4162962962962963,9.0,9.0,1
2026,11,830,9,11,4.0,6.0,11,16,2.0,4.0,13.919421487603305,0.5371900826446281,0.4162962962962963,12.6,12.6,1
2026,1,865,9,1,3.0,3.0,1,16,-17.0,-17.0,3.4705882352941178,0.029411764705882353,0.4162962962962963,2.4,10.2,0
2026,2,865,9,17,9.0,9.0,1,16,1.0,1.0,3.4705882352941178,0.029411764705882353,0.4162962962962963,3.2,7.4,0
2026,3,865,9,22,8.0,8.0,1,16,-4.0,-4.0,3.4705882352941178,0.029411764705882353,0.4162962962962963,2.4,7.4,0
2026,4,865,9,79,22.0,22.0,1,16,0.0,0.0,3.4705882352941178,0.029411764705882353,0.4162962962962963,0.8,4.4,0
2026,5,865,9,7,7.0,7.0,1,16,2.0,2.0,3.4705882352941178,0.029411764705882353,0.4162962962962963,2.8,2.8,0
2026,6,865,9,6,5.0,5.0,1,16,1.0,1.0,3.4705882352941178,0.029411764705882353,0.4162962962962963,5.2,5.2,0
2026,7,865,9,4,6.0,6.0,1,16,0.0,0.0,3.4705882352941178,0.029411764705882353,0.4162962962962963,6.0,6.0,0
2026,8,865,9,70,8.0,8.0,1,16,2.0,2.0,3.4705882352941178,0.029411764705882353,0.4162962962962963,7.6,7.6,0
2026,9,865,9,9,5.0,5.0,1,16,0.0,0.0,3.4705882352941178,0.029411764705882353,0.4162962962962963,9.6,9.6,0
2026,10,865,9,13,21.0,10.0,1,16,15.0,4.0,3.4705882352941178,0.029411764705882353,0.4162962962962963,9.2,9.2,0
2026,11,865,9,11,8.0,8.0,1,16,2.0,2.0,3.4705882352941178,0.029411764705882353,0.4162962962962963,8.4,8.4,0
2010,1,16,10,3,10.0,10.0,0,0,-2.0,-2.0,1.5526315789473684,0.0,0.014164305949008499,0.0,0.0,0
2010,2,16,10,1,10.0,10.0,0,0,-8.0,-8.0,1.5526315789473684,0.0,0.014164305949008499,0.0,0.0,0
2010,3,16,10,2,4.0,4.0,0,0,-1.0,-1.0,1.5526315789473684,0.0,0.014164305949008499,3.3333333333333335,3.3333333333333335,0
2010,4,16,10,17,10.0,10.0,0,0,-1.0,-1.0,1.5526315789473684,0.0,0.014164305949008499,2.5,2.5,0
2010,5,16,10,4,11.0,11.0,0,0,4.0,4.0,1.5526315789473684,0.0,0.014164305949008499,3.2,3.2,0
2010,6,16,10,6,12.0,12.0,0,0,4.0,4.0,1.5526315789473684,0.0,0.014164305949008499,4.0,4.0,0
2010,7,16,10,5,11.0,11.0,0,0,2.0,2.0,1.5526315789473684,0.0,0.014164305949008499,4.4,4.4,0
2010,8,16,10,7,9.0,9.0,0,0,-1.0,-1.0,1.5526315789473684,0.0,0.014164305949008499,2.6,2.6,0
2010,9,16,10,12,13.0,13.0,0,0,7.0,7.0,1.5526315789473684,0.0,0.014164305949008499,4.2,4.2,0
2010,10,16,10,9,11.0,11.0,0,0,3.0,3.0,1.5526315789473684,0.0,0.014164305949008499,3.8,3.8,0
2010,11,16,10,10,19.0,14.0,0,0,2.0,-3.0,1.5526315789473684,0.0,0.014164305949008499,3.0,3.0,0
2010,12,16,10,11,13.0,13.0,0,0,-10.0,-10.0,1.5526315789473684,0.0,0.014164305949008499,2.6,2.6,0
2010,13,16,10,13,8.0,8.0,0,0,3.0,3.0,1.5526315789473684,0.0,0.014164305949008499,4.4,4.4,0
2010,14,16,10,14,11.0,11.0,0,0,-5.0,-5.0,1.5526315789473684,0.0,0.014164305949008499,2.8,2.8,0
2010,15,16,10,15,15.0,16.0,0,0,6.0,7.0,1.5526315789473684,0.0,0.014164305949008499,2.4,2.4,0
2010,16,16,10,22,15.0,15.0,0,0,-3.0,-3.0,1.5526315789473684,0.0,0.014164305949008499,2.4,2.4,0
2010,17,16,10,35,14.0,14.0,0,0,-2.0,-2.0,1.5526315789473684,0.0,0.014164305949008499,2.4,2.4,0
2010,18,16,10,18,22.0,18.0,0,0,10.0,6.0,1.5526315789473684,0.0,0.014164305949008499,0.4,0.4,0
2010,19,16,10,24,13.0,13.0,0,0,0.0,0.0,1.5526315789473684,0.0,0.014164305949008499,0.4,0.4,0
2010,1,24,10,3,12.0,12.0,0,0,3.0,3.0,0.5675675675675675,0.0,0.014164305949008499,2.0,0.4,0
2010,2,24,10,1,13.0,13.0,0,0,6.0,6.0,0.5675675675675675,0.0,0.014164305949008499,4.0,1.6,0
2010,3,24,10,2,10.0,10.0,0,0,-10.0,-10.0,0.5675675675675675,0.0,0.014164305949008499,2.6666666666666665,1.6,0
2010,4,24,10,17,18.0,18.0,0,0,-5.0,-5.0,0.5675675675675675,0.0,0.014164305949008499,2.0,1.6,0
2010,5,24,10,4,16.0,17.0,0,0,1.0,2.0,0.5675675675675675,0.0,0.014164305949008499,1.6,1.6,0
2010,6,24,10,6,10.0,10.0,0,0,1.0,1.0,0.5675675675675675,0.0,0.014164305949008499,1.6,1.6,0
2010,7,24,10,5,18.0,18.0,0,0,5.0,5.0,0.5675675675675675,0.0,0.014164305949008499,0.4,0.4,0
2010,8,24,10,7,5.0,6.0,0,0,-4.0,-3.0,0.5675675675675675,0.0,0.014164305949008499,0.8,0.8,0
2010,9,24,10,12,14.0,14.0,0,0,-2.0,-2.0,0.5675675675675675,0.0,0.014164305949008499,0.8,0.8,0
2010,10,24,10,9,20.0,15.0,0,0,9.0,4.0,0.5675675675675675,0.0,0.014164305949008499,0.8,0.8,0
2010,11,24,10,10,21.0,22.0,0,0,5.0,6.0,0.5675675675675675,0.0,0.014164305949008499,0.4,0.4,0
2010,12,24,10,11,16.0,16.0,0,0,3.0,3.0,0.5675675675675675,0.0,0.014164305949008499,0.4,0.4,0
2010,13,24,10,13,12.0,14.0,0,0,2.0,4.0,0.5675675675675675,0.0,0.014164305949008499,0.2,0.2,0
2010,14,24,10,14,19.0,20.0,0,0,7.0,8.0,0.5675675675675675,0.0,0.014164305949008499,0.2,0.2,0
2010,15,24,10,15,16.0,17.0,0,0,-8.0,-7.0,0.5675675675675675,0.0,0.014164305949008499,0.2,0.2,0
2010,16,24,10,22,17.0,17.0,0,0,-6.0,-6.0,0.5675675675675675,0.0,0.014164305949008499,0.2,0.2,0
2010,17,24,10,35,17.0,18.0,0,0,11.0,12.0,0.5675675675675675,0.0,0.014164305949008499,1.8,1.8,0
2010,18,24,10,18,16.0,17.0,0,0,-8.0,-7.0,0.5675675675675675,0.0,0.014164305949008499,1.6,1.6,0
2010,19,24,10,24,16.0,16.0,0,0,-8.0,-8.0,0.5675675675675675,0.0,0.014164305949008499,1.6,1.6,0
2011,1,16,10,1,16.0,16.0,1,1,7.0,7.0,1.5526315789473684,0.0,0.014164305949008499,0.4,2.0,0
2011,2,16,10,2,17.0,17.0,1,1,6.0,6.0,1.5526315789473684,0.0,0.014164305949008499,0.4,2.0,0
2011,3,16,10,17,11.0,11.0,1,1,-4.0,-4.0,1.5526315789473684,0.0,0.014164305949008499,0.4,0.4,0
2011,4,16,10,5,12.0,12.0,1,1,-1.0,-1.0,1.5526315789473684,0.0,0.014164305949008499,0.4,0.4,0
2011,5,16,10,4,17.0,17.0,1,1,4.0,4.0,1.5526315789473684,0.0,0.014164305949008499,0.4,0.4,0
2011,6,16,10,6,14.0,15.0,1,1,7.0,8.0,1.5526315789473684,0.0,0.014164305949008499,1.2,1.2,0
2011,7,16,10,7,14.0,14.0,1,1,-7.0,-7.0,1.5526315789473684,0.0,0.014164305949008499,1.2,1.2,0
2011,8,16,10,12,10.0,10.0,1,1,1.0,1.0,1.5526315789473684,0.0,0.014164305949008499,1.6,1.6,0
2011,9,16,10,9,11.0,11.0,1,1,0.0,0.0,1.5526315789473684,0.0,0.014164305949008499,1.6,1.6,0
2011,10,16,10,20,8.0,8.0,1,1,2.0,2.0,1.5526315789473684,0.0,0.014164305949008499,3.2,3.2,0
2011,11,16,10,11,8.0,8.0,1,1,-6.0,-6.0,1.5526315789473684,0.0,0.014164305949008499,2.0,2.0,0
2011,12,16,10,13,15.0,15.0,1,1,8.0,8.0,1.5526315789473684,0.0,0.014164305949008499,3.2,3.2,0
2011,13,16,10,14,12.0,12.0,1,1,-7.0,-7.0,1.5526315789473684,0.0,0.014164305949008499,2.8,2.8,0
2011,14,16,10,15,9.0,9.0,1,1,1.0,1.0,1.5526315789473684,0.0,0.014164305949008499,3.6,3.6,0
2011,15,16,10,22,11.0,11.0,1,1,0.0,0.0,1.5526315789473684,0.0,0.014164305949008499,2.0,2.0,0
2011,16,16,10,35,10.0,10.0,1,1,-1.0,-1.0,1.5526315789473684,0.0,0.014164305949008499,2.0,2.0,0
2011,17,16,10,68,8.0,8.0,1,1,-1.0,-1.0,1.5526315789473684,0.0,0.014164305949008499,1.2,1.2,0
2011,18,16,10,24,9.0,9.0,1,1,1.0,1.0,1.5526315789473684,0.0,0.014164305949008499,2.0,2.0,0
2011,19,16,10,18,8.0,8.0,1,1,2.0,2.0,1.5526315789473684,0.0,0.014164305949008499,2.8,2.8,0
2011,1,814,10,1,14.0,14.0,0,1,4.0,4.0,2.0508474576271185,0.0,0.014164305949008499,1.0,3.0,0
2011,2,814,10,2,14.0,14.0,0,1,4.0,4.0,2.0508474576271185,0.0,0.014164305949008499,1.0,3.2,0
2011,3,814,10,17,8.0,8.0,0,1,-3.0,-3.0,2.0508474576271185,0.0,0.014164305949008499,0.6666666666666666,2.8,0
2011,4,814,10,5,13.0,13.0,0,1,-10.0,-10.0,2.0508474576271185,0.0,0.014164305949008499,0.5,2.0,0
2011,5,814,10,4,16.0,16.0,0,1,4.0,4.0,2.0508474576271185,0.0,0.014164305949008499,0.4,0.4,0
2011,6,814,10,6,13.0,14.0,0,1,1.0,2.0,2.0508474576271185,0.0,0.014164305949008499,0.2,0.2,0
2011,7,814,10,7,11.0,11.0,0,1,-7.0,-7.0,2.0508474576271185,0.0,0.014164305949008499,0.0,0.0,0
2011,8,814,10,12,12.0,12.0,0,1,-2.0,-2.0,2.0508474576271185,0.0,0.014164305949008499,0.0,0.0,0
2011,9,814,10,9,6.0,6.0,0,1,-9.0,-9.0,2.0508474576271185,0.0,0.014164305949008499,0.0,0.0,0
2011,10,814,10,20,12.0,12.0,0,1,-1.0,-1.0,2.0508474576271185,0.0,0.014164305949008499,0.0,0.0,0
2011,11,814,10,11,11.0,11.0,0,1,4.0,4.0,2.0508474576271185,0.0,0.014164305949008499,1.2,1.2,0
2011,12,814,10,13,17.0,18.0,0,1,6.0,7.0,2.0508474576271185,0.0,0.014164305949008499,1.2,1.2,0
2011,13,814,10,14,11.0,11.0,0,1,3.0,3.0,2.0508474576271185,0.0,0.014164305949008499,2.0,2.0,0
2011,14,814,10,15,10.0,10.0,0,1,4.0,4.0,2.0508474576271185,0.0,0.014164305949008499,3.6,3.6,0
2011,15,814,10,22,12.0,12.0,0,1,0.0,0.0,2.0508474576271185,0.0,0.014164305949008499,3.6,3.6,0
2011,16,814,10,35,9.0,9.0,0,1,-1.0,-1.0,2.0508474576271185,0.0,0.014164305949008499,2.6,2.6,0
2011,17,814,10,68,12.0,13.0,0,1,-1.0,0.0,2.0508474576271185,0.0,0.014164305949008499,2.6,2.6,0
2011,18,814,10,24,10.0,10.0,0,1,1.0,1.0,2.0508474576271185,0.0,0.014164305949008499,2.2,2.2,0
2011,19,814,10,18,11.0,11.0,0,1,3.0,3.0,2.0508474576271185,0.0,0.014164305949008499,1.4,1.4,0
2012,1,807,10,1,9.0,9.0,2,2,-13.0,-13.0,2.3422053231939164,0.0038022813688212928,0.014164305949008499,1.0,1.4,0
2012,2,807,10,2,16.0,16.0,2,2,7.0,7.0,2.3422053231939164,0.0038022813688212928,0.014164305949008499,1.4,1.6,0
2012,3,807,10,17,16.0,16.0,2,2,1.0,1.0,2.3422053231939164,0.0038022813688212928,0.014164305949008499,1.2,1.6,0
2012,4,807,10,3,13.0,13.0,2,2,1.0,1.0,2.3422053231939164,0.0038022813688212928,0.014164305949008499,0.4,1.2,0
2012,5,807,10,4,13.0,14.0,2,2,3.0,4.0,2.3422053231939164,0.0038022813688212928,0.014164305949008499,0.6,0.6,0
2012,6,807,10,6,10.0,11.0,2,2,2.0,3.0,2.3422053231939164,0.0038022813688212928,0.014164305949008499,1.4,1.4,0
2012,7,807,10,7,13.0,13.0,2,2,1.0,1.0,2.3422053231939164,0.0038022813688212928,0.014164305949008499,1.0,1.0,0
2012,8,807,10,12,8.0,8.0,2,2,3.0,3.0,2.3422053231939164,0.0038022813688212928,0.014164305949008499,3.0,3.0,0
2012,9,807,10,9,14.0,9.0,2,2,2.0,-3.0,2.3422053231939164,0.0038022813688212928,0.014164305949008499,3.0,3.0,0
2012,10,807,10,10,4.0,5.0,2,2,-5.0,-4.0,2.3422053231939164,0.0038022813688212928,0.014164305949008499,3.2,3.2,0
2012,11,807,10,11,10.0,10.0,2,2,-1.0,-1.0,2.3422053231939164,0.0038022813688212928,0.014164305949008499,2.4,2.4,0
2012,12,807,10,13,11.0,12.0,2,2,7.0,8.0,2.3422053231939164,0.0038022813688212928,0.014164305949008499,4.8,4.8,0
2012,14,807,10,15,11.0,11.0,2,2,-3.0,-3.0,2.3422053231939164,0.0038022813688212928,0.014164305949008499,2.8,2.8,0
2012,15,807,10,22,15.0,10.0,2,2,8.0,3.0,2.3422053231939164,0.0038022813688212928,0.014164305949008499,4.0,4.0,0
2012,16,807,10,35,8.0,8.0,2,2,2.0,2.0,2.3422053231939164,0.0038022813688212928,0.014164305949008499,5.2,5.2,0
2012,17,807,10,68,12.0,12.0,2,2,4.0,4.0,2.3422053231939164,0.0038022813688212928,0.014164305949008499,6.0,6.0,0
2012,18,807,10,24,10.0,11.0,2,2,-14.0,-13.0,2.3422053231939164,0.0038022813688212928,0.014164305949008499,3.6,3.6,0
2012,19,807,10,69,6.0,8.0,2,2,-2.0,0.0,2.3422053231939164,0.0038022813688212928,0.014164305949008499,4.4,4.4,0
2012,20,807,10,18,6.0,7.0,2,2,1.0,2.0,2.3422053231939164,0.0038022813688212928,0.014164305949008499,5.2,5.2,0
2012,1,814,10,1,15.0,15.0,1,2,5.0,5.0,2.0508474576271185,0.0,0.014164305949008499,1.6,3.8,0
2012,2,814,10,2,14.0,14.0,1,2,7.0,7.0,2.0508474576271185,0.0,0.014164305949008499,2.6,4.2,0
2012,3,814,10,17,15.0,15.0,1,2,3.0,3.0,2.0508474576271185,0.0,0.014164305949008499,2.6,4.2,0
2012,4,814,10,3,10.0,10.0,1,2,4.0,4.0,2.0508474576271185,0.0,0.014164305949008499,3.8,5.0,0
2012,5,814,10,4,12.0,13.0,1,2,-2.0,-1.0,2.0508474576271185,0.0,0.014164305949008499,3.0,3.0,0
2012,6,814,10,6,14.0,15.0,1,2,7.0,8.0,2.0508474576271185,0.0,0.014164305949008499,4.0,4.0,0
2012,7,814,10,7,8.0,8.0,1,2,-3.0,-3.0,2.0508474576271185,0.0,0.014164305949008499,2.8,2.8,0
2012,8,814,10,12,10.0,10.0,1,2,3.0,3.0,2.0508474576271185,0.0,0.014164305949008499,4.0,4.0,0
2012,9,814,10,9,10.0,11.0,1,2,-13.0,-12.0,2.0508474576271185,0.0,0.014164305949008499,2.4,2.4,0
2012,10,814,10,10,9.0,9.0,1,2,-2.0,-2.0,2.0508474576271185,0.0,0.014164305949008499,2.4,2.4,0
2012,11,814,10,11,12.0,12.0,1,2,0.0,0.0,2.0508474576271185,0.0,0.014164305949008499,1.2,1.2,0
2012,12,814,10,13,9.0,10.0,1,2,-1.0,0.0,2.0508474576271185,0.0,0.014164305949008499,1.4,1.4,0
2012,13,814,10,14,9.0,4.0,1,2,1.0,-4.0,2.0508474576271185,0.0,0.014164305949008499,1.0,1.0,0
2012,14,814,10,15,6.0,6.0,1,2,2.0,2.0,2.0508474576271185,0.0,0.014164305949008499,3.4,3.4,0
2012,15,814,10,22,11.0,12.0,1,2,-1.0,0.0,2.0508474576271185,0.0,0.014164305949008499,3.4,3.4,0
2012,16,814,10,35,14.0,14.0,1,2,2.0,2.0,2.0508474576271185,0.0,0.014164305949008499,3.4,3.4,0
2012,17,814,10,68,16.0,16.0,1,2,4.0,4.0,2.0508474576271185,0.0,0.014164305949008499,3.2,3.2,0
2012,18,814,10,24,12.0,13.0,1,2,3.0,4.0,2.0508474576271185,0.0,0.014164305949008499,2.8,2.8,0
2012,19,814,10,69,13.0,13.0,1,2,-2.0,-2.0,2.0508474576271185,0.0,0.014164305949008499,0.4,0.4,0
2012,20,814,10,18,10.0,11.0,1,2,-9.0,-8.0,2.0508474576271185,0.0,0.014164305949008499,0.4,0.4,0
2013,1,16,10,1,12.0,12.0,3,3,5.0,5.0,1.5526315789473684,0.0,0.014164305949008499,4.0,1.6,0
2013,2,16,10,2,8.0,9.0,3,3,-12.0,-11.0,1.5526315789473684,0.0,0.014164305949008499,4.0,1.6,0
2013,3,16,10,17,13.0,13.0,3,3,-8.0,-8.0,1.5526315789473684,0.0,0.014164305949008499,3.6,1.2,0
2013,4,16,10,3,6.0,8.0,3,3,-7.0,-5.0,1.5526315789473684,0.0,0.014164305949008499,2.8,1.2,0
2013,5,16,10,4,13.0,13.0,3,3,0.0,0.0,1.5526315789473684,0.0,0.014164305949008499,1.2,1.2,0
2013,6,16,10,6,8.0,8.0,3,3,3.0,3.0,1.5526315789473684,0.0,0.014164305949008499,2.0,2.0,0
2013,7,16,10,7,8.0,8.0,3,3,-2.0,-2.0,1.5526315789473684,0.0,0.014164305949008499,2.2,2.2,0
2013,8,16,10,9,6.0,7.0,3,3,-1.0,0.0,1.5526315789473684,0.0,0.014164305949008499,3.4,3.4,0
2013,9,16,10,20,15.0,15.0,3,3,2.0,2.0,1.5526315789473684,0.0,0.014164305949008499,3.4,3.4,0
2013,10,16,10,11,11.0,11.0,3,3,-11.0,-11.0,1.5526315789473684,0.0,0.014164305949008499,3.4,3.4,0
2013,11,16,10,13,12.0,12.0,3,3,3.0,3.0,1.5526315789473684,0.0,0.014164305949008499,1.8,1.8,0
2013,12,16,10,14,17.0,14.0,3,3,1.0,-2.0,1.5526315789473684,0.0,0.014164305949008499,1.6,1.6,0
2013,13,16,10,15,15.0,15.0,3,3,5.0,5.0,1.5526315789473684,0.0,0.014164305949008499,0.6,0.6,0
2013,14,16,10,35,14.0,14.0,3,3,-6.0,-6.0,1.5526315789473684,0.0,0.014164305949008499,0.6,0.6,0
2013,15,16,10,22,22.0,17.0,3,3,8.0,3.0,1.5526315789473684,0.0,0.014164305949008499,0.6,0.6,0
2013,16,16,10,68,13.0,13.0,3,3,4.0,4.0,1.5526315789473684,0.0,0.014164305949008499,0.6,0.6,0
2013,17,16,10,24,17.0,18.0,3,3,7.0,8.0,1.5526315789473684,0.0,0.014164305949008499,0.8,0.8,0
2013,18,16,10,69,16.0,17.0,3,3,-6.0,-5.0,1.5526315789473684,0.0,0.014164305949008499,0.6,0.6,0
2013,19,16,10,18,15.0,16.0,3,3,2.0,3.0,1.5526315789473684,0.0,0.014164305949008499,0.6,0.6,0
2013,1,814,10,1,9.0,9.0,2,3,1.0,1.0,2.0508474576271185,0.0,0.014164305949008499,1.2,1.4,0
2013,2,814,10,2,15.0,15.0,2,3,-6.0,-6.0,2.0508474576271185,0.0,0.014164305949008499,1.2,1.0,0
2013,3,814,10,17,11.0,11.0,2,3,3.0,3.0,2.0508474576271185,0.0,0.014164305949008499,1.6,1.6,0
2013,4,814,10,3,5.0,7.0,2,3,1.0,3.0,2.0508474576271185,0.0,0.014164305949008499,4.0,4.0,0
2013,5,814,10,4,10.0,10.0,2,3,3.0,3.0,2.0508474576271185,0.0,0.014164305949008499,5.2,5.2,0
2013,6,814,10,6,17.0,17.0,2,3,8.0,8.0,2.0508474576271185,0.0,0.014164305949008499,4.8,4.8,0
2013,7,814,10,7,17.0,17.0,2,3,10.0,10.0,2.0508474576271185,0.0,0.014164305949008499,6.0,6.0,0
2013,8,814,10,9,21.0,5.0,2,3,12.0,-4.0,2.0508474576271185,0.0,0.014164305949008499,5.6,5.6,0
2013,9,814,10,20,12.0,12.0,2,3,1.0,1.0,2.0508474576271185,0.0,0.014164305949008499,3.2,3.2,0
2013,10,814,10,11,18.0,18.0,2,3,0.0,0.0,2.0508474576271185,0.0,0.014164305949008499,2.0,2.0,0
2013,11,814,10,13,5.0,5.0,2,3,-15.0,-15.0,2.0508474576271185,0.0,0.014164305949008499,1.6,1.6,0
2013,12,814,10,14,15.0,16.0,2,3,-7.0,-6.0,2.0508474576271185,0.0,0.014164305949008499,0.4,0.4,0
2013,13,814,10,15,17.0,17.0,2,3,-3.0,-3.0,2.0508474576271185,0.0,0.014164305949008499,0.0,0.0,0
2013,14,814,10,35,15.0,15.0,2,3,-7.0,-7.0,2.0508474576271185,0.0,0.014164305949008499,0.0,0.0,0
2013,15,814,10,22,12.0,12.0,2,3,1.0,1.0,2.0508474576271185,0.0,0.014164305949008499,0.0,0.0,0
2013,16,814,10,68,12.0,12.0,2,3,4.0,4.0,2.0508474576271185,0.0,0.014164305949008499,0.8,0.8,0
2013,17,814,10,24,11.0,12.0,2,3,5.0,6.0,2.0508474576271185,0.0,0.014164305949008499,2.4,2.4,0
2013,18,814,10,69,11.0,12.0,2,3,-5.0,-4.0,2.0508474576271185,0.0,0.014164305949008499,2.4,2.4,0
2013,19,814,10,18,12.0,12.0,2,3,1.0,1.0,2.0508474576271185,0.0,0.014164305949008499,2.4,2.4,0
2014,1,807,10,1,7.0,7.0,4,4,1.0,1.0,2.3422053231939164,0.0038022813688212928,0.014164305949008499,4.0,4.0,0
2014,2,807,10,2,7.0,7.0,4,4,2.0,2.0,2.3422053231939164,0.0038022813688212928,0.014164305949008499,6.0,5.2,0
2014,3,807,10,3,11.0,12.0,4,4,6.0,7.0,2.3422053231939164,0.0038022813688212928,0.014164305949008499,8.0,5.6,0
2014,4,807,10,17,8.0,8.0,4,4,2.0,2.0,2.3422053231939164,0.0038022813688212928,0.014164305949008499,8.0,7.2,0
2014,5,807,10,4,10.0,11.0,4,4,0.0,1.0,2.3422053231939164,0.0038022813688212928,0.014164305949008499,7.4,7.4,0
2014,6,807,10,6,11.0,11.0,4,4,6.0,6.0,2.3422053231939164,0.0038022813688212928,0.014164305949008499,7.8,7.8,0
2014,7,807,10,7,11.0,11.0,4,4,6.0,6.0,2.3422053231939164,0.0038022813688212928,0.014164305949008499,7.8,7.8,0
2014,8,807,10,70,10.0,10.0,4,4,1.0,1.0,2.3422053231939164,0.0038022813688212928,0.014164305949008499,6.2,6.2,0
2014,9,807,10,9,4.0,4.0,4,4,-4.0,-4.0,2.3422053231939164,0.0038022813688212928,0.014164305949008499,5.4,5.4,0
2014,10,807,10,10,9.0,9.0,4,4,2.0,2.0,2.3422053231939164,0.0038022813688212928,0.014164305949008499,6.4,6.4,0
2014,11,807,10,11,9.0,9.0,4,4,-11.0,-11.0,2.3422053231939164,0.0038022813688212928,0.014164305949008499,4.4,4.4,0
2014,12,807,10,13,18.0,18.0,4,4,8.0,8.0,2.3422053231939164,0.0038022813688212928,0.014164305949008499,2.6,2.6,0
2014,13,807,10,14,13.0,14.0,4,4,1.0,2.0,2.3422053231939164,0.0038022813688212928,0.014164305949008499,2.2,2.2,0
2014,14,807,10,15,13.0,13.0,4,4,4.0,4.0,2.3422053231939164,0.0038022813688212928,0.014164305949008499,1.8,1.8,0
2014,15,807,10,22,13.0,14.0,4,4,5.0,6.0,2.3422053231939164,0.0038022813688212928,0.014164305949008499,1.4,1.4,0
2014,16,807,10,71,17.0,12.0,4,4,5.0,0.0,2.3422053231939164,0.0038022813688212928,0.014164305949008499,1.4,1.4,0
2014,17,807,10,69,13.0,13.0,4,4,-3.0,-3.0,2.3422053231939164,0.0038022813688212928,0.014164305949008499,1.2,1.2,0
2014,18,807,10,18,12.0,12.0,4,4,4.0,4.0,2.3422053231939164,0.0038022813688212928,0.014164305949008499,2.0,2.0,0
2014,19,807,10,24,12.0,12.0,4,4,6.0,6.0,2.3422053231939164,0.0038022813688212928,0.014164305949008499,4.8,4.8,0
2014,1,815,10,1,16.0,16.0,3,4,6.0,6.0,5.409556313993174,0.13310580204778158,0.014164305949008499,5.4,4.2,0
2014,2,815,10,2,14.0,14.0,3,4,-8.0,-8.0,5.409556313993174,0.13310580204778158,0.014164305949008499,3.4,4.2,0
2014,3,815,10,3,4.0,5.0,3,4,1.0,2.0,5.409556313993174,0.13310580204778158,0.014164305949008499,6.0,7.2,1
2014,4,815,10,17,16.0,16.0,3,4,7.0,7.0,5.409556313993174,0.13310580204778158,0.014164305949008499,5.2,6.8,0
2014,5,815,10,4,11.0,12.0,3,4,2.0,3.0,5.409556313993174,0.13310580204778158,0.014164305949008499,4.0,4.0,0
2014,6,815,10,6,10.0,10.0,3,4,-11.0,-11.0,5.409556313993174,0.13310580204778158,0.014164305949008499,3.8,3.8,0
2014,7,815,10,7,13.0,13.0,3,4,2.0,2.0,5.409556313993174,0.13310580204778158,0.014164305949008499,3.8,3.8,0
2014,8,815,10,70,15.0,11.0,3,4,9.0,5.0,5.409556313993174,0.13310580204778158,0.014164305949008499,2.4,2.4,0
2014,9,815,10,9,7.0,7.0,3,4,-4.0,-4.0,5.409556313993174,0.13310580204778158,0.014164305949008499,2.0,2.0,0
2014,10,815,10,10,10.0,10.0,3,4,0.0,0.0,5.409556313993174,0.13310580204778158,0.014164305949008499,1.8,1.8,0
2014,11,815,10,11,12.0,13.0,3,4,-7.0,-6.0,5.409556313993174,0.13310580204778158,0.014164305949008499,1.8,1.8,0
2014,12,815,10,13,13.0,13.0,3,4,5.0,5.0,5.409556313993174,0.13310580204778158,0.014164305949008499,2.6,2.6,0
2014,13,815,10,14,10.0,10.0,3,4,3.0,3.0,5.409556313993174,0.13310580204778158,0.014164305949008499,2.2,2.2,0
2014,14,815,10,15,15.0,15.0,3,4,8.0,8.0,5.409556313993174,0.13310580204778158,0.014164305949008499,3.4,3.4,0
2014,15,815,10,22,11.0,12.0,3,4,1.0,2.0,5.409556313993174,0.13310580204778158,0.014164305949008499,3.4,3.4,0
2014,16,815,10,71,12.0,13.0,3,4,2.0,3.0,5.409556313993174,0.13310580204778158,0.014164305949008499,3.6,3.6,0
2014,17,815,10,69,11.0,12.0,3,4,-6.0,-5.0,5.409556313993174,0.13310580204778158,0.014164305949008499,2.8,2.8,0
2014,18,815,10,18,18.0,17.0,3,4,3.0,2.0,5.409556313993174,0.13310580204778158,0.014164305949008499,1.6,1.6,0
2014,19,815,10,24,11.0,11.0,3,4,4.0,4.0,5.409556313993174,0.13310580204778158,0.014164305949008499,2.8,2.8,0
2015,1,807,10,1,13.0,14.0,5,5,6.0,7.0,2.3422053231939164,0.0038022813688212928,0.014164305949008499,5.2,3.8,0
2015,2,807,10,2,13.0,13.0,5,5,-1.0,-1.0,2.3422053231939164,0.0038022813688212928,0.014164305949008499,5.2,3.6,0
2015,3,807,10,17,16.0,16.0,5,5,-4.0,-4.0,2.3422053231939164,0.0038022813688212928,0.014164305949008499,5.2,3.6,0
2015,4,807,10,3,8.0,8.0,5,5,-5.0,-5.0,2.3422053231939164,0.0038022813688212928,0.014164305949008499,4.4,3.6,0
2015,5,807,10,4,17.0,17.0,5,5,2.0,2.0,2.3422053231939164,0.0038022813688212928,0.014164305949008499,1.2,1.2,0
2015,6,807,10,6,11.0,13.0,5,5,0.0,2.0,2.3422053231939164,0.0038022813688212928,0.014164305949008499,0.0,0.0,0
2015,7,807,10,7,7.0,7.0,5,5,-1.0,-1.0,2.3422053231939164,0.0038022813688212928,0.014164305949008499,0.8,0.8,0
2015,8,807,10,70,5.0,5.0,5,5,-1.0,-1.0,2.3422053231939164,0.0038022813688212928,0.014164305949008499,2.4,2.4,0
2015,9,807,10,9,9.0,9.0,5,5,2.0,2.0,2.3422053231939164,0.0038022813688212928,0.014164305949008499,3.6,3.6,0
2015,10,807,10,11,11.0,11.0,5,5,-9.0,-9.0,2.3422053231939164,0.0038022813688212928,0.014164305949008499,3.6,3.6,0
2015,11,807,10,13,11.0,11.0,5,5,-9.0,-9.0,2.3422053231939164,0.0038022813688212928,0.014164305949008499,3.6,3.6,0
2015,12,807,10,14,9.0,9.0,5,5,2.0,2.0,2.3422053231939164,0.0038022813688212928,0.014164305949008499,4.0,4.0,0
2015,13,807,10,15,11.0,11.0,5,5,-9.0,-9.0,2.3422053231939164,0.0038022813688212928,0.014164305949008499,2.4,2.4,0
2015,14,807,10,22,13.0,11.0,5,5,7.0,5.0,2.3422053231939164,0.0038022813688212928,0.014164305949008499,2.8,2.8,0
2015,15,807,10,71,6.0,6.0,5,5,-13.0,-13.0,2.3422053231939164,0.0038022813688212928,0.014164305949008499,2.8,2.8,0
2015,16,807,10,69,6.0,7.0,5,5,-8.0,-7.0,2.3422053231939164,0.0038022813688212928,0.014164305949008499,2.8,2.8,0
2015,17,807,10,32,10.0,10.0,5,5,3.0,3.0,2.3422053231939164,0.0038022813688212928,0.014164305949008499,2.8,2.8,0
2015,18,807,10,18,5.0,6.0,5,5,-1.0,0.0,2.3422053231939164,0.0038022813688212928,0.014164305949008499,4.4,4.4,0
2015,19,807,10,24,7.0,7.0,5,5,0.0,0.0,2.3422053231939164,0.0038022813688212928,0.014164305949008499,4.0,4.0,0
2015,1,815,10,1,14.0,15.0,4,5,4.0,5.0,5.409556313993174,0.13310580204778158,0.014164305949008499,2.8,4.2,0
2015,2,815,10,2,14.0,14.0,4,5,1.0,1.0,5.409556313993174,0.13310580204778158,0.014164305949008499,2.6,4.2,0
2015,3,815,10,17,15.0,15.0,4,5,4.0,4.0,5.409556313993174,0.13310580204778158,0.014164305949008499,2.6,3.0,0
2015,4,815,10,3,11.0,11.0,4,5,3.0,3.0,5.409556313993174,0.13310580204778158,0.014164305949008499,3.4,2.2,0
2015,5,815,10,4,18.0,18.0,4,5,5.0,5.0,5.409556313993174,0.13310580204778158,0.014164305949008499,1.0,1.0,0
2015,6,815,10,6,7.0,7.0,4,5,0.0,0.0,5.409556313993174,0.13310580204778158,0.014164305949008499,2.0,2.0,0
2015,7,815,10,7,10.0,10.0,4,5,-1.0,-1.0,5.409556313993174,0.13310580204778158,0.014164305949008499,2.0,2.0,0
2015,8,815,10,70,13.0,16.0,4,5,4.0,7.0,5.409556313993174,0.13310580204778158,0.014164305949008499,2.4,2.4,0
2015,9,815,10,9,11.0,11.0,4,5,2.0,2.0,5.409556313993174,0.13310580204778158,0.014164305949008499,2.0,2.0,0
2015,10,815,10,11,13.0,13.0,4,5,-6.0,-6.0,5.409556313993174,0.13310580204778158,0.014164305949008499,2.0,2.0,0
2015,11,815,10,13,4.0,5.0,4,5,-1.0,0.0,5.409556313993174,0.13310580204778158,0.014164305949008499,2.8,2.8,0
2015,12,815,10,14,7.0,7.0,4,5,1.0,1.0,5.409556313993174,0.13310580204778158,0.014164305949008499,4.4,4.4,0
2015,13,815,10,15,13.0,13.0,4,5,6.0,6.0,5.409556313993174,0.13310580204778158,0.014164305949008499,5.2,5.2,0
2015,14,815,10,22,9.0,9.0,4,5,-3.0,-3.0,5.409556313993174,0.13310580204778158,0.014164305949008499,4.8,4.8,0
2015,15,815,10,71,7.0,7.0,4,5,4.0,4.0,5.409556313993174,0.13310580204778158,0.014164305949008499,7.8,7.8,1
2015,16,815,10,69,5.0,6.0,4,5,0.0,1.0,5.409556313993174,0.13310580204778158,0.014164305949008499,7.8,7.8,0
2015,17,815,10,32,9.0,9.0,4,5,1.0,1.0,5.409556313993174,0.13310580204778158,0.014164305949008499,7.0,7.0,0
2015,18,815,10,18,11.0,13.0,4,5,-1.0,1.0,5.409556313993174,0.13310580204778158,0.014164305949008499,5.8,5.8,0
2015,19,815,10,24,4.0,4.0,4,5,-1.0,-1.0,5.409556313993174,0.13310580204778158,0.014164305949008499,7.8,7.8,0
2016,1,807,10,1,10.0,10.0,6,6,3.0,3.0,2.3422053231939164,0.0038022813688212928,0.014164305949008499,5.2,6.0,0
2016,2,807,10,3,8.0,8.0,6,6,-7.0,-7.0,2.3422053231939164,0.0038022813688212928,0.014164305949008499,5.2,4.0,0
2016,3,807,10,17,13.0,10.0,6,6,-2.0,-5.0,2.3422053231939164,0.0038022813688212928,0.014164305949008499,4.0,3.2,0
2016,4,807,10,71,13.0,13.0,6,6,-8.0,-8.0,2.3422053231939164,0.0038022813688212928,0.014164305949008499,2.4,3.2,0
2016,5,807,10,4,11.0,11.0,6,6,-9.0,-9.0,2.3422053231939164,0.0038022813688212928,0.014164305949008499,1.2,1.2,0
2016,6,807,10,6,5.0,5.0,6,6,-1.0,-1.0,2.3422053231939164,0.0038022813688212928,0.014164305949008499,1.6,1.6,0
2016,7,807,10,7,9.0,9.0,6,6,1.0,1.0,2.3422053231939164,0.0038022813688212928,0.014164305949008499,2.4,2.4,0
2016,8,807,10,73,12.0,12.0,6,6,3.0,3.0,2.3422053231939164,0.0038022813688212928,0.014164305949008499,2.8,2.8,0
2016,9,807,10,70,2.0,3.0,6,6,-17.0,-16.0,2.3422053231939164,0.0038022813688212928,0.014164305949008499,2.8,2.8,0
2016,10,807,10,9,8.0,9.0,6,6,1.0,2.0,2.3422053231939164,0.0038022813688212928,0.014164305949008499,4.0,4.0,0
2016,11,807,10,11,9.0,9.0,6,6,-1.0,-1.0,2.3422053231939164,0.0038022813688212928,0.014164305949008499,2.6,2.6,0
2016,12,807,10,10,8.0,7.0,6,6,1.0,0.0,2.3422053231939164,0.0038022813688212928,0.014164305949008499,3.0,3.0,0
2016,13,807,10,13,7.0,7.0,6,6,3.0,3.0,2.3422053231939164,0.0038022813688212928,0.014164305949008499,5.0,5.0,0
2016,14,807,10,14,9.0,9.0,6,6,-1.0,-1.0,2.3422053231939164,0.0038022813688212928,0.014164305949008499,5.2,5.2,0
2016,15,807,10,15,8.0,8.0,6,6,-13.0,-13.0,2.3422053231939164,0.0038022813688212928,0.014164305949008499,4.0,4.0,0
2016,16,807,10,2,8.0,8.0,6,6,0.0,0.0,2.3422053231939164,0.0038022813688212928,0.014164305949008499,4.6,4.6,0
2016,17,807,10,22,9.0,9.0,6,6,1.0,1.0,2.3422053231939164,0.0038022813688212928,0.014164305949008499,4.2,4.2,0
2016,18,807,10,69,7.0,7.0,6,6,-15.0,-15.0,2.3422053231939164,0.0038022813688212928,0.014164305949008499,1.8,1.8,0
2016,19,807,10,32,5.0,5.0,6,6,-2.0,-2.0,2.3422053231939164,0.0038022813688212928,0.014164305949008499,2.8,2.8,0
2016,20,807,10,18,8.0,8.0,6,6,1.0,1.0,2.3422053231939164,0.0038022813688212928,0.014164305949008499,4.0,4.0,0
2016,21,807,10,24,7.0,7.0,6,6,0.0,0.0,2.3422053231939164,0.0038022813688212928,0.014164305949008499,4.4,4.4,0
2016,1,815,10,1,9.0,9.0,5,6,-4.0,-4.0,5.409556313993174,0.13310580204778158,0.014164305949008499,4.8,3.6,0
2016,2,815,10,3,18.0,18.0,5,6,2.0,2.0,5.409556313993174,0.13310580204778158,0.014164305949008499,2.8,3.6,0
2016,3,815,10,17,7.0,7.0,5,6,-4.0,-4.0,5.409556313993174,0.13310580204778158,0.014164305949008499,2.0,2.4,0
2016,4,815,10,71,6.0,7.0,5,6,-3.0,-2.0,5.409556313993174,0.13310580204778158,0.014164305949008499,2.4,1.6,0
2016,5,815,10,4,9.0,9.0,5,6,2.0,2.0,5.409556313993174,0.13310580204778158,0.014164305949008499,1.6,1.6,0
2016,6,815,10,6,7.0,8.0,5,6,4.0,5.0,5.409556313993174,0.13310580204778158,0.014164305949008499,4.6,4.6,1
2016,7,815,10,7,11.0,11.0,5,6,1.0,1.0,5.409556313993174,0.13310580204778158,0.014164305949008499,4.8,4.8,0
2016,8,815,10,73,7.0,2.0,5,6,4.0,-1.0,5.409556313993174,0.13310580204778158,0.014164305949008499,7.8,7.8,1
2016,9,815,10,70,16.0,16.0,5,6,-1.0,-1.0,5.409556313993174,0.13310580204778158,0.014164305949008499,7.4,7.4,0
2016,10,815,10,9,10.0,11.0,5,6,4.0,5.0,5.409556313993174,0.13310580204778158,0.014164305949008499,7.8,7.8,0
2016,11,815,10,11,13.0,13.0,5,6,2.0,2.0,5.409556313993174,0.13310580204778158,0.014164305949008499,4.8,4.8,0
2016,12,815,10,10,9.0,9.0,5,6,-1.0,-1.0,5.409556313993174,0.13310580204778158,0.014164305949008499,4.8,4.8,0
2016,13,815,10,13,6.0,6.0,5,6,1.0,1.0,5.409556313993174,0.13310580204778158,0.014164305949008499,3.8,3.8,0
2016,14,815,10,14,8.0,8.0,5,6,0.0,0.0,5.409556313993174,0.13310580204778158,0.014164305949008499,4.6,4.6,0
2016,15,815,10,15,17.0,10.0,5,6,9.0,2.0,5.409556313993174,0.13310580204778158,0.014164305949008499,3.8,3.8,0
2016,16,815,10,2,7.0,7.0,5,6,1.0,1.0,5.409556313993174,0.13310580204778158,0.014164305949008499,5.4,5.4,0
2016,17,815,10,22,5.0,7.0,5,6,-2.0,0.0,5.409556313993174,0.13310580204778158,0.014164305949008499,6.4,6.4,0
2016,18,815,10,69,11.0,11.0,5,6,3.0,3.0,5.409556313993174,0.13310580204778158,0.014164305949008499,5.2,5.2,0
2016,19,815,10,32,12.0,12.0,5,6,2.0,2.0,5.409556313993174,0.13310580204778158,0.014164305949008499,4.6,4.6,0
2016,20,815,10,18,9.0,9.0,5,6,5.0,5.0,5.409556313993174,0.13310580204778158,0.014164305949008499,6.2,6.2,0
2016,21,815,10,24,8.0,8.0,5,6,0.0,0.0,5.409556313993174,0.13310580204778158,0.014164305949008499,5.4,5.4,0
2017,1,815,10,1,10.0,11.0,6,7,3.0,4.0,5.409556313993174,0.13310580204778158,0.014164305949008499,5.4,5.4,0
2017,2,815,10,17,8.0,8.0,6,7,-1.0,-1.0,5.409556313993174,0.13310580204778158,0.014164305949008499,5.0,5.0,0
2017,3,815,10,3,18.0,18.0,6,7,11.0,11.0,5.409556313993174,0.13310580204778158,0.014164305949008499,6.0,6.0,0
2017,4,815,10,71,9.0,9.0,6,7,3.0,3.0,5.409556313993174,0.13310580204778158,0.014164305949008499,5.2,5.2,0
2017,5,815,10,4,8.0,8.0,6,7,4.0,4.0,5.409556313993174,0.13310580204778158,0.014164305949008499,6.8,6.8,0
2017,6,815,10,6,7.0,7.0,6,7,-6.0,-6.0,5.409556313993174,0.13310580204778158,0.014164305949008499,5.6,5.6,0
2017,7,815,10,7,8.0,8.0,6,7,3.0,3.0,5.409556313993174,0.13310580204778158,0.014164305949008499,7.2,7.2,0
2017,8,815,10,73,6.0,6.0,6,7,-9.0,-9.0,5.409556313993174,0.13310580204778158,0.014164305949008499,6.0,6.0,0
2017,9,815,10,70,7.0,8.0,6,7,0.0,1.0,5.409556313993174,0.13310580204778158,0.014164305949008499,5.6,5.6,0
2017,10,815,10,9,6.0,7.0,6,7,-3.0,-2.0,5.409556313993174,0.13310580204778158,0.014164305949008499,3.6,3.6,0
2017,11,815,10,11,13.0,14.0,6,7,5.0,6.0,5.409556313993174,0.13310580204778158,0.014164305949008499,4.4,4.4,0
2017,12,815,10,13,8.0,8.0,6,7,-9.0,-9.0,5.409556313993174,0.13310580204778158,0.014164305949008499,2.4,2.4,0
2017,13,815,10,14,10.0,11.0,6,7,1.0,2.0,5.409556313993174,0.13310580204778158,0.014164305949008499,2.8,2.8,0
2017,14,815,10,15,12.0,12.0,6,7,7.0,7.0,5.409556313993174,0.13310580204778158,0.014164305949008499,3.6,3.6,0
2017,15,815,10,2,9.0,9.0,6,7,3.0,3.0,5.409556313993174,0.13310580204778158,0.014164305949008499,4.8,4.8,0
2017,16,815,10,22,7.0,8.0,6,7,0.0,1.0,5.409556313993174,0.13310580204778158,0.014164305949008499,5.2,5.2,0
2017,17,815,10,69,9.0,10.0,6,7,1.0,2.0,5.409556313993174,0.13310580204778158,0.014164305949008499,6.0,6.0,0
2017,18,815,10,32,9.0,10.0,6,7,2.0,3.0,5.409556313993174,0.13310580204778158,0.014164305949008499,6.8,6.8,0
2017,19,815,10,18,5.0,6.0,6,7,-4.0,-3.0,5.409556313993174,0.13310580204778158,0.014164305949008499,5.2,5.2,0
2017,20,815,10,24,8.0,8.0,6,7,1.0,1.0,5.409556313993174,0.13310580204778158,0.014164305949008499,4.8,4.8,0
2017,1,839,10,1,13.0,14.0,1,7,3.0,4.0,2.5238095238095237,0.021164021164021163,0.014164305949008499,0.2,3.8,0
2017,2,839,10,17,17.0,20.0,1,7,7.0,10.0,2.5238095238095237,0.021164021164021163,0.014164305949008499,0.4,3.2,0
2017,3,839,10,3,14.0,14.0,1,7,4.0,4.0,2.5238095238095237,0.021164021164021163,0.014164305949008499,0.6,2.2,0
2017,4,839,10,71,10.0,10.0,1,7,3.0,3.0,2.5238095238095237,0.021164021164021163,0.014164305949008499,1.8,3.0,0
2017,5,839,10,4,10.0,10.0,1,7,5.0,5.0,2.5238095238095237,0.021164021164021163,0.014164305949008499,3.8,3.8,0
2017,6,839,10,6,15.0,16.0,1,7,3.0,4.0,2.5238095238095237,0.021164021164021163,0.014164305949008499,3.6,3.6,0
2017,7,839,10,7,9.0,9.0,1,7,3.0,3.0,2.5238095238095237,0.021164021164021163,0.014164305949008499,5.0,5.0,0
2017,8,839,10,73,7.0,7.0,1,7,1.0,1.0,2.5238095238095237,0.021164021164021163,0.014164305949008499,6.4,6.4,0
2017,9,839,10,70,9.0,9.0,1,7,1.0,1.0,2.5238095238095237,0.021164021164021163,0.014164305949008499,6.0,6.0,0
2017,10,839,10,9,7.0,8.0,1,7,-1.0,0.0,2.5238095238095237,0.021164021164021163,0.014164305949008499,4.8,4.8,0
2017,11,839,10,11,11.0,12.0,1,7,2.0,3.0,2.5238095238095237,0.021164021164021163,0.014164305949008499,5.2,5.2,0
2017,12,839,10,13,9.0,9.0,1,7,0.0,0.0,2.5238095238095237,0.021164021164021163,0.014164305949008499,4.0,4.0,0
2017,13,839,10,14,3.0,5.0,1,7,-3.0,-1.0,2.5238095238095237,0.021164021164021163,0.014164305949008499,4.0,4.0,0
2017,14,839,10,15,14.0,14.0,1,7,4.0,4.0,2.5238095238095237,0.021164021164021163,0.014164305949008499,3.4,3.4,0
2017,15,839,10,2,6.0,6.0,1,7,-4.0,-4.0,2.5238095238095237,0.021164021164021163,0.014164305949008499,2.8,2.8,0
2017,16,839,10,22,5.0,7.0,1,7,-1.0,1.0,2.5238095238095237,0.021164021164021163,0.014164305949008499,4.0,4.0,0
2017,17,839,10,69,6.0,7.0,1,7,0.0,1.0,2.5238095238095237,0.021164021164021163,0.014164305949008499,5.2,5.2,0
2017,18,839,10,32,6.0,6.0,1,7,1.0,1.0,2.5238095238095237,0.021164021164021163,0.014164305949008499,5.6,5.6,0
2017,19,839,10,18,10.0,11.0,1,7,-8.0,-7.0,2.5238095238095237,0.021164021164021163,0.014164305949008499,5.4,5.4,0
2017,20,839,10,24,9.0,9.0,1,7,1.0,1.0,2.5238095238095237,0.021164021164021163,0.014164305949008499,6.0,6.0,0
2018,1,815,10,1,12.0,13.0,7,8,1.0,2.0,5.409556313993174,0.13310580204778158,0.014164305949008499,3.6,4.4,0
2018,2,815,10,3,12.0,12.0,7,8,-4.0,-4.0,5.409556313993174,0.13310580204778158,0.014164305949008499,2.8,2.8,0
2018,3,815,10,17,8.0,8.0,7,8,-4.0,-4.0,5.409556313993174,0.13310580204778158,0.014164305949008499,1.6,0.8,0
2018,4,815,10,73,8.0,8.0,7,8,5.0,5.0,5.409556313993174,0.13310580204778158,0.014164305949008499,4.2,3.8,1
2018,5,815,10,4,15.0,15.0,7,8,6.0,6.0,5.409556313993174,0.13310580204778158,0.014164305949008499,3.4,3.4,0
2018,6,815,10,6,9.0,9.0,7,8,-3.0,-3.0,5.409556313993174,0.13310580204778158,0.014164305949008499,3.4,3.4,0
2018,7,815,10,7,10.0,10.0,7,8,-4.0,-4.0,5.409556313993174,0.13310580204778158,0.014164305949008499,3.4,3.4,0
2018,8,815,10,34,13.0,13.0,7,8,-5.0,-5.0,5.409556313993174,0.13310580204778158,0.014164305949008499,3.4,3.4,0
2018,9,815,10,70,16.0,17.0,7,8,9.0,10.0,5.409556313993174,0.13310580204778158,0.014164305949008499,1.6,1.6,0
2018,10,815,10,9,12.0,12.0,7,8,2.0,2.0,5.409556313993174,0.13310580204778158,0.014164305949008499,1.4,1.4,0
2018,11,815,10,10,10.0,10.0,7,8,3.0,3.0,5.409556313993174,0.13310580204778158,0.014164305949008499,2.6,2.6,0
2018,12,815,10,11,19.0,19.0,7,8,5.0,5.0,5.409556313993174,0.13310580204778158,0.014164305949008499,2.6,2.6,0
2018,13,815,10,13,4.0,4.0,7,8,-1.0,-1.0,5.409556313993174,0.13310580204778158,0.014164305949008499,4.6,4.6,0
2018,14,815,10,14,14.0,16.0,7,8,7.0,9.0,5.409556313993174,0.13310580204778158,0.014164305949008499,4.6,4.6,0
2018,15,815,10,15,7.0,7.0,7,8,-9.0,-9.0,5.409556313993174,0.13310580204778158,0.014164305949008499,4.4,4.4,0
2018,16,815,10,71,8.0,8.0,7,8,-2.0,-2.0,5.409556313993174,0.13310580204778158,0.014164305949008499,3.4,3.4,0
2018,17,815,10,22,9.0,10.0,7,8,2.0,3.0,5.409556313993174,0.13310580204778158,0.014164305949008499,4.6,4.6,0
2018,18,815,10,69,10.0,10.0,7,8,2.0,2.0,5.409556313993174,0.13310580204778158,0.014164305949008499,3.4,3.4,0
2018,19,815,10,32,13.0,13.0,7,8,-5.0,-5.0,5.409556313993174,0.13310580204778158,0.014164305949008499,2.2,2.2,0
2018,20,815,10,18,12.0,12.0,7,8,2.0,2.0,5.409556313993174,0.13310580204778158,0.014164305949008499,2.4,2.4,0
2018,21,815,10,24,14.0,14.0,7,8,6.0,6.0,5.409556313993174,0.13310580204778158,0.014164305949008499,3.0,3.0,0
2018,1,839,10,1,14.0,15.0,2,8,2.0,3.0,2.5238095238095237,0.021164021164021163,0.014164305949008499,4.4,1.8,0
2018,2,839,10,3,8.0,9.0,2,8,-2.0,-1.0,2.5238095238095237,0.021164021164021163,0.014164305949008499,3.0,1.2,0
2018,3,839,10,17,12.0,12.0,2,8,1.0,1.0,2.5238095238095237,0.021164021164021163,0.014164305949008499,1.0,1.2,0
2018,4,839,10,73,7.0,7.0,2,8,-12.0,-12.0,2.5238095238095237,0.021164021164021163,0.014164305949008499,1.0,1.0,0
2018,5,839,10,4,13.0,13.0,2,8,-3.0,-3.0,2.5238095238095237,0.021164021164021163,0.014164305949008499,0.2,0.2,0
2018,6,839,10,6,6.0,6.0,2,8,0.0,0.0,2.5238095238095237,0.021164021164021163,0.014164305949008499,1.8,1.8,0
2018,7,839,10,7,8.0,8.0,2,8,-1.0,-1.0,2.5238095238095237,0.021164021164021163,0.014164305949008499,2.0,2.0,0
2018,8,839,10,34,11.0,11.0,2,8,-8.0,-8.0,2.5238095238095237,0.021164021164021163,0.014164305949008499,2.0,2.0,0
2018,9,839,10,70,11.0,11.0,2,8,5.0,5.0,2.5238095238095237,0.021164021164021163,0.014164305949008499,3.6,3.6,0
2018,10,839,10,9,10.0,10.0,2,8,3.0,3.0,2.5238095238095237,0.021164021164021163,0.014164305949008499,4.8,4.8,0
2018,11,839,10,10,15.0,16.0,2,8,7.0,8.0,2.5238095238095237,0.021164021164021163,0.014164305949008499,4.0,4.0,0
2018,12,839,10,11,18.0,18.0,2,8,5.0,5.0,2.5238095238095237,0.021164021164021163,0.014164305949008499,3.6,3.6,0
2018,13,839,10,13,3.0,3.0,2,8,-3.0,-3.0,2.5238095238095237,0.021164021164021163,0.014164305949008499,5.2,5.2,0
2018,14,839,10,14,8.0,8.0,2,8,2.0,2.0,2.5238095238095237,0.021164021164021163,0.014164305949008499,5.2,5.2,0
2018,15,839,10,15,9.0,9.0,2,8,-11.0,-11.0,2.5238095238095237,0.021164021164021163,0.014164305949008499,4.0,4.0,0
2018,16,839,10,71,6.0,6.0,2,8,-3.0,-3.0,2.5238095238095237,0.021164021164021163,0.014164305949008499,3.6,3.6,0
2018,17,839,10,22,11.0,8.0,2,8,2.0,-1.0,2.5238095238095237,0.021164021164021163,0.014164305949008499,4.0,4.0,0
2018,18,839,10,69,6.0,6.0,2,8,-13.0,-13.0,2.5238095238095237,0.021164021164021163,0.014164305949008499,2.4,2.4,0
2018,19,839,10,32,11.0,11.0,2,8,0.0,0.0,2.5238095238095237,0.021164021164021163,0.014164305949008499,0.8,0.8,0
2018,20,839,10,18,18.0,13.0,2,8,3.0,-2.0,2.5238095238095237,0.021164021164021163,0.014164305949008499,0.8,0.8,0
2018,21,839,10,24,9.0,9.0,2,8,-8.0,-8.0,2.5238095238095237,0.021164021164021163,0.014164305949008499,0.4,0.4,0
2010,15,2,15,15,14.0,15.0,0,0,-4.0,-3.0,2.4,0.06666666666666667,0.01126126126126126,0.0,0.0,0
2010,16,2,15,22,11.0,11.0,0,0,3.0,3.0,2.4,0.06666666666666667,0.01126126126126126,2.0,2.0,0
2010,17,2,15,35,13.0,13.0,0,0,4.0,4.0,2.4,0.06666666666666667,0.01126126126126126,2.0,2.0,0
2010,18,2,15,18,15.0,16.0,0,0,-2.0,-1.0,2.4,0.06666666666666667,0.01126126126126126,1.5,1.5,0
2010,19,2,15,24,14.0,14.0,0,0,3.0,3.0,2.4,0.06666666666666667,0.01126126126126126,1.2,1.2,0
2010,1,37,15,3,14.0,14.0,0,0,-4.0,-4.0,0.17142857142857143,0.0,0.01126126126126126,0.0,1.2,0
2010,2,37,15,1,14.0,14.0,0,0,2.0,2.0,0.17142857142857143,0.0,0.01126126126126126,0.0,0.4,0
2010,3,37,15,2,12.0,12.0,0,0,-12.0,-12.0,0.17142857142857143,0.0,0.01126126126126126,0.0,0.0,0
2010,4,37,15,17,17.0,17.0,0,0,-3.0,-3.0,0.17142857142857143,0.0,0.01126126126126126,0.0,0.0,0
2010,5,37,15,4,12.0,12.0,0,0,-10.0,-10.0,0.17142857142857143,0.0,0.01126126126126126,0.0,0.0,0
2010,6,37,15,6,15.0,15.0,0,0,-7.0,-7.0,0.17142857142857143,0.0,0.01126126126126126,0.0,0.0,0
2010,7,37,15,5,13.0,13.0,0,0,2.0,2.0,0.17142857142857143,0.0,0.01126126126126126,0.0,0.0,0
2010,8,37,15,7,17.0,17.0,0,0,-5.0,-5.0,0.17142857142857143,0.0,0.01126126126126126,0.0,0.0,0
2010,9,37,15,12,16.0,16.0,0,0,4.0,4.0,0.17142857142857143,0.0,0.01126126126126126,0.0,0.0,0
2010,10,37,15,9,9.0,9.0,0,0,-13.0,-13.0,0.17142857142857143,0.0,0.01126126126126126,0.0,0.0,0
2010,11,37,15,10,14.0,15.0,0,0,0.0,1.0,0.17142857142857143,0.0,0.01126126126126126,0.0,0.0,0
2010,12,37,15,11,9.0,9.0,0,0,2.0,2.0,0.17142857142857143,0.0,0.01126126126126126,1.2,1.2,0
2010,13,37,15,13,24.0,22.0,0,0,13.0,11.0,0.17142857142857143,0.0,0.01126126126126126,1.2,1.2,0
2010,14,37,15,14,16.0,17.0,0,0,2.0,3.0,0.17142857142857143,0.0,0.01126126126126126,1.2,1.2,0
2010,1,155,15,3,16.0,16.0,0,0,-6.0,-6.0,1.6575342465753424,0.0136986301369863,0.01126126126126126,0.0,1.2,0
2010,2,155,15,1,16.0,16.0,0,0,-7.0,-7.0,1.6575342465753424,0.0136986301369863,0.01126126126126126,0.0,1.2,0
2010,3,155,15,2,9.0,9.0,0,0,-13.0,-13.0,1.6575342465753424,0.0136986301369863,0.01126126126126126,0.0,0.0,0
2010,4,155,15,17,15.0,15.0,0,0,-7.0,-7.0,1.6575342465753424,0.0136986301369863,0.01126126126126126,0.0,0.0,0
2010,5,155,15,4,10.0,10.0,0,0,-2.0,-2.0,1.6575342465753424,0.0136986301369863,0.01126126126126126,0.0,0.0,0
2010,6,155,15,6,16.0,16.0,0,0,-3.0,-3.0,1.6575342465753424,0.0136986301369863,0.01126126126126126,0.0,0.0,0
2010,7,155,15,5,10.0,10.0,0,0,0.0,0.0,1.6575342465753424,0.0136986301369863,0.01126126126126126,0.2,0.2,0
2010,8,155,15,7,18.0,18.0,0,0,-6.0,-6.0,1.6575342465753424,0.0136986301369863,0.01126126126126126,0.2,0.2,0
2010,9,155,15,12,18.0,18.0,0,0,11.0,11.0,1.6575342465753424,0.0136986301369863,0.01126126126126126,1.4,1.4,0
2010,10,155,15,9,12.0,12.0,0,0,6.0,6.0,1.6575342465753424,0.0136986301369863,0.01126126126126126,3.0,3.0,0
2010,11,155,15,10,12.0,12.0,0,0,1.0,1.0,1.6575342465753424,0.0136986301369863,0.01126126126126126,3.0,3.0,0
2010,12,155,15,11,23.0,18.0,0,0,14.0,9.0,1.6575342465753424,0.0136986301369863,0.01126126126126126,3.2,3.2,0
2010,13,155,15,13,17.0,19.0,0,0,9.0,11.0,1.6575342465753424,0.0136986301369863,0.01126126126126126,4.0,4.0,0
2010,14,155,15,14,13.0,13.0,0,0,-11.0,-11.0,1.6575342465753424,0.0136986301369863,0.01126126126126126,2.8,2.8,0
2010,15,155,15,15,10.0,10.0,0,0,-11.0,-11.0,1.6575342465753424,0.0136986301369863,0.01126126126126126,1.2,1.2,0
2010,16,155,15,22,14.0,14.0,0,0,7.0,7.0,1.6575342465753424,0.0136986301369863,0.01126126126126126,2.4,2.4,0
2010,17,155,15,35,12.0,12.0,0,0,4.0,4.0,1.6575342465753424,0.0136986301369863,0.01126126126126126,2.8,2.8,0
2010,18,155,15,18,12.0,12.0,0,0,2.0,2.0,1.6575342465753424,0.0136986301369863,0.01126126126126126,2.2,2.2,0
2010,19,155,15,24,12.0,12.0,0,0,-2.0,-2.0,1.6575342465753424,0.0136986301369863,0.01126126126126126,2.2,2.2,0
2011,7,37,15,7,17.0,17.0,1,1,5.0,5.0,0.17142857142857143,0.0,0.01126126126126126,1.2,2.2,0
2011,1,155,15,1,9.0,9.0,1,1,-12.0,-12.0,1.6575342465753424,0.0136986301369863,0.01126126126126126,2.2,1.0,0
2011,2,155,15,2,10.0,10.0,1,1,3.0,3.0,1.6575342465753424,0.0136986301369863,0.01126126126126126,2.2,1.4,0
2011,3,155,15,17,13.0,13.0,1,1,3.0,3.0,1.6575342465753424,0.0136986301369863,0.01126126126126126,1.6,1.4,0
2011,5,155,15,4,14.0,14.0,1,1,4.0,4.0,1.6575342465753424,0.0136986301369863,0.01126126126126126,1.6,1.6,0
2011,6,155,15,6,12.0,13.0,1,1,7.0,8.0,1.6575342465753424,0.0136986301369863,0.01126126126126126,3.6,3.6,0
2011,7,155,15,7,13.0,13.0,1,1,6.0,6.0,1.6575342465753424,0.0136986301369863,0.01126126126126126,4.8,4.8,0
2011,8,155,15,12,14.0,14.0,1,1,-2.0,-2.0,1.6575342465753424,0.0136986301369863,0.01126126126126126,3.6,3.6,0
2011,9,155,15,9,8.0,8.0,1,1,-14.0,-14.0,1.6575342465753424,0.0136986301369863,0.01126126126126126,3.4,3.4,0
2011,10,155,15,20,17.0,18.0,1,1,8.0,9.0,1.6575342465753424,0.0136986301369863,0.01126126126126126,3.6,3.6,0
2011,11,155,15,11,13.0,13.0,1,1,2.0,2.0,1.6575342465753424,0.0136986301369863,0.01126126126126126,1.6,1.6,0
2011,12,155,15,13,12.0,12.0,1,1,0.0,0.0,1.6575342465753424,0.0136986301369863,0.01126126126126126,0.4,0.4,0
2011,13,155,15,14,17.0,17.0,1,1,-1.0,-1.0,1.6575342465753424,0.0136986301369863,0.01126126126126126,0.4,0.4,0
2011,14,155,15,15,17.0,17.0,1,1,3.0,3.0,1.6575342465753424,0.0136986301369863,0.01126126126126126,0.4,0.4,0
2011,15,155,15,22,7.0,10.0,1,1,-6.0,-3.0,1.6575342465753424,0.0136986301369863,0.01126126126126126,0.0,0.0,0
2011,16,155,15,35,14.0,14.0,1,1,-1.0,-1.0,1.6575342465753424,0.0136986301369863,0.01126126126126126,0.0,0.0,0
2011,17,155,15,68,17.0,18.0,1,1,-7.0,-6.0,1.6575342465753424,0.0136986301369863,0.01126126126126126,0.0,0.0,0
2011,18,155,15,24,16.0,16.0,1,1,6.0,6.0,1.6575342465753424,0.0136986301369863,0.01126126126126126,0.2,0.2,0
2011,19,155,15,18,16.0,16.0,1,1,7.0,7.0,1.6575342465753424,0.0136986301369863,0.01126126126126126,0.6,0.6,0
2011,1,815,15,1,13.0,13.0,0,1,-9.0,-9.0,5.409556313993174,0.13310580204778158,0.01126126126126126,0.0,0.6,0
2011,2,815,15,2,16.0,16.0,0,1,-5.0,-5.0,5.409556313993174,0.13310580204778158,0.01126126126126126,0.0,0.6,0
2011,3,815,15,17,12.0,12.0,0,1,-5.0,-5.0,5.409556313993174,0.13310580204778158,0.01126126126126126,0.0,0.6,0
2011,4,815,15,5,15.0,15.0,0,1,1.0,1.0,5.409556313993174,0.13310580204778158,0.01126126126126126,0.0,0.4,0
2011,5,815,15,4,12.0,12.0,0,1,3.0,3.0,5.409556313993174,0.13310580204778158,0.01126126126126126,0.4,0.4,0
2011,8,815,15,12,16.0,16.0,0,1,5.0,5.0,5.409556313993174,0.13310580204778158,0.01126126126126126,0.4,0.4,0
2011,9,815,15,9,12.0,12.0,0,1,5.0,5.0,5.409556313993174,0.13310580204778158,0.01126126126126126,1.6,1.6,0
2011,10,815,15,20,15.0,15.0,0,1,4.0,4.0,5.409556313993174,0.13310580204778158,0.01126126126126126,1.6,1.6,0
2011,11,815,15,11,10.0,10.0,0,1,-5.0,-5.0,5.409556313993174,0.13310580204778158,0.01126126126126126,1.6,1.6,0
2011,12,815,15,13,9.0,9.0,0,1,-11.0,-11.0,5.409556313993174,0.13310580204778158,0.01126126126126126,1.2,1.2,0
2011,13,815,15,14,15.0,15.0,0,1,-2.0,-2.0,5.409556313993174,0.13310580204778158,0.01126126126126126,1.2,1.2,0
2011,14,815,15,15,11.0,11.0,0,1,1.0,1.0,5.409556313993174,0.13310580204778158,0.01126126126126126,0.2,0.2,0
2011,15,815,15,22,17.0,17.0,0,1,9.0,9.0,5.409556313993174,0.13310580204778158,0.01126126126126126,1.0,1.0,0
2011,16,815,15,35,17.0,17.0,0,1,1.0,1.0,5.409556313993174,0.13310580204778158,0.01126126126126126,1.0,1.0,0
2011,17,815,15,68,20.0,17.0,0,1,10.0,7.0,5.409556313993174,0.13310580204778158,0.01126126126126126,1.2,1.2,0
2011,18,815,15,24,11.0,11.0,0,1,0.0,0.0,5.409556313993174,0.13310580204778158,0.01126126126126126,1.2,1.2,0
2011,19,815,15,18,17.0,17.0,0,1,4.0,4.0,5.409556313993174,0.13310580204778158,0.01126126126126126,1.0,1.0,0
2011,6,815,15,6,0.0,10.0,0,1,-24.0,-14.0,5.409556313993174,0.13310580204778158,0.01126126126126126,0.2,0.2,0
2012,1,155,15,1,13.0,13.0,2,2,7.0,7.0,1.6575342465753424,0.0136986301369863,0.01126126126126126,2.2,1.8,0
2012,2,155,15,2,17.0,17.0,2,2,-6.0,-6.0,1.6575342465753424,0.0136986301369863,0.01126126126126126,2.2,1.6,0
2012,3,155,15,17,3.0,4.0,2,2,-7.0,-6.0,1.6575342465753424,0.0136986301369863,0.01126126126126126,2.4,1.8,0
2012,4,155,15,3,12.0,12.0,2,2,-1.0,-1.0,1.6575342465753424,0.0136986301369863,0.01126126126126126,2.2,1.8,0
2012,5,155,15,4,9.0,10.0,2,2,4.0,5.0,1.6575342465753424,0.0136986301369863,0.01126126126126126,3.8,3.8,0
2012,6,155,15,6,11.0,12.0,2,2,-10.0,-9.0,1.6575342465753424,0.0136986301369863,0.01126126126126126,2.2,2.2,0
2012,7,155,15,7,11.0,11.0,2,2,2.0,2.0,1.6575342465753424,0.0136986301369863,0.01126126126126126,2.6,2.6,0
2012,8,155,15,12,7.0,7.0,2,2,-15.0,-15.0,1.6575342465753424,0.0136986301369863,0.01126126126126126,2.4,2.4,0
2012,9,155,15,9,17.0,12.0,2,2,6.0,1.0,1.6575342465753424,0.0136986301369863,0.01126126126126126,2.4,2.4,0
2012,10,155,15,10,12.0,13.0,2,2,8.0,9.0,1.6575342465753424,0.0136986301369863,0.01126126126126126,2.8,2.8,0
2012,11,155,15,11,15.0,15.0,2,2,-3.0,-3.0,1.6575342465753424,0.0136986301369863,0.01126126126126126,2.8,2.8,0
2012,12,155,15,13,2.0,2.0,2,2,-11.0,-11.0,1.6575342465753424,0.0136986301369863,0.01126126126126126,2.4,2.4,0
2012,13,155,15,14,8.0,9.0,2,2,-1.0,0.0,1.6575342465753424,0.0136986301369863,0.01126126126126126,2.8,2.8,0
2012,14,155,15,15,17.0,18.0,2,2,4.0,5.0,1.6575342465753424,0.0136986301369863,0.01126126126126126,2.8,2.8,0
2012,15,155,15,22,3.0,4.0,2,2,0.0,1.0,1.6575342465753424,0.0136986301369863,0.01126126126126126,3.4,3.4,1
2012,16,155,15,35,13.0,13.0,2,2,-9.0,-9.0,1.6575342465753424,0.0136986301369863,0.01126126126126126,3.4,3.4,0
2012,17,155,15,68,17.0,17.0,2,2,3.0,3.0,1.6575342465753424,0.0136986301369863,0.01126126126126126,3.4,3.4,0
2012,18,155,15,24,15.0,16.0,2,2,9.0,10.0,1.6575342465753424,0.0136986301369863,0.01126126126126126,4.6,4.6,0
2012,19,155,15,69,16.0,16.0,2,2,2.0,2.0,1.6575342465753424,0.0136986301369863,0.01126126126126126,4.6,4.6,0
2012,20,155,15,18,14.0,15.0,2,2,5.0,6.0,1.6575342465753424,0.0136986301369863,0.01126126126126126,2.0,2.0,0
2012,1,815,15,1,22.0,17.0,1,2,14.0,9.0,5.409556313993174,0.13310580204778158,0.01126126126126126,1.0,2.8,0
2012,2,815,15,2,9.0,10.0,1,2,7.0,8.0,5.409556313993174,0.13310580204778158,0.01126126126126126,4.4,6.4,1
2012,3,815,15,17,8.0,8.0,1,2,-3.0,-3.0,5.409556313993174,0.13310580204778158,0.01126126126126126,4.4,4.8,0
2012,4,815,15,3,8.0,8.0,1,2,-3.0,-3.0,5.409556313993174,0.13310580204778158,0.01126126126126126,4.4,4.8,0
2012,5,815,15,4,5.0,6.0,1,2,-15.0,-14.0,5.409556313993174,0.13310580204778158,0.01126126126126126,4.4,4.4,0
2012,7,815,15,7,15.0,15.0,1,2,12.0,12.0,5.409556313993174,0.13310580204778158,0.01126126126126126,6.6,6.6,1
2012,8,815,15,12,15.0,15.0,1,2,6.0,6.0,5.409556313993174,0.13310580204778158,0.01126126126126126,3.4,3.4,0
2012,9,815,15,9,15.0,17.0,1,2,-7.0,-5.0,5.409556313993174,0.13310580204778158,0.01126126126126126,3.4,3.4,0
2012,10,815,15,10,17.0,12.0,1,2,11.0,6.0,5.409556313993174,0.13310580204778158,0.01126126126126126,5.0,5.0,0
2012,11,815,15,11,14.0,14.0,1,2,0.0,0.0,5.409556313993174,0.13310580204778158,0.01126126126126126,5.0,5.0,0
2012,12,815,15,13,4.0,5.0,1,2,-17.0,-16.0,5.409556313993174,0.13310580204778158,0.01126126126126126,2.0,2.0,0
2012,13,815,15,14,12.0,13.0,1,2,10.0,11.0,5.409556313993174,0.13310580204778158,0.01126126126126126,5.2,5.2,1
2012,14,815,15,15,14.0,14.0,1,2,4.0,4.0,5.409556313993174,0.13310580204778158,0.01126126126126126,5.4,5.4,0
2012,15,815,15,22,5.0,6.0,1,2,-17.0,-16.0,5.409556313993174,0.13310580204778158,0.01126126126126126,3.8,3.8,0
2012,16,815,15,35,12.0,12.0,1,2,1.0,1.0,5.409556313993174,0.13310580204778158,0.01126126126126126,3.8,3.8,0
2012,17,815,15,68,8.0,8.0,1,2,-16.0,-16.0,5.409556313993174,0.13310580204778158,0.01126126126126126,3.8,3.8,0
2012,18,815,15,24,11.0,12.0,1,2,-4.0,-3.0,5.409556313993174,0.13310580204778158,0.01126126126126126,0.2,0.2,0
2012,19,815,15,69,15.0,15.0,1,2,4.0,4.0,5.409556313993174,0.13310580204778158,0.01126126126126126,0.0,0.0,0
2012,20,815,15,18,12.0,13.0,1,2,-12.0,-11.0,5.409556313993174,0.13310580204778158,0.01126126126126126,0.0,0.0,0
2013,1,807,15,1,11.0,11.0,3,3,-11.0,-11.0,2.3422053231939164,0.0038022813688212928,0.01126126126126126,3.6,0.0,0
2013,2,807,15,2,12.0,12.0,3,3,4.0,4.0,2.3422053231939164,0.0038022813688212928,0.01126126126126126,3.6,0.8,0
2013,3,807,15,17,10.0,10.0,3,3,0.0,0.0,2.3422053231939164,0.0038022813688212928,0.01126126126126126,3.8,1.0,0
2013,4,807,15,3,14.0,14.0,3,3,2.0,2.0,2.3422053231939164,0.0038022813688212928,0.01126126126126126,3.0,1.0,0
2013,5,807,15,4,15.0,15.0,3,3,0.0,0.0,2.3422053231939164,0.0038022813688212928,0.01126126126126126,1.0,1.0,0
2013,6,807,15,6,11.0,11.0,3,3,0.0,0.0,2.3422053231939164,0.0038022813688212928,0.01126126126126126,1.0,1.0,0
2013,7,807,15,7,9.0,11.0,3,3,-12.0,-10.0,2.3422053231939164,0.0038022813688212928,0.01126126126126126,0.2,0.2,0
2013,8,807,15,9,14.0,15.0,3,3,4.0,5.0,2.3422053231939164,0.0038022813688212928,0.01126126126126126,0.2,0.2,0
2013,9,807,15,20,10.0,10.0,3,3,0.0,0.0,2.3422053231939164,0.0038022813688212928,0.01126126126126126,0.4,0.4,0
2013,10,807,15,11,12.0,12.0,3,3,1.0,1.0,2.3422053231939164,0.0038022813688212928,0.01126126126126126,0.4,0.4,0
2013,11,807,15,13,11.0,11.0,3,3,-2.0,-2.0,2.3422053231939164,0.0038022813688212928,0.01126126126126126,0.4,0.4,0
2013,12,807,15,14,3.0,3.0,3,3,-2.0,-2.0,2.3422053231939164,0.0038022813688212928,0.01126126126126126,2.4,2.4,0
2013,13,807,15,15,11.0,11.0,3,3,2.0,2.0,2.3422053231939164,0.0038022813688212928,0.01126126126126126,2.6,2.6,0
2013,14,807,15,35,7.0,8.0,3,3,3.0,4.0,2.3422053231939164,0.0038022813688212928,0.01126126126126126,4.8,4.8,0
2013,15,807,15,22,7.0,7.0,3,3,1.0,1.0,2.3422053231939164,0.0038022813688212928,0.01126126126126126,6.4,6.4,0
2013,16,807,15,68,7.0,7.0,3,3,-12.0,-12.0,2.3422053231939164,0.0038022813688212928,0.01126126126126126,6.4,6.4,0
2013,17,807,15,24,5.0,6.0,3,3,-9.0,-8.0,2.3422053231939164,0.0038022813688212928,0.01126126126126126,4.4,4.4,0
2013,18,807,15,69,4.0,4.0,3,3,-2.0,-2.0,2.3422053231939164,0.0038022813688212928,0.01126126126126126,5.6,5.6,0
2013,19,807,15,18,10.0,10.0,3,3,2.0,2.0,2.3422053231939164,0.0038022813688212928,0.01126126126126126,4.0,4.0,0
2013,1,821,15,1,18.0,18.0,0,3,5.0,5.0,0.1016949152542373,0.0,0.01126126126126126,0.0,2.4,0
2013,2,821,15,2,14.0,14.0,0,3,2.0,2.0,0.1016949152542373,0.0,0.01126126126126126,0.0,2.4,0
2013,3,821,15,17,17.0,18.0,0,3,-5.0,-4.0,0.1016949152542373,0.0,0.01126126126126126,0.0,2.4,0
2013,4,821,15,3,22.0,18.0,0,3,4.0,0.0,0.1016949152542373,0.0,0.01126126126126126,0.0,0.8,0
2013,5,821,15,4,19.0,16.0,0,3,8.0,5.0,0.1016949152542373,0.0,0.01126126126126126,0.0,0.0,0
2013,6,821,15,6,19.0,19.0,0,3,6.0,6.0,0.1016949152542373,0.0,0.01126126126126126,0.0,0.0,0
2013,7,821,15,7,15.0,15.0,0,3,-5.0,-5.0,0.1016949152542373,0.0,0.01126126126126126,0.0,0.0,0
2013,8,821,15,9,17.0,18.0,0,3,3.0,4.0,0.1016949152542373,0.0,0.01126126126126126,0.0,0.0,0
2013,9,821,15,20,14.0,14.0,0,3,0.0,0.0,0.1016949152542373,0.0,0.01126126126126126,0.0,0.0,0
2013,10,821,15,11,17.0,17.0,0,3,-4.0,-4.0,0.1016949152542373,0.0,0.01126126126126126,0.0,0.0,0
2013,11,821,15,13,21.0,21.0,0,3,7.0,7.0,0.1016949152542373,0.0,0.01126126126126126,0.0,0.0,0
2013,12,821,15,14,16.0,17.0,0,3,3.0,4.0,0.1016949152542373,0.0,0.01126126126126126,0.0,0.0,0
2013,13,821,15,15,10.0,10.0,0,3,-2.0,-2.0,0.1016949152542373,0.0,0.01126126126126126,0.0,0.0,0
2013,14,821,15,35,8.0,9.0,0,3,-3.0,-2.0,0.1016949152542373,0.0,0.01126126126126126,0.0,0.0,0
2013,15,821,15,22,14.0,14.0,0,3,7.0,7.0,0.1016949152542373,0.0,0.01126126126126126,1.2,1.2,0
2013,16,821,15,68,16.0,16.0,0,3,1.0,1.0,0.1016949152542373,0.0,0.01126126126126126,1.2,1.2,0
2013,17,821,15,24,16.0,17.0,0,3,3.0,4.0,0.1016949152542373,0.0,0.01126126126126126,1.2,1.2,0
2013,18,821,15,69,20.0,10.0,0,3,6.0,-4.0,0.1016949152542373,0.0,0.01126126126126126,1.2,1.2,0
2013,19,821,15,18,17.0,18.0,0,3,5.0,6.0,0.1016949152542373,0.0,0.01126126126126126,1.2,1.2,0
2014,1,16,15,1,13.0,14.0,4,4,2.0,3.0,1.5526315789473684,0.0,0.01126126126126126,0.6,0.0,0
2014,2,16,15,2,17.0,18.0,4,4,-1.0,0.0,1.5526315789473684,0.0,0.01126126126126126,0.2,0.0,0
2014,3,16,15,3,22.0,18.0,4,4,0.0,-4.0,1.5526315789473684,0.0,0.01126126126126126,0.0,0.0,0
2014,4,16,15,17,14.0,14.0,4,4,-8.0,-8.0,1.5526315789473684,0.0,0.01126126126126126,0.0,0.0,0
2014,5,16,15,4,16.0,17.0,4,4,-1.0,0.0,1.5526315789473684,0.0,0.01126126126126126,0.0,0.0,0
2014,6,16,15,6,18.0,18.0,4,4,0.0,0.0,1.5526315789473684,0.0,0.01126126126126126,0.0,0.0,0
2014,7,16,15,7,16.0,16.0,4,4,3.0,3.0,1.5526315789473684,0.0,0.01126126126126126,0.0,0.0,0
2014,8,16,15,70,16.0,17.0,4,4,3.0,4.0,1.5526315789473684,0.0,0.01126126126126126,0.0,0.0,0
2014,9,16,15,9,13.0,16.0,4,4,0.0,3.0,1.5526315789473684,0.0,0.01126126126126126,0.0,0.0,0
2014,10,16,15,10,15.0,17.0,4,4,-4.0,-2.0,1.5526315789473684,0.0,0.01126126126126126,0.0,0.0,0
2014,11,16,15,11,11.0,12.0,4,4,0.0,1.0,1.5526315789473684,0.0,0.01126126126126126,0.0,0.0,0
2014,12,16,15,13,14.0,14.0,4,4,0.0,0.0,1.5526315789473684,0.0,0.01126126126126126,0.0,0.0,0
2014,13,16,15,14,14.0,15.0,4,4,-1.0,0.0,1.5526315789473684,0.0,0.01126126126126126,0.0,0.0,0
2014,14,16,15,15,17.0,17.0,4,4,-2.0,-2.0,1.5526315789473684,0.0,0.01126126126126126,0.0,0.0,0
2014,15,16,15,22,14.0,15.0,4,4,-7.0,-6.0,1.5526315789473684,0.0,0.01126126126126126,0.0,0.0,0
2014,16,16,15,71,14.0,15.0,4,4,-2.0,-1.0,1.5526315789473684,0.0,0.01126126126126126,0.0,0.0,0
2014,17,16,15,69,9.0,10.0,4,4,-9.0,-8.0,1.5526315789473684,0.0,0.01126126126126126,0.0,0.0,0
2014,18,16,15,18,13.0,13.0,4,4,-3.0,-3.0,1.5526315789473684,0.0,0.01126126126126126,0.0,0.0,0
2014,19,16,15,24,13.0,13.0,4,4,-3.0,-3.0,1.5526315789473684,0.0,0.01126126126126126,0.0,0.0,0
2014,1,821,15,1,20.0,19.0,1,4,8.0,7.0,0.1016949152542373,0.0,0.01126126126126126,0.0,0.0,0
2014,2,821,15,2,12.0,12.0,1,4,-5.0,-5.0,0.1016949152542373,0.0,0.01126126126126126,0.0,0.0,0
2014,3,821,15,3,15.0,15.0,1,4,-4.0,-4.0,0.1016949152542373,0.0,0.01126126126126126,0.0,0.0,0
2014,4,821,15,17,17.0,17.0,1,4,1.0,1.0,0.1016949152542373,0.0,0.01126126126126126,0.0,0.0,0
2014,5,821,15,4,13.0,14.0,1,4,-3.0,-2.0,0.1016949152542373,0.0,0.01126126126126126,0.0,0.0,0
2014,6,821,15,6,17.0,17.0,1,4,2.0,2.0,0.1016949152542373,0.0,0.01126126126126126,0.0,0.0,0
2014,7,821,15,7,22.0,22.0,1,4,8.0,8.0,0.1016949152542373,0.0,0.01126126126126126,0.0,0.0,0
2014,8,821,15,70,17.0,18.0,1,4,-2.0,-1.0,0.1016949152542373,0.0,0.01126126126126126,0.0,0.0,0
2014,9,821,15,9,19.0,14.0,1,4,-1.0,-6.0,0.1016949152542373,0.0,0.01126126126126126,0.0,0.0,0
2014,10,821,15,10,16.0,14.0,1,4,2.0,0.0,0.1016949152542373,0.0,0.01126126126126126,0.0,0.0,0
2014,11,821,15,11,13.0,14.0,1,4,-4.0,-3.0,0.1016949152542373,0.0,0.01126126126126126,0.0,0.0,0
2014,12,821,15,13,20.0,20.0,1,4,5.0,5.0,0.1016949152542373,0.0,0.01126126126126126,0.0,0.0,0
2014,13,821,15,14,15.0,16.0,1,4,-4.0,-3.0,0.1016949152542373,0.0,0.01126126126126126,0.0,0.0,0
2014,14,821,15,15,14.0,14.0,1,4,-6.0,-6.0,0.1016949152542373,0.0,0.01126126126126126,0.0,0.0,0
2014,15,821,15,22,15.0,16.0,1,4,2.0,3.0,0.1016949152542373,0.0,0.01126126126126126,0.0,0.0,0
2014,16,821,15,71,13.0,14.0,1,4,-2.0,-1.0,0.1016949152542373,0.0,0.01126126126126126,0.0,0.0,0
2014,17,821,15,69,15.0,16.0,1,4,1.0,2.0,0.1016949152542373,0.0,0.01126126126126126,0.0,0.0,0
2014,18,821,15,18,11.0,11.0,1,4,-3.0,-3.0,0.1016949152542373,0.0,0.01126126126126126,0.0,0.0,0
2014,19,821,15,24,14.0,15.0,1,4,-1.0,0.0,0.1016949152542373,0.0,0.01126126126126126,0.0,0.0,0
2015,1,828,15,1,15.0,16.0,1,5,7.0,8.0,0.1875,0.0,0.01126126126126126,0.8,0.8,0
2015,2,828,15,2,9.0,10.0,1,5,-10.0,-9.0,0.1875,0.0,0.01126126126126126,0.8,0.8,0
2015,3,828,15,17,10.0,10.0,1,5,0.0,0.0,0.1875,0.0,0.01126126126126126,1.0,1.0,0
2015,4,828,15,3,13.0,13.0,1,5,-1.0,-1.0,0.1875,0.0,0.01126126126126126,1.0,1.0,0
2015,5,828,15,4,16.0,16.0,1,5,2.0,2.0,0.1875,0.0,0.01126126126126126,1.0,1.0,0
2015,6,828,15,6,17.0,18.0,1,5,4.0,5.0,0.1875,0.0,0.01126126126126126,0.2,0.2,0
2015,7,828,15,7,12.0,13.0,1,5,-2.0,-1.0,0.1875,0.0,0.01126126126126126,0.2,0.2,0
2015,8,828,15,70,11.0,12.0,1,5,-2.0,-1.0,0.1875,0.0,0.01126126126126126,0.0,0.0,0
2015,9,828,15,9,15.0,15.0,1,5,4.0,4.0,0.1875,0.0,0.01126126126126126,0.0,0.0,0
2015,10,828,15,11,17.0,17.0,1,5,7.0,7.0,0.1875,0.0,0.01126126126126126,0.2,0.2,0
2015,11,828,15,13,13.0,13.0,1,5,3.0,3.0,0.1875,0.0,0.01126126126126126,0.4,0.4,0
2015,12,828,15,14,12.0,10.0,1,5,3.0,1.0,0.1875,0.0,0.01126126126126126,0.8,0.8,0
2015,13,828,15,15,17.0,17.0,1,5,6.0,6.0,0.1875,0.0,0.01126126126126126,0.8,0.8,0
2015,14,828,15,22,15.0,17.0,1,5,1.0,3.0,0.1875,0.0,0.01126126126126126,0.8,0.8,0
2015,15,828,15,71,17.0,17.0,1,5,-3.0,-3.0,0.1875,0.0,0.01126126126126126,0.6,0.6,0
2015,16,828,15,69,14.0,16.0,1,5,-1.0,1.0,0.1875,0.0,0.01126126126126126,0.4,0.4,0
2015,17,828,15,32,14.0,14.0,1,5,2.0,2.0,0.1875,0.0,0.01126126126126126,0.0,0.0,0
2015,18,828,15,18,12.0,14.0,1,5,-4.0,-2.0,0.1875,0.0,0.01126126126126126,0.0,0.0,0
2015,19,828,15,24,17.0,18.0,1,5,3.0,4.0,0.1875,0.0,0.01126126126126126,0.0,0.0,0
2015,1,831,15,1,10.0,11.0,0,5,5.0,6.0,0.725,0.0,0.01126126126126126,10.0,2.0,0
2015,2,831,15,2,16.0,16.0,0,5,4.0,4.0,0.725,0.0,0.01126126126126126,5.0,2.0,0
2015,3,831,15,17,9.0,9.0,0,5,1.0,1.0,0.725,0.0,0.01126126126126126,4.666666666666667,2.8,0
2015,4,831,15,3,12.0,12.0,0,5,0.0,0.0,0.725,0.0,0.01126126126126126,3.5,2.8,0
2015,5,831,15,4,15.0,15.0,0,5,3.0,3.0,0.725,0.0,0.01126126126126126,2.8,2.8,0
2015,6,831,15,6,14.0,16.0,0,5,5.0,7.0,0.725,0.0,0.01126126126126126,1.2,1.2,0
2015,7,831,15,7,14.0,15.0,0,5,-2.0,-1.0,0.725,0.0,0.01126126126126126,1.2,1.2,0
2015,8,831,15,70,8.0,9.0,0,5,-3.0,-2.0,0.725,0.0,0.01126126126126126,0.4,0.4,0
2015,9,831,15,9,16.0,16.0,0,5,-4.0,-4.0,0.725,0.0,0.01126126126126126,0.4,0.4,0
2015,10,831,15,11,18.0,18.0,0,5,7.0,7.0,0.725,0.0,0.01126126126126126,0.4,0.4,0
2015,11,831,15,13,14.0,16.0,0,5,3.0,5.0,0.725,0.0,0.01126126126126126,0.0,0.0,0
2015,12,831,15,14,17.0,12.0,0,5,4.0,-1.0,0.725,0.0,0.01126126126126126,0.0,0.0,0
2015,13,831,15,15,16.0,16.0,0,5,6.0,6.0,0.725,0.0,0.01126126126126126,0.2,0.2,0
2015,14,831,15,22,16.0,18.0,0,5,-4.0,-2.0,0.725,0.0,0.01126126126126126,0.2,0.2,0
2015,15,831,15,71,12.0,12.0,0,5,6.0,6.0,0.725,0.0,0.01126126126126126,1.8,1.8,0
2015,16,831,15,69,15.0,17.0,0,5,6.0,8.0,0.725,0.0,0.01126126126126126,2.2,2.2,0
2015,17,831,15,32,15.0,17.0,0,5,-2.0,0.0,0.725,0.0,0.01126126126126126,2.2,2.2,0
2015,18,831,15,18,13.0,11.0,0,5,0.0,-2.0,0.725,0.0,0.01126126126126126,2.0,2.0,0
2015,19,831,15,24,14.0,14.0,0,5,-1.0,-1.0,0.725,0.0,0.01126126126126126,2.0,2.0,0
2016,1,828,15,1,15.0,16.0,2,6,-2.0,-1.0,0.1875,0.0,0.01126126126126126,0.0,0.4,0
2016,2,828,15,3,17.0,17.0,2,6,5.0,5.0,0.1875,0.0,0.01126126126126126,0.0,0.0,0
2016,3,828,15,17,15.0,15.0,2,6,-1.0,-1.0,0.1875,0.0,0.01126126126126126,0.0,0.0,0
2016,4,828,15,71,22.0,22.0,2,6,8.0,8.0,0.1875,0.0,0.01126126126126126,0.0,0.0,0
2016,5,828,15,4,19.0,19.0,2,6,7.0,7.0,0.1875,0.0,0.01126126126126126,0.0,0.0,0
2016,6,828,15,6,17.0,17.0,2,6,1.0,1.0,0.1875,0.0,0.01126126126126126,0.0,0.0,0
2016,7,828,15,7,21.0,19.0,2,6,6.0,4.0,0.1875,0.0,0.01126126126126126,0.0,0.0,0
2016,8,828,15,73,20.0,20.0,2,6,3.0,3.0,0.1875,0.0,0.01126126126126126,0.0,0.0,0
2016,9,828,15,70,18.0,21.0,2,6,3.0,6.0,0.1875,0.0,0.01126126126126126,0.0,0.0,0
2016,11,828,15,11,22.0,20.0,2,6,2.0,0.0,0.1875,0.0,0.01126126126126126,0.0,0.0,0
2016,12,828,15,10,22.0,22.0,2,6,4.0,4.0,0.1875,0.0,0.01126126126126126,0.0,0.0,0
2016,13,828,15,13,20.0,20.0,2,6,1.0,1.0,0.1875,0.0,0.01126126126126126,0.0,0.0,0
2016,14,828,15,14,19.0,19.0,2,6,3.0,3.0,0.1875,0.0,0.01126126126126126,0.0,0.0,0
2016,15,828,15,15,14.0,16.0,2,6,-3.0,-1.0,0.1875,0.0,0.01126126126126126,0.0,0.0,0
2016,16,828,15,2,17.0,17.0,2,6,5.0,5.0,0.1875,0.0,0.01126126126126126,0.0,0.0,0
2016,17,828,15,22,18.0,19.0,2,6,3.0,4.0,0.1875,0.0,0.01126126126126126,0.0,0.0,0
2016,18,828,15,69,16.0,16.0,2,6,2.0,2.0,0.1875,0.0,0.01126126126126126,0.0,0.0,0
2016,19,828,15,32,15.0,15.0,2,6,4.0,4.0,0.1875,0.0,0.01126126126126126,0.0,0.0,0
2016,20,828,15,18,20.0,21.0,2,6,-1.0,0.0,0.1875,0.0,0.01126126126126126,0.0,0.0,0
2016,21,828,15,24,22.0,22.0,2,6,7.0,7.0,0.1875,0.0,0.01126126126126126,0.0,0.0,0
2016,1,831,15,1,17.0,17.0,1,6,2.0,2.0,0.725,0.0,0.01126126126126126,0.4,0.0,0
2016,2,831,15,3,21.0,22.0,1,6,7.0,8.0,0.725,0.0,0.01126126126126126,0.0,0.0,0
2016,3,831,15,17,16.0,16.0,1,6,-4.0,-4.0,0.725,0.0,0.01126126126126126,0.0,0.0,0
2016,4,831,15,71,19.0,19.0,1,6,3.0,3.0,0.725,0.0,0.01126126126126126,0.0,0.0,0
2016,5,831,15,4,20.0,20.0,1,6,5.0,5.0,0.725,0.0,0.01126126126126126,0.0,0.0,0
2016,6,831,15,6,0.0,22.0,1,6,-17.0,5.0,0.725,0.0,0.01126126126126126,0.0,0.0,0
2016,7,831,15,7,18.0,20.0,1,6,0.0,2.0,0.725,0.0,0.01126126126126126,0.0,0.0,0
2016,8,831,15,73,15.0,16.0,1,6,3.0,4.0,0.725,0.0,0.01126126126126126,0.0,0.0,0
2016,9,831,15,70,21.0,22.0,1,6,8.0,9.0,0.725,0.0,0.01126126126126126,0.0,0.0,0
2016,10,831,15,9,21.0,21.0,1,6,6.0,6.0,0.725,0.0,0.01126126126126126,0.0,0.0,0
2016,11,831,15,11,16.0,16.0,1,6,-1.0,-1.0,0.725,0.0,0.01126126126126126,0.0,0.0,0
2016,12,831,15,10,21.0,21.0,1,6,0.0,0.0,0.725,0.0,0.01126126126126126,0.0,0.0,0
2016,13,831,15,13,16.0,17.0,1,6,-1.0,0.0,0.725,0.0,0.01126126126126126,0.0,0.0,0
2016,14,831,15,14,18.0,18.0,1,6,-4.0,-4.0,0.725,0.0,0.01126126126126126,0.0,0.0,0
2016,15,831,15,15,16.0,18.0,1,6,3.0,5.0,0.725,0.0,0.01126126126126126,0.0,0.0,0
2016,16,831,15,2,18.0,18.0,1,6,1.0,1.0,0.725,0.0,0.01126126126126126,0.0,0.0,0
2016,17,831,15,22,19.0,20.0,1,6,0.0,1.0,0.725,0.0,0.01126126126126126,0.0,0.0,0
2016,18,831,15,69,21.0,21.0,1,6,6.0,6.0,0.725,0.0,0.01126126126126126,0.0,0.0,0
2016,19,831,15,32,19.0,19.0,1,6,4.0,4.0,0.725,0.0,0.01126126126126126,0.0,0.0,0
2016,20,831,15,18,21.0,22.0,1,6,12.0,13.0,0.725,0.0,0.01126126126126126,0.4,0.4,0
2016,21,831,15,24,19.0,19.0,1,6,3.0,3.0,0.725,0.0,0.01126126126126126,0.4,0.4,0
2017,1,828,15,1,14.0,15.0,3,7,-4.0,-3.0,0.1875,0.0,0.01126126126126126,0.0,0.4,0
2017,2,828,15,17,14.0,14.0,3,7,-1.0,-1.0,0.1875,0.0,0.01126126126126126,0.0,0.4,0
2017,3,828,15,3,19.0,19.0,3,7,4.0,4.0,0.1875,0.0,0.01126126126126126,0.0,0.4,0
2017,4,828,15,71,18.0,19.0,3,7,3.0,4.0,0.1875,0.0,0.01126126126126126,0.0,0.0,0
2017,5,828,15,4,16.0,16.0,3,7,5.0,5.0,0.1875,0.0,0.01126126126126126,0.0,0.0,0
2017,6,828,15,6,19.0,20.0,3,7,2.0,3.0,0.1875,0.0,0.01126126126126126,0.0,0.0,0
2017,7,828,15,7,19.0,19.0,3,7,6.0,6.0,0.1875,0.0,0.01126126126126126,0.0,0.0,0
2017,8,828,15,73,17.0,18.0,3,7,6.0,7.0,0.1875,0.0,0.01126126126126126,0.0,0.0,0
2017,9,828,15,70,19.0,19.0,3,7,4.0,4.0,0.1875,0.0,0.01126126126126126,0.0,0.0,0
2017,10,828,15,9,18.0,19.0,3,7,4.0,5.0,0.1875,0.0,0.01126126126126126,0.0,0.0,0
2017,11,828,15,11,20.0,20.0,3,7,4.0,4.0,0.1875,0.0,0.01126126126126126,0.0,0.0,0
2017,12,828,15,13,17.0,19.0,3,7,1.0,3.0,0.1875,0.0,0.01126126126126126,0.0,0.0,0
2017,13,828,15,14,11.0,18.0,3,7,-7.0,0.0,0.1875,0.0,0.01126126126126126,0.0,0.0,0
2017,14,828,15,15,20.0,20.0,3,7,5.0,5.0,0.1875,0.0,0.01126126126126126,0.0,0.0,0
2017,15,828,15,2,19.0,19.0,3,7,1.0,1.0,0.1875,0.0,0.01126126126126126,0.0,0.0,0
2017,16,828,15,22,16.0,19.0,3,7,-2.0,1.0,0.1875,0.0,0.01126126126126126,0.0,0.0,0
2017,17,828,15,69,13.0,16.0,3,7,-2.0,1.0,0.1875,0.0,0.01126126126126126,0.0,0.0,0
2017,18,828,15,32,12.0,16.0,3,7,-5.0,-1.0,0.1875,0.0,0.01126126126126126,0.0,0.0,0
2017,19,828,15,18,17.0,19.0,3,7,4.0,6.0,0.1875,0.0,0.01126126126126126,0.0,0.0,0
2017,20,828,15,24,19.0,19.0,3,7,2.0,2.0,0.1875,0.0,0.01126126126126126,0.0,0.0,0
2017,3,836,15,3,13.0,13.0,1,7,2.0,2.0,0.15384615384615385,0.0,0.01126126126126126,0.0,0.0,0
2017,4,836,15,71,17.0,18.0,1,7,1.0,2.0,0.15384615384615385,0.0,0.01126126126126126,0.0,0.0,0
2017,5,836,15,4,15.0,15.0,1,7,7.0,7.0,0.15384615384615385,0.0,0.01126126126126126,0.8,0.8,0
2017,6,836,15,6,18.0,19.0,1,7,-1.0,0.0,0.15384615384615385,0.0,0.01126126126126126,0.8,0.8,0
2017,7,836,15,7,20.0,20.0,1,7,5.0,5.0,0.15384615384615385,0.0,0.01126126126126126,0.8,0.8,0
2017,8,836,15,73,14.0,15.0,1,7,4.0,5.0,0.15384615384615385,0.0,0.01126126126126126,1.0,1.0,0
2017,9,836,15,70,20.0,20.0,1,7,6.0,6.0,0.15384615384615385,0.0,0.01126126126126126,1.0,1.0,0
2017,10,836,15,9,17.0,18.0,1,7,0.0,1.0,0.15384615384615385,0.0,0.01126126126126126,0.2,0.2,0
2017,11,836,15,11,18.0,18.0,1,7,3.0,3.0,0.15384615384615385,0.0,0.01126126126126126,0.2,0.2,0
2017,12,836,15,13,18.0,20.0,1,7,-2.0,0.0,0.15384615384615385,0.0,0.01126126126126126,0.2,0.2,0
2017,13,836,15,14,12.0,19.0,1,7,-4.0,3.0,0.15384615384615385,0.0,0.01126126126126126,0.0,0.0,0
2017,14,836,15,15,19.0,19.0,1,7,7.0,7.0,0.15384615384615385,0.0,0.01126126126126126,0.0,0.0,0
2017,15,836,15,2,18.0,18.0,1,7,1.0,1.0,0.15384615384615385,0.0,0.01126126126126126,0.0,0.0,0
2017,16,836,15,22,17.0,20.0,1,7,2.0,5.0,0.15384615384615385,0.0,0.01126126126126126,0.0,0.0,0
2017,17,836,15,69,14.0,19.0,1,7,-5.0,0.0,0.15384615384615385,0.0,0.01126126126126126,0.0,0.0,0
2017,18,836,15,32,13.0,17.0,1,7,-1.0,3.0,0.15384615384615385,0.0,0.01126126126126126,0.0,0.0,0
2017,19,836,15,18,15.0,16.0,1,7,1.0,2.0,0.15384615384615385,0.0,0.01126126126126126,0.0,0.0,0
2017,20,836,15,24,18.0,18.0,1,7,4.0,4.0,0.15384615384615385,0.0,0.01126126126126126,0.0,0.0,0
2017,1,841,15,1,16.0,16.0,0,7,4.0,4.0,0.3442622950819672,0.0,0.01126126126126126,0.0,0.0,0
2017,2,841,15,17,18.0,15.0,0,7,-1.0,-4.0,0.3442622950819672,0.0,0.01126126126126126,0.0,0.0,0
2018,1,828,15,1,17.0,17.0,4,8,-2.0,-2.0,0.1875,0.0,0.01126126126126126,0.0,0.0,0
2018,2,828,15,3,17.0,17.0,4,8,8.0,8.0,0.1875,0.0,0.01126126126126126,0.4,0.4,0
2018,3,828,15,17,20.0,20.0,4,8,4.0,4.0,0.1875,0.0,0.01126126126126126,0.4,0.4,0
2018,4,828,15,73,18.0,18.0,4,8,7.0,7.0,0.1875,0.0,0.01126126126126126,0.4,0.4,0
2018,5,828,15,4,17.0,17.0,4,8,4.0,4.0,0.1875,0.0,0.01126126126126126,0.4,0.4,0
2018,6,828,15,6,16.0,17.0,4,8,5.0,6.0,0.1875,0.0,0.01126126126126126,0.4,0.4,0
2018,7,828,15,7,19.0,19.0,4,8,4.0,4.0,0.1875,0.0,0.01126126126126126,0.0,0.0,0
2018,8,828,15,34,15.0,15.0,4,8,2.0,2.0,0.1875,0.0,0.01126126126126126,0.0,0.0,0
2018,9,828,15,70,20.0,20.0,4,8,10.0,10.0,0.1875,0.0,0.01126126126126126,0.2,0.2,0
2018,10,828,15,9,15.0,15.0,4,8,-3.0,-3.0,0.1875,0.0,0.01126126126126126,0.2,0.2,0
2018,11,828,15,10,13.0,13.0,4,8,4.0,4.0,0.1875,0.0,0.01126126126126126,0.6,0.6,0
2018,12,828,15,11,14.0,14.0,4,8,-1.0,-1.0,0.1875,0.0,0.01126126126126126,0.6,0.6,0
2018,13,828,15,13,13.0,14.0,4,8,3.0,4.0,0.1875,0.0,0.01126126126126126,0.8,0.8,0
2018,14,828,15,14,18.0,19.0,4,8,3.0,4.0,0.1875,0.0,0.01126126126126126,0.6,0.6,0
2018,15,828,15,15,14.0,14.0,4,8,3.0,3.0,0.1875,0.0,0.01126126126126126,0.6,0.6,0
2018,16,828,15,71,10.0,10.0,4,8,-3.0,-3.0,0.1875,0.0,0.01126126126126126,0.2,0.2,0
2018,17,828,15,22,20.0,20.0,4,8,8.0,8.0,0.1875,0.0,0.01126126126126126,0.2,0.2,0
2018,18,828,15,69,16.0,19.0,4,8,6.0,9.0,0.1875,0.0,0.01126126126126126,0.2,0.2,0
2018,19,828,15,32,10.0,10.0,4,8,1.0,1.0,0.1875,0.0,0.01126126126126126,0.6,0.6,0
2018,20,828,15,18,6.0,7.0,4,8,-14.0,-13.0,0.1875,0.0,0.01126126126126126,0.6,0.6,0
2018,21,828,15,24,12.0,12.0,4,8,-6.0,-6.0,0.1875,0.0,0.01126126126126126,0.6,0.6,0
2018,1,844,15,1,18.0,18.0,0,8,5.0,5.0,9.295081967213115,0.29508196721311475,0.01126126126126126,0.0,0.6,0
2018,2,844,15,3,19.0,19.0,0,8,7.0,7.0,9.295081967213115,0.29508196721311475,0.01126126126126126,0.0,0.4,0
2018,3,844,15,17,19.0,19.0,0,8,0.0,0.0,9.295081967213115,0.29508196721311475,0.01126126126126126,0.0,0.0,0
2018,4,844,15,73,13.0,14.0,0,8,7.0,8.0,9.295081967213115,0.29508196721311475,0.01126126126126126,2.0,1.6,0
2018,5,844,15,4,14.0,14.0,0,8,4.0,4.0,9.295081967213115,0.29508196721311475,0.01126126126126126,1.8,1.8,0
2018,6,844,15,6,14.0,14.0,0,8,-4.0,-4.0,9.295081967213115,0.29508196721311475,0.01126126126126126,1.8,1.8,0
2018,7,844,15,7,13.0,13.0,0,8,3.0,3.0,9.295081967213115,0.29508196721311475,0.01126126126126126,2.0,2.0,0
2018,8,844,15,34,8.0,8.0,0,8,-2.0,-2.0,9.295081967213115,0.29508196721311475,0.01126126126126126,2.2,2.2,0
2018,9,844,15,70,18.0,13.0,0,8,9.0,4.0,9.295081967213115,0.29508196721311475,0.01126126126126126,1.0,1.0,0
2018,10,844,15,9,9.0,9.0,0,8,-10.0,-10.0,9.295081967213115,0.29508196721311475,0.01126126126126126,0.8,0.8,0
2018,11,844,15,10,9.0,9.0,0,8,-6.0,-6.0,9.295081967213115,0.29508196721311475,0.01126126126126126,0.8,0.8,0
2018,12,844,15,11,17.0,17.0,0,8,-3.0,-3.0,9.295081967213115,0.29508196721311475,0.01126126126126126,0.6,0.6,0
2018,13,844,15,13,12.0,13.0,0,8,-6.0,-5.0,9.295081967213115,0.29508196721311475,0.01126126126126126,0.4,0.4,0
2018,14,844,15,14,15.0,17.0,0,8,4.0,6.0,9.295081967213115,0.29508196721311475,0.01126126126126126,0.0,0.0,0
2018,15,844,15,15,13.0,13.0,0,8,4.0,4.0,9.295081967213115,0.29508196721311475,0.01126126126126126,0.4,0.4,0
2018,16,844,15,71,7.0,7.0,0,8,0.0,0.0,9.295081967213115,0.29508196721311475,0.01126126126126126,1.6,1.6,0
2018,17,844,15,22,10.0,11.0,0,8,-8.0,-7.0,9.295081967213115,0.29508196721311475,0.01126126126126126,1.6,1.6,0
2018,18,844,15,69,9.0,9.0,0,8,-6.0,-6.0,9.295081967213115,0.29508196721311475,0.01126126126126126,1.6,1.6,0
2018,19,844,15,32,9.0,9.0,0,8,2.0,2.0,9.295081967213115,0.29508196721311475,0.01126126126126126,2.8,2.8,0
2018,20,844,15,18,7.0,8.0,0,8,0.0,1.0,9.295081967213115,0.29508196721311475,0.01126126126126126,3.6,3.6,0
2018,21,844,15,24,8.0,8.0,0,8,1.0,1.0,9.295081967213115,0.29508196721311475,0.01126126126126126,3.6,3.6,0
2024,1,822,15,3,16.0,16.0,11,14,-3.0,-3.0,6.930232558139535,0.2596899224806202,0.01126126126126126,0.0,3.6,0
2024,2,822,15,77,16.0,16.0,11,14,-1.0,-1.0,6.930232558139535,0.2596899224806202,0.01126126126126126,0.0,3.6,0
2024,3,822,15,1,13.0,13.0,11,14,-1.0,-1.0,6.930232558139535,0.2596899224806202,0.01126126126126126,0.0,2.4,0
2024,4,822,15,22,13.0,13.0,11,14,-1.0,-1.0,6.930232558139535,0.2596899224806202,0.01126126126126126,0.0,1.2,0
2024,5,822,15,17,10.0,10.0,11,14,-10.0,-10.0,6.930232558139535,0.2596899224806202,0.01126126126126126,0.0,0.0,0
2024,6,822,15,79,16.0,16.0,11,14,0.0,0.0,6.930232558139535,0.2596899224806202,0.01126126126126126,0.0,0.0,0
2024,7,822,15,21,16.0,16.0,11,14,-2.0,-2.0,6.930232558139535,0.2596899224806202,0.01126126126126126,0.0,0.0,0
2024,8,822,15,6,17.0,19.0,11,14,4.0,6.0,6.930232558139535,0.2596899224806202,0.01126126126126126,0.0,0.0,0
2024,9,822,15,7,0.0,17.0,11,14,-13.0,4.0,6.930232558139535,0.2596899224806202,0.01126126126126126,0.0,0.0,0
2024,10,822,15,4,12.0,12.0,11,14,-4.0,-4.0,6.930232558139535,0.2596899224806202,0.01126126126126126,0.0,0.0,0
2024,11,822,15,70,18.0,18.0,11,14,2.0,2.0,6.930232558139535,0.2596899224806202,0.01126126126126126,0.0,0.0,0
2024,12,822,15,9,16.0,16.0,11,14,1.0,1.0,6.930232558139535,0.2596899224806202,0.01126126126126126,0.0,0.0,0
2024,13,822,15,11,12.0,12.0,11,14,-4.0,-4.0,6.930232558139535,0.2596899224806202,0.01126126126126126,0.0,0.0,0
2024,14,822,15,13,14.0,14.0,11,14,-1.0,-1.0,6.930232558139535,0.2596899224806202,0.01126126126126126,0.0,0.0,0
2024,15,822,15,39,16.0,17.0,11,14,-3.0,-2.0,6.930232558139535,0.2596899224806202,0.01126126126126126,0.0,0.0,0
2024,16,822,15,14,19.0,19.0,11,14,3.0,3.0,6.930232558139535,0.2596899224806202,0.01126126126126126,0.0,0.0,0
2024,17,822,15,73,16.0,17.0,11,14,0.0,1.0,6.930232558139535,0.2596899224806202,0.01126126126126126,0.0,0.0,0
2024,18,822,15,15,19.0,19.0,11,14,3.0,3.0,6.930232558139535,0.2596899224806202,0.01126126126126126,0.0,0.0,0
2024,19,822,15,69,16.0,18.0,11,14,-1.0,1.0,6.930232558139535,0.2596899224806202,0.01126126126126126,0.0,0.0,0
2024,20,822,15,32,15.0,15.0,11,14,1.0,1.0,6.930232558139535,0.2596899224806202,0.01126126126126126,0.0,0.0,0
2024,21,822,15,18,11.0,11.0,11,14,-2.0,-2.0,6.930232558139535,0.2596899224806202,0.01126126126126126,0.0,0.0,0
2024,22,822,15,80,19.0,19.0,11,14,1.0,1.0,6.930232558139535,0.2596899224806202,0.01126126126126126,0.0,0.0,0
2024,23,822,15,78,13.0,13.0,11,14,2.0,2.0,6.930232558139535,0.2596899224806202,0.01126126126126126,0.0,0.0,0
2024,24,822,15,24,9.0,9.0,11,14,-9.0,-9.0,6.930232558139535,0.2596899224806202,0.01126126126126126,0.0,0.0,0
2024,1,855,15,3,17.0,17.0,2,14,6.0,6.0,0.23529411764705882,0.0,0.01126126126126126,0.0,0.0,0
2024,2,855,15,77,20.0,20.0,2,14,2.0,2.0,0.23529411764705882,0.0,0.01126126126126126,0.0,0.0,0
2024,3,855,15,1,19.0,19.0,2,14,4.0,4.0,0.23529411764705882,0.0,0.01126126126126126,0.0,0.0,0
2024,4,855,15,22,20.0,20.0,2,14,2.0,2.0,0.23529411764705882,0.0,0.01126126126126126,0.0,0.0,0
2024,5,855,15,17,16.0,16.0,2,14,2.0,2.0,0.23529411764705882,0.0,0.01126126126126126,0.0,0.0,0
2024,6,855,15,79,19.0,20.0,2,14,5.0,6.0,0.23529411764705882,0.0,0.01126126126126126,0.0,0.0,0
2024,7,855,15,21,17.0,17.0,2,14,2.0,2.0,0.23529411764705882,0.0,0.01126126126126126,0.0,0.0,0
2024,8,855,15,6,18.0,20.0,2,14,2.0,4.0,0.23529411764705882,0.0,0.01126126126126126,0.0,0.0,0
2024,9,855,15,7,0.0,20.0,2,14,-15.0,5.0,0.23529411764705882,0.0,0.01126126126126126,0.0,0.0,0
2024,10,855,15,4,15.0,15.0,2,14,2.0,2.0,0.23529411764705882,0.0,0.01126126126126126,0.0,0.0,0
2024,11,855,15,70,20.0,20.0,2,14,3.0,3.0,0.23529411764705882,0.0,0.01126126126126126,0.0,0.0,0
2024,12,855,15,9,14.0,14.0,2,14,-4.0,-4.0,0.23529411764705882,0.0,0.01126126126126126,0.0,0.0,0
2024,13,855,15,11,18.0,18.0,2,14,-1.0,-1.0,0.23529411764705882,0.0,0.01126126126126126,0.0,0.0,0
2024,14,855,15,13,19.0,20.0,2,14,0.0,1.0,0.23529411764705882,0.0,0.01126126126126126,0.0,0.0,0
2024,15,855,15,39,17.0,18.0,2,14,-3.0,-2.0,0.23529411764705882,0.0,0.01126126126126126,0.0,0.0,0
2024,16,855,15,14,20.0,20.0,2,14,2.0,2.0,0.23529411764705882,0.0,0.01126126126126126,0.0,0.0,0
2024,17,855,15,73,17.0,18.0,2,14,3.0,4.0,0.23529411764705882,0.0,0.01126126126126126,0.0,0.0,0
2024,18,855,15,15,20.0,20.0,2,14,5.0,5.0,0.23529411764705882,0.0,0.01126126126126126,0.0,0.0,0
2024,19,855,15,69,18.0,20.0,2,14,-1.0,1.0,0.23529411764705882,0.0,0.01126126126126126,0.0,0.0,0
2024,20,855,15,32,19.0,20.0,2,14,4.0,5.0,0.23529411764705882,0.0,0.01126126126126126,0.0,0.0,0
2024,21,855,15,18,19.0,20.0,2,14,4.0,5.0,0.23529411764705882,0.0,0.01126126126126126,0.0,0.0,0
2024,22,855,15,80,13.0,13.0,2,14,0.0,0.0,0.23529411764705882,0.0,0.01126126126126126,0.0,0.0,0
2024,23,855,15,78,12.0,12.0,2,14,4.0,4.0,0.23529411764705882,0.0,0.01126126126126126,0.8,0.8,0
2024,24,855,15,24,15.0,17.0,2,14,2.0,4.0,0.23529411764705882,0.0,0.01126126126126126,0.8,0.8,0
2025,1,807,15,1,17.0,17.0,15,15,10.0,10.0,2.3422053231939164,0.0038022813688212928,0.01126126126126126,2.8,2.0,0
2025,2,807,15,17,12.0,12.0,15,15,-3.0,-3.0,2.3422053231939164,0.0038022813688212928,0.01126126126126126,2.8,2.0,0
2025,3,807,15,22,16.0,16.0,15,15,0.0,0.0,2.3422053231939164,0.0038022813688212928,0.01126126126126126,2.0,2.0,0
2025,4,807,15,3,16.0,16.0,15,15,-4.0,-4.0,2.3422053231939164,0.0038022813688212928,0.01126126126126126,2.0,1.2,0
2025,5,807,15,77,18.0,18.0,15,15,3.0,3.0,2.3422053231939164,0.0038022813688212928,0.01126126126126126,1.2,1.2,0
2025,6,807,15,79,16.0,16.0,15,15,2.0,2.0,2.3422053231939164,0.0038022813688212928,0.01126126126126126,0.0,0.0,0
2025,7,807,15,21,17.0,17.0,15,15,5.0,5.0,2.3422053231939164,0.0038022813688212928,0.01126126126126126,0.0,0.0,0
2025,8,807,15,6,13.0,13.0,15,15,-3.0,-3.0,2.3422053231939164,0.0038022813688212928,0.01126126126126126,0.0,0.0,0
2025,9,807,15,4,15.0,16.0,15,15,10.0,11.0,2.3422053231939164,0.0038022813688212928,0.01126126126126126,2.0,2.0,0
2025,10,807,15,7,11.0,13.0,15,15,3.0,5.0,2.3422053231939164,0.0038022813688212928,0.01126126126126126,2.8,2.8,0
2025,11,807,15,70,20.0,20.0,15,15,11.0,11.0,2.3422053231939164,0.0038022813688212928,0.01126126126126126,3.2,3.2,0
2025,12,807,15,9,19.0,19.0,15,15,16.0,16.0,2.3422053231939164,0.0038022813688212928,0.01126126126126126,6.2,6.2,1
2025,13,807,15,13,14.0,14.0,15,15,2.0,2.0,2.3422053231939164,0.0038022813688212928,0.01126126126126126,6.2,6.2,0
2025,14,807,15,11,18.0,19.0,15,15,5.0,6.0,2.3422053231939164,0.0038022813688212928,0.01126126126126126,4.2,4.2,0
2025,15,807,15,39,17.0,17.0,15,15,3.0,3.0,2.3422053231939164,0.0038022813688212928,0.01126126126126126,3.4,3.4,0
2025,16,807,15,14,12.0,12.0,15,15,-8.0,-8.0,2.3422053231939164,0.0038022813688212928,0.01126126126126126,3.0,3.0,0
2025,17,807,15,73,17.0,17.0,15,15,1.0,1.0,2.3422053231939164,0.0038022813688212928,0.01126126126126126,0.0,0.0,0
2025,18,807,15,15,11.0,11.0,15,15,-9.0,-9.0,2.3422053231939164,0.0038022813688212928,0.01126126126126126,0.0,0.0,0
2025,19,807,15,69,11.0,11.0,15,15,3.0,3.0,2.3422053231939164,0.0038022813688212928,0.01126126126126126,0.8,0.8,0
2025,20,807,15,32,13.0,13.0,15,15,-6.0,-6.0,2.3422053231939164,0.0038022813688212928,0.01126126126126126,0.8,0.8,0
2025,21,807,15,18,10.0,10.0,15,15,1.0,1.0,2.3422053231939164,0.0038022813688212928,0.01126126126126126,1.2,1.2,0
2025,22,807,15,80,11.0,11.0,15,15,4.0,4.0,2.3422053231939164,0.0038022813688212928,0.01126126126126126,2.4,2.4,0
2025,24,807,15,24,18.0,18.0,15,15,9.0,9.0,2.3422053231939164,0.0038022813688212928,0.01126126126126126,2.8,2.8,0
2025,1,864,15,1,15.0,15.0,0,15,-1.0,-1.0,0.8787878787878788,0.0,0.01126126126126126,0.0,2.0,0
2025,2,864,15,17,19.0,19.0,0,15,5.0,5.0,0.8787878787878788,0.0,0.01126126126126126,0.0,2.0,0
2025,3,864,15,22,17.0,17.0,0,15,-2.0,-2.0,0.8787878787878788,0.0,0.01126126126126126,0.0,1.6,0
2025,4,864,15,3,18.0,18.0,0,15,0.0,0.0,0.8787878787878788,0.0,0.01126126126126126,0.0,0.4,0
2025,5,864,15,77,20.0,20.0,0,15,2.0,2.0,0.8787878787878788,0.0,0.01126126126126126,0.0,0.0,0
2025,6,864,15,79,13.0,13.0,0,15,-5.0,-5.0,0.8787878787878788,0.0,0.01126126126126126,0.0,0.0,0
2025,7,864,15,21,14.0,14.0,0,15,-4.0,-4.0,0.8787878787878788,0.0,0.01126126126126126,0.0,0.0,0
2025,8,864,15,6,16.0,16.0,0,15,2.0,2.0,0.8787878787878788,0.0,0.01126126126126126,0.0,0.0,0
2025,9,864,15,4,12.0,12.0,0,15,0.0,0.0,0.8787878787878788,0.0,0.01126126126126126,0.0,0.0,0
2025,10,864,15,7,15.0,16.0,0,15,1.0,2.0,0.8787878787878788,0.0,0.01126126126126126,0.0,0.0,0
2025,11,864,15,70,8.0,8.0,0,15,0.0,0.0,0.8787878787878788,0.0,0.01126126126126126,0.8,0.8,0
2025,12,864,15,9,16.0,17.0,0,15,-2.0,-1.0,0.8787878787878788,0.0,0.01126126126126126,0.8,0.8,0
2025,13,864,15,13,10.0,10.0,0,15,1.0,1.0,0.8787878787878788,0.0,0.01126126126126126,1.2,1.2,0
2025,14,864,15,11,7.0,7.0,0,15,1.0,1.0,0.8787878787878788,0.0,0.01126126126126126,2.8,2.8,0
2025,15,864,15,39,13.0,13.0,0,15,-2.0,-2.0,0.8787878787878788,0.0,0.01126126126126126,2.8,2.8,0
2025,16,864,15,14,7.0,8.0,0,15,-1.0,0.0,0.8787878787878788,0.0,0.01126126126126126,2.8,2.8,0
2025,17,864,15,73,13.0,13.0,0,15,2.0,2.0,0.8787878787878788,0.0,0.01126126126126126,2.8,2.8,0
2025,18,864,15,15,14.0,14.0,0,15,-3.0,-3.0,0.8787878787878788,0.0,0.01126126126126126,2.4,2.4,0
2025,19,864,15,69,16.0,16.0,0,15,-2.0,-2.0,0.8787878787878788,0.0,0.01126126126126126,0.8,0.8,0
2025,20,864,15,32,16.0,16.0,0,15,6.0,6.0,0.8787878787878788,0.0,0.01126126126126126,1.0,1.0,0
2025,22,864,15,80,18.0,18.0,0,15,1.0,1.0,0.8787878787878788,0.0,0.01126126126126126,0.2,0.2,0
2025,24,864,15,24,7.0,7.0,0,15,-4.0,-4.0,0.8787878787878788,0.0,0.01126126126126126,0.2,0.2,0
2019,1,8,51,1,9.0,9.0,7,0,1.0,1.0,6.635897435897436,0.21025641025641026,0.0,11.8,4.0,0
2019,2,8,51,3,8.0,9.0,7,0,1.0,2.0,6.635897435897436,0.21025641025641026,0.0,8.0,5.0,0
2019,3,8,51,17,13.0,13.0,7,0,4.0,4.0,6.635897435897436,0.21025641025641026,0.0,5.4,4.0,0
2019,4,8,51,73,0.0,19.0,7,0,-10.0,9.0,6.635897435897436,0.21025641025641026,0.0,2.6,3.25,0
2019,5,8,51,4,14.0,14.0,7,0,0.0,0.0,6.635897435897436,0.21025641025641026,0.0,2.6,2.6,0
2019,6,8,51,6,14.0,14.0,7,0,-3.0,-3.0,6.635897435897436,0.21025641025641026,0.0,1.8,1.8,0
2019,7,8,51,7,16.0,17.0,7,0,1.0,2.0,6.635897435897436,0.21025641025641026,0.0,0.6,0.6,0
2019,8,8,51,34,12.0,12.0,7,0,5.0,5.0,6.635897435897436,0.21025641025641026,0.0,1.4,1.4,0
2019,9,8,51,70,6.0,7.0,7,0,-3.0,-2.0,6.635897435897436,0.21025641025641026,0.0,1.6,1.6,0
2019,10,8,51,9,12.0,12.0,7,0,4.0,4.0,6.635897435897436,0.21025641025641026,0.0,2.4,2.4,0
2019,11,8,51,10,5.0,5.0,7,0,-7.0,-7.0,6.635897435897436,0.21025641025641026,0.0,2.4,2.4,0
2019,12,8,51,11,10.0,10.0,7,0,3.0,3.0,6.635897435897436,0.21025641025641026,0.0,3.6,3.6,0
2019,13,8,51,13,6.0,8.0,7,0,-10.0,-8.0,6.635897435897436,0.21025641025641026,0.0,2.4,2.4,0
2019,14,8,51,14,0.0,10.0,7,0,-15.0,-5.0,6.635897435897436,0.21025641025641026,0.0,2.0,2.0,0
2019,15,8,51,15,12.0,13.0,7,0,-6.0,-5.0,6.635897435897436,0.21025641025641026,0.0,1.2,1.2,0
2019,16,8,51,71,15.0,16.0,7,0,2.0,3.0,6.635897435897436,0.21025641025641026,0.0,1.2,1.2,0
2019,17,8,51,22,13.0,13.0,7,0,1.0,1.0,6.635897435897436,0.21025641025641026,0.0,0.0,0.0,0
2019,18,8,51,32,14.0,14.0,7,0,-5.0,-5.0,6.635897435897436,0.21025641025641026,0.0,0.0,0.0,0
2019,19,8,51,69,17.0,17.0,7,0,6.0,6.0,6.635897435897436,0.21025641025641026,0.0,0.0,0.0,0
2019,20,8,51,18,8.0,9.0,7,0,4.0,5.0,6.635897435897436,0.21025641025641026,0.0,2.4,2.4,0
2019,21,8,51,24,17.0,18.0,7,0,4.0,5.0,6.635897435897436,0.21025641025641026,0.0,2.4,2.4,0
2019,1,841,51,1,14.0,14.0,2,0,-1.0,-1.0,0.3442622950819672,0.0,0.0,0.0,2.4,0
2019,2,841,51,3,16.0,16.0,2,0,5.0,5.0,0.3442622950819672,0.0,0.0,0.0,2.4,0
2019,4,841,51,73,17.0,8.0,2,0,5.0,-4.0,0.3442622950819672,0.0,0.0,0.0,2.4,0
2019,5,841,51,4,18.0,18.0,2,0,2.0,2.0,0.3442622950819672,0.0,0.0,0.0,0.0,0
2019,6,841,51,6,18.0,15.0,2,0,-1.0,-4.0,0.3442622950819672,0.0,0.0,0.0,0.0,0
2019,7,841,51,7,12.0,13.0,2,0,-1.0,0.0,0.3442622950819672,0.0,0.0,0.0,0.0,0
2019,8,841,51,34,10.0,10.0,2,0,-6.0,-6.0,0.3442622950819672,0.0,0.0,0.0,0.0,0
2019,9,841,51,70,7.0,8.0,2,0,-3.0,-2.0,0.3442622950819672,0.0,0.0,0.2,0.2,0
2019,10,841,51,9,11.0,11.0,2,0,-7.0,-7.0,0.3442622950819672,0.0,0.0,0.2,0.2,0
2019,11,841,51,10,11.0,11.0,2,0,-2.0,-2.0,0.3442622950819672,0.0,0.0,0.2,0.2,0
2019,12,841,51,11,17.0,14.0,2,0,-1.0,-4.0,0.3442622950819672,0.0,0.0,0.2,0.2,0
2019,13,841,51,13,18.0,15.0,2,0,0.0,-3.0,0.3442622950819672,0.0,0.0,0.2,0.2,0
2019,14,841,51,14,10.0,11.0,2,0,1.0,2.0,0.3442622950819672,0.0,0.0,0.4,0.4,0
2019,15,841,51,15,10.0,11.0,2,0,0.0,1.0,0.3442622950819672,0.0,0.0,0.6,0.6,0
2019,16,841,51,71,12.0,13.0,2,0,-3.0,-2.0,0.3442622950819672,0.0,0.0,0.6,0.6,0
2019,17,841,51,22,11.0,11.0,2,0,-3.0,-3.0,0.3442622950819672,0.0,0.0,0.6,0.6,0
2019,18,841,51,32,15.0,15.0,2,0,1.0,1.0,0.3442622950819672,0.0,0.0,0.6,0.6,0
2019,19,841,51,69,16.0,16.0,2,0,2.0,2.0,0.3442622950819672,0.0,0.0,0.2,0.2,0
2019,20,841,51,18,12.0,13.0,2,0,7.0,8.0,0.3442622950819672,0.0,0.0,2.0,2.0,0
2019,21,841,51,24,16.0,17.0,2,0,0.0,1.0,0.3442622950819672,0.0,0.0,2.0,2.0,0
2020,1,8,51,70,19.0,19.0,8,1,5.0,5.0,6.635897435897436,0.21025641025641026,0.0,2.4,2.0,0
2020,2,8,51,70,16.0,16.0,8,1,5.0,5.0,6.635897435897436,0.21025641025641026,0.0,2.4,2.0,0
2020,3,8,51,11,20.0,20.0,8,1,5.0,5.0,6.635897435897436,0.21025641025641026,0.0,2.4,2.0,0
2020,4,8,51,9,16.0,18.0,8,1,-1.0,1.0,6.635897435897436,0.21025641025641026,0.0,0.0,0.0,0
2020,5,8,51,9,20.0,20.0,8,1,5.0,5.0,6.635897435897436,0.21025641025641026,0.0,0.0,0.0,0
2020,6,8,51,4,14.0,14.0,8,1,0.0,0.0,6.635897435897436,0.21025641025641026,0.0,0.0,0.0,0
2020,7,8,51,13,16.0,16.0,8,1,4.0,4.0,6.635897435897436,0.21025641025641026,0.0,0.0,0.0,0
2020,8,8,51,14,14.0,14.0,8,1,1.0,1.0,6.635897435897436,0.21025641025641026,0.0,0.0,0.0,0
2020,9,8,51,76,13.0,13.0,8,1,4.0,4.0,6.635897435897436,0.21025641025641026,0.0,0.4,0.4,0
2020,10,8,51,71,19.0,20.0,8,1,5.0,6.0,6.635897435897436,0.21025641025641026,0.0,0.4,0.4,0
2020,11,8,51,20,19.0,19.0,8,1,7.0,7.0,6.635897435897436,0.21025641025641026,0.0,0.4,0.4,0
2020,12,8,51,75,16.0,16.0,8,1,5.0,5.0,6.635897435897436,0.21025641025641026,0.0,0.4,0.4,0
2020,13,8,51,21,18.0,18.0,8,1,9.0,9.0,6.635897435897436,0.21025641025641026,0.0,0.8,0.8,0
2020,14,8,51,5,8.0,8.0,8,1,-7.0,-7.0,6.635897435897436,0.21025641025641026,0.0,0.4,0.4,0
2020,15,8,51,3,17.0,17.0,8,1,2.0,2.0,6.635897435897436,0.21025641025641026,0.0,0.4,0.4,0
2020,16,8,51,3,18.0,19.0,8,1,4.0,5.0,6.635897435897436,0.21025641025641026,0.0,0.4,0.4,0
2020,17,8,51,24,15.0,16.0,8,1,3.0,4.0,6.635897435897436,0.21025641025641026,0.0,0.4,0.4,0
2020,1,841,51,70,18.0,18.0,3,1,9.0,9.0,0.3442622950819672,0.0,0.0,2.4,0.4,0
2020,2,841,51,70,19.0,19.0,3,1,5.0,5.0,0.3442622950819672,0.0,0.0,2.4,0.4,0
2020,3,841,51,11,19.0,19.0,3,1,2.0,2.0,0.3442622950819672,0.0,0.0,2.4,0.4,0
2020,4,841,51,9,15.0,17.0,3,1,1.0,3.0,0.3442622950819672,0.0,0.0,0.4,0.4,0
2020,5,841,51,9,19.0,19.0,3,1,2.0,2.0,0.3442622950819672,0.0,0.0,0.4,0.4,0
2020,6,841,51,4,20.0,20.0,3,1,4.0,4.0,0.3442622950819672,0.0,0.0,0.0,0.0,0
2020,7,841,51,13,18.0,18.0,3,1,0.0,0.0,0.3442622950819672,0.0,0.0,0.0,0.0,0
2020,8,841,51,14,18.0,18.0,3,1,2.0,2.0,0.3442622950819672,0.0,0.0,0.0,0.0,0
2020,9,841,51,76,17.0,17.0,3,1,0.0,0.0,0.3442622950819672,0.0,0.0,0.0,0.0,0
2020,10,841,51,71,17.0,17.0,3,1,6.0,6.0,0.3442622950819672,0.0,0.0,0.0,0.0,0
2020,11,841,51,20,14.0,14.0,3,1,4.0,4.0,0.3442622950819672,0.0,0.0,0.2,0.2,0
2020,12,841,51,75,17.0,17.0,3,1,2.0,2.0,0.3442622950819672,0.0,0.0,0.2,0.2,0
2020,13,841,51,21,20.0,20.0,3,1,10.0,10.0,0.3442622950819672,0.0,0.0,0.4,0.4,0
2020,14,841,51,5,10.0,10.0,3,1,-10.0,-10.0,0.3442622950819672,0.0,0.0,0.4,0.4,0
2020,15,841,51,3,16.0,16.0,3,1,0.0,0.0,0.3442622950819672,0.0,0.0,0.4,0.4,0
2020,16,841,51,3,14.0,14.0,3,1,1.0,1.0,0.3442622950819672,0.0,0.0,0.2,0.2,0
2020,17,841,51,24,14.0,14.0,3,1,-2.0,-2.0,0.3442622950819672,0.0,0.0,0.2,0.2,0
2021,1,8,51,3,14.0,14.0,9,2,3.0,3.0,6.635897435897436,0.21025641025641026,0.0,0.0,0.0,0
2021,2,8,51,21,16.0,16.0,9,2,3.0,3.0,6.635897435897436,0.21025641025641026,0.0,0.0,0.0,0
2021,3,8,51,75,15.0,15.0,9,2,-5.0,-5.0,6.635897435897436,0.21025641025641026,0.0,0.0,0.0,0
2021,4,8,51,4,17.0,17.0,9,2,5.0,5.0,6.635897435897436,0.21025641025641026,0.0,0.0,0.0,0
2021,5,8,51,6,14.0,14.0,9,2,3.0,3.0,6.635897435897436,0.21025641025641026,0.0,0.0,0.0,0
2021,6,8,51,73,14.0,14.0,9,2,4.0,4.0,6.635897435897436,0.21025641025641026,0.0,0.2,0.2,0
2021,7,8,51,34,17.0,17.0,9,2,0.0,0.0,6.635897435897436,0.21025641025641026,0.0,0.2,0.2,0
2021,8,8,51,70,18.0,18.0,9,2,7.0,7.0,6.635897435897436,0.21025641025641026,0.0,0.2,0.2,0
2021,9,8,51,70,16.0,16.0,9,2,1.0,1.0,6.635897435897436,0.21025641025641026,0.0,0.2,0.2,0
2021,10,8,51,9,13.0,17.0,9,2,-2.0,2.0,6.635897435897436,0.21025641025641026,0.0,0.2,0.2,0
2021,11,8,51,11,13.0,13.0,9,2,3.0,3.0,6.635897435897436,0.21025641025641026,0.0,0.2,0.2,0
2021,12,8,51,13,0.0,19.0,9,2,-18.0,1.0,6.635897435897436,0.21025641025641026,0.0,0.2,0.2,0
2021,15,8,51,71,13.0,16.0,9,2,5.0,8.0,6.635897435897436,0.21025641025641026,0.0,1.0,1.0,0
2021,16,8,51,5,17.0,19.0,9,2,5.0,7.0,6.635897435897436,0.21025641025641026,0.0,1.0,1.0,0
2021,17,8,51,69,15.0,18.0,9,2,2.0,5.0,6.635897435897436,0.21025641025641026,0.0,1.0,1.0,0
2021,18,8,51,32,10.0,12.0,9,2,2.0,4.0,6.635897435897436,0.21025641025641026,0.0,1.6,1.6,0
2021,19,8,51,18,0.0,14.0,9,2,-12.0,2.0,6.635897435897436,0.21025641025641026,0.0,1.6,1.6,0
2021,20,8,51,78,16.0,16.0,9,2,2.0,2.0,6.635897435897436,0.21025641025641026,0.0,0.8,0.8,0
2021,21,8,51,77,12.0,12.0,9,2,-3.0,-3.0,6.635897435897436,0.21025641025641026,0.0,0.8,0.8,0
2021,22,8,51,24,18.0,18.0,9,2,-1.0,-1.0,6.635897435897436,0.21025641025641026,0.0,0.8,0.8,0
2021,13,9,51,39,16.0,18.0,11,2,1.0,3.0,3.261904761904762,0.07142857142857142,0.0,0.0,0.0,0
2021,14,9,51,14,17.0,19.0,11,2,3.0,5.0,3.261904761904762,0.07142857142857142,0.0,0.0,0.0,0
2021,1,841,51,3,12.0,12.0,4,2,0.0,0.0,0.3442622950819672,0.0,0.0,0.0,0.0,0
2021,2,841,51,21,17.0,17.0,4,2,3.0,3.0,0.3442622950819672,0.0,0.0,0.0,0.0,0
2021,3,841,51,75,12.0,12.0,4,2,0.0,0.0,0.3442622950819672,0.0,0.0,0.0,0.0,0
2021,4,841,51,4,14.0,14.0,4,2,-1.0,-1.0,0.3442622950819672,0.0,0.0,0.0,0.0,0
2021,5,841,51,6,10.0,10.0,4,2,0.0,0.0,0.3442622950819672,0.0,0.0,0.2,0.2,0
2021,6,841,51,73,20.0,20.0,4,2,9.0,9.0,0.3442622950819672,0.0,0.0,0.2,0.2,0
2021,7,841,51,34,13.0,13.0,4,2,-2.0,-2.0,0.3442622950819672,0.0,0.0,0.2,0.2,0
2021,8,841,51,70,15.0,15.0,4,2,0.0,0.0,0.3442622950819672,0.0,0.0,0.2,0.2,0
2021,9,841,51,70,15.0,15.0,4,2,1.0,1.0,0.3442622950819672,0.0,0.0,0.2,0.2,0
2021,10,841,51,9,15.0,14.0,4,2,2.0,1.0,0.3442622950819672,0.0,0.0,0.0,0.0,0
2021,11,841,51,11,0.0,14.0,4,2,-13.0,1.0,0.3442622950819672,0.0,0.0,0.0,0.0,0
2021,12,841,51,13,14.0,16.0,4,2,1.0,3.0,0.3442622950819672,0.0,0.0,0.0,0.0,0
2021,13,841,51,39,7.0,7.0,4,2,-7.0,-7.0,0.3442622950819672,0.0,0.0,0.0,0.0,0
2021,14,841,51,14,7.0,10.0,4,2,-6.0,-3.0,0.3442622950819672,0.0,0.0,0.0,0.0,0
2021,15,841,51,71,17.0,18.0,4,2,1.0,2.0,0.3442622950819672,0.0,0.0,0.0,0.0,0
2021,16,841,51,5,16.0,18.0,4,2,5.0,7.0,0.3442622950819672,0.0,0.0,0.0,0.0,0
2021,17,841,51,69,12.0,13.0,4,2,1.0,2.0,0.3442622950819672,0.0,0.0,0.0,0.0,0
2021,18,841,51,32,11.0,14.0,4,2,0.0,3.0,0.3442622950819672,0.0,0.0,0.0,0.0,0
2021,19,841,51,18,13.0,15.0,4,2,-1.0,1.0,0.3442622950819672,0.0,0.0,0.0,0.0,0
2021,20,841,51,78,18.0,18.0,4,2,3.0,3.0,0.3442622950819672,0.0,0.0,0.0,0.0,0
2021,21,841,51,77,10.0,10.0,4,2,1.0,1.0,0.3442622950819672,0.0,0.0,0.4,0.4,0
2021,22,841,51,24,14.0,14.0,4,2,-3.0,-3.0,0.3442622950819672,0.0,0.0,0.4,0.4,0
2022,1,822,51,3,6.0,6.0,9,3,0.0,0.0,6.930232558139535,0.2596899224806202,0.0,9.2,2.0,0
2022,2,822,51,77,8.0,8.0,9,3,-7.0,-7.0,6.930232558139535,0.2596899224806202,0.0,6.2,2.0,0
2022,3,822,51,1,12.0,12.0,9,3,4.0,4.0,6.930232558139535,0.2596899224806202,0.0,7.0,2.8,0
2022,4,822,51,21,7.0,8.0,9,3,2.0,3.0,6.930232558139535,0.2596899224806202,0.0,6.0,4.4,0
2022,5,822,51,79,5.0,5.0,9,3,-2.0,-2.0,6.930232558139535,0.2596899224806202,0.0,5.6,5.6,0
2022,6,822,51,4,7.0,7.0,9,3,1.0,1.0,6.930232558139535,0.2596899224806202,0.0,5.6,5.6,0
2022,7,822,51,6,12.0,12.0,9,3,3.0,3.0,6.930232558139535,0.2596899224806202,0.0,6.0,6.0,0
2022,8,822,51,73,15.0,15.0,9,3,4.0,4.0,6.930232558139535,0.2596899224806202,0.0,5.2,5.2,0
2022,9,822,51,7,11.0,11.0,9,3,4.0,4.0,6.930232558139535,0.2596899224806202,0.0,4.4,4.4,0
2022,10,822,51,9,12.0,12.0,9,3,-5.0,-5.0,6.930232558139535,0.2596899224806202,0.0,3.2,3.2,0
2022,11,822,51,70,0.0,12.0,9,3,-11.0,1.0,6.930232558139535,0.2596899224806202,0.0,1.6,1.6,0
2022,12,822,51,34,11.0,13.0,9,3,-3.0,-1.0,6.930232558139535,0.2596899224806202,0.0,1.2,1.2,0
2022,13,822,51,11,8.0,8.0,9,3,-12.0,-12.0,6.930232558139535,0.2596899224806202,0.0,1.2,1.2,0
2022,14,822,51,13,13.0,20.0,9,3,-6.0,1.0,6.930232558139535,0.2596899224806202,0.0,0.0,0.0,0
2022,15,822,51,39,16.0,16.0,9,3,-3.0,-3.0,6.930232558139535,0.2596899224806202,0.0,0.0,0.0,0
2022,16,822,51,14,15.0,12.0,9,3,2.0,-1.0,6.930232558139535,0.2596899224806202,0.0,0.0,0.0,0
2022,17,822,51,15,15.0,16.0,9,3,4.0,5.0,6.930232558139535,0.2596899224806202,0.0,0.0,0.0,0
2022,18,822,51,22,12.0,12.0,9,3,-3.0,-3.0,6.930232558139535,0.2596899224806202,0.0,0.0,0.0,0
2022,19,822,51,69,7.0,10.0,9,3,-12.0,-9.0,6.930232558139535,0.2596899224806202,0.0,0.0,0.0,0
2022,20,822,51,32,6.0,6.0,9,3,-4.0,-4.0,6.930232558139535,0.2596899224806202,0.0,0.2,0.2,0
2022,21,822,51,18,14.0,18.0,9,3,5.0,9.0,6.930232558139535,0.2596899224806202,0.0,0.6,0.6,0
2022,22,822,51,24,18.0,18.0,9,3,3.0,3.0,6.930232558139535,0.2596899224806202,0.0,0.6,0.6,0
2022,1,855,51,3,15.0,15.0,0,3,5.0,5.0,0.23529411764705882,0.0,0.0,1.0,0.8,0
2022,2,855,51,77,12.0,13.0,0,3,1.0,2.0,0.23529411764705882,0.0,0.0,0.5,0.8,0
2022,3,855,51,1,14.0,14.0,0,3,3.0,3.0,0.23529411764705882,0.0,0.0,0.3333333333333333,0.6,0
2022,4,855,51,21,0.0,14.0,0,3,-15.0,-1.0,0.23529411764705882,0.0,0.0,0.25,0.2,0
2022,5,855,51,79,17.0,17.0,0,3,-3.0,-3.0,0.23529411764705882,0.0,0.0,0.2,0.2,0
2022,6,855,51,4,15.0,15.0,0,3,-4.0,-4.0,0.23529411764705882,0.0,0.0,0.0,0.0,0
2022,7,855,51,6,20.0,20.0,0,3,4.0,4.0,0.23529411764705882,0.0,0.0,0.0,0.0,0
2022,8,855,51,73,14.0,14.0,0,3,-4.0,-4.0,0.23529411764705882,0.0,0.0,0.0,0.0,0
2022,9,855,51,7,10.0,10.0,0,3,2.0,2.0,0.23529411764705882,0.0,0.0,0.8,0.8,0
2022,10,855,51,9,9.0,9.0,0,3,-10.0,-10.0,0.23529411764705882,0.0,0.0,0.8,0.8,0
2022,11,855,51,70,13.0,18.0,0,3,-1.0,4.0,0.23529411764705882,0.0,0.0,0.8,0.8,0
2022,12,855,51,34,16.0,18.0,0,3,0.0,2.0,0.23529411764705882,0.0,0.0,0.8,0.8,0
2022,13,855,51,11,12.0,12.0,0,3,-1.0,-1.0,0.23529411764705882,0.0,0.0,0.8,0.8,0
2022,14,855,51,13,18.0,13.0,0,3,4.0,-1.0,0.23529411764705882,0.0,0.0,0.0,0.0,0
2022,15,855,51,39,14.0,14.0,0,3,-2.0,-2.0,0.23529411764705882,0.0,0.0,0.0,0.0,0
2022,16,855,51,14,9.0,14.0,0,3,-1.0,4.0,0.23529411764705882,0.0,0.0,0.2,0.2,0
2022,17,855,51,15,14.0,15.0,0,3,-6.0,-5.0,0.23529411764705882,0.0,0.0,0.2,0.2,0
2022,18,855,51,22,14.0,14.0,0,3,-2.0,-2.0,0.23529411764705882,0.0,0.0,0.2,0.2,0
2022,19,855,51,69,18.0,14.0,0,3,6.0,2.0,0.23529411764705882,0.0,0.0,0.2,0.2,0
2022,20,855,51,32,12.0,12.0,0,3,-1.0,-1.0,0.23529411764705882,0.0,0.0,0.2,0.2,0
2022,21,855,51,18,13.0,17.0,0,3,1.0,5.0,0.23529411764705882,0.0,0.0,0.0,0.0,0
2022,22,855,51,24,15.0,15.0,0,3,3.0,3.0,0.23529411764705882,0.0,0.0,0.0,0.0,0
2023,1,822,51,3,12.0,12.0,10,4,4.0,4.0,6.930232558139535,0.2596899224806202,0.0,1.4,0.8,0
2023,2,822,51,77,14.0,14.0,10,4,-4.0,-4.0,6.930232558139535,0.2596899224806202,0.0,1.4,0.8,0
2023,3,822,51,1,0.0,19.0,10,4,-11.0,8.0,6.930232558139535,0.2596899224806202,0.0,1.2,0.8,0
2023,4,822,51,73,13.0,14.0,10,4,-5.0,-4.0,6.930232558139535,0.2596899224806202,0.0,0.8,0.8,0
2023,5,822,51,79,10.0,10.0,10,4,-3.0,-3.0,6.930232558139535,0.2596899224806202,0.0,0.8,0.8,0
2023,6,822,51,6,15.0,15.0,10,4,4.0,4.0,6.930232558139535,0.2596899224806202,0.0,0.0,0.0,0
2023,7,822,51,4,16.0,16.0,10,4,-3.0,-3.0,6.930232558139535,0.2596899224806202,0.0,0.0,0.0,0
2023,8,822,51,7,14.0,15.0,10,4,4.0,5.0,6.930232558139535,0.2596899224806202,0.0,0.2,0.2,0
2023,9,822,51,70,14.0,14.0,10,4,-1.0,-1.0,6.930232558139535,0.2596899224806202,0.0,0.2,0.2,0
2023,10,822,51,9,20.0,15.0,10,4,8.0,3.0,6.930232558139535,0.2596899224806202,0.0,0.2,0.2,0
2023,11,822,51,11,7.0,7.0,10,4,-5.0,-5.0,6.930232558139535,0.2596899224806202,0.0,0.2,0.2,0
2023,12,822,51,13,13.0,14.0,10,4,1.0,2.0,6.930232558139535,0.2596899224806202,0.0,0.2,0.2,0
2023,13,822,51,39,18.0,19.0,10,4,4.0,5.0,6.930232558139535,0.2596899224806202,0.0,0.0,0.0,0
2023,14,822,51,14,14.0,14.0,10,4,4.0,4.0,6.930232558139535,0.2596899224806202,0.0,0.2,0.2,0
2023,15,822,51,15,16.0,16.0,10,4,-1.0,-1.0,6.930232558139535,0.2596899224806202,0.0,0.2,0.2,0
2023,16,822,51,22,16.0,16.0,10,4,-4.0,-4.0,6.930232558139535,0.2596899224806202,0.0,0.2,0.2,0
2023,17,822,51,78,9.0,9.0,10,4,1.0,1.0,6.930232558139535,0.2596899224806202,0.0,1.0,1.0,0
2023,18,822,51,69,13.0,13.0,10,4,1.0,1.0,6.930232558139535,0.2596899224806202,0.0,1.0,1.0,0
2023,19,822,51,32,9.0,9.0,10,4,-6.0,-6.0,6.930232558139535,0.2596899224806202,0.0,0.8,0.8,0
2023,20,822,51,18,18.0,18.0,10,4,2.0,2.0,6.930232558139535,0.2596899224806202,0.0,0.8,0.8,0
2023,21,822,51,80,7.0,8.0,10,4,-10.0,-9.0,6.930232558139535,0.2596899224806202,0.0,0.8,0.8,0
2023,22,822,51,24,18.0,18.0,10,4,-1.0,-1.0,6.930232558139535,0.2596899224806202,0.0,0.0,0.0,0
2023,1,855,51,3,13.0,13.0,1,4,-3.0,-3.0,0.23529411764705882,0.0,0.0,0.0,0.0,0
2023,2,855,51,77,11.0,12.0,1,4,-2.0,-1.0,0.23529411764705882,0.0,0.0,0.0,0.0,0
2023,3,855,51,1,17.0,17.0,1,4,8.0,8.0,0.23529411764705882,0.0,0.0,0.4,0.4,0
2023,4,855,51,73,15.0,16.0,1,4,-4.0,-3.0,0.23529411764705882,0.0,0.0,0.4,0.4,0
2023,5,855,51,79,14.0,14.0,1,4,-2.0,-2.0,0.23529411764705882,0.0,0.0,0.4,0.4,0
2023,6,855,51,6,19.0,19.0,1,4,6.0,6.0,0.23529411764705882,0.0,0.0,0.4,0.4,0
2023,7,855,51,4,13.0,13.0,1,4,4.0,4.0,0.23529411764705882,0.0,0.0,0.8,0.8,0
2023,8,855,51,7,20.0,20.0,1,4,4.0,4.0,0.23529411764705882,0.0,0.0,0.4,0.4,0
2023,9,855,51,70,17.0,17.0,1,4,5.0,5.0,0.23529411764705882,0.0,0.0,0.4,0.4,0
2023,10,855,51,9,17.0,18.0,1,4,2.0,3.0,0.23529411764705882,0.0,0.0,0.4,0.4,0
2023,11,855,51,11,5.0,5.0,1,4,-11.0,-11.0,0.23529411764705882,0.0,0.0,0.4,0.4,0
2023,12,855,51,13,17.0,17.0,1,4,4.0,4.0,0.23529411764705882,0.0,0.0,0.0,0.0,0
2023,13,855,51,39,15.0,16.0,1,4,-3.0,-2.0,0.23529411764705882,0.0,0.0,0.0,0.0,0
2023,14,855,51,14,16.0,16.0,1,4,2.0,2.0,0.23529411764705882,0.0,0.0,0.0,0.0,0
2023,15,855,51,15,0.0,19.0,1,4,-12.0,7.0,0.23529411764705882,0.0,0.0,0.0,0.0,0
2023,16,855,51,22,19.0,19.0,1,4,6.0,6.0,0.23529411764705882,0.0,0.0,0.0,0.0,0
2023,17,855,51,78,19.0,20.0,1,4,10.0,11.0,0.23529411764705882,0.0,0.0,0.4,0.4,0
2023,18,855,51,69,12.0,12.0,1,4,-1.0,-1.0,0.23529411764705882,0.0,0.0,0.4,0.4,0
2023,19,855,51,32,10.0,10.0,1,4,-4.0,-4.0,0.23529411764705882,0.0,0.0,0.4,0.4,0
2023,20,855,51,18,20.0,20.0,1,4,3.0,3.0,0.23529411764705882,0.0,0.0,0.4,0.4,0
2023,21,855,51,80,17.0,18.0,1,4,2.0,3.0,0.23529411764705882,0.0,0.0,0.4,0.4,0
2023,22,855,51,24,19.0,19.0,1,4,2.0,2.0,0.23529411764705882,0.0,0.0,0.0,0.0,0
2021,1,20,117,3,20.0,18.0,11,0,5.0,3.0,11.58203125,0.44140625,0.036585365853658534,3.0,0.0,0
2021,2,20,117,21,0.0,13.0,11,0,-15.0,-2.0,11.58203125,0.44140625,0.036585365853658534,0.0,0.0,0
2021,3,20,117,75,10.0,10.0,11,0,-3.0,-3.0,11.58203125,0.44140625,0.036585365853658534,0.0,0.0,0
2021,4,20,117,4,13.0,13.0,11,0,0.0,0.0,11.58203125,0.44140625,0.036585365853658534,0.0,0.0,0
2021,5,20,117,6,8.0,8.0,11,0,3.0,3.0,11.58203125,0.44140625,0.036585365853658534,2.0,2.0,0
2021,6,20,117,73,11.0,11.0,11,0,9.0,9.0,11.58203125,0.44140625,0.036585365853658534,5.6,5.6,1
2021,7,20,117,34,12.0,12.0,11,0,3.0,3.0,11.58203125,0.44140625,0.036585365853658534,6.0,6.0,0
2021,8,20,117,70,14.0,14.0,11,0,2.0,2.0,11.58203125,0.44140625,0.036585365853658534,6.0,6.0,0
2021,9,20,117,70,11.0,8.0,11,0,-6.0,-9.0,11.58203125,0.44140625,0.036585365853658534,6.0,6.0,0
2021,10,20,117,9,8.0,10.0,11,0,-11.0,-9.0,11.58203125,0.44140625,0.036585365853658534,4.0,4.0,0
2021,11,20,117,11,10.0,10.0,11,0,-10.0,-10.0,11.58203125,0.44140625,0.036585365853658534,0.4,0.4,0
2021,12,20,117,13,5.0,5.0,11,0,0.0,0.0,11.58203125,0.44140625,0.036585365853658534,1.0,1.0,0
2021,13,20,117,39,15.0,17.0,11,0,2.0,4.0,11.58203125,0.44140625,0.036585365853658534,1.0,1.0,0
2021,14,20,117,14,11.0,11.0,11,0,-1.0,-1.0,11.58203125,0.44140625,0.036585365853658534,1.0,1.0,0
2021,15,20,117,71,10.0,11.0,11,0,-2.0,-1.0,11.58203125,0.44140625,0.036585365853658534,1.0,1.0,0
2021,16,20,117,5,10.0,11.0,11,0,-8.0,-7.0,11.58203125,0.44140625,0.036585365853658534,1.0,1.0,0
2021,17,20,117,69,18.0,12.0,11,0,8.0,2.0,11.58203125,0.44140625,0.036585365853658534,0.2,0.2,0
2021,18,20,117,32,9.0,11.0,11,0,2.0,4.0,11.58203125,0.44140625,0.036585365853658534,1.4,1.4,0
2021,19,20,117,18,9.0,12.0,11,0,-2.0,1.0,11.58203125,0.44140625,0.036585365853658534,1.4,1.4,0
2021,20,20,117,78,10.0,10.0,11,0,0.0,0.0,11.58203125,0.44140625,0.036585365853658534,1.6,1.6,0
2021,21,20,117,77,17.0,17.0,11,0,1.0,1.0,11.58203125,0.44140625,0.036585365853658534,1.6,1.6,0
2021,22,20,117,24,15.0,15.0,11,0,4.0,4.0,11.58203125,0.44140625,0.036585365853658534,1.4,1.4,0
2021,1,840,117,3,10.0,10.0,4,0,0.0,0.0,1.575,0.015,0.036585365853658534,3.8,0.4,0
2021,2,840,117,21,10.0,10.0,4,0,2.0,2.0,1.575,0.015,0.036585365853658534,4.2,1.2,0
2021,3,840,117,75,17.0,17.0,4,0,3.0,3.0,1.575,0.015,0.036585365853658534,4.2,1.0,0
2021,4,840,117,4,11.0,11.0,4,0,0.0,0.0,1.575,0.015,0.036585365853658534,1.2,1.0,0
2021,5,840,117,6,13.0,13.0,4,0,5.0,5.0,1.575,0.015,0.036585365853658534,1.8,1.8,0
2021,6,840,117,73,19.0,19.0,4,0,0.0,0.0,1.575,0.015,0.036585365853658534,1.6,1.6,0
2021,7,840,117,34,19.0,19.0,4,0,9.0,9.0,1.575,0.015,0.036585365853658534,1.0,1.0,0
2021,8,840,117,70,9.0,10.0,4,0,1.0,2.0,1.575,0.015,0.036585365853658534,1.8,1.8,0
2021,9,840,117,70,9.0,10.0,4,0,-4.0,-3.0,1.575,0.015,0.036585365853658534,1.8,1.8,0
2021,10,840,117,9,14.0,15.0,4,0,6.0,7.0,1.575,0.015,0.036585365853658534,1.8,1.8,0
2021,11,840,117,11,12.0,12.0,4,0,-7.0,-7.0,1.575,0.015,0.036585365853658534,1.8,1.8,0
2021,12,840,117,13,19.0,15.0,4,0,-1.0,-5.0,1.575,0.015,0.036585365853658534,1.6,1.6,0
2021,13,840,117,39,12.0,12.0,4,0,0.0,0.0,1.575,0.015,0.036585365853658534,0.8,0.8,0
2021,14,840,117,14,9.0,12.0,4,0,2.0,5.0,1.575,0.015,0.036585365853658534,2.0,2.0,0
2021,15,840,117,71,7.0,8.0,4,0,-4.0,-3.0,1.575,0.015,0.036585365853658534,1.2,1.2,0
2021,16,840,117,5,8.0,9.0,4,0,-1.0,0.0,1.575,0.015,0.036585365853658534,1.6,1.6,0
2021,17,840,117,69,13.0,16.0,4,0,1.0,4.0,1.575,0.015,0.036585365853658534,1.6,1.6,0
2021,18,840,117,32,20.0,20.0,4,0,6.0,6.0,1.575,0.015,0.036585365853658534,1.6,1.6,0
2021,19,840,117,18,14.0,16.0,4,0,-6.0,-4.0,1.575,0.015,0.036585365853658534,0.4,0.4,0
2021,20,840,117,78,12.0,12.0,4,0,6.0,6.0,1.575,0.015,0.036585365853658534,2.0,2.0,0
2021,21,840,117,77,18.0,18.0,4,0,7.0,7.0,1.575,0.015,0.036585365853658534,1.6,1.6,0
2021,22,840,117,24,13.0,13.0,4,0,0.0,0.0,1.575,0.015,0.036585365853658534,1.6,1.6,0
2022,3,20,117,1,17.0,18.0,12,1,-2.0,-1.0,11.58203125,0.44140625,0.036585365853658534,0.2,1.6,0
2022,4,20,117,21,13.0,9.0,12,1,5.0,1.0,11.58203125,0.44140625,0.036585365853658534,1.0,2.4,0
2022,5,20,117,79,0.0,13.0,12,1,-17.0,-4.0,11.58203125,0.44140625,0.036585365853658534,0.8,0.8,0
2022,6,20,117,4,16.0,16.0,12,1,5.0,5.0,11.58203125,0.44140625,0.036585365853658534,0.8,0.8,0
2022,7,20,117,6,9.0,9.0,12,1,-1.0,-1.0,11.58203125,0.44140625,0.036585365853658534,1.0,1.0,0
2022,8,20,117,73,9.0,9.0,12,1,3.0,3.0,11.58203125,0.44140625,0.036585365853658534,2.6,2.6,0
2022,9,20,117,7,16.0,17.0,12,1,4.0,5.0,11.58203125,0.44140625,0.036585365853658534,1.8,1.8,0
2022,10,20,117,9,18.0,18.0,12,1,9.0,9.0,11.58203125,0.44140625,0.036585365853658534,2.2,2.2,0
2022,11,20,117,70,18.0,20.0,12,1,1.0,3.0,11.58203125,0.44140625,0.036585365853658534,2.2,2.2,0
2022,12,20,117,34,12.0,14.0,12,1,1.0,3.0,11.58203125,0.44140625,0.036585365853658534,2.0,2.0,0
2022,13,20,117,11,18.0,18.0,12,1,8.0,8.0,11.58203125,0.44140625,0.036585365853658534,0.6,0.6,0
2022,14,20,117,13,10.0,16.0,12,1,2.0,8.0,11.58203125,0.44140625,0.036585365853658534,1.4,1.4,0
2022,15,20,117,39,19.0,19.0,12,1,5.0,5.0,11.58203125,0.44140625,0.036585365853658534,1.0,1.0,0
2022,16,20,117,14,11.0,17.0,12,1,-9.0,-3.0,11.58203125,0.44140625,0.036585365853658534,1.0,1.0,0
2022,17,20,117,15,13.0,14.0,12,1,5.0,6.0,11.58203125,0.44140625,0.036585365853658534,1.8,1.8,0
2022,18,20,117,22,9.0,9.0,12,1,3.0,3.0,11.58203125,0.44140625,0.036585365853658534,3.2,3.2,0
2022,19,20,117,69,10.0,12.0,12,1,2.0,4.0,11.58203125,0.44140625,0.036585365853658534,3.2,3.2,0
2022,20,20,117,32,16.0,17.0,12,1,2.0,3.0,11.58203125,0.44140625,0.036585365853658534,3.2,3.2,0
2022,21,20,117,18,9.0,13.0,12,1,-2.0,2.0,11.58203125,0.44140625,0.036585365853658534,3.2,3.2,0
2022,22,20,117,24,9.0,9.0,12,1,-1.0,-1.0,11.58203125,0.44140625,0.036585365853658534,2.6,2.6,0
2022,1,807,117,3,17.0,17.0,12,1,0.0,0.0,2.3422053231939164,0.0038022813688212928,0.036585365853658534,2.0,1.0,0
2022,2,807,117,77,17.0,18.0,12,1,5.0,6.0,2.3422053231939164,0.0038022813688212928,0.036585365853658534,2.0,0.2,0
2022,1,840,117,3,19.0,19.0,5,1,7.0,7.0,1.575,0.015,0.036585365853658534,1.6,0.2,0
2022,2,840,117,77,13.0,15.0,5,1,0.0,2.0,1.575,0.015,0.036585365853658534,1.6,0.2,0
2022,3,840,117,1,19.0,20.0,5,1,7.0,8.0,1.575,0.015,0.036585365853658534,0.0,0.0,0
2022,4,840,117,21,15.0,15.0,5,1,5.0,5.0,1.575,0.015,0.036585365853658534,0.2,0.2,0
2022,5,840,117,79,0.0,10.0,5,1,-10.0,0.0,1.575,0.015,0.036585365853658534,0.4,0.4,0
2022,6,840,117,4,17.0,18.0,5,1,2.0,3.0,1.575,0.015,0.036585365853658534,0.4,0.4,0
2022,7,840,117,6,18.0,18.0,5,1,4.0,4.0,1.575,0.015,0.036585365853658534,0.4,0.4,0
2022,8,840,117,73,19.0,19.0,5,1,3.0,3.0,1.575,0.015,0.036585365853658534,0.4,0.4,0
2022,9,840,117,7,17.0,18.0,5,1,7.0,8.0,1.575,0.015,0.036585365853658534,0.4,0.4,0
2022,10,840,117,9,20.0,20.0,5,1,9.0,9.0,1.575,0.015,0.036585365853658534,0.2,0.2,0
2022,11,840,117,70,12.0,17.0,5,1,-1.0,4.0,1.575,0.015,0.036585365853658534,0.2,0.2,0
2022,12,840,117,34,15.0,17.0,5,1,5.0,7.0,1.575,0.015,0.036585365853658534,0.4,0.4,0
2022,13,840,117,11,14.0,14.0,5,1,3.0,3.0,1.575,0.015,0.036585365853658534,0.4,0.4,0
2022,14,840,117,13,9.0,14.0,5,1,-2.0,3.0,1.575,0.015,0.036585365853658534,0.2,0.2,0
2022,15,840,117,39,10.0,10.0,5,1,0.0,0.0,1.575,0.015,0.036585365853658534,0.4,0.4,0
2022,16,840,117,14,12.0,18.0,5,1,-6.0,0.0,1.575,0.015,0.036585365853658534,0.4,0.4,0
2022,17,840,117,15,11.0,12.0,5,1,5.0,6.0,1.575,0.015,0.036585365853658534,1.8,1.8,0
2022,18,840,117,22,19.0,19.0,5,1,7.0,7.0,1.575,0.015,0.036585365853658534,1.8,1.8,0
2022,19,840,117,69,5.0,7.0,5,1,-13.0,-11.0,1.575,0.015,0.036585365853658534,1.8,1.8,0
2022,20,840,117,32,20.0,18.0,5,1,5.0,3.0,1.575,0.015,0.036585365853658534,1.6,1.6,0
2022,21,840,117,18,15.0,15.0,5,1,5.0,5.0,1.575,0.015,0.036585365853658534,1.8,1.8,0
2022,22,840,117,24,14.0,14.0,5,1,6.0,6.0,1.575,0.015,0.036585365853658534,1.0,1.0,0
2023,1,4,117,3,5.0,5.0,13,2,2.0,2.0,6.033670033670034,0.17845117845117844,0.036585365853658534,6.2,4.0,1
2023,2,4,117,77,2.0,3.0,13,2,-1.0,0.0,6.033670033670034,0.17845117845117844,0.036585365853658534,8.0,7.0,1
2023,3,4,117,1,4.0,4.0,13,2,1.0,1.0,6.033670033670034,0.17845117845117844,0.036585365853658534,11.0,10.0,1
2023,4,4,117,73,6.0,6.0,13,2,2.0,2.0,6.033670033670034,0.17845117845117844,0.036585365853658534,11.4,12.2,0
2023,5,4,117,79,2.0,2.0,13,2,-1.0,-1.0,6.033670033670034,0.17845117845117844,0.036585365853658534,14.4,14.4,1
2023,6,4,117,6,2.0,2.0,13,2,0.0,0.0,6.033670033670034,0.17845117845117844,0.036585365853658534,15.0,15.0,1
2023,7,4,117,4,8.0,9.0,13,2,1.0,2.0,6.033670033670034,0.17845117845117844,0.036585365853658534,13.2,13.2,0
2023,8,4,117,7,2.0,3.0,13,2,0.0,1.0,6.033670033670034,0.17845117845117844,0.036585365853658534,13.8,13.8,1
2023,9,4,117,70,7.0,7.0,13,2,2.0,2.0,6.033670033670034,0.17845117845117844,0.036585365853658534,13.4,13.4,0
2023,10,4,117,9,9.0,9.0,13,2,2.0,2.0,6.033670033670034,0.17845117845117844,0.036585365853658534,11.6,11.6,0
2023,11,4,117,11,8.0,8.0,13,2,-1.0,-1.0,6.033670033670034,0.17845117845117844,0.036585365853658534,8.4,8.4,0
2023,12,4,117,13,9.0,9.0,13,2,4.0,4.0,6.033670033670034,0.17845117845117844,0.036585365853658534,9.2,9.2,0
2023,13,4,117,39,5.0,5.0,13,2,3.0,3.0,6.033670033670034,0.17845117845117844,0.036585365853658534,9.4,9.4,1
2023,14,4,117,14,10.0,10.0,13,2,1.0,1.0,6.033670033670034,0.17845117845117844,0.036585365853658534,7.8,7.8,0
2023,15,4,117,15,7.0,7.0,13,2,-8.0,-8.0,6.033670033670034,0.17845117845117844,0.036585365853658534,6.6,6.6,0
2023,16,4,117,22,10.0,10.0,13,2,2.0,2.0,6.033670033670034,0.17845117845117844,0.036585365853658534,7.0,7.0,0
2023,17,4,117,78,4.0,4.0,13,2,-2.0,-2.0,6.033670033670034,0.17845117845117844,0.036585365853658534,6.6,6.6,0
2023,18,4,117,69,0.0,17.0,13,2,-16.0,1.0,6.033670033670034,0.17845117845117844,0.036585365853658534,2.8,2.8,0
2023,19,4,117,32,13.0,13.0,13,2,-5.0,-5.0,6.033670033670034,0.17845117845117844,0.036585365853658534,2.4,2.4,0
2023,20,4,117,18,4.0,4.0,13,2,1.0,1.0,6.033670033670034,0.17845117845117844,0.036585365853658534,5.4,5.4,1
2023,21,4,117,80,9.0,10.0,13,2,0.0,1.0,6.033670033670034,0.17845117845117844,0.036585365853658534,5.0,5.0,0
2023,22,4,117,24,7.0,7.0,13,2,0.0,0.0,6.033670033670034,0.17845117845117844,0.036585365853658534,4.6,4.6,0
2023,1,840,117,3,8.0,8.0,6,2,2.0,2.0,1.575,0.015,0.036585365853658534,2.6,6.2,0
2023,2,840,117,77,5.0,6.0,6,2,-15.0,-14.0,1.575,0.015,0.036585365853658534,2.6,6.2,0
2023,3,840,117,1,6.0,6.0,6,2,2.0,2.0,1.575,0.015,0.036585365853658534,5.0,5.6,0
2023,4,840,117,73,9.0,9.0,6,2,2.0,2.0,1.575,0.015,0.036585365853658534,6.0,6.4,0
2023,5,840,117,79,18.0,18.0,6,2,6.0,6.0,1.575,0.015,0.036585365853658534,5.2,5.2,0
2023,6,840,117,6,14.0,14.0,6,2,-6.0,-6.0,1.575,0.015,0.036585365853658534,3.6,3.6,0
2023,7,840,117,4,5.0,6.0,6,2,-1.0,0.0,1.575,0.015,0.036585365853658534,5.2,5.2,0
2023,8,840,117,7,16.0,13.0,6,2,7.0,4.0,1.575,0.015,0.036585365853658534,3.2,3.2,0
2023,9,840,117,70,6.0,6.0,6,2,-3.0,-3.0,1.575,0.015,0.036585365853658534,2.4,2.4,0
2023,10,840,117,9,12.0,12.0,6,2,-2.0,-2.0,1.575,0.015,0.036585365853658534,2.4,2.4,0
2023,11,840,117,11,14.0,14.0,6,2,4.0,4.0,1.575,0.015,0.036585365853658534,2.6,2.6,0
2023,12,840,117,13,10.0,10.0,6,2,1.0,1.0,1.575,0.015,0.036585365853658534,1.4,1.4,0
2023,13,840,117,39,11.0,11.0,6,2,0.0,0.0,1.575,0.015,0.036585365853658534,1.0,1.0,0
2023,14,840,117,14,20.0,20.0,6,2,4.0,4.0,1.575,0.015,0.036585365853658534,0.6,0.6,0
2023,15,840,117,15,0.0,20.0,6,2,-20.0,0.0,1.575,0.015,0.036585365853658534,0.6,0.6,0
2023,16,840,117,22,17.0,17.0,6,2,-1.0,-1.0,1.575,0.015,0.036585365853658534,0.4,0.4,0
2023,17,840,117,78,16.0,17.0,6,2,5.0,6.0,1.575,0.015,0.036585365853658534,0.0,0.0,0
2023,18,840,117,69,0.0,19.0,6,2,-7.0,12.0,1.575,0.015,0.036585365853658534,1.2,1.2,0
2023,19,840,117,32,0.0,18.0,6,2,-17.0,1.0,1.575,0.015,0.036585365853658534,1.2,1.2,0
2023,20,840,117,18,3.0,3.0,6,2,-2.0,-2.0,1.575,0.015,0.036585365853658534,3.2,3.2,0
2023,21,840,117,80,19.0,14.0,6,2,14.0,9.0,1.575,0.015,0.036585365853658534,5.2,5.2,0
2023,22,840,117,24,13.0,13.0,6,2,3.0,3.0,1.575,0.015,0.036585365853658534,5.4,5.4,0
2024,1,4,117,3,6.0,6.0,14,3,-3.0,-3.0,6.033670033670034,0.17845117845117844,0.036585365853658534,5.0,4.6,0
2024,2,4,117,77,4.0,4.0,14,3,-1.0,-1.0,6.033670033670034,0.17845117845117844,0.036585365853658534,7.0,6.6,0
2024,3,4,117,1,10.0,10.0,14,3,2.0,2.0,6.033670033670034,0.17845117845117844,0.036585365853658534,4.8,5.4,0
2024,4,4,117,22,5.0,5.0,14,3,-1.0,-1.0,6.033670033670034,0.17845117845117844,0.036585365853658534,6.0,5.0,0
2024,5,4,117,17,3.0,3.0,14,3,-4.0,-4.0,6.033670033670034,0.17845117845117844,0.036585365853658534,6.2,6.2,0
2024,6,4,117,79,15.0,15.0,14,3,6.0,6.0,6.033670033670034,0.17845117845117844,0.036585365853658534,6.2,6.2,0
2024,7,4,117,21,20.0,19.0,14,3,1.0,0.0,6.033670033670034,0.17845117845117844,0.036585365853658534,4.2,4.2,0
2024,8,4,117,6,14.0,16.0,14,3,3.0,5.0,6.033670033670034,0.17845117845117844,0.036585365853658534,3.4,3.4,0
2024,9,4,117,7,6.0,6.0,14,3,0.0,0.0,6.033670033670034,0.17845117845117844,0.036585365853658534,3.4,3.4,0
2024,10,4,117,4,10.0,11.0,14,3,-2.0,-1.0,6.033670033670034,0.17845117845117844,0.036585365853658534,2.0,2.0,0
2024,11,4,117,70,15.0,15.0,14,3,-3.0,-3.0,6.033670033670034,0.17845117845117844,0.036585365853658534,1.6,1.6,0
2024,12,4,117,9,10.0,10.0,14,3,2.0,2.0,6.033670033670034,0.17845117845117844,0.036585365853658534,2.4,2.4,0
2024,13,4,117,11,7.0,7.0,14,3,-4.0,-4.0,6.033670033670034,0.17845117845117844,0.036585365853658534,2.4,2.4,0
2024,14,4,117,13,8.0,9.0,14,3,0.0,1.0,6.033670033670034,0.17845117845117844,0.036585365853658534,1.6,1.6,0
2024,15,4,117,39,7.0,7.0,14,3,-3.0,-3.0,6.033670033670034,0.17845117845117844,0.036585365853658534,1.8,1.8,0
2024,16,4,117,14,11.0,11.0,14,3,0.0,0.0,6.033670033670034,0.17845117845117844,0.036585365853658534,1.8,1.8,0
2024,17,4,117,73,7.0,8.0,14,3,1.0,2.0,6.033670033670034,0.17845117845117844,0.036585365853658534,2.6,2.6,0
2024,18,4,117,15,7.0,7.0,14,3,-1.0,-1.0,6.033670033670034,0.17845117845117844,0.036585365853658534,3.4,3.4,0
2024,19,4,117,69,7.0,8.0,14,3,-6.0,-5.0,6.033670033670034,0.17845117845117844,0.036585365853658534,2.6,2.6,0
2024,20,4,117,32,13.0,13.0,14,3,-5.0,-5.0,6.033670033670034,0.17845117845117844,0.036585365853658534,2.4,2.4,0
2024,21,4,117,18,9.0,9.0,14,3,-5.0,-5.0,6.033670033670034,0.17845117845117844,0.036585365853658534,2.4,2.4,0
2024,22,4,117,80,16.0,17.0,14,3,5.0,6.0,6.033670033670034,0.17845117845117844,0.036585365853658534,0.8,0.8,0
2024,23,4,117,78,8.0,8.0,14,3,1.0,1.0,6.033670033670034,0.17845117845117844,0.036585365853658534,1.2,1.2,0
2024,24,4,117,24,8.0,8.0,14,3,-1.0,-1.0,6.033670033670034,0.17845117845117844,0.036585365853658534,1.6,1.6,0
2024,1,840,117,3,12.0,12.0,7,3,2.0,2.0,1.575,0.015,0.036585365853658534,4.4,1.8,0
2024,2,840,117,77,10.0,10.0,7,3,-9.0,-9.0,1.575,0.015,0.036585365853658534,4.4,1.8,0
2024,3,840,117,1,9.0,9.0,7,3,3.0,3.0,1.575,0.015,0.036585365853658534,4.0,3.4,0
2024,4,840,117,22,16.0,16.0,7,3,4.0,4.0,1.575,0.015,0.036585365853658534,2.0,2.2,0
2024,5,840,117,17,11.0,11.0,7,3,-4.0,-4.0,1.575,0.015,0.036585365853658534,1.8,1.8,0
2024,6,840,117,79,11.0,11.0,7,3,-6.0,-6.0,1.575,0.015,0.036585365853658534,1.6,1.6,0
2024,7,840,117,21,13.0,13.0,7,3,4.0,4.0,1.575,0.015,0.036585365853658534,2.0,2.0,0
2024,8,840,117,6,13.0,14.0,7,3,-1.0,0.0,1.575,0.015,0.036585365853658534,0.4,0.4,0
2024,9,840,117,7,9.0,9.0,7,3,2.0,2.0,1.575,0.015,0.036585365853658534,1.6,1.6,0
2024,10,840,117,4,14.0,14.0,7,3,0.0,0.0,1.575,0.015,0.036585365853658534,1.6,1.6,0
2024,11,840,117,70,17.0,17.0,7,3,4.0,4.0,1.575,0.015,0.036585365853658534,1.6,1.6,0
2024,12,840,117,9,8.0,8.0,7,3,1.0,1.0,1.575,0.015,0.036585365853658534,2.4,2.4,0
2024,13,840,117,11,8.0,8.0,7,3,-2.0,-2.0,1.575,0.015,0.036585365853658534,2.6,2.6,0
2024,14,840,117,13,15.0,15.0,7,3,4.0,4.0,1.575,0.015,0.036585365853658534,1.4,1.4,0
2024,15,840,117,39,8.0,8.0,7,3,-5.0,-5.0,1.575,0.015,0.036585365853658534,1.4,1.4,0
2024,16,840,117,14,17.0,17.0,7,3,-2.0,-2.0,1.575,0.015,0.036585365853658534,1.4,1.4,0
2024,17,840,117,73,13.0,14.0,7,3,-6.0,-5.0,1.575,0.015,0.036585365853658534,0.2,0.2,0
2024,18,840,117,15,17.0,17.0,7,3,3.0,3.0,1.575,0.015,0.036585365853658534,0.0,0.0,0
2024,19,840,117,69,13.0,14.0,7,3,-2.0,-1.0,1.575,0.015,0.036585365853658534,0.0,0.0,0
2024,20,840,117,32,14.0,14.0,7,3,3.0,3.0,1.575,0.015,0.036585365853658534,0.0,0.0,0
2024,21,840,117,18,10.0,10.0,7,3,-9.0,-9.0,1.575,0.015,0.036585365853658534,0.0,0.0,0
2024,22,840,117,80,18.0,20.0,7,3,3.0,5.0,1.575,0.015,0.036585365853658534,0.0,0.0,0
2024,23,840,117,78,15.0,15.0,7,3,-3.0,-3.0,1.575,0.015,0.036585365853658534,0.0,0.0,0
2024,24,840,117,24,13.0,13.0,7,3,-1.0,-1.0,1.575,0.015,0.036585365853658534,0.0,0.0,0
2025,1,4,117,1,12.0,12.0,15,4,-5.0,-5.0,6.033670033670034,0.17845117845117844,0.036585365853658534,1.6,0.0,0
2025,2,4,117,17,13.0,13.0,15,4,-4.0,-4.0,6.033670033670034,0.17845117845117844,0.036585365853658534,1.6,0.0,0
2025,3,4,117,22,12.0,13.0,15,4,1.0,2.0,6.033670033670034,0.17845117845117844,0.036585365853658534,1.6,0.0,0
2025,4,4,117,3,13.0,13.0,15,4,-2.0,-2.0,6.033670033670034,0.17845117845117844,0.036585365853658534,0.4,0.0,0
2025,5,4,117,77,13.0,13.0,15,4,2.0,2.0,6.033670033670034,0.17845117845117844,0.036585365853658534,0.0,0.0,0
2025,6,4,117,79,17.0,17.0,15,4,2.0,2.0,6.033670033670034,0.17845117845117844,0.036585365853658534,0.0,0.0,0
2025,7,4,117,21,5.0,5.0,15,4,-6.0,-6.0,6.033670033670034,0.17845117845117844,0.036585365853658534,0.0,0.0,0
2025,8,4,117,6,6.0,7.0,15,4,-13.0,-12.0,6.033670033670034,0.17845117845117844,0.036585365853658534,0.0,0.0,0
2025,9,4,117,4,10.0,10.0,15,4,1.0,1.0,6.033670033670034,0.17845117845117844,0.036585365853658534,0.4,0.4,0
2025,10,4,117,7,6.0,6.0,15,4,-1.0,-1.0,6.033670033670034,0.17845117845117844,0.036585365853658534,1.6,1.6,0
2025,11,4,117,70,11.0,11.0,15,4,4.0,4.0,6.033670033670034,0.17845117845117844,0.036585365853658534,2.8,2.8,0
2025,12,4,117,9,7.0,9.0,15,4,-2.0,0.0,6.033670033670034,0.17845117845117844,0.036585365853658534,3.2,3.2,0
2025,13,4,117,13,20.0,19.0,15,4,3.0,2.0,6.033670033670034,0.17845117845117844,0.036585365853658534,3.2,3.2,0
2025,14,4,117,11,5.0,5.0,15,4,0.0,0.0,6.033670033670034,0.17845117845117844,0.036585365853658534,4.8,4.8,0
2025,15,4,117,39,10.0,10.0,15,4,2.0,2.0,6.033670033670034,0.17845117845117844,0.036585365853658534,4.4,4.4,0
2025,16,4,117,14,8.0,9.0,15,4,-11.0,-10.0,6.033670033670034,0.17845117845117844,0.036585365853658534,3.2,3.2,0
2025,17,4,117,73,11.0,11.0,15,4,-4.0,-4.0,6.033670033670034,0.17845117845117844,0.036585365853658534,2.8,2.8,0
2025,18,4,117,15,10.0,10.0,15,4,3.0,3.0,6.033670033670034,0.17845117845117844,0.036585365853658534,4.0,4.0,0
2025,19,4,117,69,10.0,10.0,15,4,0.0,0.0,6.033670033670034,0.17845117845117844,0.036585365853658534,2.2,2.2,0
2025,20,4,117,32,14.0,14.0,15,4,-4.0,-4.0,6.033670033670034,0.17845117845117844,0.036585365853658534,1.4,1.4,0
2025,21,4,117,18,11.0,11.0,15,4,-3.0,-3.0,6.033670033670034,0.17845117845117844,0.036585365853658534,1.4,1.4,0
2025,22,4,117,80,7.0,7.0,15,4,-4.0,-4.0,6.033670033670034,0.17845117845117844,0.036585365853658534,1.4,1.4,0
2025,24,4,117,24,6.0,6.0,15,4,0.0,0.0,6.033670033670034,0.17845117845117844,0.036585365853658534,1.8,1.8,0
2025,1,840,117,1,13.0,13.0,8,4,7.0,7.0,1.575,0.015,0.036585365853658534,1.6,3.2,0
2025,2,840,117,17,14.0,14.0,8,4,5.0,5.0,1.575,0.015,0.036585365853658534,2.0,3.6,0
2025,3,840,117,22,20.0,20.0,8,4,0.0,0.0,1.575,0.015,0.036585365853658534,2.0,3.6,0
2025,4,840,117,3,19.0,19.0,8,4,2.0,2.0,1.575,0.015,0.036585365853658534,2.0,3.6,0
2025,5,840,117,77,16.0,16.0,8,4,0.0,0.0,1.575,0.015,0.036585365853658534,2.0,2.0,0
2025,6,840,117,79,18.0,19.0,8,4,2.0,3.0,1.575,0.015,0.036585365853658534,0.4,0.4,0
2025,7,840,117,21,8.0,8.0,8,4,-7.0,-7.0,1.575,0.015,0.036585365853658534,0.0,0.0,0
2025,8,840,117,6,19.0,19.0,8,4,4.0,4.0,1.575,0.015,0.036585365853658534,0.0,0.0,0
2025,10,840,117,7,17.0,18.0,8,4,0.0,1.0,1.575,0.015,0.036585365853658534,0.0,0.0,0
2025,11,840,117,70,16.0,16.0,8,4,2.0,2.0,1.575,0.015,0.036585365853658534,0.0,0.0,0
2025,12,840,117,9,17.0,18.0,8,4,10.0,11.0,1.575,0.015,0.036585365853658534,1.2,1.2,0
2025,13,840,117,13,16.0,20.0,8,4,2.0,6.0,1.575,0.015,0.036585365853658534,1.2,1.2,0
2025,14,840,117,11,6.0,6.0,8,4,-1.0,-1.0,1.575,0.015,0.036585365853658534,2.4,2.4,0
2025,15,840,117,39,19.0,20.0,8,4,12.0,13.0,1.575,0.015,0.036585365853658534,3.6,3.6,0
2025,16,840,117,14,16.0,17.0,8,4,-2.0,-1.0,1.575,0.015,0.036585365853658534,3.6,3.6,0
2025,17,840,117,73,14.0,14.0,8,4,-3.0,-3.0,1.575,0.015,0.036585365853658534,2.4,2.4,0
2025,18,840,117,15,15.0,15.0,8,4,2.0,2.0,1.575,0.015,0.036585365853658534,2.4,2.4,0
2025,19,840,117,69,19.0,18.0,8,4,7.0,6.0,1.575,0.015,0.036585365853658534,1.2,1.2,0
2025,20,840,117,32,19.0,19.0,8,4,5.0,5.0,1.575,0.015,0.036585365853658534,0.0,0.0,0
2025,21,840,117,18,14.0,14.0,8,4,-2.0,-2.0,1.575,0.015,0.036585365853658534,0.0,0.0,0
2025,22,840,117,80,12.0,12.0,8,4,-6.0,-6.0,1.575,0.015,0.036585365853658534,0.0,0.0,0
2025,24,840,117,24,15.0,15.0,8,4,5.0,5.0,1.575,0.015,0.036585365853658534,0.2,0.2,0
2026,1,4,117,1,17.0,17.0,16,5,-1.0,-1.0,6.033670033670034,0.17845117845117844,0.036585365853658534,1.6,0.2,0
2026,2,4,117,17,18.0,19.0,16,5,1.0,2.0,6.033670033670034,0.17845117845117844,0.036585365853658534,1.6,0.2,0
2026,3,4,117,22,21.0,21.0,16,5,3.0,3.0,6.033670033670034,0.17845117845117844,0.036585365853658534,1.6,0.2,0
2026,4,4,117,79,17.0,17.0,16,5,2.0,2.0,6.033670033670034,0.17845117845117844,0.036585365853658534,1.6,0.2,0
2026,5,4,117,7,19.0,19.0,16,5,-1.0,-1.0,6.033670033670034,0.17845117845117844,0.036585365853658534,0.0,0.0,0
2026,6,4,117,6,21.0,21.0,16,5,11.0,11.0,6.033670033670034,0.17845117845117844,0.036585365853658534,0.2,0.2,0
2026,7,4,117,4,22.0,22.0,16,5,3.0,3.0,6.033670033670034,0.17845117845117844,0.036585365853658534,0.2,0.2,0
2026,8,4,117,70,21.0,21.0,16,5,3.0,3.0,6.033670033670034,0.17845117845117844,0.036585365853658534,0.2,0.2,0
2026,9,4,117,9,21.0,22.0,16,5,3.0,4.0,6.033670033670034,0.17845117845117844,0.036585365853658534,0.2,0.2,0
2026,10,4,117,13,22.0,21.0,16,5,3.0,2.0,6.033670033670034,0.17845117845117844,0.036585365853658534,0.2,0.2,0
2026,11,4,117,11,16.0,16.0,16,5,2.0,2.0,6.033670033670034,0.17845117845117844,0.036585365853658534,0.0,0.0,0
2026,2,840,117,17,20.0,21.0,9,5,2.0,3.0,1.575,0.015,0.036585365853658534,0.2,0.0,0
2026,3,840,117,22,22.0,22.0,9,5,1.0,1.0,1.575,0.015,0.036585365853658534,0.2,0.0,0
2026,4,840,117,79,18.0,18.0,9,5,1.0,1.0,1.575,0.015,0.036585365853658534,0.2,0.0,0
2026,5,840,117,7,22.0,21.0,9,5,7.0,6.0,1.575,0.015,0.036585365853658534,0.2,0.0,0
2026,6,840,117,6,22.0,22.0,9,5,4.0,4.0,1.575,0.015,0.036585365853658534,0.0,0.0,0
2026,7,840,117,4,21.0,21.0,9,5,-1.0,-1.0,1.575,0.015,0.036585365853658534,0.0,0.0,0
2026,8,840,117,70,22.0,22.0,9,5,3.0,3.0,1.575,0.015,0.036585365853658534,0.0,0.0,0
2026,9,840,117,9,22.0,21.0,9,5,3.0,2.0,1.575,0.015,0.036585365853658534,0.0,0.0,0
2026,10,840,117,13,20.0,22.0,9,5,0.0,2.0,1.575,0.015,0.036585365853658534,0.0,0.0,0
2026,11,840,117,11,20.0,20.0,9,5,7.0,7.0,1.575,0.015,0.036585365853658534,0.0,0.0,0
2010,1,3,131,3,5.0,5.0,0,0,0.0,0.0,11.169117647058824,0.40441176470588236,0.4534711964549483,10.0,10.0,0
2010,2,3,131,1,6.0,6.0,0,0,1.0,1.0,11.169117647058824,0.40441176470588236,0.4534711964549483,10.0,10.0,0
2010,3,3,131,2,2.0,2.0,0,0,-1.0,-1.0,11.169117647058824,0.40441176470588236,0.4534711964549483,11.666666666666666,11.666666666666666,1
2010,4,3,131,17,4.0,4.0,0,0,1.0,1.0,11.169117647058824,0.40441176470588236,0.4534711964549483,12.5,12.5,1
2010,5,3,131,4,8.0,8.0,0,0,-5.0,-5.0,11.169117647058824,0.40441176470588236,0.4534711964549483,10.0,10.0,0
2010,6,3,131,6,6.0,6.0,0,0,-1.0,-1.0,11.169117647058824,0.40441176470588236,0.4534711964549483,9.2,9.2,0
2010,7,3,131,5,6.0,6.0,0,0,1.0,1.0,11.169117647058824,0.40441176470588236,0.4534711964549483,9.2,9.2,0
2010,8,3,131,7,10.0,10.0,0,0,4.0,4.0,11.169117647058824,0.40441176470588236,0.4534711964549483,7.8,7.8,0
2010,9,3,131,12,12.0,12.0,0,0,2.0,2.0,11.169117647058824,0.40441176470588236,0.4534711964549483,5.0,5.0,0
2010,10,3,131,9,5.0,5.0,0,0,2.0,2.0,11.169117647058824,0.40441176470588236,0.4534711964549483,8.0,8.0,1
2010,11,3,131,10,9.0,9.0,0,0,1.0,1.0,11.169117647058824,0.40441176470588236,0.4534711964549483,7.6,7.6,0
2010,12,3,131,11,6.0,6.0,0,0,-16.0,-16.0,11.169117647058824,0.40441176470588236,0.4534711964549483,5.6,5.6,0
2010,13,3,131,13,14.0,12.0,0,0,8.0,6.0,11.169117647058824,0.40441176470588236,0.4534711964549483,5.6,5.6,0
2010,14,3,131,14,7.0,7.0,0,0,2.0,2.0,11.169117647058824,0.40441176470588236,0.4534711964549483,7.4,7.4,0
2010,15,3,131,15,7.0,7.0,0,0,2.0,2.0,11.169117647058824,0.40441176470588236,0.4534711964549483,6.4,6.4,0
2010,16,3,131,22,6.0,7.0,0,0,-11.0,-10.0,11.169117647058824,0.40441176470588236,0.4534711964549483,5.6,5.6,0
2010,17,3,131,35,5.0,5.0,0,0,-19.0,-19.0,11.169117647058824,0.40441176470588236,0.4534711964549483,5.6,5.6,0
2010,18,3,131,18,13.0,13.0,0,0,7.0,7.0,11.169117647058824,0.40441176470588236,0.4534711964549483,5.6,5.6,0
2010,19,3,131,24,9.0,9.0,0,0,5.0,5.0,11.169117647058824,0.40441176470588236,0.4534711964549483,6.0,6.0,0
2010,1,30,131,3,7.0,7.0,0,0,1.0,1.0,3.280701754385965,0.017543859649122806,0.4534711964549483,8.0,5.6,0
2010,2,30,131,1,7.0,7.0,0,0,-3.0,-3.0,3.280701754385965,0.017543859649122806,0.4534711964549483,4.5,5.8,0
2010,3,30,131,2,8.0,8.0,0,0,-13.0,-13.0,3.280701754385965,0.017543859649122806,0.4534711964549483,3.0,5.8,0
2010,4,30,131,17,9.0,9.0,0,0,-1.0,-1.0,3.280701754385965,0.017543859649122806,0.4534711964549483,2.5,4.4,0
2010,5,30,131,4,6.0,6.0,0,0,2.0,2.0,3.280701754385965,0.017543859649122806,0.4534711964549483,4.4,4.4,0
2010,6,30,131,6,7.0,7.0,0,0,-5.0,-5.0,3.280701754385965,0.017543859649122806,0.4534711964549483,2.8,2.8,0
2010,7,30,131,5,5.0,5.0,0,0,1.0,1.0,3.280701754385965,0.017543859649122806,0.4534711964549483,5.0,5.0,0
2010,8,30,131,7,13.0,13.0,0,0,2.0,2.0,3.280701754385965,0.017543859649122806,0.4534711964549483,5.0,5.0,0
2010,9,30,131,12,15.0,15.0,0,0,0.0,0.0,3.280701754385965,0.017543859649122806,0.4534711964549483,4.8,4.8,0
2010,10,30,131,9,10.0,10.0,0,0,1.0,1.0,3.280701754385965,0.017543859649122806,0.4534711964549483,2.8,2.8,0
2010,11,30,131,10,11.0,11.0,0,0,2.0,2.0,3.280701754385965,0.017543859649122806,0.4534711964549483,3.2,3.2,0
2010,12,30,131,11,14.0,14.0,0,0,3.0,3.0,3.280701754385965,0.017543859649122806,0.4534711964549483,0.8,0.8,0
2010,13,30,131,13,21.0,11.0,0,0,14.0,4.0,3.280701754385965,0.017543859649122806,0.4534711964549483,2.0,2.0,0
2010,14,30,131,14,12.0,12.0,0,0,3.0,3.0,3.280701754385965,0.017543859649122806,0.4534711964549483,2.4,2.4,0
2010,15,30,131,15,9.0,9.0,0,0,-4.0,-4.0,3.280701754385965,0.017543859649122806,0.4534711964549483,2.0,2.0,0
2010,16,30,131,22,10.0,10.0,0,0,4.0,4.0,3.280701754385965,0.017543859649122806,0.4534711964549483,3.2,3.2,0
2010,17,30,131,35,9.0,9.0,0,0,5.0,5.0,3.280701754385965,0.017543859649122806,0.4534711964549483,5.6,5.6,0
2010,18,30,131,18,8.0,8.0,0,0,1.0,1.0,3.280701754385965,0.017543859649122806,0.4534711964549483,5.6,5.6,0
2010,19,30,131,24,8.0,8.0,0,0,-15.0,-15.0,3.280701754385965,0.017543859649122806,0.4534711964549483,5.2,5.2,0
2011,1,3,131,1,7.0,7.0,1,1,-10.0,-10.0,11.169117647058824,0.40441176470588236,0.4534711964549483,4.0,5.2,0
2011,2,3,131,2,9.0,9.0,1,1,-3.0,-3.0,11.169117647058824,0.40441176470588236,0.4534711964549483,4.0,3.6,0
2011,3,3,131,17,4.0,4.0,1,1,-1.0,-1.0,11.169117647058824,0.40441176470588236,0.4534711964549483,6.0,3.2,0
2011,4,3,131,5,3.0,3.0,1,1,-2.0,-2.0,11.169117647058824,0.40441176470588236,0.4534711964549483,6.4,4.0,0
2011,5,3,131,4,7.0,7.0,1,1,0.0,0.0,11.169117647058824,0.40441176470588236,0.4534711964549483,5.2,5.2,0
2011,6,3,131,6,7.0,8.0,1,1,-4.0,-3.0,11.169117647058824,0.40441176470588236,0.4534711964549483,5.2,5.2,0
2011,7,3,131,7,6.0,6.0,1,1,-5.0,-5.0,11.169117647058824,0.40441176470588236,0.4534711964549483,5.2,5.2,0
2011,8,3,131,12,7.0,7.0,1,1,0.0,0.0,11.169117647058824,0.40441176470588236,0.4534711964549483,4.4,4.4,0
2011,9,3,131,9,9.0,9.0,1,1,3.0,3.0,11.169117647058824,0.40441176470588236,0.4534711964549483,4.0,4.0,0
2011,10,3,131,20,6.0,6.0,1,1,-1.0,-1.0,11.169117647058824,0.40441176470588236,0.4534711964549483,4.0,4.0,0
2011,11,3,131,11,7.0,7.0,1,1,-2.0,-2.0,11.169117647058824,0.40441176470588236,0.4534711964549483,4.4,4.4,0
2011,12,3,131,13,5.0,5.0,1,1,-1.0,-1.0,11.169117647058824,0.40441176470588236,0.4534711964549483,6.0,6.0,0
2011,13,3,131,14,9.0,9.0,1,1,-14.0,-14.0,11.169117647058824,0.40441176470588236,0.4534711964549483,4.8,4.8,0
2011,14,3,131,15,7.0,7.0,1,1,0.0,0.0,11.169117647058824,0.40441176470588236,0.4534711964549483,4.4,4.4,0
2011,15,3,131,22,23.0,23.0,1,1,13.0,13.0,11.169117647058824,0.40441176470588236,0.4534711964549483,3.4,3.4,0
2011,16,3,131,35,7.0,7.0,1,1,-1.0,-1.0,11.169117647058824,0.40441176470588236,0.4534711964549483,3.8,3.8,0
2011,17,3,131,68,7.0,7.0,1,1,1.0,1.0,11.169117647058824,0.40441176470588236,0.4534711964549483,3.8,3.8,0
2011,18,3,131,24,7.0,7.0,1,1,1.0,1.0,11.169117647058824,0.40441176470588236,0.4534711964549483,5.4,5.4,0
2011,19,3,131,18,6.0,6.0,1,1,-1.0,-1.0,11.169117647058824,0.40441176470588236,0.4534711964549483,5.4,5.4,0
2011,1,30,131,1,11.0,11.0,1,1,-8.0,-8.0,3.280701754385965,0.017543859649122806,0.4534711964549483,5.2,5.2,0
2011,2,30,131,2,11.0,11.0,1,1,2.0,2.0,3.280701754385965,0.017543859649122806,0.4534711964549483,4.0,4.8,0
2011,3,30,131,17,14.0,14.0,1,1,6.0,6.0,3.280701754385965,0.017543859649122806,0.4534711964549483,2.4,4.0,0
2011,4,30,131,5,8.0,8.0,1,1,-4.0,-4.0,3.280701754385965,0.017543859649122806,0.4534711964549483,1.2,2.4,0
2011,5,30,131,4,10.0,10.0,1,1,4.0,4.0,3.280701754385965,0.017543859649122806,0.4534711964549483,2.8,2.8,0
2011,6,30,131,6,5.0,5.0,1,1,-17.0,-17.0,3.280701754385965,0.017543859649122806,0.4534711964549483,2.8,2.8,0
2011,7,30,131,7,8.0,8.0,1,1,4.0,4.0,3.280701754385965,0.017543859649122806,0.4534711964549483,4.8,4.8,0
2011,8,30,131,12,8.0,8.0,1,1,-9.0,-9.0,3.280701754385965,0.017543859649122806,0.4534711964549483,4.0,4.0,0
2011,9,30,131,9,13.0,13.0,1,1,4.0,4.0,3.280701754385965,0.017543859649122806,0.4534711964549483,4.4,4.4,0
2011,10,30,131,20,10.0,10.0,1,1,2.0,2.0,3.280701754385965,0.017543859649122806,0.4534711964549483,3.6,3.6,0
2011,11,30,131,11,9.0,9.0,1,1,-13.0,-13.0,3.280701754385965,0.017543859649122806,0.4534711964549483,3.6,3.6,0
2011,13,30,131,14,8.0,8.0,1,1,3.0,3.0,3.280701754385965,0.017543859649122806,0.4534711964549483,3.2,3.2,0
2011,14,30,131,15,8.0,8.0,1,1,-15.0,-15.0,3.280701754385965,0.017543859649122806,0.4534711964549483,3.2,3.2,0
2011,15,30,131,22,8.0,7.0,1,1,2.0,1.0,3.280701754385965,0.017543859649122806,0.4534711964549483,4.4,4.4,0
2011,16,30,131,35,12.0,12.0,1,1,-12.0,-12.0,3.280701754385965,0.017543859649122806,0.4534711964549483,3.6,3.6,0
2011,17,30,131,68,11.0,12.0,1,1,6.0,7.0,3.280701754385965,0.017543859649122806,0.4534711964549483,5.6,5.6,0
2011,18,30,131,24,8.0,8.0,1,1,1.0,1.0,3.280701754385965,0.017543859649122806,0.4534711964549483,4.8,4.8,0
2011,19,30,131,18,10.0,10.0,1,1,-5.0,-5.0,3.280701754385965,0.017543859649122806,0.4534711964549483,4.8,4.8,0
2012,1,3,131,1,7.0,7.0,2,2,-5.0,-5.0,11.169117647058824,0.40441176470588236,0.4534711964549483,5.2,3.2,0
2012,2,3,131,2,7.0,8.0,2,2,-6.0,-5.0,11.169117647058824,0.40441176470588236,0.4534711964549483,4.4,3.2,0
2012,3,3,131,17,1.0,1.0,2,2,0.0,0.0,11.169117647058824,0.40441176470588236,0.4534711964549483,7.8,6.2,1
2012,4,3,131,3,5.0,5.0,2,2,0.0,0.0,11.169117647058824,0.40441176470588236,0.4534711964549483,8.2,7.0,0
2012,5,3,131,4,6.0,7.0,2,2,-1.0,0.0,11.169117647058824,0.40441176470588236,0.4534711964549483,8.2,8.2,0
2012,6,3,131,6,2.0,3.0,2,2,0.0,1.0,11.169117647058824,0.40441176470588236,0.4534711964549483,11.8,11.8,1
2012,7,3,131,7,5.0,5.0,2,2,-1.0,-1.0,11.169117647058824,0.40441176470588236,0.4534711964549483,13.4,13.4,0
2012,8,3,131,12,6.0,6.0,2,2,0.0,0.0,11.169117647058824,0.40441176470588236,0.4534711964549483,10.0,10.0,0
2012,9,3,131,9,11.0,13.0,2,2,-4.0,-2.0,11.169117647058824,0.40441176470588236,0.4534711964549483,8.0,8.0,0
2012,10,3,131,10,21.0,17.0,2,2,11.0,7.0,11.169117647058824,0.40441176470588236,0.4534711964549483,7.0,7.0,0
2012,11,3,131,11,13.0,13.0,2,2,3.0,3.0,11.169117647058824,0.40441176470588236,0.4534711964549483,3.6,3.6,0
2012,12,3,131,13,23.0,18.0,2,2,12.0,7.0,11.169117647058824,0.40441176470588236,0.4534711964549483,2.0,2.0,0
2012,13,3,131,14,6.0,7.0,2,2,-1.0,0.0,11.169117647058824,0.40441176470588236,0.4534711964549483,1.6,1.6,0
2012,14,3,131,15,10.0,10.0,2,2,5.0,5.0,11.169117647058824,0.40441176470588236,0.4534711964549483,3.6,3.6,0
2012,15,3,131,22,13.0,15.0,2,2,-11.0,-9.0,11.169117647058824,0.40441176470588236,0.4534711964549483,3.4,3.4,0
2012,16,3,131,35,9.0,9.0,2,2,-14.0,-14.0,11.169117647058824,0.40441176470588236,0.4534711964549483,3.2,3.2,0
2012,17,3,131,68,10.0,10.0,2,2,-1.0,-1.0,11.169117647058824,0.40441176470588236,0.4534711964549483,3.2,3.2,0
2012,18,3,131,24,7.0,8.0,2,2,-16.0,-15.0,11.169117647058824,0.40441176470588236,0.4534711964549483,2.0,2.0,0
2012,19,3,131,69,17.0,17.0,2,2,4.0,4.0,11.169117647058824,0.40441176470588236,0.4534711964549483,0.0,0.0,0
2012,20,3,131,18,9.0,10.0,2,2,-6.0,-5.0,11.169117647058824,0.40441176470588236,0.4534711964549483,0.0,0.0,0
2012,1,30,131,1,4.0,4.0,2,2,-16.0,-16.0,3.280701754385965,0.017543859649122806,0.4534711964549483,3.2,0.0,0
2012,2,30,131,2,3.0,3.0,2,2,-7.0,-7.0,3.280701754385965,0.017543859649122806,0.4534711964549483,3.4,0.2,0
2012,3,30,131,17,2.0,3.0,2,2,-22.0,-21.0,3.280701754385965,0.017543859649122806,0.4534711964549483,1.4,0.2,0
2012,4,30,131,3,22.0,18.0,2,2,12.0,8.0,3.280701754385965,0.017543859649122806,0.4534711964549483,0.4,0.4,0
2012,5,30,131,4,8.0,9.0,2,2,-16.0,-15.0,3.280701754385965,0.017543859649122806,0.4534711964549483,0.4,0.4,0
2012,6,30,131,6,6.0,1.0,2,2,-13.0,-18.0,3.280701754385965,0.017543859649122806,0.4534711964549483,0.4,0.4,0
2012,7,30,131,7,9.0,9.0,2,2,-13.0,-13.0,3.280701754385965,0.017543859649122806,0.4534711964549483,0.2,0.2,0
2012,8,30,131,12,12.0,12.0,2,2,9.0,9.0,3.280701754385965,0.017543859649122806,0.4534711964549483,3.2,3.2,1
2012,9,30,131,9,3.0,3.0,2,2,-4.0,-4.0,3.280701754385965,0.017543859649122806,0.4534711964549483,4.2,4.2,0
2012,10,30,131,10,3.0,4.0,2,2,-4.0,-3.0,3.280701754385965,0.017543859649122806,0.4534711964549483,5.4,5.4,0
2012,11,30,131,11,17.0,17.0,2,2,-7.0,-7.0,3.280701754385965,0.017543859649122806,0.4534711964549483,5.4,5.4,0
2012,12,30,131,13,13.0,13.0,2,2,6.0,6.0,3.280701754385965,0.017543859649122806,0.4534711964549483,6.6,6.6,0
2012,13,30,131,14,4.0,5.0,2,2,-2.0,-1.0,3.280701754385965,0.017543859649122806,0.4534711964549483,5.2,5.2,0
2012,14,30,131,15,9.0,9.0,2,2,-12.0,-12.0,3.280701754385965,0.017543859649122806,0.4534711964549483,4.0,4.0,0
2012,15,30,131,22,23.0,13.0,2,2,12.0,2.0,3.280701754385965,0.017543859649122806,0.4534711964549483,2.8,2.8,0
2012,16,30,131,35,10.0,10.0,2,2,-3.0,-3.0,3.280701754385965,0.017543859649122806,0.4534711964549483,2.8,2.8,0
2012,17,30,131,68,14.0,14.0,2,2,-8.0,-8.0,3.280701754385965,0.017543859649122806,0.4534711964549483,1.6,1.6,0
2012,18,30,131,24,13.0,14.0,2,2,2.0,3.0,3.280701754385965,0.017543859649122806,0.4534711964549483,0.0,0.0,0
2012,19,30,131,69,5.0,6.0,2,2,-11.0,-10.0,3.280701754385965,0.017543859649122806,0.4534711964549483,0.0,0.0,0
2012,20,30,131,18,13.0,14.0,2,2,6.0,7.0,3.280701754385965,0.017543859649122806,0.4534711964549483,1.2,1.2,0
2013,1,1,131,1,3.0,3.0,3,3,-2.0,-2.0,14.350591715976332,0.5325443786982249,0.4534711964549483,9.4,3.2,0
2013,2,1,131,2,4.0,4.0,3,3,1.0,1.0,14.350591715976332,0.5325443786982249,0.4534711964549483,10.0,6.2,1
2013,3,1,131,17,1.0,1.0,3,3,-2.0,-2.0,14.350591715976332,0.5325443786982249,0.4534711964549483,13.0,9.2,1
2013,4,1,131,3,9.0,4.0,3,3,4.0,-1.0,14.350591715976332,0.5325443786982249,0.4534711964549483,10.0,11.2,0
2013,5,1,131,4,2.0,2.0,3,3,-10.0,-10.0,14.350591715976332,0.5325443786982249,0.4534711964549483,10.0,10.0,0
2013,6,1,131,6,2.0,2.0,3,3,-2.0,-2.0,14.350591715976332,0.5325443786982249,0.4534711964549483,10.4,10.4,0
2013,7,1,131,7,2.0,2.0,3,3,-1.0,-1.0,14.350591715976332,0.5325443786982249,0.4534711964549483,10.4,10.4,1
2013,8,1,131,9,1.0,1.0,3,3,-3.0,-3.0,14.350591715976332,0.5325443786982249,0.4534711964549483,9.8,9.8,0
2013,9,1,131,20,1.0,1.0,3,3,-4.0,-4.0,14.350591715976332,0.5325443786982249,0.4534711964549483,9.8,9.8,0
2013,10,1,131,11,1.0,1.0,3,3,0.0,0.0,14.350591715976332,0.5325443786982249,0.4534711964549483,14.8,14.8,1
2013,11,1,131,13,1.0,1.0,3,3,-2.0,-2.0,14.350591715976332,0.5325443786982249,0.4534711964549483,15.4,15.4,1
2013,12,1,131,14,12.0,12.0,3,3,3.0,3.0,14.350591715976332,0.5325443786982249,0.4534711964549483,12.8,12.8,0
2013,13,1,131,15,5.0,5.0,3,3,0.0,0.0,14.350591715976332,0.5325443786982249,0.4534711964549483,12.4,12.4,0
2013,14,1,131,35,2.0,2.0,3,3,-3.0,-3.0,14.350591715976332,0.5325443786982249,0.4534711964549483,12.4,12.4,0
2013,15,1,131,22,3.0,3.0,3,3,-17.0,-17.0,14.350591715976332,0.5325443786982249,0.4534711964549483,7.4,7.4,0
2013,16,1,131,68,3.0,3.0,3,3,-3.0,-3.0,14.350591715976332,0.5325443786982249,0.4534711964549483,6.0,6.0,0
2013,17,1,131,24,4.0,4.0,3,3,-3.0,-3.0,14.350591715976332,0.5325443786982249,0.4534711964549483,6.8,6.8,0
2013,18,1,131,69,5.0,5.0,3,3,1.0,1.0,14.350591715976332,0.5325443786982249,0.4534711964549483,7.2,7.2,0
2013,19,1,131,18,5.0,5.0,3,3,-4.0,-4.0,14.350591715976332,0.5325443786982249,0.4534711964549483,5.6,5.6,0
2013,1,3,131,1,6.0,6.0,3,3,-14.0,-14.0,11.169117647058824,0.40441176470588236,0.4534711964549483,0.0,5.6,0
2013,2,3,131,2,6.0,6.0,3,3,2.0,2.0,11.169117647058824,0.40441176470588236,0.4534711964549483,2.4,6.4,0
2013,3,3,131,17,4.0,4.0,3,3,-15.0,-15.0,11.169117647058824,0.40441176470588236,0.4534711964549483,2.4,5.2,0
2013,4,3,131,3,1.0,1.0,3,3,-8.0,-8.0,11.169117647058824,0.40441176470588236,0.4534711964549483,2.8,3.2,0
2013,5,3,131,4,1.0,1.0,3,3,-5.0,-5.0,11.169117647058824,0.40441176470588236,0.4534711964549483,4.4,4.4,0
2013,6,3,131,6,1.0,1.0,3,3,0.0,0.0,11.169117647058824,0.40441176470588236,0.4534711964549483,9.4,9.4,1
2013,7,3,131,7,4.0,4.0,3,3,-1.0,-1.0,11.169117647058824,0.40441176470588236,0.4534711964549483,9.0,9.0,0
2013,8,3,131,9,2.0,2.0,3,3,1.0,1.0,11.169117647058824,0.40441176470588236,0.4534711964549483,14.0,14.0,1
2013,9,3,131,20,11.0,11.0,3,3,2.0,2.0,11.169117647058824,0.40441176470588236,0.4534711964549483,14.0,14.0,0
2013,10,3,131,11,4.0,4.0,3,3,-15.0,-15.0,11.169117647058824,0.40441176470588236,0.4534711964549483,12.4,12.4,0
2013,11,3,131,13,4.0,4.0,3,3,0.0,0.0,11.169117647058824,0.40441176470588236,0.4534711964549483,9.8,9.8,0
2013,12,3,131,14,6.0,6.0,3,3,0.0,0.0,11.169117647058824,0.40441176470588236,0.4534711964549483,9.4,9.4,0
2013,13,3,131,15,2.0,2.0,3,3,-2.0,-2.0,11.169117647058824,0.40441176470588236,0.4534711964549483,6.8,6.8,0
2013,14,3,131,35,4.0,5.0,3,3,-3.0,-2.0,11.169117647058824,0.40441176470588236,0.4534711964549483,7.6,7.6,0
2013,15,3,131,22,6.0,6.0,3,3,-2.0,-2.0,11.169117647058824,0.40441176470588236,0.4534711964549483,8.4,8.4,0
2013,16,3,131,68,2.0,2.0,3,3,0.0,0.0,11.169117647058824,0.40441176470588236,0.4534711964549483,9.6,9.6,1
2013,17,3,131,24,3.0,3.0,3,3,0.0,0.0,11.169117647058824,0.40441176470588236,0.4534711964549483,11.0,11.0,1
2013,18,3,131,69,12.0,14.0,3,3,3.0,5.0,11.169117647058824,0.40441176470588236,0.4534711964549483,9.0,9.0,0
2013,19,3,131,18,2.0,2.0,3,3,-3.0,-3.0,11.169117647058824,0.40441176470588236,0.4534711964549483,9.8,9.8,0
2014,1,1,131,1,1.0,1.0,4,4,-18.0,-18.0,14.350591715976332,0.5325443786982249,0.4534711964549483,5.6,9.0,0
2014,2,1,131,2,1.0,1.0,4,4,0.0,0.0,14.350591715976332,0.5325443786982249,0.4534711964549483,9.0,10.4,1
2014,3,1,131,3,2.0,2.0,4,4,1.0,1.0,14.350591715976332,0.5325443786982249,0.4534711964549483,12.8,12.4,1
2014,4,1,131,17,1.0,1.0,4,4,0.0,0.0,14.350591715976332,0.5325443786982249,0.4534711964549483,15.4,17.0,1
2014,5,1,131,4,1.0,1.0,4,4,0.0,0.0,14.350591715976332,0.5325443786982249,0.4534711964549483,20.0,20.0,1
2014,6,1,131,6,2.0,2.0,4,4,0.0,0.0,14.350591715976332,0.5325443786982249,0.4534711964549483,23.6,23.6,1
2014,7,1,131,7,2.0,2.0,4,4,-15.0,-15.0,14.350591715976332,0.5325443786982249,0.4534711964549483,18.6,18.6,0
2014,8,1,131,70,9.0,9.0,4,4,7.0,7.0,14.350591715976332,0.5325443786982249,0.4534711964549483,17.2,17.2,1
2014,9,1,131,9,6.0,6.0,4,4,5.0,5.0,14.350591715976332,0.5325443786982249,0.4534711964549483,17.2,17.2,1
2014,10,1,131,10,20.0,16.0,4,4,17.0,13.0,14.350591715976332,0.5325443786982249,0.4534711964549483,15.2,15.2,1
2014,11,1,131,11,22.0,21.0,4,4,19.0,18.0,14.350591715976332,0.5325443786982249,0.4534711964549483,14.6,14.6,1
2014,12,1,131,13,2.0,2.0,4,4,-17.0,-17.0,14.350591715976332,0.5325443786982249,0.4534711964549483,14.6,14.6,0
2014,13,1,131,14,1.0,1.0,4,4,0.0,0.0,14.350591715976332,0.5325443786982249,0.4534711964549483,16.0,16.0,1
2014,14,1,131,15,1.0,1.0,4,4,0.0,0.0,14.350591715976332,0.5325443786982249,0.4534711964549483,16.0,16.0,1
2014,15,1,131,22,2.0,2.0,4,4,1.0,1.0,14.350591715976332,0.5325443786982249,0.4534711964549483,18.0,18.0,1
2014,16,1,131,71,1.0,1.0,4,4,0.0,0.0,14.350591715976332,0.5325443786982249,0.4534711964549483,20.0,20.0,1
2014,17,1,131,69,2.0,2.0,4,4,1.0,1.0,14.350591715976332,0.5325443786982249,0.4534711964549483,25.0,25.0,1
2014,18,1,131,18,2.0,2.0,4,4,0.0,0.0,14.350591715976332,0.5325443786982249,0.4534711964549483,23.6,23.6,1
2014,19,1,131,24,2.0,2.0,4,4,1.0,1.0,14.350591715976332,0.5325443786982249,0.4534711964549483,28.6,28.6,1
2014,1,3,131,1,3.0,3.0,4,4,2.0,2.0,11.169117647058824,0.40441176470588236,0.4534711964549483,14.0,28.6,1
2014,2,3,131,2,3.0,3.0,4,4,1.0,1.0,11.169117647058824,0.40441176470588236,0.4534711964549483,14.0,27.2,1
2014,3,3,131,3,1.0,1.0,4,4,-1.0,-1.0,11.169117647058824,0.40441176470588236,0.4534711964549483,14.6,25.8,1
2014,4,3,131,17,4.0,4.0,4,4,2.0,2.0,11.169117647058824,0.40441176470588236,0.4534711964549483,17.8,25.8,1
2014,5,3,131,4,2.0,2.0,4,4,0.0,0.0,11.169117647058824,0.40441176470588236,0.4534711964549483,19.4,19.4,1
2014,6,3,131,6,1.0,1.0,4,4,0.0,0.0,11.169117647058824,0.40441176470588236,0.4534711964549483,19.4,19.4,1
2014,7,3,131,7,1.0,1.0,4,4,-1.0,-1.0,11.169117647058824,0.40441176470588236,0.4534711964549483,19.4,19.4,1
2014,8,3,131,70,3.0,3.0,4,4,2.0,2.0,11.169117647058824,0.40441176470588236,0.4534711964549483,20.8,20.8,1
2014,9,3,131,9,1.0,1.0,4,4,-17.0,-17.0,11.169117647058824,0.40441176470588236,0.4534711964549483,17.2,17.2,0
2014,10,3,131,10,1.0,1.0,4,4,0.0,0.0,11.169117647058824,0.40441176470588236,0.4534711964549483,18.6,18.6,1
2014,11,3,131,11,1.0,1.0,4,4,-3.0,-3.0,11.169117647058824,0.40441176470588236,0.4534711964549483,16.0,16.0,0
2014,12,3,131,13,1.0,1.0,4,4,-1.0,-1.0,11.169117647058824,0.40441176470588236,0.4534711964549483,16.0,16.0,1
2014,13,3,131,14,2.0,2.0,4,4,0.0,0.0,11.169117647058824,0.40441176470588236,0.4534711964549483,14.6,14.6,1
2014,14,3,131,15,2.0,2.0,4,4,-19.0,-19.0,11.169117647058824,0.40441176470588236,0.4534711964549483,14.6,14.6,0
2014,15,3,131,22,1.0,1.0,4,4,-1.0,-1.0,11.169117647058824,0.40441176470588236,0.4534711964549483,13.2,13.2,1
2014,16,3,131,71,2.0,2.0,4,4,0.0,0.0,11.169117647058824,0.40441176470588236,0.4534711964549483,14.4,14.4,1
2014,17,3,131,69,1.0,1.0,4,4,-1.0,-1.0,11.169117647058824,0.40441176470588236,0.4534711964549483,14.4,14.4,1
2014,18,3,131,18,1.0,1.0,4,4,0.0,0.0,11.169117647058824,0.40441176470588236,0.4534711964549483,15.8,15.8,1
2014,19,3,131,24,1.0,1.0,4,4,-13.0,-13.0,11.169117647058824,0.40441176470588236,0.4534711964549483,15.8,15.8,0
2015,1,1,131,1,1.0,1.0,5,5,0.0,0.0,14.350591715976332,0.5325443786982249,0.4534711964549483,28.6,17.2,1
2015,2,1,131,2,1.0,1.0,5,5,-1.0,-1.0,14.350591715976332,0.5325443786982249,0.4534711964549483,27.2,17.2,1
2015,3,1,131,17,1.0,1.0,5,5,0.0,0.0,14.350591715976332,0.5325443786982249,0.4534711964549483,27.2,18.6,1
2015,4,1,131,3,1.0,1.0,5,5,0.0,0.0,14.350591715976332,0.5325443786982249,0.4534711964549483,28.6,18.6,1
2015,5,1,131,4,2.0,2.0,5,5,0.0,0.0,14.350591715976332,0.5325443786982249,0.4534711964549483,22.2,22.2,1
2015,6,1,131,6,1.0,1.0,5,5,-2.0,-2.0,14.350591715976332,0.5325443786982249,0.4534711964549483,20.2,20.2,1
2015,7,1,131,7,1.0,1.0,5,5,0.0,0.0,14.350591715976332,0.5325443786982249,0.4534711964549483,21.6,21.6,1
2015,8,1,131,70,1.0,1.0,5,5,-1.0,-1.0,14.350591715976332,0.5325443786982249,0.4534711964549483,20.2,20.2,1
2015,9,1,131,9,1.0,1.0,5,5,0.0,0.0,14.350591715976332,0.5325443786982249,0.4534711964549483,20.2,20.2,1
2015,10,1,131,11,1.0,1.0,5,5,-5.0,-5.0,14.350591715976332,0.5325443786982249,0.4534711964549483,18.2,18.2,0
2015,11,1,131,13,1.0,1.0,5,5,0.0,0.0,14.350591715976332,0.5325443786982249,0.4534711964549483,20.2,20.2,1
2015,12,1,131,14,1.0,1.0,5,5,0.0,0.0,14.350591715976332,0.5325443786982249,0.4534711964549483,20.2,20.2,1
2015,13,1,131,15,5.0,5.0,5,5,-13.0,-13.0,14.350591715976332,0.5325443786982249,0.4534711964549483,16.6,16.6,0
2015,14,1,131,22,2.0,2.0,5,5,1.0,1.0,14.350591715976332,0.5325443786982249,0.4534711964549483,16.6,16.6,1
2015,15,1,131,71,2.0,2.0,5,5,1.0,1.0,14.350591715976332,0.5325443786982249,0.4534711964549483,20.0,20.0,1
2015,16,1,131,69,2.0,2.0,5,5,1.0,1.0,14.350591715976332,0.5325443786982249,0.4534711964549483,20.0,20.0,1
2015,17,1,131,32,2.0,2.0,5,5,0.0,0.0,14.350591715976332,0.5325443786982249,0.4534711964549483,18.6,18.6,1
2015,18,1,131,18,2.0,2.0,5,5,0.0,0.0,14.350591715976332,0.5325443786982249,0.4534711964549483,22.2,22.2,1
2015,19,1,131,24,2.0,2.0,5,5,0.0,0.0,14.350591715976332,0.5325443786982249,0.4534711964549483,20.8,20.8,1
2015,1,3,131,1,2.0,2.0,5,5,0.0,0.0,11.169117647058824,0.40441176470588236,0.4534711964549483,15.8,19.4,1
2015,2,3,131,2,3.0,3.0,5,5,0.0,0.0,11.169117647058824,0.40441176470588236,0.4534711964549483,15.2,17.4,1
2015,3,3,131,17,2.0,2.0,5,5,0.0,0.0,11.169117647058824,0.40441176470588236,0.4534711964549483,15.2,17.4,1
2015,4,3,131,3,3.0,3.0,5,5,0.0,0.0,11.169117647058824,0.40441176470588236,0.4534711964549483,13.2,16.8,1
2015,5,3,131,4,1.0,1.0,5,5,0.0,0.0,11.169117647058824,0.40441176470588236,0.4534711964549483,18.2,18.2,1
2015,6,3,131,6,2.0,2.0,5,5,1.0,1.0,11.169117647058824,0.40441176470588236,0.4534711964549483,19.6,19.6,1
2015,7,3,131,7,2.0,2.0,5,5,0.0,0.0,11.169117647058824,0.40441176470588236,0.4534711964549483,20.2,20.2,1
2015,8,3,131,70,2.0,2.0,5,5,1.0,1.0,11.169117647058824,0.40441176470588236,0.4534711964549483,21.6,21.6,1
2015,9,3,131,9,2.0,2.0,5,5,0.0,0.0,11.169117647058824,0.40441176470588236,0.4534711964549483,22.2,22.2,1
2015,10,3,131,11,2.0,2.0,5,5,-6.0,-6.0,11.169117647058824,0.40441176470588236,0.4534711964549483,18.0,18.0,0
2015,11,3,131,13,2.0,2.0,5,5,0.0,0.0,11.169117647058824,0.40441176470588236,0.4534711964549483,16.6,16.6,1
2015,12,3,131,14,4.0,4.0,5,5,-13.0,-13.0,11.169117647058824,0.40441176470588236,0.4534711964549483,13.0,13.0,0
2015,13,3,131,15,6.0,6.0,5,5,2.0,2.0,11.169117647058824,0.40441176470588236,0.4534711964549483,10.4,10.4,0
2015,14,3,131,22,1.0,1.0,5,5,-1.0,-1.0,11.169117647058824,0.40441176470588236,0.4534711964549483,10.4,10.4,1
2015,15,3,131,71,1.0,1.0,5,5,-17.0,-17.0,11.169117647058824,0.40441176470588236,0.4534711964549483,9.6,9.6,0
2015,16,3,131,69,1.0,1.0,5,5,-1.0,-1.0,11.169117647058824,0.40441176470588236,0.4534711964549483,9.6,9.6,1
2015,17,3,131,32,1.0,1.0,5,5,0.0,0.0,11.169117647058824,0.40441176470588236,0.4534711964549483,14.6,14.6,1
2015,18,3,131,18,1.0,1.0,5,5,0.0,0.0,11.169117647058824,0.40441176470588236,0.4534711964549483,17.2,17.2,1
2015,19,3,131,24,1.0,1.0,5,5,0.0,0.0,11.169117647058824,0.40441176470588236,0.4534711964549483,18.6,18.6,1
2016,1,1,131,1,1.0,1.0,6,6,-1.0,-1.0,14.350591715976332,0.5325443786982249,0.4534711964549483,19.4,22.2,1
2016,2,1,131,3,1.0,1.0,6,6,-2.0,-2.0,14.350591715976332,0.5325443786982249,0.4534711964549483,17.4,21.6,1
2016,3,1,131,17,22.0,22.0,6,6,15.0,15.0,14.350591715976332,0.5325443786982249,0.4534711964549483,15.0,17.8,0
2016,4,1,131,71,10.0,10.0,6,6,8.0,8.0,14.350591715976332,0.5325443786982249,0.4534711964549483,15.0,16.4,1
2016,5,1,131,4,1.0,1.0,6,6,-20.0,-20.0,14.350591715976332,0.5325443786982249,0.4534711964549483,11.4,11.4,0
2016,6,1,131,6,3.0,3.0,6,6,2.0,2.0,14.350591715976332,0.5325443786982249,0.4534711964549483,12.8,12.8,1
2016,7,1,131,7,1.0,1.0,6,6,0.0,0.0,14.350591715976332,0.5325443786982249,0.4534711964549483,14.8,14.8,1
2016,8,1,131,73,10.0,10.0,6,6,5.0,5.0,14.350591715976332,0.5325443786982249,0.4534711964549483,15.6,15.6,0
2016,9,1,131,70,1.0,1.0,6,6,0.0,0.0,14.350591715976332,0.5325443786982249,0.4534711964549483,17.0,17.0,1
2016,10,1,131,9,1.0,1.0,6,6,0.0,0.0,14.350591715976332,0.5325443786982249,0.4534711964549483,22.0,22.0,1
2016,11,1,131,11,2.0,2.0,6,6,1.0,1.0,14.350591715976332,0.5325443786982249,0.4534711964549483,22.0,22.0,1
2016,12,1,131,10,2.0,2.0,6,6,1.0,1.0,14.350591715976332,0.5325443786982249,0.4534711964549483,22.0,22.0,1
2016,13,1,131,13,21.0,21.0,6,6,18.0,18.0,14.350591715976332,0.5325443786982249,0.4534711964549483,23.0,23.0,1
2016,14,1,131,14,1.0,1.0,6,6,-1.0,-1.0,14.350591715976332,0.5325443786982249,0.4534711964549483,21.6,21.6,1
2016,15,1,131,15,3.0,3.0,6,6,0.0,0.0,14.350591715976332,0.5325443786982249,0.4534711964549483,19.6,19.6,1
2016,16,1,131,2,1.0,1.0,6,6,-17.0,-17.0,14.350591715976332,0.5325443786982249,0.4534711964549483,14.6,14.6,0
2016,17,1,131,22,2.0,2.0,6,6,-1.0,-1.0,14.350591715976332,0.5325443786982249,0.4534711964549483,12.6,12.6,1
2016,18,1,131,69,1.0,1.0,6,6,0.0,0.0,14.350591715976332,0.5325443786982249,0.4534711964549483,14.6,14.6,1
2016,19,1,131,32,1.0,1.0,6,6,0.0,0.0,14.350591715976332,0.5325443786982249,0.4534711964549483,16.0,16.0,1
2016,20,1,131,18,1.0,1.0,6,6,0.0,0.0,14.350591715976332,0.5325443786982249,0.4534711964549483,18.0,18.0,1
2016,21,1,131,24,1.0,1.0,6,6,0.0,0.0,14.350591715976332,0.5325443786982249,0.4534711964549483,23.0,23.0,1
2016,1,3,131,1,2.0,2.0,6,6,1.0,1.0,11.169117647058824,0.40441176470588236,0.4534711964549483,23.6,25.0,1
2016,2,3,131,3,2.0,2.0,6,6,1.0,1.0,11.169117647058824,0.40441176470588236,0.4534711964549483,25.0,25.0,1
2016,3,3,131,17,1.0,1.0,6,6,0.0,0.0,11.169117647058824,0.40441176470588236,0.4534711964549483,25.0,25.0,1
2016,4,3,131,71,1.0,1.0,6,6,0.0,0.0,11.169117647058824,0.40441176470588236,0.4534711964549483,25.0,25.0,1
2016,5,3,131,4,2.0,2.0,6,6,-20.0,-20.0,11.169117647058824,0.40441176470588236,0.4534711964549483,20.0,20.0,0
2016,6,3,131,6,2.0,2.0,6,6,-5.0,-5.0,11.169117647058824,0.40441176470588236,0.4534711964549483,16.2,16.2,0
2016,7,3,131,7,2.0,2.0,6,6,-3.0,-3.0,11.169117647058824,0.40441176470588236,0.4534711964549483,13.2,13.2,0
2016,8,3,131,73,1.0,1.0,6,6,0.0,0.0,11.169117647058824,0.40441176470588236,0.4534711964549483,13.2,13.2,1
2016,9,3,131,70,6.0,2.0,6,6,2.0,-2.0,11.169117647058824,0.40441176470588236,0.4534711964549483,10.6,10.6,0
2016,10,3,131,9,2.0,2.0,6,6,-1.0,-1.0,11.169117647058824,0.40441176470588236,0.4534711964549483,13.6,13.6,1
2016,11,3,131,11,1.0,1.0,6,6,-1.0,-1.0,11.169117647058824,0.40441176470588236,0.4534711964549483,16.0,16.0,1
2016,12,3,131,10,1.0,1.0,6,6,-3.0,-3.0,11.169117647058824,0.40441176470588236,0.4534711964549483,16.4,16.4,0
2016,13,3,131,13,1.0,1.0,6,6,0.0,0.0,11.169117647058824,0.40441176470588236,0.4534711964549483,16.4,16.4,1
2016,14,3,131,14,2.0,2.0,6,6,1.0,1.0,11.169117647058824,0.40441176470588236,0.4534711964549483,19.0,19.0,1
2016,15,3,131,15,1.0,1.0,6,6,0.0,0.0,11.169117647058824,0.40441176470588236,0.4534711964549483,21.0,21.0,1
2016,16,3,131,2,2.0,2.0,6,6,-1.0,-1.0,11.169117647058824,0.40441176470588236,0.4534711964549483,20.4,20.4,1
2016,17,3,131,22,1.0,1.0,6,6,0.0,0.0,11.169117647058824,0.40441176470588236,0.4534711964549483,23.0,23.0,1
2016,18,3,131,69,2.0,2.0,6,6,0.0,0.0,11.169117647058824,0.40441176470588236,0.4534711964549483,21.6,21.6,1
2016,19,3,131,32,2.0,2.0,6,6,0.0,0.0,11.169117647058824,0.40441176470588236,0.4534711964549483,20.2,20.2,1
2016,20,3,131,18,2.0,2.0,6,6,0.0,0.0,11.169117647058824,0.40441176470588236,0.4534711964549483,18.8,18.8,1
2016,21,3,131,24,2.0,2.0,6,6,0.0,0.0,11.169117647058824,0.40441176470588236,0.4534711964549483,19.4,19.4,1
2017,1,1,131,1,1.0,1.0,7,7,-1.0,-1.0,14.350591715976332,0.5325443786982249,0.4534711964549483,23.6,18.0,1
2017,2,1,131,17,1.0,1.0,7,7,0.0,0.0,14.350591715976332,0.5325443786982249,0.4534711964549483,23.6,19.4,1
2017,3,1,131,3,2.0,2.0,7,7,0.0,0.0,14.350591715976332,0.5325443786982249,0.4534711964549483,22.2,19.4,1
2017,4,1,131,71,4.0,4.0,7,7,0.0,0.0,14.350591715976332,0.5325443786982249,0.4534711964549483,19.6,18.2,0
2017,5,1,131,4,1.0,1.0,7,7,0.0,0.0,14.350591715976332,0.5325443786982249,0.4534711964549483,19.6,19.6,1
2017,6,1,131,6,13.0,14.0,7,7,6.0,7.0,14.350591715976332,0.5325443786982249,0.4534711964549483,17.2,17.2,0
2017,7,1,131,7,1.0,1.0,7,7,0.0,0.0,14.350591715976332,0.5325443786982249,0.4534711964549483,17.2,17.2,1
2017,8,1,131,73,1.0,1.0,7,7,-4.0,-4.0,14.350591715976332,0.5325443786982249,0.4534711964549483,15.6,15.6,0
2017,9,1,131,70,8.0,3.0,7,7,4.0,-1.0,14.350591715976332,0.5325443786982249,0.4534711964549483,15.6,15.6,0
2017,10,1,131,9,1.0,1.0,7,7,0.0,0.0,14.350591715976332,0.5325443786982249,0.4534711964549483,15.6,15.6,1
2017,11,1,131,11,4.0,4.0,7,7,0.0,0.0,14.350591715976332,0.5325443786982249,0.4534711964549483,16.8,16.8,0
2017,12,1,131,13,1.0,1.0,7,7,0.0,0.0,14.350591715976332,0.5325443786982249,0.4534711964549483,16.8,16.8,1
2017,13,1,131,14,1.0,1.0,7,7,0.0,0.0,14.350591715976332,0.5325443786982249,0.4534711964549483,19.8,19.8,1
2017,14,1,131,15,5.0,5.0,7,7,4.0,4.0,14.350591715976332,0.5325443786982249,0.4534711964549483,22.4,22.4,1
2017,15,1,131,2,1.0,1.0,7,7,-1.0,-1.0,14.350591715976332,0.5325443786982249,0.4534711964549483,21.0,21.0,1
2017,16,1,131,22,1.0,1.0,7,7,0.0,0.0,14.350591715976332,0.5325443786982249,0.4534711964549483,23.6,23.6,1
2017,17,1,131,69,1.0,1.0,7,7,0.0,0.0,14.350591715976332,0.5325443786982249,0.4534711964549483,23.6,23.6,1
2017,18,1,131,32,3.0,3.0,7,7,-6.0,-6.0,14.350591715976332,0.5325443786982249,0.4534711964549483,19.0,19.0,0
2017,19,1,131,18,20.0,20.0,7,7,16.0,16.0,14.350591715976332,0.5325443786982249,0.4534711964549483,16.4,16.4,0
2017,20,1,131,24,2.0,2.0,7,7,0.0,0.0,14.350591715976332,0.5325443786982249,0.4534711964549483,16.4,16.4,1
2017,1,822,131,1,3.0,3.0,4,7,0.0,0.0,6.930232558139535,0.2596899224806202,0.4534711964549483,3.8,14.4,1
2017,2,822,131,17,3.0,3.0,4,7,-3.0,-3.0,6.930232558139535,0.2596899224806202,0.4534711964549483,5.4,11.0,0
2017,3,822,131,3,1.0,1.0,4,7,-2.0,-2.0,6.930232558139535,0.2596899224806202,0.4534711964549483,7.6,13.6,1
2017,4,822,131,71,3.0,3.0,4,7,2.0,2.0,6.930232558139535,0.2596899224806202,0.4534711964549483,12.6,16.2,1
2017,5,822,131,4,3.0,3.0,4,7,-14.0,-14.0,6.930232558139535,0.2596899224806202,0.4534711964549483,12.6,12.6,0
2017,6,822,131,6,3.0,3.0,4,7,-1.0,-1.0,6.930232558139535,0.2596899224806202,0.4534711964549483,12.0,12.0,0
2017,7,822,131,7,3.0,3.0,4,7,1.0,1.0,6.930232558139535,0.2596899224806202,0.4534711964549483,14.0,14.0,1
2017,8,822,131,73,2.0,2.0,4,7,0.0,0.0,6.930232558139535,0.2596899224806202,0.4534711964549483,14.6,14.6,1
2017,9,822,131,70,1.0,1.0,4,7,0.0,0.0,6.930232558139535,0.2596899224806202,0.4534711964549483,14.6,14.6,1
2017,10,822,131,9,9.0,4.0,4,7,7.0,2.0,6.930232558139535,0.2596899224806202,0.4534711964549483,18.2,18.2,1
2017,11,822,131,11,3.0,3.0,4,7,0.0,0.0,6.930232558139535,0.2596899224806202,0.4534711964549483,18.8,18.8,1
2017,12,822,131,13,3.0,3.0,4,7,-2.0,-2.0,6.930232558139535,0.2596899224806202,0.4534711964549483,17.2,17.2,0
2017,13,822,131,14,4.0,6.0,4,7,2.0,4.0,6.930232558139535,0.2596899224806202,0.4534711964549483,17.2,17.2,1
2017,14,822,131,15,6.0,6.0,4,7,3.0,3.0,6.930232558139535,0.2596899224806202,0.4534711964549483,15.2,15.2,1
2017,15,822,131,2,5.0,5.0,4,7,0.0,0.0,6.930232558139535,0.2596899224806202,0.4534711964549483,13.6,13.6,0
2017,16,822,131,22,6.0,2.0,4,7,2.0,-2.0,6.930232558139535,0.2596899224806202,0.4534711964549483,13.0,13.0,0
2017,17,822,131,69,3.0,3.0,4,7,-2.0,-2.0,6.930232558139535,0.2596899224806202,0.4534711964549483,13.0,13.0,0
2017,18,822,131,32,4.0,4.0,4,7,2.0,2.0,6.930232558139535,0.2596899224806202,0.4534711964549483,13.0,13.0,1
2017,19,822,131,18,1.0,1.0,4,7,-1.0,-1.0,6.930232558139535,0.2596899224806202,0.4534711964549483,13.6,13.6,1
2017,20,822,131,24,1.0,1.0,4,7,0.0,0.0,6.930232558139535,0.2596899224806202,0.4534711964549483,16.6,16.6,1
2018,1,1,131,1,1.0,1.0,8,8,-1.0,-1.0,14.350591715976332,0.5325443786982249,0.4534711964549483,15.0,17.8,1
2018,2,1,131,3,9.0,4.0,8,8,6.0,1.0,14.350591715976332,0.5325443786982249,0.4534711964549483,13.0,18.8,1
2018,3,1,131,17,4.0,4.0,8,8,0.0,0.0,14.350591715976332,0.5325443786982249,0.4534711964549483,15.0,17.6,0
2018,4,1,131,73,2.0,2.0,8,8,1.0,1.0,14.350591715976332,0.5325443786982249,0.4534711964549483,17.6,19.0,1
2018,5,1,131,4,1.0,1.0,8,8,0.0,0.0,14.350591715976332,0.5325443786982249,0.4534711964549483,19.0,19.0,1
2018,6,1,131,6,3.0,3.0,8,8,0.0,0.0,14.350591715976332,0.5325443786982249,0.4534711964549483,18.4,18.4,1
2018,7,1,131,7,4.0,4.0,8,8,-1.0,-1.0,14.350591715976332,0.5325443786982249,0.4534711964549483,17.4,17.4,0
2018,8,1,131,34,1.0,1.0,8,8,0.0,0.0,14.350591715976332,0.5325443786982249,0.4534711964549483,20.0,20.0,1
2018,9,1,131,70,2.0,2.0,8,8,-14.0,-14.0,14.350591715976332,0.5325443786982249,0.4534711964549483,15.0,15.0,0
2018,10,1,131,9,1.0,1.0,8,8,-1.0,-1.0,14.350591715976332,0.5325443786982249,0.4534711964549483,13.6,13.6,1
2018,11,1,131,10,14.0,14.0,8,8,13.0,13.0,14.350591715976332,0.5325443786982249,0.4534711964549483,15.6,15.6,1
2018,12,1,131,11,1.0,1.0,8,8,0.0,0.0,14.350591715976332,0.5325443786982249,0.4534711964549483,18.6,18.6,1
2018,13,1,131,13,1.0,1.0,8,8,-1.0,-1.0,14.350591715976332,0.5325443786982249,0.4534711964549483,17.2,17.2,1
2018,14,1,131,14,3.0,3.0,8,8,2.0,2.0,14.350591715976332,0.5325443786982249,0.4534711964549483,22.2,22.2,1
2018,15,1,131,15,1.0,1.0,8,8,0.0,0.0,14.350591715976332,0.5325443786982249,0.4534711964549483,23.6,23.6,1
2018,16,1,131,71,2.0,2.0,8,8,1.0,1.0,14.350591715976332,0.5325443786982249,0.4534711964549483,23.6,23.6,1
2018,17,1,131,22,1.0,1.0,8,8,0.0,0.0,14.350591715976332,0.5325443786982249,0.4534711964549483,23.6,23.6,1
2018,18,1,131,69,1.0,1.0,8,8,-2.0,-2.0,14.350591715976332,0.5325443786982249,0.4534711964549483,23.0,23.0,1
2018,19,1,131,32,3.0,3.0,8,8,-1.0,-1.0,14.350591715976332,0.5325443786982249,0.4534711964549483,20.4,20.4,0
2018,20,1,131,18,1.0,1.0,8,8,0.0,0.0,14.350591715976332,0.5325443786982249,0.4534711964549483,20.4,20.4,1
2018,21,1,131,24,1.0,1.0,8,8,0.0,0.0,14.350591715976332,0.5325443786982249,0.4534711964549483,20.4,20.4,1
2018,1,822,131,1,15.0,10.0,5,8,7.0,2.0,6.930232558139535,0.2596899224806202,0.4534711964549483,15.0,16.2,0
2018,2,822,131,3,3.0,3.0,5,8,1.0,1.0,6.930232558139535,0.2596899224806202,0.4534711964549483,16.6,16.8,1
2018,3,822,131,17,3.0,3.0,5,8,1.0,1.0,6.930232558139535,0.2596899224806202,0.4534711964549483,16.6,18.0,1
2018,4,822,131,73,3.0,3.0,5,8,-11.0,-11.0,6.930232558139535,0.2596899224806202,0.4534711964549483,13.0,13.0,0
2018,5,822,131,4,2.0,2.0,5,8,0.0,0.0,6.930232558139535,0.2596899224806202,0.4534711964549483,11.6,11.6,1
2018,6,822,131,6,5.0,5.0,5,8,0.0,0.0,6.930232558139535,0.2596899224806202,0.4534711964549483,12.8,12.8,0
2018,7,822,131,7,2.0,2.0,5,8,0.0,0.0,6.930232558139535,0.2596899224806202,0.4534711964549483,12.8,12.8,1
2018,8,822,131,34,2.0,2.0,5,8,-5.0,-5.0,6.930232558139535,0.2596899224806202,0.4534711964549483,10.4,10.4,0
2018,9,822,131,70,1.0,1.0,5,8,-18.0,-18.0,6.930232558139535,0.2596899224806202,0.4534711964549483,10.4,10.4,0
2018,10,822,131,9,4.0,4.0,5,8,0.0,0.0,6.930232558139535,0.2596899224806202,0.4534711964549483,9.2,9.2,0
2018,11,822,131,10,2.0,2.0,5,8,0.0,0.0,6.930232558139535,0.2596899224806202,0.4534711964549483,10.8,10.8,1
2018,12,822,131,11,2.0,2.0,5,8,-3.0,-3.0,6.930232558139535,0.2596899224806202,0.4534711964549483,9.2,9.2,0
2018,13,822,131,13,19.0,10.0,5,8,15.0,6.0,6.930232558139535,0.2596899224806202,0.4534711964549483,10.4,10.4,0
2018,14,822,131,14,4.0,4.0,5,8,1.0,1.0,6.930232558139535,0.2596899224806202,0.4534711964549483,13.4,13.4,1
2018,15,822,131,15,4.0,4.0,5,8,0.0,0.0,6.930232558139535,0.2596899224806202,0.4534711964549483,13.4,13.4,0
2018,16,822,131,71,1.0,1.0,5,8,-1.0,-1.0,6.930232558139535,0.2596899224806202,0.4534711964549483,13.4,13.4,1
2018,17,822,131,22,2.0,2.0,5,8,0.0,0.0,6.930232558139535,0.2596899224806202,0.4534711964549483,15.0,15.0,1
2018,18,822,131,69,3.0,4.0,5,8,-2.0,-1.0,6.930232558139535,0.2596899224806202,0.4534711964549483,14.6,14.6,0
2018,19,822,131,32,5.0,5.0,5,8,0.0,0.0,6.930232558139535,0.2596899224806202,0.4534711964549483,13.6,13.6,0
2018,20,822,131,18,3.0,3.0,5,8,-2.0,-2.0,6.930232558139535,0.2596899224806202,0.4534711964549483,13.2,13.2,0
2018,21,822,131,24,2.0,2.0,5,8,-3.0,-3.0,6.930232558139535,0.2596899224806202,0.4534711964549483,11.6,11.6,0
2019,1,1,131,1,1.0,1.0,9,9,-1.0,-1.0,14.350591715976332,0.5325443786982249,0.4534711964549483,19.0,11.6,1
2019,2,1,131,3,3.0,3.0,9,9,2.0,2.0,14.350591715976332,0.5325443786982249,0.4534711964549483,21.0,14.6,1
2019,3,1,131,17,2.0,2.0,9,9,1.0,1.0,14.350591715976332,0.5325443786982249,0.4534711964549483,23.6,17.6,1
2019,4,1,131,73,2.0,2.0,9,9,0.0,0.0,14.350591715976332,0.5325443786982249,0.4534711964549483,22.2,19.2,1
2019,5,1,131,4,2.0,2.0,9,9,1.0,1.0,14.350591715976332,0.5325443786982249,0.4534711964549483,22.4,22.4,1
2019,6,1,131,6,1.0,1.0,9,9,0.0,0.0,14.350591715976332,0.5325443786982249,0.4534711964549483,23.8,23.8,1
2019,7,1,131,7,2.0,2.0,9,9,1.0,1.0,14.350591715976332,0.5325443786982249,0.4534711964549483,23.8,23.8,1
2019,8,1,131,34,1.0,1.0,9,9,0.0,0.0,14.350591715976332,0.5325443786982249,0.4534711964549483,23.8,23.8,1
2019,9,1,131,70,4.0,2.0,9,9,-1.0,-3.0,14.350591715976332,0.5325443786982249,0.4534711964549483,22.2,22.2,0
2019,10,1,131,9,2.0,2.0,9,9,1.0,1.0,14.350591715976332,0.5325443786982249,0.4534711964549483,22.2,22.2,1
2019,11,1,131,10,1.0,1.0,9,9,-8.0,-8.0,14.350591715976332,0.5325443786982249,0.4534711964549483,17.6,17.6,0
2019,12,1,131,11,3.0,3.0,9,9,2.0,2.0,14.350591715976332,0.5325443786982249,0.4534711964549483,17.6,17.6,1
2019,13,1,131,13,3.0,3.0,9,9,1.0,1.0,14.350591715976332,0.5325443786982249,0.4534711964549483,16.2,16.2,1
2019,14,1,131,14,2.0,2.0,9,9,-1.0,-1.0,14.350591715976332,0.5325443786982249,0.4534711964549483,17.4,17.4,1
2019,15,1,131,15,2.0,2.0,9,9,-2.0,-2.0,14.350591715976332,0.5325443786982249,0.4534711964549483,14.6,14.6,0
2019,16,1,131,71,2.0,2.0,9,9,1.0,1.0,14.350591715976332,0.5325443786982249,0.4534711964549483,19.4,19.4,1
2019,17,1,131,22,4.0,4.0,9,9,1.0,1.0,14.350591715976332,0.5325443786982249,0.4534711964549483,17.6,17.6,1
2019,18,1,131,32,3.0,4.0,9,9,2.0,3.0,14.350591715976332,0.5325443786982249,0.4534711964549483,19.0,19.0,1
2019,19,1,131,69,5.0,5.0,9,9,3.0,3.0,14.350591715976332,0.5325443786982249,0.4534711964549483,19.4,19.4,1
2019,20,1,131,18,3.0,3.0,9,9,-4.0,-4.0,14.350591715976332,0.5325443786982249,0.4534711964549483,18.2,18.2,0
2019,21,1,131,24,1.0,1.0,9,9,0.0,0.0,14.350591715976332,0.5325443786982249,0.4534711964549483,18.2,18.2,1
2019,1,822,131,1,2.0,2.0,6,9,1.0,1.0,6.930232558139535,0.2596899224806202,0.4534711964549483,13.2,20.2,1
2019,2,822,131,3,4.0,4.0,6,9,2.0,2.0,6.930232558139535,0.2596899224806202,0.4534711964549483,14.8,18.8,1
2019,3,822,131,17,1.0,1.0,6,9,-1.0,-1.0,6.930232558139535,0.2596899224806202,0.4534711964549483,16.4,18.8,1
2019,4,822,131,73,1.0,1.0,6,9,0.0,0.0,6.930232558139535,0.2596899224806202,0.4534711964549483,19.4,22.6,1
2019,5,822,131,4,1.0,1.0,6,9,-1.0,-1.0,6.930232558139535,0.2596899224806202,0.4534711964549483,21.0,21.0,1
2019,6,822,131,6,2.0,2.0,6,9,-1.0,-1.0,6.930232558139535,0.2596899224806202,0.4534711964549483,18.8,18.8,1
2019,7,822,131,7,6.0,6.0,6,9,2.0,2.0,6.930232558139535,0.2596899224806202,0.4534711964549483,17.8,17.8,0
2019,8,822,131,34,2.0,2.0,6,9,0.0,0.0,6.930232558139535,0.2596899224806202,0.4534711964549483,17.8,17.8,1
2019,9,822,131,70,3.0,4.0,6,9,0.0,1.0,6.930232558139535,0.2596899224806202,0.4534711964549483,15.8,15.8,1
2019,10,822,131,9,1.0,1.0,6,9,-1.0,-1.0,6.930232558139535,0.2596899224806202,0.4534711964549483,15.8,15.8,1
2019,11,822,131,10,3.0,3.0,6,9,-12.0,-12.0,6.930232558139535,0.2596899224806202,0.4534711964549483,12.8,12.8,0
2019,12,822,131,11,2.0,2.0,6,9,-6.0,-6.0,6.930232558139535,0.2596899224806202,0.4534711964549483,11.0,11.0,0
2019,13,822,131,13,4.0,4.0,6,9,1.0,1.0,6.930232558139535,0.2596899224806202,0.4534711964549483,10.4,10.4,1
2019,14,822,131,14,3.0,3.0,6,9,1.0,1.0,6.930232558139535,0.2596899224806202,0.4534711964549483,11.0,11.0,1
2019,15,822,131,15,5.0,5.0,6,9,0.0,0.0,6.930232558139535,0.2596899224806202,0.4534711964549483,9.4,9.4,0
2019,16,822,131,71,4.0,5.0,6,9,2.0,3.0,6.930232558139535,0.2596899224806202,0.4534711964549483,13.0,13.0,1
2019,17,822,131,22,3.0,3.0,6,9,2.0,2.0,6.930232558139535,0.2596899224806202,0.4534711964549483,17.2,17.2,1
2019,18,822,131,32,6.0,6.0,6,9,3.0,3.0,6.930232558139535,0.2596899224806202,0.4534711964549483,17.2,17.2,1
2019,19,822,131,69,1.0,1.0,6,9,0.0,0.0,6.930232558139535,0.2596899224806202,0.4534711964549483,18.6,18.6,1
2019,20,822,131,18,4.0,5.0,6,9,-16.0,-15.0,6.930232558139535,0.2596899224806202,0.4534711964549483,16.6,16.6,0
2019,21,822,131,24,20.0,2.0,6,9,16.0,-2.0,6.930232558139535,0.2596899224806202,0.4534711964549483,15.4,15.4,0
2020,1,1,131,70,5.0,2.0,10,10,1.0,-2.0,14.350591715976332,0.5325443786982249,0.4534711964549483,17.4,12.8,0
2020,2,1,131,70,1.0,1.0,10,10,0.0,0.0,14.350591715976332,0.5325443786982249,0.4534711964549483,17.4,14.8,1
2020,3,1,131,11,1.0,1.0,10,10,0.0,0.0,14.350591715976332,0.5325443786982249,0.4534711964549483,19.0,15.0,1
2020,4,1,131,9,1.0,1.0,10,10,0.0,0.0,14.350591715976332,0.5325443786982249,0.4534711964549483,22.8,20.0,1
2020,5,1,131,9,2.0,2.0,10,10,0.0,0.0,14.350591715976332,0.5325443786982249,0.4534711964549483,21.4,21.4,1
2020,6,1,131,4,1.0,1.0,10,10,0.0,0.0,14.350591715976332,0.5325443786982249,0.4534711964549483,24.0,24.0,1
2020,7,1,131,13,1.0,1.0,10,10,0.0,0.0,14.350591715976332,0.5325443786982249,0.4534711964549483,24.0,24.0,1
2020,8,1,131,14,1.0,1.0,10,10,-6.0,-6.0,14.350591715976332,0.5325443786982249,0.4534711964549483,20.2,20.2,0
2020,9,1,131,76,1.0,1.0,10,10,0.0,0.0,14.350591715976332,0.5325443786982249,0.4534711964549483,20.4,20.4,1
2020,10,1,131,71,1.0,1.0,10,10,-2.0,-2.0,14.350591715976332,0.5325443786982249,0.4534711964549483,19.6,19.6,1
2020,11,1,131,20,2.0,2.0,10,10,1.0,1.0,14.350591715976332,0.5325443786982249,0.4534711964549483,19.6,19.6,1
2020,12,1,131,75,1.0,1.0,10,10,0.0,0.0,14.350591715976332,0.5325443786982249,0.4534711964549483,19.8,19.8,1
2020,13,1,131,21,2.0,2.0,10,10,1.0,1.0,14.350591715976332,0.5325443786982249,0.4534711964549483,23.6,23.6,1
2020,14,1,131,5,6.0,6.0,10,10,5.0,5.0,14.350591715976332,0.5325443786982249,0.4534711964549483,23.4,23.4,1
2020,15,1,131,3,1.0,1.0,10,10,0.0,0.0,14.350591715976332,0.5325443786982249,0.4534711964549483,25.4,25.4,1
2020,17,1,131,24,3.0,3.0,10,10,0.0,0.0,14.350591715976332,0.5325443786982249,0.4534711964549483,23.4,23.4,1
2020,1,822,131,70,1.0,1.0,7,10,0.0,0.0,6.930232558139535,0.2596899224806202,0.4534711964549483,15.4,23.2,1
2020,2,822,131,70,4.0,4.0,7,10,2.0,2.0,6.930232558139535,0.2596899224806202,0.4534711964549483,16.0,21.6,1
2020,3,822,131,11,2.0,2.0,7,10,-1.0,-1.0,6.930232558139535,0.2596899224806202,0.4534711964549483,14.0,19.6,1
2020,4,822,131,9,2.0,2.0,7,10,-9.0,-9.0,6.930232558139535,0.2596899224806202,0.4534711964549483,14.0,14.6,0
2020,5,822,131,9,1.0,1.0,7,10,-2.0,-2.0,6.930232558139535,0.2596899224806202,0.4534711964549483,14.6,14.6,1
2020,6,822,131,4,2.0,2.0,7,10,-1.0,-1.0,6.930232558139535,0.2596899224806202,0.4534711964549483,12.8,12.8,1
2020,7,822,131,13,2.0,2.0,7,10,0.0,0.0,6.930232558139535,0.2596899224806202,0.4534711964549483,12.8,12.8,1
2020,8,822,131,14,2.0,2.0,7,10,-3.0,-3.0,6.930232558139535,0.2596899224806202,0.4534711964549483,11.8,11.8,0
2020,9,822,131,76,2.0,2.0,7,10,0.0,0.0,6.930232558139535,0.2596899224806202,0.4534711964549483,15.4,15.4,1
2020,10,822,131,71,3.0,3.0,7,10,2.0,2.0,6.930232558139535,0.2596899224806202,0.4534711964549483,17.6,17.6,1
2020,11,822,131,20,1.0,1.0,7,10,-18.0,-18.0,6.930232558139535,0.2596899224806202,0.4534711964549483,14.4,14.4,0
2020,12,822,131,75,2.0,2.0,7,10,0.0,0.0,6.930232558139535,0.2596899224806202,0.4534711964549483,14.4,14.4,1
2020,13,822,131,21,1.0,1.0,7,10,-1.0,-1.0,6.930232558139535,0.2596899224806202,0.4534711964549483,16.0,16.0,1
2020,14,822,131,5,9.0,9.0,7,10,-5.0,-5.0,6.930232558139535,0.2596899224806202,0.4534711964549483,12.4,12.4,0
2020,15,822,131,3,2.0,2.0,7,10,-6.0,-6.0,6.930232558139535,0.2596899224806202,0.4534711964549483,8.0,8.0,0
2020,16,822,131,3,1.0,1.0,7,10,-7.0,-7.0,6.930232558139535,0.2596899224806202,0.4534711964549483,8.8,8.8,0
2020,17,822,131,24,2.0,2.0,7,10,0.0,0.0,6.930232558139535,0.2596899224806202,0.4534711964549483,8.8,8.8,1
2020,16,847,131,3,2.0,2.0,1,10,-7.0,-7.0,6.660493827160494,0.17901234567901234,0.4534711964549483,0.6,5.8,0
2021,1,1,131,3,2.0,2.0,11,11,1.0,1.0,14.350591715976332,0.5325443786982249,0.4534711964549483,23.2,10.8,1
2021,2,1,131,21,1.0,1.0,11,11,-1.0,-1.0,14.350591715976332,0.5325443786982249,0.4534711964549483,21.8,13.8,1
2021,3,1,131,75,2.0,2.0,11,11,1.0,1.0,14.350591715976332,0.5325443786982249,0.4534711964549483,21.8,18.0,1
2021,4,1,131,4,1.0,1.0,11,11,0.0,0.0,14.350591715976332,0.5325443786982249,0.4534711964549483,21.8,19.4,1
2021,5,1,131,6,7.0,7.0,11,11,0.0,0.0,14.350591715976332,0.5325443786982249,0.4534711964549483,20.2,20.2,0
2021,6,1,131,73,2.0,2.0,11,11,-13.0,-13.0,14.350591715976332,0.5325443786982249,0.4534711964549483,15.2,15.2,0
2021,7,1,131,34,2.0,2.0,11,11,0.0,0.0,14.350591715976332,0.5325443786982249,0.4534711964549483,15.0,15.0,1
2021,8,1,131,70,2.0,3.0,11,11,0.0,1.0,14.350591715976332,0.5325443786982249,0.4534711964549483,13.8,13.8,1
2021,9,1,131,70,4.0,4.0,11,11,0.0,0.0,14.350591715976332,0.5325443786982249,0.4534711964549483,11.2,11.2,0
2021,10,1,131,9,2.0,1.0,11,11,1.0,0.0,14.350591715976332,0.5325443786982249,0.4534711964549483,14.8,14.8,1
2021,11,1,131,11,1.0,1.0,11,11,-1.0,-1.0,14.350591715976332,0.5325443786982249,0.4534711964549483,18.4,18.4,1
2021,12,1,131,13,3.0,3.0,11,11,0.0,0.0,14.350591715976332,0.5325443786982249,0.4534711964549483,16.3,16.3,1
2021,13,1,131,39,2.0,2.0,11,11,0.0,0.0,14.350591715976332,0.5325443786982249,0.4534711964549483,16.3,16.3,1
2021,14,1,131,14,4.0,2.0,11,11,-13.0,-15.0,14.350591715976332,0.5325443786982249,0.4534711964549483,13.9,13.9,0
2021,15,1,131,71,4.0,4.0,11,11,3.0,3.0,14.350591715976332,0.5325443786982249,0.4534711964549483,13.9,13.9,1
2021,16,1,131,5,11.0,1.0,11,11,6.0,-4.0,14.350591715976332,0.5325443786982249,0.4534711964549483,12.3,12.3,0
2021,17,1,131,69,2.0,2.0,11,11,0.0,0.0,14.350591715976332,0.5325443786982249,0.4534711964549483,14.6,14.6,1
2021,18,1,131,32,2.0,2.0,11,11,0.0,0.0,14.350591715976332,0.5325443786982249,0.4534711964549483,14.4,14.4,1
2021,19,1,131,18,10.0,1.0,11,11,9.0,0.0,14.350591715976332,0.5325443786982249,0.4534711964549483,19.4,19.4,1
2021,20,1,131,78,1.0,1.0,11,11,0.0,0.0,14.350591715976332,0.5325443786982249,0.4534711964549483,19.4,19.4,1
2021,21,1,131,77,1.0,1.0,11,11,0.0,0.0,14.350591715976332,0.5325443786982249,0.4534711964549483,22.6,22.6,1
2021,22,1,131,24,2.0,2.0,11,11,0.0,0.0,14.350591715976332,0.5325443786982249,0.4534711964549483,22.4,22.4,1
2021,1,822,131,3,3.0,3.0,8,11,0.0,0.0,6.930232558139535,0.2596899224806202,0.4534711964549483,8.4,22.0,1
2021,2,822,131,21,8.0,8.0,8,11,-10.0,-10.0,6.930232558139535,0.2596899224806202,0.4534711964549483,8.4,17.0,0
2021,3,822,131,75,1.0,1.0,8,11,-2.0,-2.0,6.930232558139535,0.2596899224806202,0.4534711964549483,10.8,15.2,1
2021,4,822,131,4,3.0,3.0,8,11,0.0,0.0,6.930232558139535,0.2596899224806202,0.4534711964549483,13.0,13.0,1
2021,5,822,131,6,3.0,3.0,8,11,-16.0,-16.0,6.930232558139535,0.2596899224806202,0.4534711964549483,9.4,9.4,0
2021,6,822,131,73,10.0,10.0,8,11,-2.0,-2.0,6.930232558139535,0.2596899224806202,0.4534711964549483,6.2,6.2,0
2021,7,822,131,34,3.0,3.0,8,11,-1.0,-1.0,6.930232558139535,0.2596899224806202,0.4534711964549483,8.6,8.6,0
2021,8,822,131,70,5.0,2.0,8,11,2.0,-1.0,6.930232558139535,0.2596899224806202,0.4534711964549483,8.4,8.4,1
2021,9,822,131,70,5.0,5.0,8,11,3.0,3.0,6.930232558139535,0.2596899224806202,0.4534711964549483,9.0,9.0,1
2021,10,822,131,9,3.0,3.0,8,11,0.0,0.0,6.930232558139535,0.2596899224806202,0.4534711964549483,12.0,12.0,1
2021,11,822,131,11,2.0,2.0,8,11,-14.0,-14.0,6.930232558139535,0.2596899224806202,0.4534711964549483,12.0,12.0,0
2021,12,822,131,13,13.0,8.0,8,11,1.0,-4.0,6.930232558139535,0.2596899224806202,0.4534711964549483,9.6,9.6,0
2021,13,822,131,39,3.0,3.0,8,11,0.0,0.0,6.930232558139535,0.2596899224806202,0.4534711964549483,9.6,9.6,1
2021,14,822,131,14,19.0,1.0,8,11,16.0,-2.0,6.930232558139535,0.2596899224806202,0.4534711964549483,9.0,9.0,1
2021,15,822,131,71,16.0,7.0,8,11,11.0,2.0,6.930232558139535,0.2596899224806202,0.4534711964549483,8.0,8.0,0
2021,16,822,131,5,1.0,2.0,8,11,0.0,1.0,6.930232558139535,0.2596899224806202,0.4534711964549483,13.2,13.2,1
2021,17,822,131,69,9.0,4.0,8,11,3.0,-2.0,6.930232558139535,0.2596899224806202,0.4534711964549483,14.8,14.8,0
2021,18,822,131,32,1.0,1.0,8,11,-14.0,-14.0,6.930232558139535,0.2596899224806202,0.4534711964549483,11.8,11.8,0
2021,19,822,131,18,1.0,3.0,8,11,-2.0,0.0,6.930232558139535,0.2596899224806202,0.4534711964549483,11.8,11.8,1
2021,20,822,131,78,6.0,3.0,8,11,-14.0,-17.0,6.930232558139535,0.2596899224806202,0.4534711964549483,9.8,9.8,0
2021,21,822,131,77,2.0,2.0,8,11,-1.0,-1.0,6.930232558139535,0.2596899224806202,0.4534711964549483,7.6,7.6,1
2021,22,822,131,24,6.0,6.0,8,11,0.0,0.0,6.930232558139535,0.2596899224806202,0.4534711964549483,7.6,7.6,0
2022,1,1,131,3,5.0,5.0,12,12,2.0,2.0,14.350591715976332,0.5325443786982249,0.4534711964549483,21.8,10.6,1
2022,2,1,131,77,15.0,16.0,12,12,5.0,6.0,14.350591715976332,0.5325443786982249,0.4534711964549483,17.0,7.8,0
2022,3,1,131,1,5.0,5.0,12,12,1.0,1.0,14.350591715976332,0.5325443786982249,0.4534711964549483,14.4,10.2,0
2022,4,1,131,21,14.0,13.0,12,12,1.0,0.0,14.350591715976332,0.5325443786982249,0.4534711964549483,9.2,7.2,0
2022,5,1,131,79,6.0,6.0,12,12,0.0,0.0,14.350591715976332,0.5325443786982249,0.4534711964549483,7.2,7.2,0
2022,6,1,131,4,6.0,6.0,12,12,1.0,1.0,14.350591715976332,0.5325443786982249,0.4534711964549483,6.2,6.2,0
2022,7,1,131,6,8.0,8.0,12,12,0.0,0.0,14.350591715976332,0.5325443786982249,0.4534711964549483,6.8,6.8,0
2022,8,1,131,73,7.0,7.0,12,12,3.0,3.0,14.350591715976332,0.5325443786982249,0.4534711964549483,6.8,6.8,0
2022,9,1,131,7,4.0,4.0,12,12,1.0,1.0,14.350591715976332,0.5325443786982249,0.4534711964549483,9.8,9.8,1
2022,10,1,131,9,5.0,5.0,12,12,2.0,2.0,14.350591715976332,0.5325443786982249,0.4534711964549483,11.4,11.4,1
2022,11,1,131,70,8.0,9.0,12,12,5.0,6.0,14.350591715976332,0.5325443786982249,0.4534711964549483,12.4,12.4,1
2022,12,1,131,34,4.0,4.0,12,12,2.0,2.0,14.350591715976332,0.5325443786982249,0.4534711964549483,15.2,15.2,1
2022,13,1,131,11,7.0,7.0,12,12,5.0,5.0,14.350591715976332,0.5325443786982249,0.4534711964549483,16.6,16.6,1
2022,14,1,131,13,4.0,7.0,12,12,-16.0,-13.0,14.350591715976332,0.5325443786982249,0.4534711964549483,13.6,13.6,0
2022,15,1,131,39,4.0,4.0,12,12,0.0,0.0,14.350591715976332,0.5325443786982249,0.4534711964549483,12.8,12.8,0
2022,16,1,131,14,19.0,5.0,12,12,14.0,0.0,14.350591715976332,0.5325443786982249,0.4534711964549483,11.8,11.8,0
2022,17,1,131,15,3.0,3.0,12,12,-6.0,-6.0,14.350591715976332,0.5325443786982249,0.4534711964549483,8.6,8.6,0
2022,18,1,131,22,6.0,6.0,12,12,1.0,1.0,14.350591715976332,0.5325443786982249,0.4534711964549483,6.8,6.8,0
2022,19,1,131,69,3.0,5.0,12,12,1.0,3.0,14.350591715976332,0.5325443786982249,0.4534711964549483,10.4,10.4,1
2022,20,1,131,32,3.0,3.0,12,12,1.0,1.0,14.350591715976332,0.5325443786982249,0.4534711964549483,11.6,11.6,1
2022,21,1,131,18,2.0,8.0,12,12,0.0,6.0,14.350591715976332,0.5325443786982249,0.4534711964549483,13.2,13.2,1
2022,22,1,131,24,5.0,5.0,12,12,-13.0,-13.0,14.350591715976332,0.5325443786982249,0.4534711964549483,12.8,12.8,0
2022,1,847,131,3,9.0,9.0,3,12,5.0,5.0,6.660493827160494,0.17901234567901234,0.4534711964549483,2.4,13.2,0
2022,2,847,131,77,6.0,6.0,3,12,1.0,1.0,6.660493827160494,0.17901234567901234,0.4534711964549483,4.4,11.6,0
2022,3,847,131,1,6.0,6.0,3,12,3.0,3.0,6.660493827160494,0.17901234567901234,0.4534711964549483,7.4,11.0,1
2022,4,847,131,21,11.0,11.0,3,12,7.0,7.0,6.660493827160494,0.17901234567901234,0.4534711964549483,9.8,9.8,0
2022,5,847,131,79,12.0,12.0,3,12,7.0,7.0,6.660493827160494,0.17901234567901234,0.4534711964549483,11.8,11.8,0
2022,6,847,131,4,4.0,4.0,3,12,1.0,1.0,6.660493827160494,0.17901234567901234,0.4534711964549483,12.4,12.4,1
2022,7,847,131,6,6.0,6.0,3,12,1.0,1.0,6.660493827160494,0.17901234567901234,0.4534711964549483,12.4,12.4,0
2022,8,847,131,73,5.0,5.0,3,12,2.0,2.0,6.660493827160494,0.17901234567901234,0.4534711964549483,12.4,12.4,1
2022,9,847,131,7,8.0,8.0,3,12,4.0,4.0,6.660493827160494,0.17901234567901234,0.4534711964549483,12.4,12.4,0
2022,10,847,131,9,8.0,8.0,3,12,-10.0,-10.0,6.660493827160494,0.17901234567901234,0.4534711964549483,10.4,10.4,0
2022,11,847,131,70,4.0,4.0,3,12,0.0,0.0,6.660493827160494,0.17901234567901234,0.4534711964549483,9.8,9.8,0
2022,12,847,131,34,6.0,6.0,3,12,3.0,3.0,6.660493827160494,0.17901234567901234,0.4534711964549483,10.8,10.8,1
2022,13,847,131,11,1.0,1.0,3,12,-2.0,-2.0,6.660493827160494,0.17901234567901234,0.4534711964549483,10.8,10.8,1
2022,14,847,131,13,5.0,8.0,3,12,1.0,4.0,6.660493827160494,0.17901234567901234,0.4534711964549483,10.8,10.8,0
2022,15,847,131,39,6.0,6.0,3,12,4.0,4.0,6.660493827160494,0.17901234567901234,0.4534711964549483,14.4,14.4,1
2022,16,847,131,14,2.0,6.0,3,12,-1.0,3.0,6.660493827160494,0.17901234567901234,0.4534711964549483,15.0,15.0,1
2022,17,847,131,15,0.0,11.0,3,12,-14.0,-3.0,6.660493827160494,0.17901234567901234,0.4534711964549483,12.0,12.0,0
2022,18,847,131,22,8.0,8.0,3,12,0.0,0.0,6.660493827160494,0.17901234567901234,0.4534711964549483,9.8,9.8,0
2022,19,847,131,69,4.0,6.0,3,12,-1.0,1.0,6.660493827160494,0.17901234567901234,0.4534711964549483,9.6,9.6,0
2022,20,847,131,32,2.0,2.0,3,12,-2.0,-2.0,6.660493827160494,0.17901234567901234,0.4534711964549483,8.6,8.6,0
2022,21,847,131,18,1.0,3.0,3,12,0.0,2.0,6.660493827160494,0.17901234567901234,0.4534711964549483,10.8,10.8,1
2022,22,847,131,24,6.0,6.0,3,12,1.0,1.0,6.660493827160494,0.17901234567901234,0.4534711964549483,12.8,12.8,0
2023,1,1,131,3,7.0,7.0,13,13,2.0,2.0,14.350591715976332,0.5325443786982249,0.4534711964549483,12.8,14.0,0
2023,2,1,131,77,7.0,8.0,13,13,2.0,3.0,14.350591715976332,0.5325443786982249,0.4534711964549483,11.2,13.8,0
2023,3,1,131,1,3.0,3.0,13,13,1.0,1.0,14.350591715976332,0.5325443786982249,0.4534711964549483,11.2,14.8,1
2023,4,1,131,73,5.0,5.0,13,13,-1.0,-1.0,14.350591715976332,0.5325443786982249,0.4534711964549483,9.2,11.2,0
2023,5,1,131,79,13.0,13.0,13,13,7.0,7.0,14.350591715976332,0.5325443786982249,0.4534711964549483,10.8,10.8,0
2023,6,1,131,6,5.0,6.0,13,13,1.0,2.0,14.350591715976332,0.5325443786982249,0.4534711964549483,11.4,11.4,0
2023,7,1,131,4,4.0,5.0,13,13,2.0,3.0,14.350591715976332,0.5325443786982249,0.4534711964549483,13.0,13.0,1
2023,8,1,131,7,3.0,4.0,13,13,0.0,1.0,14.350591715976332,0.5325443786982249,0.4534711964549483,12.4,12.4,1
2023,9,1,131,70,5.0,5.0,13,13,-3.0,-3.0,14.350591715976332,0.5325443786982249,0.4534711964549483,11.6,11.6,0
2023,10,1,131,9,7.0,7.0,13,13,4.0,4.0,14.350591715976332,0.5325443786982249,0.4534711964549483,13.0,13.0,1
2023,11,1,131,11,1.0,1.0,13,13,-3.0,-3.0,14.350591715976332,0.5325443786982249,0.4534711964549483,12.8,12.8,0
2023,12,1,131,13,3.0,4.0,13,13,-1.0,0.0,14.350591715976332,0.5325443786982249,0.4534711964549483,11.8,11.8,0
2023,13,1,131,39,13.0,13.0,13,13,7.0,7.0,14.350591715976332,0.5325443786982249,0.4534711964549483,10.4,10.4,0
2023,14,1,131,14,8.0,8.0,13,13,2.0,2.0,14.350591715976332,0.5325443786982249,0.4534711964549483,11.2,11.2,0
2023,15,1,131,15,5.0,5.0,13,13,2.0,2.0,14.350591715976332,0.5325443786982249,0.4534711964549483,11.4,11.4,1
2023,16,1,131,22,7.0,7.0,13,13,2.0,2.0,14.350591715976332,0.5325443786982249,0.4534711964549483,11.0,11.0,0
2023,17,1,131,78,3.0,3.0,13,13,-16.0,-16.0,14.350591715976332,0.5325443786982249,0.4534711964549483,8.4,8.4,0
2023,18,1,131,69,3.0,3.0,13,13,-16.0,-16.0,14.350591715976332,0.5325443786982249,0.4534711964549483,6.8,6.8,0
2023,19,1,131,32,6.0,6.0,13,13,4.0,4.0,14.350591715976332,0.5325443786982249,0.4534711964549483,9.0,9.0,1
2023,20,1,131,18,5.0,5.0,13,13,-3.0,-3.0,14.350591715976332,0.5325443786982249,0.4534711964549483,6.6,6.6,0
2023,21,1,131,80,10.0,11.0,13,13,3.0,4.0,14.350591715976332,0.5325443786982249,0.4534711964549483,5.8,5.8,0
2023,22,1,131,24,11.0,11.0,13,13,2.0,2.0,14.350591715976332,0.5325443786982249,0.4534711964549483,6.2,6.2,0
2023,1,847,131,3,6.0,6.0,4,13,-1.0,-1.0,6.660493827160494,0.17901234567901234,0.4534711964549483,13.2,7.4,0
2023,2,847,131,77,3.0,4.0,4,13,-1.0,0.0,6.660493827160494,0.17901234567901234,0.4534711964549483,13.4,6.0,0
2023,3,847,131,1,2.0,2.0,4,13,-16.0,-16.0,6.660493827160494,0.17901234567901234,0.4534711964549483,10.8,5.2,0
2023,4,847,131,73,11.0,11.0,4,13,3.0,3.0,6.660493827160494,0.17901234567901234,0.4534711964549483,6.6,5.0,0
2023,5,847,131,79,6.0,6.0,4,13,2.0,2.0,6.660493827160494,0.17901234567901234,0.4534711964549483,7.0,7.0,0
2023,6,847,131,6,8.0,8.0,4,13,3.0,3.0,6.660493827160494,0.17901234567901234,0.4534711964549483,7.8,7.8,0
2023,7,847,131,4,12.0,12.0,4,13,9.0,9.0,6.660493827160494,0.17901234567901234,0.4534711964549483,8.4,8.4,1
2023,8,847,131,7,4.0,5.0,4,13,-15.0,-14.0,6.660493827160494,0.17901234567901234,0.4534711964549483,8.4,8.4,0
2023,9,847,131,70,11.0,11.0,4,13,4.0,4.0,6.660493827160494,0.17901234567901234,0.4534711964549483,8.6,8.6,0
2023,10,847,131,9,6.0,6.0,4,13,1.0,1.0,6.660493827160494,0.17901234567901234,0.4534711964549483,8.2,8.2,0
2023,11,847,131,11,18.0,18.0,4,13,12.0,12.0,6.660493827160494,0.17901234567901234,0.4534711964549483,7.8,7.8,0
2023,12,847,131,13,8.0,8.0,4,13,2.0,2.0,6.660493827160494,0.17901234567901234,0.4534711964549483,6.4,6.4,0
2023,13,847,131,39,3.0,3.0,4,13,-14.0,-14.0,6.660493827160494,0.17901234567901234,0.4534711964549483,6.4,6.4,0
2023,14,847,131,14,4.0,4.0,4,13,-1.0,-1.0,6.660493827160494,0.17901234567901234,0.4534711964549483,7.2,7.2,0
2023,15,847,131,15,2.0,2.0,4,13,-14.0,-14.0,6.660493827160494,0.17901234567901234,0.4534711964549483,5.2,5.2,0
2023,16,847,131,22,8.0,8.0,4,13,1.0,1.0,6.660493827160494,0.17901234567901234,0.4534711964549483,4.8,4.8,0
2023,17,847,131,78,2.0,2.0,4,13,-2.0,-2.0,6.660493827160494,0.17901234567901234,0.4534711964549483,5.6,5.6,0
2023,18,847,131,69,5.0,5.0,4,13,0.0,0.0,6.660493827160494,0.17901234567901234,0.4534711964549483,7.6,7.6,0
2023,19,847,131,32,8.0,8.0,4,13,2.0,2.0,6.660493827160494,0.17901234567901234,0.4534711964549483,7.2,7.2,0
2023,20,847,131,18,8.0,6.0,4,13,-7.0,-9.0,6.660493827160494,0.17901234567901234,0.4534711964549483,7.2,7.2,0
2023,21,847,131,80,3.0,4.0,4,13,-5.0,-4.0,6.660493827160494,0.17901234567901234,0.4534711964549483,6.8,6.8,0
2023,22,847,131,24,4.0,4.0,4,13,1.0,1.0,6.660493827160494,0.17901234567901234,0.4534711964549483,7.4,7.4,1
2024,1,1,131,3,9.0,9.0,14,14,2.0,2.0,14.350591715976332,0.5325443786982249,0.4534711964549483,7.4,6.6,0
2024,2,1,131,77,8.0,8.0,14,14,-1.0,-1.0,14.350591715976332,0.5325443786982249,0.4534711964549483,4.0,5.4,0
2024,3,1,131,1,11.0,11.0,14,14,-7.0,-7.0,14.350591715976332,0.5325443786982249,0.4534711964549483,3.2,5.4,0
2024,4,1,131,22,7.0,7.0,14,14,-2.0,-2.0,14.350591715976332,0.5325443786982249,0.4534711964549483,2.4,5.0,0
2024,5,1,131,17,18.0,18.0,14,14,9.0,9.0,14.350591715976332,0.5325443786982249,0.4534711964549483,2.4,2.4,0
2024,6,1,131,79,8.0,8.0,14,14,2.0,2.0,14.350591715976332,0.5325443786982249,0.4534711964549483,2.8,2.8,0
2024,7,1,131,21,8.0,8.0,14,14,2.0,2.0,14.350591715976332,0.5325443786982249,0.4534711964549483,4.0,4.0,0
2024,8,1,131,6,7.0,7.0,14,14,0.0,0.0,14.350591715976332,0.5325443786982249,0.4534711964549483,5.4,5.4,0
2024,9,1,131,7,7.0,7.0,14,14,3.0,3.0,14.350591715976332,0.5325443786982249,0.4534711964549483,7.6,7.6,0
2024,10,1,131,4,3.0,3.0,14,14,0.0,0.0,14.350591715976332,0.5325443786982249,0.4534711964549483,10.2,10.2,1
2024,11,1,131,70,5.0,5.0,14,14,1.0,1.0,14.350591715976332,0.5325443786982249,0.4534711964549483,11.0,11.0,0
2024,12,1,131,9,2.0,2.0,14,14,1.0,1.0,14.350591715976332,0.5325443786982249,0.4534711964549483,14.4,14.4,1
2024,13,1,131,11,5.0,5.0,14,14,2.0,2.0,14.350591715976332,0.5325443786982249,0.4534711964549483,16.0,16.0,1
2024,14,1,131,13,3.0,4.0,14,14,2.0,3.0,14.350591715976332,0.5325443786982249,0.4534711964549483,18.4,18.4,1
2024,15,1,131,39,14.0,11.0,14,14,6.0,3.0,14.350591715976332,0.5325443786982249,0.4534711964549483,16.2,16.2,0
2024,16,1,131,14,6.0,6.0,14,14,1.0,1.0,14.350591715976332,0.5325443786982249,0.4534711964549483,15.8,15.8,0
2024,17,1,131,73,0.0,7.0,14,14,-9.0,-2.0,14.350591715976332,0.5325443786982249,0.4534711964549483,11.2,11.2,0
2024,18,1,131,15,3.0,3.0,14,14,-3.0,-3.0,14.350591715976332,0.5325443786982249,0.4534711964549483,9.8,9.8,0
2024,19,1,131,69,17.0,19.0,14,14,-3.0,-1.0,14.350591715976332,0.5325443786982249,0.4534711964549483,4.8,4.8,0
2024,20,1,131,32,6.0,6.0,14,14,2.0,2.0,14.350591715976332,0.5325443786982249,0.4534711964549483,6.4,6.4,0
2024,21,1,131,18,14.0,16.0,14,14,4.0,6.0,14.350591715976332,0.5325443786982249,0.4534711964549483,4.6,4.6,0
2024,22,1,131,80,10.0,10.0,14,14,8.0,8.0,14.350591715976332,0.5325443786982249,0.4534711964549483,7.8,7.8,1
2024,23,1,131,78,6.0,6.0,14,14,-6.0,-6.0,14.350591715976332,0.5325443786982249,0.4534711964549483,6.2,6.2,0
2024,24,1,131,24,16.0,18.0,14,14,12.0,14.0,14.350591715976332,0.5325443786982249,0.4534711964549483,8.6,8.6,0
2024,1,847,131,3,3.0,3.0,5,14,-2.0,-2.0,6.660493827160494,0.17901234567901234,0.4534711964549483,7.4,8.2,0
2024,2,847,131,77,7.0,7.0,5,14,1.0,1.0,6.660493827160494,0.17901234567901234,0.4534711964549483,7.4,9.6,0
2024,3,847,131,1,7.0,7.0,5,14,-10.0,-10.0,6.660493827160494,0.17901234567901234,0.4534711964549483,7.4,6.0,0
2024,4,847,131,22,9.0,9.0,5,14,2.0,2.0,6.660493827160494,0.17901234567901234,0.4534711964549483,7.8,7.2,0
2024,5,847,131,17,8.0,8.0,5,14,2.0,2.0,6.660493827160494,0.17901234567901234,0.4534711964549483,6.4,6.4,0
2024,6,847,131,79,7.0,7.0,5,14,-1.0,-1.0,6.660493827160494,0.17901234567901234,0.4534711964549483,5.2,5.2,0
2024,7,847,131,21,6.0,6.0,5,14,-1.0,-1.0,6.660493827160494,0.17901234567901234,0.4534711964549483,5.0,5.0,0
2024,8,847,131,6,5.0,5.0,5,14,0.0,0.0,6.660493827160494,0.17901234567901234,0.4534711964549483,7.0,7.0,0
2024,9,847,131,7,1.0,1.0,5,14,-2.0,-2.0,6.660493827160494,0.17901234567901234,0.4534711964549483,8.8,8.8,1
2024,10,847,131,4,4.0,4.0,5,14,0.0,0.0,6.660493827160494,0.17901234567901234,0.4534711964549483,9.6,9.6,0
2024,11,847,131,70,3.0,3.0,5,14,2.0,2.0,6.660493827160494,0.17901234567901234,0.4534711964549483,13.8,13.8,1
2024,12,847,131,9,1.0,1.0,5,14,-18.0,-18.0,6.660493827160494,0.17901234567901234,0.4534711964549483,12.4,12.4,0
2024,13,847,131,11,17.0,17.0,5,14,9.0,9.0,6.660493827160494,0.17901234567901234,0.4534711964549483,11.4,11.4,0
2024,14,847,131,13,6.0,7.0,5,14,-14.0,-13.0,6.660493827160494,0.17901234567901234,0.4534711964549483,8.4,8.4,0
2024,15,847,131,39,4.0,4.0,5,14,-3.0,-3.0,6.660493827160494,0.17901234567901234,0.4534711964549483,7.2,7.2,0
2024,16,847,131,14,3.0,3.0,5,14,-4.0,-4.0,6.660493827160494,0.17901234567901234,0.4534711964549483,3.4,3.4,0
2024,17,847,131,73,5.0,5.0,5,14,2.0,2.0,6.660493827160494,0.17901234567901234,0.4534711964549483,6.4,6.4,1
2024,18,847,131,15,4.0,4.0,5,14,0.0,0.0,6.660493827160494,0.17901234567901234,0.4534711964549483,7.8,7.8,0
2024,19,847,131,69,20.0,6.0,5,14,14.0,0.0,6.660493827160494,0.17901234567901234,0.4534711964549483,9.4,9.4,0
2024,20,847,131,32,5.0,5.0,5,14,0.0,0.0,6.660493827160494,0.17901234567901234,0.4534711964549483,10.2,10.2,0
2024,21,847,131,18,2.0,2.0,5,14,-2.0,-2.0,6.660493827160494,0.17901234567901234,0.4534711964549483,11.4,11.4,0
2024,22,847,131,80,1.0,1.0,5,14,0.0,0.0,6.660493827160494,0.17901234567901234,0.4534711964549483,13.4,13.4,1
2024,23,847,131,78,1.0,2.0,5,14,-3.0,-2.0,6.660493827160494,0.17901234567901234,0.4534711964549483,13.4,13.4,0
2024,24,847,131,24,6.0,7.0,5,14,1.0,2.0,6.660493827160494,0.17901234567901234,0.4534711964549483,13.8,13.8,0
2025,1,847,131,1,4.0,4.0,6,15,1.0,1.0,6.660493827160494,0.17901234567901234,0.4534711964549483,14.8,14.8,1
2025,2,847,131,17,2.0,2.0,6,15,-1.0,-1.0,6.660493827160494,0.17901234567901234,0.4534711964549483,15.4,15.4,1
2025,3,847,131,22,5.0,5.0,6,15,0.0,0.0,6.660493827160494,0.17901234567901234,0.4534711964549483,12.4,12.4,0
2025,4,847,131,3,3.0,2.0,6,15,1.0,0.0,6.660493827160494,0.17901234567901234,0.4534711964549483,13.6,13.6,1
2025,5,847,131,77,3.0,3.0,6,15,-2.0,-2.0,6.660493827160494,0.17901234567901234,0.4534711964549483,13.6,13.6,0
2025,6,847,131,79,5.0,5.0,6,15,2.0,2.0,6.660493827160494,0.17901234567901234,0.4534711964549483,13.6,13.6,1
2025,7,847,131,21,3.0,3.0,6,15,-4.0,-4.0,6.660493827160494,0.17901234567901234,0.4534711964549483,11.8,11.8,0
2025,8,847,131,6,14.0,14.0,6,15,3.0,3.0,6.660493827160494,0.17901234567901234,0.4534711964549483,9.8,9.8,0
2025,9,847,131,4,4.0,4.0,6,15,0.0,0.0,6.660493827160494,0.17901234567901234,0.4534711964549483,8.6,8.6,0
2025,10,847,131,7,1.0,1.0,6,15,0.0,0.0,6.660493827160494,0.17901234567901234,0.4534711964549483,11.6,11.6,1
2025,11,847,131,70,5.0,5.0,6,15,0.0,0.0,6.660493827160494,0.17901234567901234,0.4534711964549483,10.6,10.6,0
2025,12,847,131,9,4.0,4.0,6,15,-6.0,-6.0,6.660493827160494,0.17901234567901234,0.4534711964549483,9.6,9.6,0
2025,13,847,131,13,6.0,6.0,6,15,1.0,1.0,6.660493827160494,0.17901234567901234,0.4534711964549483,11.6,11.6,0
2025,14,847,131,11,4.0,4.0,6,15,1.0,1.0,6.660493827160494,0.17901234567901234,0.4534711964549483,12.2,12.2,1
2025,15,847,131,39,5.0,5.0,6,15,1.0,1.0,6.660493827160494,0.17901234567901234,0.4534711964549483,9.6,9.6,0
2025,16,847,131,14,5.0,6.0,6,15,0.0,1.0,6.660493827160494,0.17901234567901234,0.4534711964549483,9.6,9.6,0
2025,17,847,131,73,5.0,5.0,6,15,3.0,3.0,6.660493827160494,0.17901234567901234,0.4534711964549483,13.0,13.0,1
2025,18,847,131,15,1.0,1.0,6,15,0.0,0.0,6.660493827160494,0.17901234567901234,0.4534711964549483,16.0,16.0,1
2025,19,847,131,69,4.0,4.0,6,15,-2.0,-2.0,6.660493827160494,0.17901234567901234,0.4534711964549483,14.6,14.6,0
2025,20,847,131,32,4.0,4.0,6,15,-3.0,-3.0,6.660493827160494,0.17901234567901234,0.4534711964549483,13.4,13.4,0
2025,21,847,131,18,6.0,6.0,6,15,2.0,2.0,6.660493827160494,0.17901234567901234,0.4534711964549483,13.8,13.8,0
2025,22,847,131,80,4.0,4.0,6,15,2.0,2.0,6.660493827160494,0.17901234567901234,0.4534711964549483,13.8,13.8,1
2025,24,847,131,24,4.0,4.0,6,15,-1.0,-1.0,6.660493827160494,0.17901234567901234,0.4534711964549483,10.8,10.8,0
2025,1,863,131,1,16.0,16.0,0,15,12.0,12.0,9.5,0.35294117647058826,0.4534711964549483,12.0,11.6,0
2025,2,863,131,17,8.0,8.0,0,15,2.0,2.0,9.5,0.35294117647058826,0.4534711964549483,10.0,12.0,0
2025,3,863,131,22,6.0,6.0,0,15,0.0,0.0,9.5,0.35294117647058826,0.4534711964549483,9.333333333333334,11.2,0
2025,4,863,131,3,5.0,4.0,0,15,-6.0,-7.0,9.5,0.35294117647058826,0.4534711964549483,7.0,7.6,0
2025,5,863,131,77,5.0,5.0,0,15,-1.0,-1.0,9.5,0.35294117647058826,0.4534711964549483,7.2,7.2,0
2025,6,863,131,79,3.0,3.0,0,15,-3.0,-3.0,9.5,0.35294117647058826,0.4534711964549483,6.4,6.4,0
2025,7,863,131,21,13.0,13.0,0,15,-6.0,-6.0,9.5,0.35294117647058826,0.4534711964549483,4.8,4.8,0
2025,8,863,131,6,15.0,15.0,0,15,-3.0,-3.0,9.5,0.35294117647058826,0.4534711964549483,3.2,3.2,0
2025,9,863,131,4,6.0,6.0,0,15,-12.0,-12.0,9.5,0.35294117647058826,0.4534711964549483,3.2,3.2,0
2025,10,863,131,7,4.0,4.0,0,15,1.0,1.0,9.5,0.35294117647058826,0.4534711964549483,4.6,4.6,1
2025,11,863,131,70,9.0,9.0,0,15,-10.0,-10.0,9.5,0.35294117647058826,0.4534711964549483,3.0,3.0,0
2025,12,863,131,9,10.0,7.0,0,15,-6.0,-9.0,9.5,0.35294117647058826,0.4534711964549483,3.0,3.0,0
2025,13,863,131,13,19.0,18.0,0,15,3.0,2.0,9.5,0.35294117647058826,0.4534711964549483,3.0,3.0,0
2025,14,863,131,11,15.0,15.0,0,15,5.0,5.0,9.5,0.35294117647058826,0.4534711964549483,3.2,3.2,0
2025,15,863,131,39,11.0,11.0,0,15,-5.0,-5.0,9.5,0.35294117647058826,0.4534711964549483,0.2,0.2,0
2025,16,863,131,14,6.0,7.0,0,15,-3.0,-2.0,9.5,0.35294117647058826,0.4534711964549483,0.6,0.6,0
2025,17,863,131,73,4.0,4.0,0,15,0.0,0.0,9.5,0.35294117647058826,0.4534711964549483,3.0,3.0,0
2025,18,863,131,15,4.0,4.0,0,15,-1.0,-1.0,9.5,0.35294117647058826,0.4534711964549483,5.0,5.0,0
2025,19,863,131,69,7.0,7.0,0,15,-6.0,-6.0,9.5,0.35294117647058826,0.4534711964549483,4.8,4.8,0
2025,20,863,131,32,6.0,6.0,0,15,0.0,0.0,9.5,0.35294117647058826,0.4534711964549483,6.4,6.4,0
2025,21,863,131,18,2.0,2.0,0,15,0.0,0.0,9.5,0.35294117647058826,0.4534711964549483,9.6,9.6,1
2025,22,863,131,80,17.0,17.0,0,15,14.0,14.0,9.5,0.35294117647058826,0.4534711964549483,10.2,10.2,1
2025,24,863,131,24,14.0,14.0,0,15,-1.0,-1.0,9.5,0.35294117647058826,0.4534711964549483,8.2,8.2,0
2026,1,847,131,1,1.0,1.0,7,16,0.0,0.0,6.660493827160494,0.17901234567901234,0.4534711964549483,14.2,13.2,1
2026,2,847,131,17,2.0,2.0,7,16,0.0,0.0,6.660493827160494,0.17901234567901234,0.4534711964549483,16.6,15.2,1
2026,3,847,131,22,2.0,2.0,7,16,-2.0,-2.0,6.660493827160494,0.17901234567901234,0.4534711964549483,16.6,14.0,0
2026,4,847,131,79,5.0,5.0,7,16,1.0,1.0,6.660493827160494,0.17901234567901234,0.4534711964549483,15.4,13.4,0
2026,5,847,131,7,1.0,1.0,7,16,-18.0,-18.0,6.660493827160494,0.17901234567901234,0.4534711964549483,13.4,13.4,0
2026,6,847,131,6,6.0,6.0,7,16,-6.0,-6.0,6.660493827160494,0.17901234567901234,0.4534711964549483,8.4,8.4,0
2026,7,847,131,4,1.0,1.0,7,16,-1.0,-1.0,6.660493827160494,0.17901234567901234,0.4534711964549483,8.4,8.4,1
2026,8,847,131,70,1.0,1.0,7,16,0.0,0.0,6.660493827160494,0.17901234567901234,0.4534711964549483,11.0,11.0,1
2026,9,847,131,9,4.0,4.0,7,16,2.0,2.0,6.660493827160494,0.17901234567901234,0.4534711964549483,12.2,12.2,1
2026,10,847,131,13,3.0,4.0,7,16,-19.0,-18.0,6.660493827160494,0.17901234567901234,0.4534711964549483,12.2,12.2,0
2026,11,847,131,11,6.0,7.0,7,16,-1.0,0.0,6.660493827160494,0.17901234567901234,0.4534711964549483,13.4,13.4,0
2026,1,863,131,1,2.0,2.0,1,16,0.0,0.0,9.5,0.35294117647058826,0.4534711964549483,11.8,13.4,1
2026,2,863,131,17,1.0,1.0,1,16,0.0,0.0,9.5,0.35294117647058826,0.4534711964549483,15.2,13.4,1
2026,3,863,131,22,1.0,1.0,1,16,0.0,0.0,9.5,0.35294117647058826,0.4534711964549483,16.6,14.8,1
2026,4,863,131,79,1.0,1.0,1,16,0.0,0.0,9.5,0.35294117647058826,0.4534711964549483,18.6,19.8,1
2026,5,863,131,7,2.0,2.0,1,16,1.0,1.0,9.5,0.35294117647058826,0.4534711964549483,23.6,23.6,1
2026,6,863,131,6,1.0,1.0,1,16,0.0,0.0,9.5,0.35294117647058826,0.4534711964549483,25.0,25.0,1
2026,7,863,131,4,3.0,3.0,1,16,-13.0,-13.0,9.5,0.35294117647058826,0.4534711964549483,20.0,20.0,0
2026,8,863,131,70,4.0,4.0,1,16,1.0,1.0,9.5,0.35294117647058826,0.4534711964549483,18.0,18.0,1
2026,9,863,131,9,1.0,1.0,1,16,-14.0,-14.0,9.5,0.35294117647058826,0.4534711964549483,13.0,13.0,0
2026,10,863,131,13,1.0,1.0,1,16,0.0,0.0,9.5,0.35294117647058826,0.4534711964549483,13.0,13.0,1
2026,11,863,131,11,7.0,4.0,1,16,4.0,1.0,9.5,0.35294117647058826,0.4534711964549483,11.0,11.0,1
2010,10,29,164,9,24.0,24.0,0,0,4.0,4.0,0.0,0.0,0.0,0.0,0.0,0
2010,11,29,164,10,22.0,23.0,0,0,0.0,1.0,0.0,0.0,0.0,0.0,0.0,0
2010,12,29,164,11,24.0,24.0,0,0,5.0,5.0,0.0,0.0,0.0,0.0,0.0,0
2010,13,29,164,13,19.0,21.0,0,0,-1.0,1.0,0.0,0.0,0.0,0.0,0.0,0
2010,14,29,164,14,23.0,24.0,0,0,4.0,5.0,0.0,0.0,0.0,0.0,0.0,0
2010,16,29,164,22,24.0,24.0,0,0,8.0,8.0,0.0,0.0,0.0,0.0,0.0,0
2010,17,29,164,35,23.0,23.0,0,0,8.0,8.0,0.0,0.0,0.0,0.0,0.0,0
2010,15,32,164,15,22.0,22.0,0,0,2.0,2.0,0.0,0.0,0.0,0.0,0.0,0
2010,18,32,164,18,23.0,23.0,0,0,1.0,1.0,0.0,0.0,0.0,0.0,0.0,0
2010,19,32,164,24,24.0,24.0,0,0,4.0,4.0,0.0,0.0,0.0,0.0,0.0,0
2010,1,811,164,3,23.0,23.0,0,0,4.0,4.0,0.717391304347826,0.0,0.0,0.0,0.0,0
2010,2,811,164,1,21.0,23.0,0,0,1.0,3.0,0.717391304347826,0.0,0.0,0.0,0.0,0
2010,3,811,164,2,23.0,23.0,0,0,7.0,7.0,0.717391304347826,0.0,0.0,0.0,0.0,0
2010,4,811,164,17,23.0,23.0,0,0,7.0,7.0,0.717391304347826,0.0,0.0,0.0,0.0,0
2010,5,811,164,4,21.0,24.0,0,0,-2.0,1.0,0.717391304347826,0.0,0.0,0.0,0.0,0
2010,6,811,164,6,22.0,22.0,0,0,5.0,5.0,0.717391304347826,0.0,0.0,0.0,0.0,0
2010,7,811,164,5,22.0,22.0,0,0,1.0,1.0,0.717391304347826,0.0,0.0,0.0,0.0,0
2010,8,811,164,7,22.0,22.0,0,0,-1.0,-1.0,0.717391304347826,0.0,0.0,0.0,0.0,0
2010,9,811,164,12,24.0,24.0,0,0,4.0,4.0,0.717391304347826,0.0,0.0,0.0,0.0,0
2010,11,811,164,10,20.0,21.0,0,0,1.0,2.0,0.717391304347826,0.0,0.0,0.0,0.0,0
2010,12,811,164,11,22.0,23.0,0,0,5.0,6.0,0.717391304347826,0.0,0.0,0.0,0.0,0
2010,13,811,164,13,18.0,20.0,0,0,-5.0,-3.0,0.717391304347826,0.0,0.0,0.0,0.0,0
2010,14,811,164,14,22.0,23.0,0,0,0.0,1.0,0.717391304347826,0.0,0.0,0.0,0.0,0
2010,15,811,164,15,23.0,23.0,0,0,1.0,1.0,0.717391304347826,0.0,0.0,0.0,0.0,0
2010,16,811,164,22,23.0,23.0,0,0,8.0,8.0,0.717391304347826,0.0,0.0,0.0,0.0,0
2010,17,811,164,35,24.0,24.0,0,0,10.0,10.0,0.717391304347826,0.0,0.0,0.0,0.0,0
2010,18,811,164,18,24.0,24.0,0,0,3.0,3.0,0.717391304347826,0.0,0.0,0.0,0.0,0
2010,19,811,164,24,23.0,23.0,0,0,4.0,4.0,0.717391304347826,0.0,0.0,0.0,0.0,0
2010,1,812,164,3,24.0,24.0,0,0,0.0,0.0,0.0,0.0,0.0,0.0,0.0,0
2010,2,812,164,1,22.0,24.0,0,0,8.0,10.0,0.0,0.0,0.0,0.0,0.0,0
2010,3,812,164,2,22.0,22.0,0,0,7.0,7.0,0.0,0.0,0.0,0.0,0.0,0
2010,4,812,164,17,24.0,24.0,0,0,7.0,7.0,0.0,0.0,0.0,0.0,0.0,0
2010,5,812,164,4,24.0,23.0,0,0,3.0,2.0,0.0,0.0,0.0,0.0,0.0,0
2010,6,812,164,6,23.0,23.0,0,0,9.0,9.0,0.0,0.0,0.0,0.0,0.0,0
2010,7,812,164,5,24.0,24.0,0,0,4.0,4.0,0.0,0.0,0.0,0.0,0.0,0
2010,8,812,164,7,24.0,24.0,0,0,6.0,6.0,0.0,0.0,0.0,0.0,0.0,0
2010,9,812,164,12,23.0,23.0,0,0,5.0,5.0,0.0,0.0,0.0,0.0,0.0,0
2010,10,812,164,9,23.0,23.0,0,0,4.0,4.0,0.0,0.0,0.0,0.0,0.0,0
2011,2,24,164,2,23.0,23.0,1,1,5.0,5.0,0.5675675675675675,0.0,0.0,1.6,0.0,0
2011,3,24,164,17,23.0,23.0,1,1,1.0,1.0,0.5675675675675675,0.0,0.0,1.6,0.0,0
2011,4,24,164,5,20.0,21.0,1,1,-2.0,-1.0,0.5675675675675675,0.0,0.0,0.0,0.0,0
2011,5,24,164,4,21.0,21.0,1,1,-3.0,-3.0,0.5675675675675675,0.0,0.0,0.0,0.0,0
2011,6,24,164,6,23.0,24.0,1,1,7.0,8.0,0.5675675675675675,0.0,0.0,0.0,0.0,0
2011,7,24,164,7,20.0,21.0,1,1,7.0,8.0,0.5675675675675675,0.0,0.0,0.0,0.0,0
2011,8,24,164,12,22.0,22.0,1,1,-1.0,-1.0,0.5675675675675675,0.0,0.0,0.0,0.0,0
2011,9,24,164,9,23.0,23.0,1,1,5.0,5.0,0.5675675675675675,0.0,0.0,0.0,0.0,0
2011,10,24,164,20,23.0,23.0,1,1,2.0,2.0,0.5675675675675675,0.0,0.0,0.0,0.0,0
2011,11,24,164,11,21.0,22.0,1,1,1.0,2.0,0.5675675675675675,0.0,0.0,0.0,0.0,0
2011,12,24,164,13,22.0,22.0,1,1,3.0,3.0,0.5675675675675675,0.0,0.0,0.0,0.0,0
2011,13,24,164,14,24.0,24.0,1,1,0.0,0.0,0.5675675675675675,0.0,0.0,0.0,0.0,0
2011,14,24,164,15,24.0,24.0,1,1,4.0,4.0,0.5675675675675675,0.0,0.0,0.0,0.0,0
2011,15,24,164,22,24.0,24.0,1,1,1.0,1.0,0.5675675675675675,0.0,0.0,0.0,0.0,0
2011,16,24,164,35,23.0,23.0,1,1,2.0,2.0,0.5675675675675675,0.0,0.0,0.0,0.0,0
2011,18,24,164,24,22.0,23.0,1,1,2.0,3.0,0.5675675675675675,0.0,0.0,0.0,0.0,0
2011,19,24,164,18,21.0,21.0,1,1,0.0,0.0,0.5675675675675675,0.0,0.0,0.0,0.0,0
2011,1,24,164,1,0.0,23.0,1,1,-23.0,0.0,0.5675675675675675,0.0,0.0,0.0,0.0,0
2011,2,39,164,2,24.0,24.0,0,1,1.0,1.0,0.0,0.0,0.0,0.0,0.0,0
2011,3,39,164,17,24.0,24.0,0,1,1.0,1.0,0.0,0.0,0.0,0.0,0.0,0
2011,4,39,164,5,22.0,23.0,0,1,1.0,2.0,0.0,0.0,0.0,0.0,0.0,0
2011,5,39,164,4,22.0,22.0,0,1,1.0,1.0,0.0,0.0,0.0,0.0,0.0,0
2011,6,39,164,6,22.0,23.0,0,1,5.0,6.0,0.0,0.0,0.0,0.0,0.0,0
2011,7,39,164,7,22.0,23.0,0,1,8.0,9.0,0.0,0.0,0.0,0.0,0.0,0
2011,8,39,164,12,24.0,24.0,0,1,0.0,0.0,0.0,0.0,0.0,0.0,0.0,0
2011,17,39,164,68,24.0,22.0,0,1,7.0,5.0,0.0,0.0,0.0,0.0,0.0,0
2011,1,39,164,1,0.0,24.0,0,1,-24.0,0.0,0.0,0.0,0.0,0.0,0.0,0
2011,9,817,164,9,24.0,24.0,0,1,5.0,5.0,5.0625,0.125,0.0,0.0,0.0,0
2011,10,817,164,20,22.0,24.0,0,1,3.0,5.0,5.0625,0.125,0.0,0.0,0.0,0
2011,11,817,164,11,22.0,23.0,0,1,4.0,5.0,5.0625,0.125,0.0,0.0,0.0,0
2011,12,817,164,13,23.0,23.0,0,1,2.0,2.0,5.0625,0.125,0.0,0.0,0.0,0
2011,13,817,164,14,23.0,23.0,0,1,7.0,7.0,5.0625,0.125,0.0,0.0,0.0,0
2011,14,817,164,15,23.0,23.0,0,1,4.0,4.0,5.0625,0.125,0.0,0.0,0.0,0
2011,15,817,164,22,22.0,22.0,0,1,0.0,0.0,5.0625,0.125,0.0,0.0,0.0,0
2011,16,817,164,35,24.0,24.0,0,1,5.0,5.0,5.0625,0.125,0.0,0.0,0.0,0
2011,17,817,164,68,23.0,21.0,0,1,5.0,3.0,5.0625,0.125,0.0,0.0,0.0,0
2011,18,817,164,24,20.0,21.0,0,1,-1.0,0.0,5.0625,0.125,0.0,0.0,0.0,0
2011,19,817,164,18,22.0,22.0,0,1,2.0,2.0,5.0625,0.125,0.0,0.0,0.0,0
2012,1,37,164,1,0.0,23.0,2,2,-23.0,0.0,0.17142857142857143,0.0,0.0,1.2,0.0,0
2012,2,37,164,2,22.0,23.0,2,2,0.0,1.0,0.17142857142857143,0.0,0.0,0.0,0.0,0
2012,3,37,164,17,22.0,23.0,2,2,1.0,2.0,0.17142857142857143,0.0,0.0,0.0,0.0,0
2012,4,37,164,3,20.0,22.0,2,2,0.0,2.0,0.17142857142857143,0.0,0.0,0.0,0.0,0
2012,5,37,164,4,22.0,23.0,2,2,3.0,4.0,0.17142857142857143,0.0,0.0,0.0,0.0,0
2012,6,37,164,6,20.0,21.0,2,2,-2.0,-1.0,0.17142857142857143,0.0,0.0,0.0,0.0,0
2012,7,37,164,7,20.0,21.0,2,2,-3.0,-2.0,0.17142857142857143,0.0,0.0,0.0,0.0,0
2012,8,37,164,12,21.0,21.0,2,2,4.0,4.0,0.17142857142857143,0.0,0.0,0.0,0.0,0
2012,9,37,164,9,21.0,22.0,2,2,1.0,2.0,0.17142857142857143,0.0,0.0,0.0,0.0,0
2012,10,37,164,10,23.0,23.0,2,2,2.0,2.0,0.17142857142857143,0.0,0.0,0.0,0.0,0
2012,11,37,164,11,23.0,23.0,2,2,1.0,1.0,0.17142857142857143,0.0,0.0,0.0,0.0,0
2012,12,37,164,13,21.0,22.0,2,2,3.0,4.0,0.17142857142857143,0.0,0.0,0.0,0.0,0
2012,13,37,164,14,23.0,23.0,2,2,5.0,5.0,0.17142857142857143,0.0,0.0,0.0,0.0,0
2012,14,37,164,15,24.0,24.0,2,2,7.0,7.0,0.17142857142857143,0.0,0.0,0.0,0.0,0
2012,15,37,164,22,20.0,21.0,2,2,2.0,3.0,0.17142857142857143,0.0,0.0,0.0,0.0,0
2012,16,37,164,35,22.0,23.0,2,2,1.0,2.0,0.17142857142857143,0.0,0.0,0.0,0.0,0
2012,17,37,164,68,22.0,22.0,2,2,-1.0,-1.0,0.17142857142857143,0.0,0.0,0.0,0.0,0
2012,18,37,164,24,22.0,23.0,2,2,5.0,6.0,0.17142857142857143,0.0,0.0,0.0,0.0,0
2012,19,37,164,69,23.0,23.0,2,2,2.0,2.0,0.17142857142857143,0.0,0.0,0.0,0.0,0
2012,20,37,164,18,24.0,24.0,2,2,7.0,7.0,0.17142857142857143,0.0,0.0,0.0,0.0,0
2012,1,39,164,1,0.0,24.0,1,2,-24.0,0.0,0.0,0.0,0.0,0.0,0.0,0
2012,2,39,164,2,23.0,24.0,1,2,2.0,3.0,0.0,0.0,0.0,0.0,0.0,0
2012,3,39,164,17,23.0,24.0,1,2,1.0,2.0,0.0,0.0,0.0,0.0,0.0,0
2012,4,39,164,3,24.0,24.0,1,2,3.0,3.0,0.0,0.0,0.0,0.0,0.0,0
2012,5,39,164,4,23.0,24.0,1,2,1.0,2.0,0.0,0.0,0.0,0.0,0.0,0
2012,6,39,164,6,22.0,23.0,1,2,7.0,8.0,0.0,0.0,0.0,0.0,0.0,0
2012,7,39,164,7,24.0,24.0,1,2,0.0,0.0,0.0,0.0,0.0,0.0,0.0,0
2012,8,39,164,12,22.0,22.0,1,2,4.0,4.0,0.0,0.0,0.0,0.0,0.0,0
2012,9,39,164,9,22.0,23.0,1,2,1.0,2.0,0.0,0.0,0.0,0.0,0.0,0
2012,10,39,164,10,24.0,24.0,1,2,1.0,1.0,0.0,0.0,0.0,0.0,0.0,0
2012,11,39,164,11,24.0,24.0,1,2,1.0,1.0,0.0,0.0,0.0,0.0,0.0,0
2012,12,39,164,13,24.0,24.0,1,2,5.0,5.0,0.0,0.0,0.0,0.0,0.0,0
2012,13,39,164,14,21.0,22.0,1,2,2.0,3.0,0.0,0.0,0.0,0.0,0.0,0
2012,14,39,164,15,23.0,23.0,1,2,0.0,0.0,0.0,0.0,0.0,0.0,0.0,0
2012,15,39,164,22,24.0,24.0,1,2,3.0,3.0,0.0,0.0,0.0,0.0,0.0,0
2012,17,39,164,68,23.0,23.0,1,2,2.0,2.0,0.0,0.0,0.0,0.0,0.0,0
2012,18,39,164,24,23.0,24.0,1,2,1.0,2.0,0.0,0.0,0.0,0.0,0.0,0
2012,19,39,164,69,24.0,24.0,1,2,2.0,2.0,0.0,0.0,0.0,0.0,0.0,0
2012,20,39,164,18,23.0,23.0,1,2,5.0,5.0,0.0,0.0,0.0,0.0,0.0,0
2010,1,10,166,3,19.0,19.0,0,0,-1.0,-1.0,0.0,0.0,0.0,0.0,0.0,0
2010,2,10,166,1,23.0,21.0,0,0,8.0,6.0,0.0,0.0,0.0,0.0,0.0,0
2010,3,10,166,2,16.0,16.0,0,0,-7.0,-7.0,0.0,0.0,0.0,0.0,0.0,0
2010,4,10,166,17,19.0,19.0,0,0,-5.0,-5.0,0.0,0.0,0.0,0.0,0.0,0
2010,5,10,166,4,22.0,21.0,0,0,4.0,3.0,0.0,0.0,0.0,0.0,0.0,0
2010,6,10,166,6,20.0,20.0,0,0,-1.0,-1.0,0.0,0.0,0.0,0.0,0.0,0
2010,7,10,166,5,21.0,21.0,0,0,3.0,3.0,0.0,0.0,0.0,0.0,0.0,0
2010,8,10,166,7,21.0,21.0,0,0,1.0,1.0,0.0,0.0,0.0,0.0,0.0,0
2010,9,10,166,12,22.0,22.0,0,0,3.0,3.0,0.0,0.0,0.0,0.0,0.0,0
2010,10,10,166,9,19.0,20.0,0,0,1.0,2.0,0.0,0.0,0.0,0.0,0.0,0
2010,11,10,166,10,23.0,20.0,0,0,5.0,2.0,0.0,0.0,0.0,0.0,0.0,0
2010,12,10,166,11,18.0,19.0,0,0,2.0,3.0,0.0,0.0,0.0,0.0,0.0,0
2010,13,10,166,13,20.0,17.0,0,0,2.0,-1.0,0.0,0.0,0.0,0.0,0.0,0
2010,14,10,166,14,24.0,21.0,0,0,7.0,4.0,0.0,0.0,0.0,0.0,0.0,0
2010,15,10,166,15,18.0,18.0,0,0,1.0,1.0,0.0,0.0,0.0,0.0,0.0,0
2010,16,10,166,22,22.0,22.0,0,0,8.0,8.0,0.0,0.0,0.0,0.0,0.0,0
2010,17,10,166,35,19.0,20.0,0,0,0.0,1.0,0.0,0.0,0.0,0.0,0.0,0
2010,18,10,166,18,17.0,19.0,0,0,-3.0,-1.0,0.0,0.0,0.0,0.0,0.0,0
2010,19,10,166,24,21.0,21.0,0,0,-1.0,-1.0,0.0,0.0,0.0,0.0,0.0,0
2010,1,810,166,3,22.0,22.0,0,0,-1.0,-1.0,0.0,0.0,0.0,0.0,0.0,0
2010,2,810,166,1,24.0,22.0,0,0,8.0,6.0,0.0,0.0,0.0,0.0,0.0,0
2010,3,810,166,2,24.0,24.0,0,0,10.0,10.0,0.0,0.0,0.0,0.0,0.0,0
2010,4,810,166,17,22.0,22.0,0,0,3.0,3.0,0.0,0.0,0.0,0.0,0.0,0
2010,5,810,166,4,23.0,22.0,0,0,4.0,3.0,0.0,0.0,0.0,0.0,0.0,0
2010,6,810,166,6,21.0,21.0,0,0,1.0,1.0,0.0,0.0,0.0,0.0,0.0,0
2010,7,810,166,5,23.0,23.0,0,0,4.0,4.0,0.0,0.0,0.0,0.0,0.0,0
2010,8,810,166,7,23.0,23.0,0,0,4.0,4.0,0.0,0.0,0.0,0.0,0.0,0
2010,9,810,166,12,21.0,21.0,0,0,4.0,4.0,0.0,0.0,0.0,0.0,0.0,0
2010,10,810,166,9,22.0,22.0,0,0,-2.0,-2.0,0.0,0.0,0.0,0.0,0.0,0
2010,11,810,166,10,24.0,24.0,0,0,3.0,3.0,0.0,0.0,0.0,0.0,0.0,0
2010,12,810,166,11,21.0,22.0,0,0,3.0,4.0,0.0,0.0,0.0,0.0,0.0,0
2010,13,810,166,13,22.0,23.0,0,0,5.0,6.0,0.0,0.0,0.0,0.0,0.0,0
2010,14,810,166,14,21.0,22.0,0,0,1.0,2.0,0.0,0.0,0.0,0.0,0.0,0
2010,15,810,166,15,20.0,20.0,0,0,5.0,5.0,0.0,0.0,0.0,0.0,0.0,0
2010,16,810,166,22,21.0,21.0,0,0,-3.0,-3.0,0.0,0.0,0.0,0.0,0.0,0
2010,17,810,166,35,22.0,22.0,0,0,1.0,1.0,0.0,0.0,0.0,0.0,0.0,0
2010,18,810,166,18,21.0,22.0,0,0,-2.0,-1.0,0.0,0.0,0.0,0.0,0.0,0
2010,19,810,166,24,22.0,22.0,0,0,4.0,4.0,0.0,0.0,0.0,0.0,0.0,0
2011,1,10,166,1,21.0,21.0,1,1,6.0,6.0,0.0,0.0,0.0,0.0,0.0,0
2011,2,10,166,2,21.0,21.0,1,1,5.0,5.0,0.0,0.0,0.0,0.0,0.0,0
2011,3,10,166,17,22.0,22.0,1,1,1.0,1.0,0.0,0.0,0.0,0.0,0.0,0
2011,4,10,166,5,21.0,22.0,1,1,-3.0,-2.0,0.0,0.0,0.0,0.0,0.0,0
2011,5,10,166,4,20.0,20.0,1,1,1.0,1.0,0.0,0.0,0.0,0.0,0.0,0
2011,6,10,166,6,20.0,21.0,1,1,-3.0,-2.0,0.0,0.0,0.0,0.0,0.0,0
2011,7,10,166,7,21.0,22.0,1,1,5.0,6.0,0.0,0.0,0.0,0.0,0.0,0
2011,8,10,166,12,21.0,21.0,1,1,0.0,0.0,0.0,0.0,0.0,0.0,0.0,0
2011,9,10,166,9,20.0,20.0,1,1,4.0,4.0,0.0,0.0,0.0,0.0,0.0,0
2011,10,10,166,20,19.0,20.0,1,1,2.0,3.0,0.0,0.0,0.0,0.0,0.0,0
2011,11,10,166,11,20.0,21.0,1,1,3.0,4.0,0.0,0.0,0.0,0.0,0.0,0
2011,12,10,166,13,19.0,20.0,1,1,1.0,2.0,0.0,0.0,0.0,0.0,0.0,0
2011,13,10,166,14,21.0,21.0,1,1,6.0,6.0,0.0,0.0,0.0,0.0,0.0,0
2011,14,10,166,15,21.0,21.0,1,1,-3.0,-3.0,0.0,0.0,0.0,0.0,0.0,0
2011,15,10,166,22,21.0,21.0,1,1,1.0,1.0,0.0,0.0,0.0,0.0,0.0,0
2011,16,10,166,35,21.0,21.0,1,1,3.0,3.0,0.0,0.0,0.0,0.0,0.0,0
2011,17,10,166,68,22.0,24.0,1,1,-1.0,1.0,0.0,0.0,0.0,0.0,0.0,0
2011,18,10,166,24,19.0,20.0,1,1,0.0,1.0,0.0,0.0,0.0,0.0,0.0,0
2011,19,10,166,18,24.0,24.0,1,1,0.0,0.0,0.0,0.0,0.0,0.0,0.0,0
2011,1,816,166,1,22.0,22.0,0,1,8.0,8.0,0.0,0.0,0.0,0.0,0.0,0
2011,2,816,166,2,22.0,22.0,0,1,3.0,3.0,0.0,0.0,0.0,0.0,0.0,0
2011,3,816,166,17,21.0,21.0,0,1,1.0,1.0,0.0,0.0,0.0,0.0,0.0,0
2011,4,816,166,5,23.0,20.0,0,1,3.0,0.0,0.0,0.0,0.0,0.0,0.0,0
2011,5,816,166,4,23.0,23.0,0,1,3.0,3.0,0.0,0.0,0.0,0.0,0.0,0
2011,6,816,166,6,21.0,22.0,0,1,6.0,7.0,0.0,0.0,0.0,0.0,0.0,0
2011,7,816,166,7,23.0,24.0,0,1,8.0,9.0,0.0,0.0,0.0,0.0,0.0,0
2011,8,816,166,12,23.0,23.0,0,1,1.0,1.0,0.0,0.0,0.0,0.0,0.0,0
2011,9,816,166,9,22.0,22.0,0,1,5.0,5.0,0.0,0.0,0.0,0.0,0.0,0
2011,10,816,166,20,21.0,22.0,0,1,3.0,4.0,0.0,0.0,0.0,0.0,0.0,0
2011,11,816,166,11,24.0,24.0,0,1,5.0,5.0,0.0,0.0,0.0,0.0,0.0,0
2011,12,816,166,13,20.0,21.0,0,1,3.0,4.0,0.0,0.0,0.0,0.0,0.0,0
2011,13,816,166,14,22.0,22.0,0,1,1.0,1.0,0.0,0.0,0.0,0.0,0.0,0
2011,14,816,166,15,22.0,22.0,0,1,4.0,4.0,0.0,0.0,0.0,0.0,0.0,0
2011,15,816,166,22,20.0,20.0,0,1,-1.0,-1.0,0.0,0.0,0.0,0.0,0.0,0
2011,16,816,166,35,22.0,22.0,0,1,2.0,2.0,0.0,0.0,0.0,0.0,0.0,0
2011,17,816,166,68,21.0,23.0,0,1,5.0,7.0,0.0,0.0,0.0,0.0,0.0,0
2011,18,816,166,24,21.0,22.0,0,1,-2.0,-1.0,0.0,0.0,0.0,0.0,0.0,0
2011,19,816,166,18,23.0,23.0,0,1,4.0,4.0,0.0,0.0,0.0,0.0,0.0,0
2010,1,5,205,3,21.0,21.0,0,0,6.0,6.0,0.0,0.0,0.0,0.0,0.0,0
2010,2,5,205,1,19.0,19.0,0,0,6.0,6.0,0.0,0.0,0.0,0.0,0.0,0
2010,3,5,205,2,15.0,15.0,0,0,-3.0,-3.0,0.0,0.0,0.0,0.0,0.0,0
2010,4,5,205,17,21.0,21.0,0,0,7.0,7.0,0.0,0.0,0.0,0.0,0.0,0
2010,5,5,205,4,20.0,20.0,0,0,-4.0,-4.0,0.0,0.0,0.0,0.0,0.0,0
2010,6,5,205,6,18.0,18.0,0,0,2.0,2.0,0.0,0.0,0.0,0.0,0.0,0
2010,7,5,205,5,20.0,20.0,0,0,-3.0,-3.0,0.0,0.0,0.0,0.0,0.0,0
2010,8,5,205,7,19.0,19.0,0,0,3.0,3.0,0.0,0.0,0.0,0.0,0.0,0
2010,9,5,205,12,20.0,20.0,0,0,-3.0,-3.0,0.0,0.0,0.0,0.0,0.0,0
2010,10,5,205,9,18.0,19.0,0,0,1.0,2.0,0.0,0.0,0.0,0.0,0.0,0
2010,11,5,205,10,18.0,19.0,0,0,-2.0,-1.0,0.0,0.0,0.0,0.0,0.0,0
2010,12,5,205,11,19.0,20.0,0,0,5.0,6.0,0.0,0.0,0.0,0.0,0.0,0
2010,13,5,205,13,13.0,16.0,0,0,-3.0,0.0,0.0,0.0,0.0,0.0,0.0,0
2010,14,5,205,14,18.0,19.0,0,0,0.0,1.0,0.0,0.0,0.0,0.0,0.0,0
2010,15,5,205,15,19.0,19.0,0,0,3.0,3.0,0.0,0.0,0.0,0.0,0.0,0
2010,16,5,205,22,20.0,20.0,0,0,8.0,8.0,0.0,0.0,0.0,0.0,0.0,0
2010,17,5,205,35,21.0,21.0,0,0,8.0,8.0,0.0,0.0,0.0,0.0,0.0,0
2010,18,5,205,18,20.0,21.0,0,0,2.0,3.0,0.0,0.0,0.0,0.0,0.0,0
2010,19,5,205,24,20.0,20.0,0,0,3.0,3.0,0.0,0.0,0.0,0.0,0.0,0
2010,1,15,205,3,20.0,20.0,0,0,3.0,3.0,0.0,0.0,0.0,0.0,0.0,0
2010,2,15,205,1,20.0,20.0,0,0,-4.0,-4.0,0.0,0.0,0.0,0.0,0.0,0
2010,3,15,205,2,18.0,18.0,0,0,1.0,1.0,0.0,0.0,0.0,0.0,0.0,0
2010,4,15,205,17,20.0,20.0,0,0,2.0,2.0,0.0,0.0,0.0,0.0,0.0,0
2010,5,15,205,4,18.0,19.0,0,0,1.0,2.0,0.0,0.0,0.0,0.0,0.0,0
2010,6,15,205,6,19.0,19.0,0,0,4.0,4.0,0.0,0.0,0.0,0.0,0.0,0
2010,7,15,205,5,19.0,19.0,0,0,-5.0,-5.0,0.0,0.0,0.0,0.0,0.0,0
2010,8,15,205,7,20.0,20.0,0,0,-1.0,-1.0,0.0,0.0,0.0,0.0,0.0,0
2010,9,15,205,12,19.0,19.0,0,0,-2.0,-2.0,0.0,0.0,0.0,0.0,0.0,0
2010,10,15,205,9,21.0,21.0,0,0,5.0,5.0,0.0,0.0,0.0,0.0,0.0,0
2010,11,15,205,10,17.0,18.0,0,0,-6.0,-5.0,0.0,0.0,0.0,0.0,0.0,0
2010,12,15,205,11,20.0,21.0,0,0,5.0,6.0,0.0,0.0,0.0,0.0,0.0,0
2010,13,15,205,13,15.0,18.0,0,0,-4.0,-1.0,0.0,0.0,0.0,0.0,0.0,0
2010,14,15,205,14,17.0,18.0,0,0,-4.0,-3.0,0.0,0.0,0.0,0.0,0.0,0
2010,15,15,205,15,21.0,21.0,0,0,-2.0,-2.0,0.0,0.0,0.0,0.0,0.0,0
2010,16,15,205,22,19.0,19.0,0,0,6.0,6.0,0.0,0.0,0.0,0.0,0.0,0
2010,17,15,205,35,18.0,19.0,0,0,-4.0,-3.0,0.0,0.0,0.0,0.0,0.0,0
2010,18,15,205,18,18.0,20.0,0,0,-1.0,1.0,0.0,0.0,0.0,0.0,0.0,0
2010,19,15,205,24,19.0,19.0,0,0,-2.0,-2.0,0.0,0.0,0.0,0.0,0.0,0
2011,1,5,205,1,19.0,19.0,1,1,1.0,1.0,0.0,0.0,0.0,0.0,0.0,0
2011,2,5,205,2,19.0,19.0,1,1,4.0,4.0,0.0,0.0,0.0,0.0,0.0,0
2011,3,5,205,17,19.0,19.0,1,1,3.0,3.0,0.0,0.0,0.0,0.0,0.0,0
2011,4,5,205,5,18.0,18.0,1,1,-1.0,-1.0,0.0,0.0,0.0,0.0,0.0,0
2011,5,5,205,4,15.0,15.0,1,1,-8.0,-8.0,0.0,0.0,0.0,0.0,0.0,0
2011,6,5,205,6,17.0,18.0,1,1,3.0,4.0,0.0,0.0,0.0,0.0,0.0,0
2011,7,5,205,7,19.0,20.0,1,1,-4.0,-3.0,0.0,0.0,0.0,0.0,0.0,0
2011,8,5,205,12,19.0,19.0,1,1,0.0,0.0,0.0,0.0,0.0,0.0,0.0,0
2011,9,5,205,9,17.0,17.0,1,1,-7.0,-7.0,0.0,0.0,0.0,0.0,0.0,0
2011,10,5,205,20,18.0,19.0,1,1,2.0,3.0,0.0,0.0,0.0,0.0,0.0,0
2011,11,5,205,11,18.0,19.0,1,1,-3.0,-2.0,0.0,0.0,0.0,0.0,0.0,0
2011,12,5,205,13,16.0,17.0,1,1,1.0,2.0,0.0,0.0,0.0,0.0,0.0,0
2011,13,5,205,14,20.0,20.0,1,1,7.0,7.0,0.0,0.0,0.0,0.0,0.0,0
2011,14,5,205,15,19.0,19.0,1,1,3.0,3.0,0.0,0.0,0.0,0.0,0.0,0
2011,15,5,205,22,18.0,18.0,1,1,0.0,0.0,0.0,0.0,0.0,0.0,0.0,0
2011,16,5,205,35,19.0,19.0,1,1,5.0,5.0,0.0,0.0,0.0,0.0,0.0,0
2011,17,5,205,68,18.0,19.0,1,1,4.0,5.0,0.0,0.0,0.0,0.0,0.0,0
2011,18,5,205,24,17.0,18.0,1,1,0.0,1.0,0.0,0.0,0.0,0.0,0.0,0
2011,19,5,205,18,19.0,19.0,1,1,3.0,3.0,0.0,0.0,0.0,0.0,0.0,0
2011,1,15,205,1,20.0,20.0,1,1,7.0,7.0,0.0,0.0,0.0,0.0,0.0,0
2011,2,15,205,2,20.0,20.0,1,1,0.0,0.0,0.0,0.0,0.0,0.0,0.0,0
2011,3,15,205,17,20.0,20.0,1,1,1.0,1.0,0.0,0.0,0.0,0.0,0.0,0
2011,4,15,205,5,19.0,19.0,1,1,1.0,1.0,0.0,0.0,0.0,0.0,0.0,0
2011,5,15,205,4,18.0,18.0,1,1,0.0,0.0,0.0,0.0,0.0,0.0,0.0,0
2011,6,15,205,6,18.0,19.0,1,1,5.0,6.0,0.0,0.0,0.0,0.0,0.0,0
2011,7,15,205,7,18.0,19.0,1,1,1.0,2.0,0.0,0.0,0.0,0.0,0.0,0
2011,8,15,205,12,20.0,20.0,1,1,0.0,0.0,0.0,0.0,0.0,0.0,0.0,0
2011,9,15,205,9,21.0,21.0,1,1,-2.0,-2.0,0.0,0.0,0.0,0.0,0.0,0
2011,11,15,205,11,19.0,20.0,1,1,-5.0,-4.0,0.0,0.0,0.0,0.0,0.0,0
2011,12,15,205,13,18.0,19.0,1,1,4.0,5.0,0.0,0.0,0.0,0.0,0.0,0
2011,13,15,205,14,19.0,19.0,1,1,5.0,5.0,0.0,0.0,0.0,0.0,0.0,0
2011,14,15,205,15,20.0,20.0,1,1,-2.0,-2.0,0.0,0.0,0.0,0.0,0.0,0
2011,15,15,205,22,19.0,19.0,1,1,0.0,0.0,0.0,0.0,0.0,0.0,0.0,0
2011,16,15,205,35,20.0,20.0,1,1,3.0,3.0,0.0,0.0,0.0,0.0,0.0,0
2011,17,15,205,68,19.0,20.0,1,1,0.0,1.0,0.0,0.0,0.0,0.0,0.0,0
2011,18,15,205,24,18.0,19.0,1,1,0.0,1.0,0.0,0.0,0.0,0.0,0.0,0
2011,19,15,205,18,20.0,20.0,1,1,2.0,2.0,0.0,0.0,0.0,0.0,0.0,0
2011,10,812,205,20,20.0,21.0,1,1,0.0,1.0,0.0,0.0,0.0,0.0,0.0,0
2012,1,10,206,1,20.0,21.0,2,0,6.0,7.0,0.0,0.0,0.0,0.0,0.0,0
2012,2,10,206,2,20.0,21.0,2,0,3.0,4.0,0.0,0.0,0.0,0.0,0.0,0
2012,3,10,206,17,20.0,21.0,2,0,1.0,2.0,0.0,0.0,0.0,0.0,0.0,0
2012,4,10,206,3,23.0,23.0,2,0,4.0,4.0,0.0,0.0,0.0,0.0,0.0,0
2012,5,10,206,4,21.0,22.0,2,0,3.0,4.0,0.0,0.0,0.0,0.0,0.0,0
2012,6,10,206,6,19.0,20.0,2,0,5.0,6.0,0.0,0.0,0.0,0.0,0.0,0
2012,7,10,206,7,21.0,22.0,2,0,0.0,1.0,0.0,0.0,0.0,0.0,0.0,0
2012,9,10,206,9,20.0,21.0,2,0,2.0,3.0,0.0,0.0,0.0,0.0,0.0,0
2012,10,10,206,10,22.0,22.0,2,0,0.0,0.0,0.0,0.0,0.0,0.0,0.0,0
2012,11,10,206,11,22.0,22.0,2,0,1.0,1.0,0.0,0.0,0.0,0.0,0.0,0
2012,12,10,206,13,20.0,21.0,2,0,5.0,6.0,0.0,0.0,0.0,0.0,0.0,0
2012,13,10,206,14,19.0,20.0,2,0,2.0,3.0,0.0,0.0,0.0,0.0,0.0,0
2012,14,10,206,15,20.0,21.0,2,0,8.0,9.0,0.0,0.0,0.0,0.0,0.0,0
2012,15,10,206,22,18.0,20.0,2,0,2.0,4.0,0.0,0.0,0.0,0.0,0.0,0
2012,16,10,206,35,20.0,22.0,2,0,2.0,4.0,0.0,0.0,0.0,0.0,0.0,0
2012,17,10,206,68,21.0,21.0,2,0,1.0,1.0,0.0,0.0,0.0,0.0,0.0,0
2012,18,10,206,24,21.0,22.0,2,0,7.0,8.0,0.0,0.0,0.0,0.0,0.0,0
2012,19,10,206,69,19.0,19.0,2,0,0.0,0.0,0.0,0.0,0.0,0.0,0.0,0
2012,20,10,206,18,21.0,21.0,2,0,5.0,5.0,0.0,0.0,0.0,0.0,0.0,0
2012,1,819,206,1,21.0,22.0,0,0,6.0,7.0,0.0,0.0,0.0,0.0,0.0,0
2012,2,819,206,2,21.0,22.0,0,0,1.0,2.0,0.0,0.0,0.0,0.0,0.0,0
2012,3,819,206,17,21.0,22.0,0,0,1.0,2.0,0.0,0.0,0.0,0.0,0.0,0
2012,4,819,206,3,19.0,21.0,0,0,-5.0,-3.0,0.0,0.0,0.0,0.0,0.0,0
2012,5,819,206,4,20.0,21.0,0,0,-1.0,0.0,0.0,0.0,0.0,0.0,0.0,0
2012,6,819,206,6,21.0,22.0,0,0,3.0,4.0,0.0,0.0,0.0,0.0,0.0,0
2012,7,819,206,7,23.0,23.0,0,0,3.0,3.0,0.0,0.0,0.0,0.0,0.0,0
2012,8,819,206,12,23.0,23.0,0,0,8.0,8.0,0.0,0.0,0.0,0.0,0.0,0
2012,9,819,206,9,24.0,24.0,0,0,5.0,5.0,0.0,0.0,0.0,0.0,0.0,0
2012,10,819,206,10,20.0,21.0,0,0,0.0,1.0,0.0,0.0,0.0,0.0,0.0,0
2012,11,819,206,11,21.0,21.0,0,0,1.0,1.0,0.0,0.0,0.0,0.0,0.0,0
2012,12,819,206,13,22.0,23.0,0,0,6.0,7.0,0.0,0.0,0.0,0.0,0.0,0
2012,13,819,206,14,20.0,21.0,0,0,4.0,5.0,0.0,0.0,0.0,0.0,0.0,0
2012,14,819,206,15,21.0,22.0,0,0,5.0,6.0,0.0,0.0,0.0,0.0,0.0,0
2012,15,819,206,22,21.0,22.0,0,0,1.0,2.0,0.0,0.0,0.0,0.0,0.0,0
2012,16,819,206,35,24.0,21.0,0,0,5.0,2.0,0.0,0.0,0.0,0.0,0.0,0
2012,17,819,206,68,24.0,24.0,0,0,5.0,5.0,0.0,0.0,0.0,0.0,0.0,0
2012,18,819,206,24,19.0,20.0,0,0,1.0,2.0,0.0,0.0,0.0,0.0,0.0,0
2012,19,819,206,69,20.0,20.0,0,0,0.0,0.0,0.0,0.0,0.0,0.0,0.0,0
2012,20,819,206,18,22.0,22.0,0,0,10.0,10.0,0.0,0.0,0.0,0.0,0.0,0
2013,1,820,206,1,20.0,20.0,0,1,3.0,3.0,0.0,0.0,0.0,0.0,0.0,0
2013,2,820,206,2,21.0,21.0,0,1,5.0,5.0,0.0,0.0,0.0,0.0,0.0,0
2013,3,820,206,17,19.0,20.0,0,1,2.0,3.0,0.0,0.0,0.0,0.0,0.0,0
2013,4,820,206,3,21.0,22.0,0,1,1.0,2.0,0.0,0.0,0.0,0.0,0.0,0
2013,5,820,206,4,21.0,21.0,0,1,2.0,2.0,0.0,0.0,0.0,0.0,0.0,0
2013,6,820,206,6,22.0,20.0,0,1,8.0,6.0,0.0,0.0,0.0,0.0,0.0,0
2013,7,820,206,7,20.0,21.0,0,1,1.0,2.0,0.0,0.0,0.0,0.0,0.0,0
2013,8,820,206,9,20.0,22.0,0,1,3.0,5.0,0.0,0.0,0.0,0.0,0.0,0
2013,9,820,206,20,21.0,22.0,0,1,2.0,3.0,0.0,0.0,0.0,0.0,0.0,0
2013,10,820,206,11,22.0,22.0,0,1,5.0,5.0,0.0,0.0,0.0,0.0,0.0,0
2013,11,820,206,13,16.0,16.0,0,1,-3.0,-3.0,0.0,0.0,0.0,0.0,0.0,0
2013,12,820,206,14,22.0,22.0,0,1,2.0,2.0,0.0,0.0,0.0,0.0,0.0,0
2013,13,820,206,15,22.0,22.0,0,1,5.0,5.0,0.0,0.0,0.0,0.0,0.0,0
2013,14,820,206,35,21.0,22.0,0,1,4.0,5.0,0.0,0.0,0.0,0.0,0.0,0
2013,15,820,206,22,18.0,19.0,0,1,-1.0,0.0,0.0,0.0,0.0,0.0,0.0,0
2013,16,820,206,68,22.0,22.0,0,1,5.0,5.0,0.0,0.0,0.0,0.0,0.0,0
2013,17,820,206,24,20.0,22.0,0,1,-1.0,1.0,0.0,0.0,0.0,0.0,0.0,0
2013,18,820,206,69,21.0,22.0,0,1,0.0,1.0,0.0,0.0,0.0,0.0,0.0,0
2013,19,820,206,18,22.0,22.0,0,1,3.0,3.0,0.0,0.0,0.0,0.0,0.0,0
2013,1,824,206,1,19.0,19.0,0,1,4.0,4.0,0.058823529411764705,0.0,0.0,0.0,0.0,0
2013,2,824,206,2,19.0,19.0,0,1,6.0,6.0,0.058823529411764705,0.0,0.0,0.0,0.0,0
2013,3,824,206,17,18.0,19.0,0,1,3.0,4.0,0.058823529411764705,0.0,0.0,0.0,0.0,0
2013,4,824,206,3,19.0,20.0,0,1,0.0,1.0,0.058823529411764705,0.0,0.0,0.0,0.0,0
2013,5,824,206,4,20.0,20.0,0,1,2.0,2.0,0.058823529411764705,0.0,0.0,0.0,0.0,0
2013,6,824,206,6,20.0,21.0,0,1,1.0,2.0,0.058823529411764705,0.0,0.0,0.0,0.0,0
2013,7,824,206,7,19.0,20.0,0,1,2.0,3.0,0.058823529411764705,0.0,0.0,0.0,0.0,0
2013,8,824,206,9,19.0,20.0,0,1,3.0,4.0,0.058823529411764705,0.0,0.0,0.0,0.0,0
2013,9,824,206,20,19.0,20.0,0,1,-2.0,-1.0,0.058823529411764705,0.0,0.0,0.0,0.0,0
2013,10,824,206,11,21.0,21.0,0,1,5.0,5.0,0.058823529411764705,0.0,0.0,0.0,0.0,0
2013,11,824,206,13,15.0,15.0,0,1,-3.0,-3.0,0.058823529411764705,0.0,0.0,0.0,0.0,0
2013,12,824,206,14,21.0,21.0,0,1,2.0,2.0,0.058823529411764705,0.0,0.0,0.0,0.0,0
2013,13,824,206,15,21.0,21.0,0,1,3.0,3.0,0.058823529411764705,0.0,0.0,0.0,0.0,0
2013,14,824,206,35,22.0,21.0,0,1,6.0,5.0,0.058823529411764705,0.0,0.0,0.0,0.0,0
2013,15,824,206,22,21.0,22.0,0,1,-1.0,0.0,0.058823529411764705,0.0,0.0,0.0,0.0,0
2013,16,824,206,68,19.0,19.0,0,1,1.0,1.0,0.058823529411764705,0.0,0.0,0.0,0.0,0
2013,17,824,206,24,21.0,20.0,0,1,1.0,0.0,0.058823529411764705,0.0,0.0,0.0,0.0,0
2013,18,824,206,69,19.0,20.0,0,1,1.0,2.0,0.058823529411764705,0.0,0.0,0.0,0.0,0
2013,19,824,206,18,21.0,21.0,0,1,4.0,4.0,0.058823529411764705,0.0,0.0,0.0,0.0,0
2014,1,820,206,1,17.0,17.0,1,2,4.0,4.0,0.0,0.0,0.0,0.0,0.0,0
2014,2,820,206,2,21.0,21.0,1,2,6.0,6.0,0.0,0.0,0.0,0.0,0.0,0
2014,3,820,206,3,21.0,22.0,1,2,8.0,9.0,0.0,0.0,0.0,0.0,0.0,0
2014,4,820,206,17,21.0,21.0,1,2,2.0,2.0,0.0,0.0,0.0,0.0,0.0,0
2014,5,820,206,4,17.0,18.0,1,2,-2.0,-1.0,0.0,0.0,0.0,0.0,0.0,0
2014,6,820,206,6,19.0,20.0,1,2,5.0,6.0,0.0,0.0,0.0,0.0,0.0,0
2014,7,820,206,7,18.0,18.0,1,2,-3.0,-3.0,0.0,0.0,0.0,0.0,0.0,0
2014,8,820,206,70,21.0,21.0,1,2,4.0,4.0,0.0,0.0,0.0,0.0,0.0,0
2014,9,820,206,9,17.0,13.0,1,2,1.0,-3.0,0.0,0.0,0.0,0.0,0.0,0
2014,10,820,206,10,21.0,21.0,1,2,4.0,4.0,0.0,0.0,0.0,0.0,0.0,0
2014,11,820,206,11,18.0,19.0,1,2,2.0,3.0,0.0,0.0,0.0,0.0,0.0,0
2014,12,820,206,13,19.0,19.0,1,2,3.0,3.0,0.0,0.0,0.0,0.0,0.0,0
2014,13,820,206,14,20.0,21.0,1,2,-2.0,-1.0,0.0,0.0,0.0,0.0,0.0,0
2014,14,820,206,15,21.0,21.0,1,2,4.0,4.0,0.0,0.0,0.0,0.0,0.0,0
2014,15,820,206,22,21.0,22.0,1,2,3.0,4.0,0.0,0.0,0.0,0.0,0.0,0
2014,16,820,206,71,20.0,21.0,1,2,-1.0,0.0,0.0,0.0,0.0,0.0,0.0,0
2014,1,824,206,1,18.0,18.0,1,2,4.0,4.0,0.058823529411764705,0.0,0.0,0.0,0.0,0
2014,2,824,206,2,19.0,19.0,1,2,-1.0,-1.0,0.058823529411764705,0.0,0.0,0.0,0.0,0
2014,3,824,206,3,19.0,20.0,1,2,3.0,4.0,0.058823529411764705,0.0,0.0,0.0,0.0,0
2014,4,824,206,17,19.0,19.0,1,2,2.0,2.0,0.058823529411764705,0.0,0.0,0.0,0.0,0
2014,5,824,206,4,18.0,19.0,1,2,0.0,1.0,0.058823529411764705,0.0,0.0,0.0,0.0,0
2014,6,824,206,6,21.0,19.0,1,2,12.0,10.0,0.058823529411764705,0.0,0.0,0.4,0.4,0
2014,7,824,206,7,19.0,19.0,1,2,-3.0,-3.0,0.058823529411764705,0.0,0.0,0.4,0.4,0
2014,8,824,206,70,18.0,19.0,1,2,3.0,4.0,0.058823529411764705,0.0,0.0,0.4,0.4,0
2014,9,824,206,9,12.0,12.0,1,2,-2.0,-2.0,0.058823529411764705,0.0,0.0,0.4,0.4,0
2014,10,824,206,10,17.0,18.0,1,2,2.0,3.0,0.058823529411764705,0.0,0.0,0.4,0.4,0
2014,11,824,206,11,15.0,16.0,1,2,0.0,1.0,0.058823529411764705,0.0,0.0,0.0,0.0,0
2014,12,824,206,13,16.0,16.0,1,2,-2.0,-2.0,0.058823529411764705,0.0,0.0,0.0,0.0,0
2014,13,824,206,14,19.0,20.0,1,2,1.0,2.0,0.058823529411764705,0.0,0.0,0.0,0.0,0
2014,14,824,206,15,19.0,19.0,1,2,3.0,3.0,0.058823529411764705,0.0,0.0,0.0,0.0,0
2014,15,824,206,22,18.0,20.0,1,2,-2.0,0.0,0.058823529411764705,0.0,0.0,0.0,0.0,0
2012,1,5,207,1,18.0,19.0,2,0,0.0,1.0,0.0,0.0,0.0,0.0,0.0,0
2012,2,5,207,2,24.0,19.0,2,0,6.0,1.0,0.0,0.0,0.0,0.0,0.0,0
2012,3,5,207,17,18.0,19.0,2,0,-5.0,-4.0,0.0,0.0,0.0,0.0,0.0,0
2012,4,5,207,3,16.0,16.0,2,0,-1.0,-1.0,0.0,0.0,0.0,0.0,0.0,0
2012,5,5,207,4,19.0,20.0,2,0,3.0,4.0,0.0,0.0,0.0,0.0,0.0,0
2012,6,5,207,6,17.0,18.0,2,0,4.0,5.0,0.0,0.0,0.0,0.0,0.0,0
2012,7,5,207,7,17.0,18.0,2,0,-1.0,0.0,0.0,0.0,0.0,0.0,0.0,0
2012,8,5,207,12,16.0,16.0,2,0,2.0,2.0,0.0,0.0,0.0,0.0,0.0,0
2012,9,5,207,9,19.0,20.0,2,0,2.0,3.0,0.0,0.0,0.0,0.0,0.0,0
2012,10,5,207,10,16.0,19.0,2,0,-3.0,0.0,0.0,0.0,0.0,0.0,0.0,0
2012,11,5,207,11,19.0,19.0,2,0,2.0,2.0,0.0,0.0,0.0,0.0,0.0,0
2012,12,5,207,13,18.0,19.0,2,0,1.0,2.0,0.0,0.0,0.0,0.0,0.0,0
2012,13,5,207,14,17.0,18.0,2,0,3.0,4.0,0.0,0.0,0.0,0.0,0.0,0
2012,14,5,207,15,19.0,20.0,2,0,4.0,5.0,0.0,0.0,0.0,0.0,0.0,0
2012,15,5,207,22,17.0,19.0,2,0,2.0,4.0,0.0,0.0,0.0,0.0,0.0,0
2012,16,5,207,35,19.0,20.0,2,0,2.0,3.0,0.0,0.0,0.0,0.0,0.0,0
2012,17,5,207,68,20.0,20.0,2,0,2.0,2.0,0.0,0.0,0.0,0.0,0.0,0
2012,18,5,207,24,18.0,19.0,2,0,5.0,6.0,0.0,0.0,0.0,0.0,0.0,0
2012,19,5,207,69,22.0,22.0,2,0,4.0,4.0,0.0,0.0,0.0,0.0,0.0,0
2012,20,5,207,18,20.0,20.0,2,0,6.0,6.0,0.0,0.0,0.0,0.0,0.0,0
2012,1,808,207,1,19.0,20.0,2,0,0.0,1.0,1.103448275862069,0.017241379310344827,0.0,0.2,0.0,0
2012,2,808,207,2,19.0,20.0,2,0,3.0,4.0,1.103448275862069,0.017241379310344827,0.0,0.2,0.0,0
2012,3,808,207,17,19.0,20.0,2,0,1.0,2.0,1.103448275862069,0.017241379310344827,0.0,0.2,0.0,0
2012,4,808,207,3,18.0,20.0,2,0,2.0,4.0,1.103448275862069,0.017241379310344827,0.0,0.2,0.0,0
2012,5,808,207,4,18.0,19.0,2,0,1.0,2.0,1.103448275862069,0.017241379310344827,0.0,0.0,0.0,0
2012,6,808,207,6,18.0,19.0,2,0,-2.0,-1.0,1.103448275862069,0.017241379310344827,0.0,0.0,0.0,0
2012,7,808,207,7,18.0,19.0,2,0,-1.0,0.0,1.103448275862069,0.017241379310344827,0.0,0.0,0.0,0
2012,8,808,207,12,20.0,20.0,2,0,7.0,7.0,1.103448275862069,0.017241379310344827,0.0,0.0,0.0,0
2012,9,808,207,9,18.0,19.0,2,0,-6.0,-5.0,1.103448275862069,0.017241379310344827,0.0,0.0,0.0,0
2012,10,808,207,10,18.0,20.0,2,0,2.0,4.0,1.103448275862069,0.017241379310344827,0.0,0.0,0.0,0
2012,11,808,207,11,20.0,20.0,2,0,1.0,1.0,1.103448275862069,0.017241379310344827,0.0,0.0,0.0,0
2012,12,808,207,13,19.0,20.0,2,0,5.0,6.0,1.103448275862069,0.017241379310344827,0.0,0.0,0.0,0
2012,13,808,207,14,18.0,19.0,2,0,3.0,4.0,1.103448275862069,0.017241379310344827,0.0,0.0,0.0,0
2012,14,808,207,15,18.0,19.0,2,0,-1.0,0.0,1.103448275862069,0.017241379310344827,0.0,0.0,0.0,0
2012,15,808,207,22,22.0,23.0,2,0,5.0,6.0,1.103448275862069,0.017241379310344827,0.0,0.0,0.0,0
2012,16,808,207,35,18.0,19.0,2,0,2.0,3.0,1.103448275862069,0.017241379310344827,0.0,0.0,0.0,0
2012,17,808,207,68,19.0,19.0,2,0,2.0,2.0,1.103448275862069,0.017241379310344827,0.0,0.0,0.0,0
2012,18,808,207,24,20.0,21.0,2,0,4.0,5.0,1.103448275862069,0.017241379310344827,0.0,0.0,0.0,0
2012,19,808,207,69,21.0,21.0,2,0,4.0,4.0,1.103448275862069,0.017241379310344827,0.0,0.0,0.0,0
2012,20,808,207,18,19.0,19.0,2,0,8.0,8.0,1.103448275862069,0.017241379310344827,0.0,0.0,0.0,0
2013,1,819,207,1,22.0,22.0,1,1,6.0,6.0,0.0,0.0,0.0,0.0,0.0,0
2013,2,819,207,2,20.0,20.0,1,1,6.0,6.0,0.0,0.0,0.0,0.0,0.0,0
2013,3,819,207,17,20.0,21.0,1,1,4.0,5.0,0.0,0.0,0.0,0.0,0.0,0
2013,4,819,207,3,18.0,19.0,1,1,1.0,2.0,0.0,0.0,0.0,0.0,0.0,0
2013,5,819,207,4,22.0,22.0,1,1,5.0,5.0,0.0,0.0,0.0,0.0,0.0,0
2013,6,819,207,6,18.0,18.0,1,1,-4.0,-4.0,0.0,0.0,0.0,0.0,0.0,0
2013,7,819,207,7,18.0,18.0,1,1,0.0,0.0,0.0,0.0,0.0,0.0,0.0,0
2013,8,819,207,9,18.0,19.0,1,1,3.0,4.0,0.0,0.0,0.0,0.0,0.0,0
2013,9,819,207,20,22.0,19.0,1,1,5.0,2.0,0.0,0.0,0.0,0.0,0.0,0
2013,10,819,207,11,19.0,19.0,1,1,4.0,4.0,0.0,0.0,0.0,0.0,0.0,0
2013,11,819,207,13,22.0,22.0,1,1,0.0,0.0,0.0,0.0,0.0,0.0,0.0,0
2013,12,819,207,14,20.0,20.0,1,1,3.0,3.0,0.0,0.0,0.0,0.0,0.0,0
2013,13,819,207,15,19.0,19.0,1,1,0.0,0.0,0.0,0.0,0.0,0.0,0.0,0
2013,14,819,207,35,19.0,19.0,1,1,5.0,5.0,0.0,0.0,0.0,0.0,0.0,0
2013,15,819,207,22,20.0,20.0,1,1,2.0,2.0,0.0,0.0,0.0,0.0,0.0,0
2013,16,819,207,68,21.0,21.0,1,1,0.0,0.0,0.0,0.0,0.0,0.0,0.0,0
2013,17,819,207,24,19.0,21.0,1,1,0.0,2.0,0.0,0.0,0.0,0.0,0.0,0
2013,18,819,207,69,22.0,21.0,1,1,2.0,1.0,0.0,0.0,0.0,0.0,0.0,0
2013,19,819,207,18,18.0,19.0,1,1,-2.0,-1.0,0.0,0.0,0.0,0.0,0.0,0
2013,1,823,207,1,21.0,21.0,0,1,3.0,3.0,0.0,0.0,0.0,0.0,0.0,0
2013,2,823,207,2,22.0,22.0,0,1,7.0,7.0,0.0,0.0,0.0,0.0,0.0,0
2013,3,823,207,17,21.0,22.0,0,1,3.0,4.0,0.0,0.0,0.0,0.0,0.0,0
2013,4,823,207,3,20.0,21.0,0,1,-1.0,0.0,0.0,0.0,0.0,0.0,0.0,0
2013,5,823,207,4,18.0,19.0,0,1,-3.0,-2.0,0.0,0.0,0.0,0.0,0.0,0
2013,6,823,207,6,15.0,15.0,0,1,0.0,0.0,0.0,0.0,0.0,0.0,0.0,0
2013,7,823,207,7,21.0,22.0,0,1,-1.0,0.0,0.0,0.0,0.0,0.0,0.0,0
2013,8,823,207,9,22.0,21.0,0,1,4.0,3.0,0.0,0.0,0.0,0.0,0.0,0
2013,9,823,207,20,20.0,21.0,0,1,2.0,3.0,0.0,0.0,0.0,0.0,0.0,0
2013,10,823,207,11,20.0,20.0,0,1,6.0,6.0,0.0,0.0,0.0,0.0,0.0,0
2013,11,823,207,13,14.0,14.0,0,1,-2.0,-2.0,0.0,0.0,0.0,0.0,0.0,0
2013,12,823,207,14,19.0,19.0,0,1,1.0,1.0,0.0,0.0,0.0,0.0,0.0,0
2013,13,823,207,15,20.0,20.0,0,1,4.0,4.0,0.0,0.0,0.0,0.0,0.0,0
2013,14,823,207,35,20.0,20.0,0,1,5.0,5.0,0.0,0.0,0.0,0.0,0.0,0
2013,15,823,207,22,19.0,21.0,0,1,-2.0,0.0,0.0,0.0,0.0,0.0,0.0,0
2013,16,823,207,68,20.0,20.0,0,1,-2.0,-2.0,0.0,0.0,0.0,0.0,0.0,0
2013,17,823,207,24,18.0,19.0,0,1,0.0,1.0,0.0,0.0,0.0,0.0,0.0,0
2013,18,823,207,69,18.0,19.0,0,1,-1.0,0.0,0.0,0.0,0.0,0.0,0.0,0
2013,19,823,207,18,20.0,20.0,0,1,2.0,2.0,0.0,0.0,0.0,0.0,0.0,0
2014,1,155,207,1,14.0,15.0,4,2,-7.0,-6.0,1.6575342465753424,0.0136986301369863,0.0,2.0,0.0,0
2014,2,155,207,2,20.0,20.0,4,2,7.0,7.0,1.6575342465753424,0.0136986301369863,0.0,2.0,0.0,0
2014,3,155,207,3,18.0,19.0,4,2,3.0,4.0,1.6575342465753424,0.0136986301369863,0.0,0.4,0.0,0
2014,4,155,207,17,18.0,18.0,4,2,0.0,0.0,1.6575342465753424,0.0136986301369863,0.0,0.4,0.0,0
2014,5,155,207,4,20.0,21.0,4,2,-1.0,0.0,1.6575342465753424,0.0136986301369863,0.0,0.0,0.0,0
2014,6,155,207,6,20.0,21.0,4,2,7.0,8.0,1.6575342465753424,0.0136986301369863,0.0,0.0,0.0,0
2014,7,155,207,7,21.0,20.0,4,2,3.0,2.0,1.6575342465753424,0.0136986301369863,0.0,0.0,0.0,0
2014,8,155,207,70,19.0,20.0,4,2,3.0,4.0,1.6575342465753424,0.0136986301369863,0.0,0.0,0.0,0
2014,9,155,207,9,22.0,22.0,4,2,7.0,7.0,1.6575342465753424,0.0136986301369863,0.0,0.0,0.0,0
2014,10,155,207,10,19.0,20.0,4,2,3.0,4.0,1.6575342465753424,0.0136986301369863,0.0,0.0,0.0,0
2014,11,155,207,11,17.0,18.0,4,2,-1.0,0.0,1.6575342465753424,0.0136986301369863,0.0,0.0,0.0,0
2014,13,155,207,14,18.0,19.0,4,2,1.0,2.0,1.6575342465753424,0.0136986301369863,0.0,0.0,0.0,0
2014,14,155,207,15,20.0,20.0,4,2,-2.0,-2.0,1.6575342465753424,0.0136986301369863,0.0,0.0,0.0,0
2014,15,155,207,22,19.0,21.0,4,2,0.0,2.0,1.6575342465753424,0.0136986301369863,0.0,0.0,0.0,0
2014,16,155,207,71,19.0,19.0,4,2,-1.0,-1.0,1.6575342465753424,0.0136986301369863,0.0,0.0,0.0,0
2014,19,155,207,24,16.0,17.0,4,2,-2.0,-1.0,1.6575342465753424,0.0136986301369863,0.0,0.0,0.0,0
2014,12,827,207,13,21.0,21.0,0,2,-1.0,-1.0,0.0,0.0,0.0,0.0,0.0,0
2014,1,828,207,1,19.0,20.0,0,2,2.0,3.0,0.1875,0.0,0.0,0.0,0.0,0
2014,2,828,207,2,22.0,22.0,0,2,8.0,8.0,0.1875,0.0,0.0,0.0,0.0,0
2014,3,828,207,3,20.0,21.0,0,2,0.0,1.0,0.1875,0.0,0.0,0.0,0.0,0
2014,4,828,207,17,20.0,20.0,0,2,0.0,0.0,0.1875,0.0,0.0,0.0,0.0,0
2014,5,828,207,4,19.0,20.0,0,2,-1.0,0.0,0.1875,0.0,0.0,0.0,0.0,0
2014,6,828,207,6,22.0,22.0,0,2,11.0,11.0,0.1875,0.0,0.0,0.0,0.0,0
2014,7,828,207,7,20.0,21.0,0,2,0.0,1.0,0.1875,0.0,0.0,0.0,0.0,0
2014,8,828,207,70,20.0,22.0,0,2,2.0,4.0,0.1875,0.0,0.0,0.0,0.0,0
2014,9,828,207,9,21.0,21.0,0,2,2.0,2.0,0.1875,0.0,0.0,0.0,0.0,0
2014,10,828,207,10,22.0,22.0,0,2,4.0,4.0,0.1875,0.0,0.0,0.0,0.0,0
2014,11,828,207,11,19.0,20.0,0,2,-3.0,-2.0,0.1875,0.0,0.0,0.0,0.0,0
2014,12,828,207,13,22.0,22.0,0,2,5.0,5.0,0.1875,0.0,0.0,0.0,0.0,0
2014,13,828,207,14,22.0,22.0,0,2,2.0,2.0,0.1875,0.0,0.0,0.0,0.0,0
2014,14,828,207,15,22.0,22.0,0,2,7.0,7.0,0.1875,0.0,0.0,0.0,0.0,0
2014,15,828,207,22,17.0,19.0,0,2,0.0,2.0,0.1875,0.0,0.0,0.0,0.0,0
2014,16,828,207,71,16.0,17.0,0,2,-3.0,-2.0,0.1875,0.0,0.0,0.0,0.0,0
2014,19,829,207,24,17.0,18.0,0,2,0.0,1.0,0.0,0.0,0.0,0.0,0.0,0
2012,1,8,208,1,17.0,18.0,0,0,10.0,11.0,6.635897435897436,0.21025641025641026,0.16233766233766234,6.0,6.0,0
2012,2,8,208,2,10.0,5.0,0,0,5.0,0.0,6.635897435897436,0.21025641025641026,0.16233766233766234,8.0,8.0,0
2012,3,8,208,17,4.0,5.0,0,0,-10.0,-9.0,6.635897435897436,0.21025641025641026,0.16233766233766234,5.333333333333333,5.333333333333333,0
2012,4,8,208,3,11.0,11.0,0,0,9.0,9.0,6.635897435897436,0.21025641025641026,0.16233766233766234,8.5,8.5,1
2012,5,8,208,4,4.0,5.0,0,0,1.0,2.0,6.635897435897436,0.21025641025641026,0.16233766233766234,9.8,9.8,1
2012,6,8,208,6,8.0,8.0,0,0,-1.0,-1.0,6.635897435897436,0.21025641025641026,0.16233766233766234,9.0,9.0,0
2012,7,8,208,7,12.0,12.0,0,0,4.0,4.0,6.635897435897436,0.21025641025641026,0.16233766233766234,7.8,7.8,0
2012,8,8,208,12,5.0,5.0,0,0,3.0,3.0,6.635897435897436,0.21025641025641026,0.16233766233766234,11.4,11.4,1
2012,9,8,208,9,6.0,6.0,0,0,1.0,1.0,6.635897435897436,0.21025641025641026,0.16233766233766234,9.8,9.8,0
2012,10,8,208,10,10.0,10.0,0,0,7.0,7.0,6.635897435897436,0.21025641025641026,0.16233766233766234,9.8,9.8,1
2012,11,8,208,11,5.0,5.0,0,0,3.0,3.0,6.635897435897436,0.21025641025641026,0.16233766233766234,13.0,13.0,1
2012,12,8,208,13,3.0,4.0,0,0,0.0,1.0,6.635897435897436,0.21025641025641026,0.16233766233766234,15.2,15.2,1
2012,13,8,208,14,7.0,8.0,0,0,2.0,3.0,6.635897435897436,0.21025641025641026,0.16233766233766234,13.6,13.6,0
2012,14,8,208,15,12.0,12.0,0,0,6.0,6.0,6.635897435897436,0.21025641025641026,0.16233766233766234,13.2,13.2,0
2012,15,8,208,22,7.0,8.0,0,0,1.0,2.0,6.635897435897436,0.21025641025641026,0.16233766233766234,11.8,11.8,0
2012,16,8,208,35,5.0,5.0,0,0,0.0,0.0,6.635897435897436,0.21025641025641026,0.16233766233766234,10.2,10.2,0
2012,17,8,208,68,7.0,7.0,0,0,0.0,0.0,6.635897435897436,0.21025641025641026,0.16233766233766234,8.4,8.4,0
2012,18,8,208,24,4.0,5.0,0,0,3.0,4.0,6.635897435897436,0.21025641025641026,0.16233766233766234,11.4,11.4,1
2012,19,8,208,69,4.0,5.0,0,0,-2.0,-1.0,6.635897435897436,0.21025641025641026,0.16233766233766234,11.4,11.4,0
2012,20,8,208,18,8.0,9.0,0,0,-2.0,-1.0,6.635897435897436,0.21025641025641026,0.16233766233766234,10.0,10.0,0
2012,1,154,208,1,3.0,3.0,0,0,-18.0,-18.0,2.2471264367816093,0.05747126436781609,0.16233766233766234,0.0,8.0,0
2012,2,154,208,2,6.0,7.0,0,0,-18.0,-17.0,2.2471264367816093,0.05747126436781609,0.16233766233766234,0.0,6.8,0
2012,3,154,208,17,10.0,10.0,0,0,4.0,4.0,2.2471264367816093,0.05747126436781609,0.16233766233766234,2.6666666666666665,3.4,0
2012,4,154,208,3,7.0,7.0,0,0,4.0,4.0,2.2471264367816093,0.05747126436781609,0.16233766233766234,5.75,4.8,1
2012,5,154,208,4,3.0,4.0,0,0,-1.0,0.0,2.2471264367816093,0.05747126436781609,0.16233766233766234,7.0,7.0,0
2012,6,154,208,6,4.0,5.0,0,0,-20.0,-19.0,2.2471264367816093,0.05747126436781609,0.16233766233766234,7.0,7.0,0
2012,7,154,208,7,7.0,7.0,0,0,5.0,5.0,2.2471264367816093,0.05747126436781609,0.16233766233766234,10.6,10.6,1
2012,8,154,208,12,4.0,4.0,0,0,-16.0,-16.0,2.2471264367816093,0.05747126436781609,0.16233766233766234,9.0,9.0,0
2012,9,154,208,9,9.0,10.0,0,0,3.0,4.0,2.2471264367816093,0.05747126436781609,0.16233766233766234,7.6,7.6,0
2012,10,154,208,10,19.0,15.0,0,0,1.0,-3.0,2.2471264367816093,0.05747126436781609,0.16233766233766234,5.2,5.2,0
2012,11,154,208,11,2.0,2.0,0,0,-1.0,-1.0,2.2471264367816093,0.05747126436781609,0.16233766233766234,8.2,8.2,1
2012,12,154,208,13,8.0,9.0,0,0,-16.0,-15.0,2.2471264367816093,0.05747126436781609,0.16233766233766234,4.6,4.6,0
2012,14,154,208,15,8.0,8.0,0,0,1.0,1.0,2.2471264367816093,0.05747126436781609,0.16233766233766234,5.8,5.8,0
2012,15,154,208,22,4.0,5.0,0,0,-15.0,-14.0,2.2471264367816093,0.05747126436781609,0.16233766233766234,4.2,4.2,0
2012,16,154,208,35,7.0,7.0,0,0,0.0,0.0,2.2471264367816093,0.05747126436781609,0.16233766233766234,5.4,5.4,0
2012,17,154,208,68,11.0,11.0,0,0,2.0,2.0,2.2471264367816093,0.05747126436781609,0.16233766233766234,2.8,2.8,0
2012,18,154,208,24,9.0,10.0,0,0,-10.0,-9.0,2.2471264367816093,0.05747126436781609,0.16233766233766234,2.8,2.8,0
2012,19,154,208,69,8.0,4.0,0,0,1.0,-3.0,2.2471264367816093,0.05747126436781609,0.16233766233766234,2.8,2.8,0
2012,20,154,208,18,18.0,18.0,0,0,-3.0,-3.0,2.2471264367816093,0.05747126436781609,0.16233766233766234,2.8,2.8,0
2012,13,816,208,14,15.0,16.0,1,0,2.0,3.0,0.0,0.0,0.16233766233766234,0.0,1.6,0
2013,18,5,208,69,8.0,8.0,3,1,-7.0,-7.0,0.0,0.0,0.16233766233766234,0.0,1.2,0
2013,19,5,208,18,11.0,11.0,3,1,-3.0,-3.0,0.0,0.0,0.16233766233766234,0.0,1.2,0
2013,1,8,208,1,7.0,7.0,1,1,6.0,6.0,6.635897435897436,0.21025641025641026,0.16233766233766234,13.0,5.0,1
2013,2,8,208,2,10.0,7.0,1,1,3.0,0.0,6.635897435897436,0.21025641025641026,0.16233766233766234,13.0,6.2,0
2013,3,8,208,17,2.0,2.0,1,1,0.0,0.0,6.635897435897436,0.21025641025641026,0.16233766233766234,11.6,9.8,1
2013,4,8,208,3,8.0,9.0,1,1,6.0,7.0,6.635897435897436,0.21025641025641026,0.16233766233766234,13.6,13.4,1
2013,5,8,208,4,4.0,4.0,1,1,2.0,2.0,6.635897435897436,0.21025641025641026,0.16233766233766234,17.0,17.0,1
2013,6,8,208,6,5.0,5.0,1,1,-5.0,-5.0,6.635897435897436,0.21025641025641026,0.16233766233766234,12.2,12.2,0
2013,7,8,208,7,10.0,9.0,1,1,1.0,0.0,6.635897435897436,0.21025641025641026,0.16233766233766234,11.4,11.4,0
2013,8,8,208,9,8.0,9.0,1,1,3.0,4.0,6.635897435897436,0.21025641025641026,0.16233766233766234,9.8,9.8,0
2013,9,8,208,20,4.0,4.0,1,1,2.0,2.0,6.635897435897436,0.21025641025641026,0.16233766233766234,9.8,9.8,1
2013,10,8,208,11,6.0,6.0,1,1,4.0,4.0,6.635897435897436,0.21025641025641026,0.16233766233766234,9.8,9.8,1
2013,11,8,208,13,8.0,8.0,1,1,-13.0,-13.0,6.635897435897436,0.21025641025641026,0.16233766233766234,9.6,9.6,0
2013,12,8,208,14,11.0,11.0,1,1,0.0,0.0,6.635897435897436,0.21025641025641026,0.16233766233766234,9.2,9.2,0
2013,13,8,208,15,13.0,13.0,1,1,10.0,10.0,6.635897435897436,0.21025641025641026,0.16233766233766234,10.2,10.2,1
2013,14,8,208,35,9.0,10.0,1,1,7.0,8.0,6.635897435897436,0.21025641025641026,0.16233766233766234,10.2,10.2,1
2013,15,8,208,22,9.0,9.0,1,1,4.0,4.0,6.635897435897436,0.21025641025641026,0.16233766233766234,8.6,8.6,0
2013,16,8,208,68,6.0,6.0,1,1,-1.0,-1.0,6.635897435897436,0.21025641025641026,0.16233766233766234,9.8,9.8,0
2013,17,8,208,24,22.0,5.0,1,1,0.0,-17.0,6.635897435897436,0.21025641025641026,0.16233766233766234,9.8,9.8,0
2013,1,154,208,1,8.0,8.0,1,1,-2.0,-2.0,2.2471264367816093,0.05747126436781609,0.16233766233766234,1.8,7.0,0
2013,2,154,208,2,11.0,11.0,1,1,5.0,5.0,2.2471264367816093,0.05747126436781609,0.16233766233766234,3.0,5.0,0
2013,3,154,208,17,6.0,6.0,1,1,-3.0,-3.0,2.2471264367816093,0.05747126436781609,0.16233766233766234,3.4,3.4,0
2013,4,154,208,3,11.0,11.0,1,1,8.0,8.0,2.2471264367816093,0.05747126436781609,0.16233766233766234,5.2,5.2,1
2013,5,154,208,4,6.0,7.0,1,1,-16.0,-15.0,2.2471264367816093,0.05747126436781609,0.16233766233766234,5.2,5.2,0
2013,6,154,208,6,13.0,13.0,1,1,-4.0,-4.0,2.2471264367816093,0.05747126436781609,0.16233766233766234,5.0,5.0,0
2013,7,154,208,7,22.0,19.0,1,1,9.0,6.0,2.2471264367816093,0.05747126436781609,0.16233766233766234,3.4,3.4,0
2013,8,154,208,9,7.0,8.0,1,1,-12.0,-11.0,2.2471264367816093,0.05747126436781609,0.16233766233766234,3.0,3.0,0
2013,9,154,208,20,5.0,5.0,1,1,2.0,2.0,2.2471264367816093,0.05747126436781609,0.16233766233766234,3.0,3.0,1
2013,10,154,208,11,3.0,3.0,1,1,-3.0,-3.0,2.2471264367816093,0.05747126436781609,0.16233766233766234,4.6,4.6,0
2013,11,154,208,13,7.0,7.0,1,1,-1.0,-1.0,2.2471264367816093,0.05747126436781609,0.16233766233766234,5.4,5.4,0
2013,12,154,208,14,13.0,13.0,1,1,5.0,5.0,2.2471264367816093,0.05747126436781609,0.16233766233766234,6.2,6.2,0
2013,13,154,208,15,3.0,3.0,1,1,-18.0,-18.0,2.2471264367816093,0.05747126436781609,0.16233766233766234,6.2,6.2,0
2013,14,154,208,35,3.0,4.0,1,1,0.0,1.0,2.2471264367816093,0.05747126436781609,0.16233766233766234,6.2,6.2,1
2013,15,154,208,22,4.0,4.0,1,1,1.0,1.0,2.2471264367816093,0.05747126436781609,0.16233766233766234,7.6,7.6,1
2013,16,154,208,68,17.0,17.0,1,1,14.0,14.0,2.2471264367816093,0.05747126436781609,0.16233766233766234,9.8,9.8,1
2013,17,154,208,24,6.0,7.0,1,1,2.0,3.0,2.2471264367816093,0.05747126436781609,0.16233766233766234,11.4,11.4,0
2013,18,154,208,69,3.0,3.0,1,1,1.0,1.0,2.2471264367816093,0.05747126436781609,0.16233766233766234,15.0,15.0,1
2013,19,154,208,18,6.0,6.0,1,1,-16.0,-16.0,2.2471264367816093,0.05747126436781609,0.16233766233766234,12.0,12.0,0
2014,1,154,208,1,22.0,21.0,2,2,7.0,6.0,2.2471264367816093,0.05747126436781609,0.16233766233766234,9.0,9.0,0
2014,2,154,208,2,15.0,16.0,2,2,4.0,5.0,2.2471264367816093,0.05747126436781609,0.16233766233766234,6.0,6.0,0
2014,3,154,208,3,16.0,16.0,2,2,4.0,4.0,2.2471264367816093,0.05747126436781609,0.16233766233766234,3.6,3.6,0
2014,4,154,208,17,10.0,10.0,2,2,-11.0,-11.0,2.2471264367816093,0.05747126436781609,0.16233766233766234,0.0,0.0,0
2014,5,154,208,4,5.0,5.0,2,2,-3.0,-3.0,2.2471264367816093,0.05747126436781609,0.16233766233766234,0.8,0.8,0
2014,6,154,208,6,14.0,14.0,2,2,6.0,6.0,2.2471264367816093,0.05747126436781609,0.16233766233766234,1.6,1.6,0
2014,7,154,208,7,14.0,14.0,2,2,-1.0,-1.0,2.2471264367816093,0.05747126436781609,0.16233766233766234,1.6,1.6,0
2014,8,154,208,70,22.0,16.0,2,2,8.0,2.0,2.2471264367816093,0.05747126436781609,0.16233766233766234,1.6,1.6,0
2014,9,154,208,9,11.0,11.0,2,2,-1.0,-1.0,2.2471264367816093,0.05747126436781609,0.16233766233766234,1.6,1.6,0
2014,10,154,208,10,14.0,15.0,2,2,-7.0,-6.0,2.2471264367816093,0.05747126436781609,0.16233766233766234,0.8,0.8,0
2014,11,154,208,11,14.0,15.0,2,2,-7.0,-6.0,2.2471264367816093,0.05747126436781609,0.16233766233766234,0.0,0.0,0
2014,12,154,208,13,15.0,15.0,2,2,-5.0,-5.0,2.2471264367816093,0.05747126436781609,0.16233766233766234,0.0,0.0,0
2014,13,154,208,14,17.0,18.0,2,2,1.0,2.0,2.2471264367816093,0.05747126436781609,0.16233766233766234,0.0,0.0,0
2014,14,154,208,15,16.0,16.0,2,2,3.0,3.0,2.2471264367816093,0.05747126436781609,0.16233766233766234,0.0,0.0,0
2014,15,154,208,22,16.0,18.0,2,2,1.0,3.0,2.2471264367816093,0.05747126436781609,0.16233766233766234,0.0,0.0,0
2014,16,154,208,71,15.0,16.0,2,2,-2.0,-1.0,2.2471264367816093,0.05747126436781609,0.16233766233766234,0.0,0.0,0
2014,17,154,208,69,16.0,18.0,2,2,5.0,7.0,2.2471264367816093,0.05747126436781609,0.16233766233766234,0.0,0.0,0
2014,18,154,208,18,14.0,15.0,2,2,-3.0,-2.0,2.2471264367816093,0.05747126436781609,0.16233766233766234,0.0,0.0,0
2014,19,154,208,24,18.0,14.0,2,2,5.0,1.0,2.2471264367816093,0.05747126436781609,0.16233766233766234,0.0,0.0,0
2014,1,813,208,1,21.0,22.0,3,2,5.0,6.0,0.7916666666666666,0.010416666666666666,0.16233766233766234,0.0,0.0,0
2014,2,813,208,2,16.0,17.0,3,2,-5.0,-4.0,0.7916666666666666,0.010416666666666666,0.16233766233766234,0.0,0.0,0
2014,3,813,208,3,17.0,17.0,3,2,3.0,3.0,0.7916666666666666,0.010416666666666666,0.16233766233766234,0.0,0.0,0
2014,4,813,208,17,22.0,22.0,3,2,8.0,8.0,0.7916666666666666,0.010416666666666666,0.16233766233766234,0.0,0.0,0
2014,5,813,208,4,22.0,22.0,3,2,7.0,7.0,0.7916666666666666,0.010416666666666666,0.16233766233766234,0.0,0.0,0
2014,6,813,208,6,15.0,15.0,3,2,-7.0,-7.0,0.7916666666666666,0.010416666666666666,0.16233766233766234,0.0,0.0,0
2014,7,813,208,7,17.0,17.0,3,2,-2.0,-2.0,0.7916666666666666,0.010416666666666666,0.16233766233766234,0.0,0.0,0
2014,8,813,208,70,13.0,14.0,3,2,1.0,2.0,0.7916666666666666,0.010416666666666666,0.16233766233766234,0.0,0.0,0
2014,9,813,208,9,20.0,15.0,3,2,3.0,-2.0,0.7916666666666666,0.010416666666666666,0.16233766233766234,0.0,0.0,0
2014,10,813,208,10,18.0,19.0,3,2,6.0,7.0,0.7916666666666666,0.010416666666666666,0.16233766233766234,0.0,0.0,0
2014,11,813,208,11,20.0,22.0,3,2,7.0,9.0,0.7916666666666666,0.010416666666666666,0.16233766233766234,0.0,0.0,0
2014,12,813,208,13,17.0,17.0,3,2,-4.0,-4.0,0.7916666666666666,0.010416666666666666,0.16233766233766234,0.0,0.0,0
2014,13,813,208,14,16.0,17.0,3,2,2.0,3.0,0.7916666666666666,0.010416666666666666,0.16233766233766234,0.0,0.0,0
2014,14,813,208,15,18.0,18.0,3,2,6.0,6.0,0.7916666666666666,0.010416666666666666,0.16233766233766234,0.0,0.0,0
2014,15,813,208,22,22.0,17.0,3,2,6.0,1.0,0.7916666666666666,0.010416666666666666,0.16233766233766234,0.0,0.0,0
2014,16,813,208,71,21.0,20.0,3,2,3.0,2.0,0.7916666666666666,0.010416666666666666,0.16233766233766234,0.0,0.0,0
2014,17,813,208,69,10.0,11.0,3,2,1.0,2.0,0.7916666666666666,0.010416666666666666,0.16233766233766234,0.4,0.4,0
2014,18,813,208,18,16.0,18.0,3,2,4.0,6.0,0.7916666666666666,0.010416666666666666,0.16233766233766234,0.4,0.4,0
2014,19,813,208,24,15.0,16.0,3,2,-4.0,-3.0,0.7916666666666666,0.010416666666666666,0.16233766233766234,0.4,0.4,0
2015,1,154,208,1,8.0,9.0,3,3,-6.0,-5.0,2.2471264367816093,0.05747126436781609,0.16233766233766234,0.0,0.4,0
2015,2,154,208,2,10.0,8.0,3,3,-1.0,-3.0,2.2471264367816093,0.05747126436781609,0.16233766233766234,0.0,0.4,0
2015,3,154,208,17,8.0,8.0,3,3,1.0,1.0,2.2471264367816093,0.05747126436781609,0.16233766233766234,1.2,1.2,0
2015,4,154,208,3,10.0,10.0,3,3,3.0,3.0,2.2471264367816093,0.05747126436781609,0.16233766233766234,2.4,2.4,0
2015,5,154,208,4,11.0,11.0,3,3,3.0,3.0,2.2471264367816093,0.05747126436781609,0.16233766233766234,3.2,3.2,0
2015,6,154,208,6,15.0,11.0,3,3,3.0,-1.0,2.2471264367816093,0.05747126436781609,0.16233766233766234,3.2,3.2,0
2015,7,154,208,7,5.0,5.0,3,3,-5.0,-5.0,2.2471264367816093,0.05747126436781609,0.16233766233766234,3.4,3.4,0
2015,8,154,208,70,9.0,10.0,3,3,-6.0,-5.0,2.2471264367816093,0.05747126436781609,0.16233766233766234,2.2,2.2,0
2015,9,154,208,9,12.0,12.0,3,3,-5.0,-5.0,2.2471264367816093,0.05747126436781609,0.16233766233766234,1.0,1.0,0
2015,10,154,208,11,10.0,10.0,3,3,3.0,3.0,2.2471264367816093,0.05747126436781609,0.16233766233766234,1.4,1.4,0
2015,11,154,208,13,9.0,4.0,3,3,6.0,1.0,2.2471264367816093,0.05747126436781609,0.16233766233766234,4.4,4.4,1
2015,12,154,208,14,8.0,8.0,3,3,-11.0,-11.0,2.2471264367816093,0.05747126436781609,0.16233766233766234,4.2,4.2,0
2015,13,154,208,15,10.0,10.0,3,3,-3.0,-3.0,2.2471264367816093,0.05747126436781609,0.16233766233766234,4.2,4.2,0
2015,14,154,208,22,8.0,8.0,3,3,1.0,1.0,2.2471264367816093,0.05747126436781609,0.16233766233766234,5.4,5.4,0
2015,15,154,208,71,8.0,8.0,3,3,-9.0,-9.0,2.2471264367816093,0.05747126436781609,0.16233766233766234,4.2,4.2,0
2015,16,154,208,69,10.0,13.0,3,3,-8.0,-5.0,2.2471264367816093,0.05747126436781609,0.16233766233766234,1.2,1.2,0
2015,17,154,208,32,12.0,12.0,3,3,2.0,2.0,2.2471264367816093,0.05747126436781609,0.16233766233766234,1.4,1.4,0
2015,18,154,208,18,14.0,15.0,3,3,6.0,7.0,2.2471264367816093,0.05747126436781609,0.16233766233766234,2.2,2.2,0
2015,19,154,208,24,18.0,15.0,3,3,9.0,6.0,2.2471264367816093,0.05747126436781609,0.16233766233766234,1.4,1.4,0
2015,1,813,208,1,9.0,10.0,4,3,-6.0,-5.0,0.7916666666666666,0.010416666666666666,0.16233766233766234,0.4,1.4,0
2015,2,813,208,2,12.0,12.0,4,3,-4.0,-4.0,0.7916666666666666,0.010416666666666666,0.16233766233766234,0.4,1.4,0
2015,3,813,208,17,11.0,11.0,4,3,-7.0,-7.0,0.7916666666666666,0.010416666666666666,0.16233766233766234,0.0,1.2,0
2015,4,813,208,3,16.0,16.0,4,3,1.0,1.0,0.7916666666666666,0.010416666666666666,0.16233766233766234,0.0,0.4,0
2015,5,813,208,4,12.0,12.0,4,3,-7.0,-7.0,0.7916666666666666,0.010416666666666666,0.16233766233766234,0.0,0.0,0
2015,6,813,208,6,8.0,9.0,4,3,-12.0,-11.0,0.7916666666666666,0.010416666666666666,0.16233766233766234,0.0,0.0,0
2015,7,813,208,7,6.0,6.0,4,3,-1.0,-1.0,0.7916666666666666,0.010416666666666666,0.16233766233766234,1.2,1.2,0
2015,8,813,208,70,10.0,11.0,4,3,3.0,4.0,0.7916666666666666,0.010416666666666666,0.16233766233766234,2.4,2.4,0
2015,9,813,208,9,14.0,14.0,4,3,-4.0,-4.0,0.7916666666666666,0.010416666666666666,0.16233766233766234,2.4,2.4,0
2015,10,813,208,11,14.0,14.0,4,3,0.0,0.0,0.7916666666666666,0.010416666666666666,0.16233766233766234,2.4,2.4,0
2015,11,813,208,13,7.0,8.0,4,3,-12.0,-11.0,0.7916666666666666,0.010416666666666666,0.16233766233766234,2.4,2.4,0
2015,12,813,208,14,10.0,11.0,4,3,-10.0,-9.0,0.7916666666666666,0.010416666666666666,0.16233766233766234,1.2,1.2,0
2015,13,813,208,15,18.0,18.0,4,3,6.0,6.0,0.7916666666666666,0.010416666666666666,0.16233766233766234,0.0,0.0,0
2015,14,813,208,22,11.0,13.0,4,3,3.0,5.0,0.7916666666666666,0.010416666666666666,0.16233766233766234,0.8,0.8,0
2015,15,813,208,71,14.0,14.0,4,3,7.0,7.0,0.7916666666666666,0.010416666666666666,0.16233766233766234,2.0,2.0,0
2015,16,813,208,69,12.0,15.0,4,3,4.0,7.0,0.7916666666666666,0.010416666666666666,0.16233766233766234,2.8,2.8,0
2015,17,813,208,32,13.0,13.0,4,3,2.0,2.0,0.7916666666666666,0.010416666666666666,0.16233766233766234,2.8,2.8,0
2015,18,813,208,18,15.0,16.0,4,3,5.0,6.0,0.7916666666666666,0.010416666666666666,0.16233766233766234,3.0,3.0,0
2015,19,813,208,24,13.0,13.0,4,3,-7.0,-7.0,0.7916666666666666,0.010416666666666666,0.16233766233766234,2.2,2.2,0
2015,3,829,209,17,19.0,19.0,1,0,4.0,4.0,0.0,0.0,0.0,0.0,0.0,0
2015,4,829,209,3,18.0,18.0,1,0,2.0,2.0,0.0,0.0,0.0,0.0,0.0,0
2015,5,829,209,4,19.0,19.0,1,0,2.0,2.0,0.0,0.0,0.0,0.0,0.0,0
2015,6,829,209,6,18.0,19.0,1,0,1.0,2.0,0.0,0.0,0.0,0.0,0.0,0
2015,7,829,209,7,17.0,19.0,1,0,0.0,2.0,0.0,0.0,0.0,0.0,0.0,0
2015,8,829,209,70,17.0,20.0,1,0,-1.0,2.0,0.0,0.0,0.0,0.0,0.0,0
2015,9,829,209,9,19.0,19.0,1,0,6.0,6.0,0.0,0.0,0.0,0.0,0.0,0
2015,10,829,209,11,20.0,20.0,1,0,4.0,4.0,0.0,0.0,0.0,0.0,0.0,0
2015,11,829,209,13,15.0,19.0,1,0,-1.0,3.0,0.0,0.0,0.0,0.0,0.0,0
2015,12,829,209,14,13.0,18.0,1,0,-2.0,3.0,0.0,0.0,0.0,0.0,0.0,0
2015,13,829,209,15,19.0,19.0,1,0,4.0,4.0,0.0,0.0,0.0,0.0,0.0,0
2015,14,829,209,22,18.0,19.0,1,0,-1.0,0.0,0.0,0.0,0.0,0.0,0.0,0
2015,15,829,209,71,17.0,18.0,1,0,3.0,4.0,0.0,0.0,0.0,0.0,0.0,0
2015,16,829,209,69,19.0,19.0,1,0,-1.0,-1.0,0.0,0.0,0.0,0.0,0.0,0
2015,17,829,209,32,17.0,19.0,1,0,1.0,3.0,0.0,0.0,0.0,0.0,0.0,0
2015,18,829,209,18,18.0,19.0,1,0,1.0,2.0,0.0,0.0,0.0,0.0,0.0,0
2015,19,829,209,24,19.0,19.0,1,0,1.0,1.0,0.0,0.0,0.0,0.0,0.0,0
2015,2,833,209,2,19.0,19.0,0,0,4.0,4.0,0.0,0.0,0.0,0.0,0.0,0
2015,3,833,209,17,20.0,20.0,0,0,4.0,4.0,0.0,0.0,0.0,0.0,0.0,0
2015,4,833,209,3,19.0,19.0,0,0,2.0,2.0,0.0,0.0,0.0,0.0,0.0,0
2015,5,833,209,4,20.0,20.0,0,0,2.0,2.0,0.0,0.0,0.0,0.0,0.0,0
2015,6,833,209,6,19.0,20.0,0,0,3.0,4.0,0.0,0.0,0.0,0.0,0.0,0
2015,7,833,209,7,16.0,18.0,0,0,-2.0,0.0,0.0,0.0,0.0,0.0,0.0,0
2015,8,833,209,70,16.0,19.0,0,0,2.0,5.0,0.0,0.0,0.0,0.0,0.0,0
2015,9,833,209,9,20.0,20.0,0,0,8.0,8.0,0.0,0.0,0.0,0.0,0.0,0
2015,10,833,209,11,19.0,19.0,0,0,4.0,4.0,0.0,0.0,0.0,0.0,0.0,0
2015,11,833,209,13,17.0,20.0,0,0,2.0,5.0,0.0,0.0,0.0,0.0,0.0,0
2015,12,833,209,14,14.0,19.0,0,0,-2.0,3.0,0.0,0.0,0.0,0.0,0.0,0
2015,15,833,209,71,18.0,19.0,0,0,5.0,6.0,0.0,0.0,0.0,0.0,0.0,0
2015,19,833,209,24,20.0,20.0,0,0,1.0,1.0,0.0,0.0,0.0,0.0,0.0,0
2015,13,834,209,15,20.0,20.0,0,0,6.0,6.0,0.0,0.0,0.0,0.0,0.0,0
2015,14,834,209,22,19.0,20.0,0,0,1.0,2.0,0.0,0.0,0.0,0.0,0.0,0
2015,16,834,209,69,17.0,18.0,0,0,5.0,6.0,0.0,0.0,0.0,0.0,0.0,0
2015,17,834,209,32,16.0,18.0,0,0,1.0,3.0,0.0,0.0,0.0,0.0,0.0,0
2015,18,834,209,18,17.0,18.0,0,0,-1.0,0.0,0.0,0.0,0.0,0.0,0.0,0
2016,1,836,209,1,21.0,22.0,0,1,5.0,6.0,0.15384615384615385,0.0,0.0,0.0,0.0,0
2016,2,836,209,3,16.0,16.0,0,1,3.0,3.0,0.15384615384615385,0.0,0.0,0.0,0.0,0
2016,3,836,209,17,21.0,21.0,0,1,3.0,3.0,0.15384615384615385,0.0,0.0,0.0,0.0,0
2016,4,836,209,71,20.0,20.0,0,1,2.0,2.0,0.15384615384615385,0.0,0.0,0.0,0.0,0
2016,5,836,209,4,21.0,21.0,0,1,5.0,5.0,0.15384615384615385,0.0,0.0,0.0,0.0,0
2016,6,836,209,6,20.0,20.0,0,1,6.0,6.0,0.15384615384615385,0.0,0.0,0.0,0.0,0
2016,7,836,209,7,17.0,18.0,0,1,0.0,1.0,0.15384615384615385,0.0,0.0,0.0,0.0,0
2016,8,836,209,73,17.0,18.0,0,1,-3.0,-2.0,0.15384615384615385,0.0,0.0,0.0,0.0,0
2016,9,836,209,70,12.0,12.0,0,1,2.0,2.0,0.15384615384615385,0.0,0.0,0.2,0.2,0
2016,10,836,209,9,20.0,20.0,0,1,-2.0,-2.0,0.15384615384615385,0.0,0.0,0.2,0.2,0
2016,11,836,209,11,20.0,21.0,0,1,1.0,2.0,0.15384615384615385,0.0,0.0,0.2,0.2,0
2016,12,836,209,10,17.0,18.0,0,1,0.0,1.0,0.15384615384615385,0.0,0.0,0.2,0.2,0
2016,13,836,209,13,15.0,16.0,0,1,-7.0,-6.0,0.15384615384615385,0.0,0.0,0.2,0.2,0
2016,14,836,209,14,13.0,14.0,0,1,-7.0,-6.0,0.15384615384615385,0.0,0.0,0.0,0.0,0
2016,15,836,209,15,19.0,20.0,0,1,3.0,4.0,0.15384615384615385,0.0,0.0,0.0,0.0,0
2016,16,836,209,2,21.0,21.0,0,1,6.0,6.0,0.15384615384615385,0.0,0.0,0.0,0.0,0
2016,17,836,209,22,21.0,22.0,0,1,-1.0,0.0,0.15384615384615385,0.0,0.0,0.0,0.0,0
2016,18,836,209,69,20.0,20.0,0,1,3.0,3.0,0.15384615384615385,0.0,0.0,0.0,0.0,0
2016,19,836,209,32,16.0,16.0,0,1,-6.0,-6.0,0.15384615384615385,0.0,0.0,0.0,0.0,0
2016,20,836,209,18,19.0,19.0,0,1,4.0,4.0,0.15384615384615385,0.0,0.0,0.0,0.0,0
2016,21,836,209,24,16.0,16.0,0,1,2.0,2.0,0.15384615384615385,0.0,0.0,0.0,0.0,0
2016,1,837,209,1,22.0,21.0,0,1,3.0,2.0,0.0,0.0,0.0,0.0,0.0,0
2016,2,837,209,3,20.0,21.0,0,1,3.0,4.0,0.0,0.0,0.0,0.0,0.0,0
2016,3,837,209,17,20.0,20.0,0,1,-1.0,-1.0,0.0,0.0,0.0,0.0,0.0,0
2016,4,837,209,71,21.0,21.0,0,1,-1.0,-1.0,0.0,0.0,0.0,0.0,0.0,0
2016,5,837,209,4,22.0,22.0,0,1,5.0,5.0,0.0,0.0,0.0,0.0,0.0,0
2016,6,837,209,6,19.0,19.0,0,1,4.0,4.0,0.0,0.0,0.0,0.0,0.0,0
2016,7,837,209,7,19.0,21.0,0,1,0.0,2.0,0.0,0.0,0.0,0.0,0.0,0
2016,8,837,209,73,16.0,17.0,0,1,-2.0,-1.0,0.0,0.0,0.0,0.0,0.0,0
2016,9,837,209,70,20.0,19.0,0,1,4.0,3.0,0.0,0.0,0.0,0.0,0.0,0
2016,10,837,209,9,19.0,19.0,0,1,0.0,0.0,0.0,0.0,0.0,0.0,0.0,0
2016,11,837,209,11,21.0,22.0,0,1,0.0,1.0,0.0,0.0,0.0,0.0,0.0,0
2016,12,837,209,10,19.0,20.0,0,1,-1.0,0.0,0.0,0.0,0.0,0.0,0.0,0
2016,13,839,209,13,17.0,18.0,0,1,1.0,2.0,2.5238095238095237,0.021164021164021163,0.0,0.0,0.0,0
2016,15,839,209,15,21.0,21.0,0,1,3.0,3.0,2.5238095238095237,0.021164021164021163,0.0,0.0,0.0,0
2016,16,839,209,2,20.0,20.0,0,1,4.0,4.0,2.5238095238095237,0.021164021164021163,0.0,0.0,0.0,0
2016,17,839,209,22,20.0,21.0,0,1,-1.0,0.0,2.5238095238095237,0.021164021164021163,0.0,0.0,0.0,0
2016,18,839,209,69,22.0,22.0,0,1,4.0,4.0,2.5238095238095237,0.021164021164021163,0.0,0.0,0.0,0
2016,19,839,209,32,20.0,20.0,0,1,-1.0,-1.0,2.5238095238095237,0.021164021164021163,0.0,0.0,0.0,0
2016,20,839,209,18,22.0,20.0,0,1,10.0,8.0,2.5238095238095237,0.021164021164021163,0.0,0.0,0.0,0
2016,21,839,209,24,20.0,20.0,0,1,7.0,7.0,2.5238095238095237,0.021164021164021163,0.0,0.0,0.0,0
2016,1,154,210,1,19.0,19.0,4,0,13.0,13.0,2.2471264367816093,0.05747126436781609,0.0,3.0,8.0,0
2016,2,154,210,3,9.0,9.0,4,0,4.0,4.0,2.2471264367816093,0.05747126436781609,0.0,5.0,9.0,0
2016,3,154,210,17,14.0,14.0,4,0,-5.0,-5.0,2.2471264367816093,0.05747126436781609,0.0,4.8,6.0,0
2016,4,154,210,71,15.0,15.0,4,0,7.0,7.0,2.2471264367816093,0.05747126436781609,0.0,4.8,5.5,0
2016,5,154,210,4,14.0,14.0,4,0,-4.0,-4.0,2.2471264367816093,0.05747126436781609,0.0,4.4,4.4,0
2016,6,154,210,6,15.0,15.0,4,0,2.0,2.0,2.2471264367816093,0.05747126436781609,0.0,2.8,2.8,0
2016,7,154,210,7,14.0,15.0,4,0,0.0,1.0,2.2471264367816093,0.05747126436781609,0.0,0.8,0.8,0
2016,8,154,210,73,11.0,11.0,4,0,-2.0,-2.0,2.2471264367816093,0.05747126436781609,0.0,0.8,0.8,0
2016,9,154,210,70,13.0,13.0,4,0,6.0,6.0,2.2471264367816093,0.05747126436781609,0.0,1.2,1.2,0
2016,10,154,210,9,13.0,13.0,4,0,-7.0,-7.0,2.2471264367816093,0.05747126436781609,0.0,1.2,1.2,0
2016,11,154,210,11,11.0,11.0,4,0,-3.0,-3.0,2.2471264367816093,0.05747126436781609,0.0,1.2,1.2,0
2016,12,154,210,10,20.0,15.0,4,0,7.0,2.0,2.2471264367816093,0.05747126436781609,0.0,1.2,1.2,0
2016,13,154,210,13,11.0,11.0,4,0,-2.0,-2.0,2.2471264367816093,0.05747126436781609,0.0,1.2,1.2,0
2016,14,154,210,14,17.0,12.0,4,0,6.0,1.0,2.2471264367816093,0.05747126436781609,0.0,0.0,0.0,0
2016,15,154,210,15,20.0,15.0,4,0,-2.0,-7.0,2.2471264367816093,0.05747126436781609,0.0,0.0,0.0,0
2016,16,154,210,2,12.0,12.0,4,0,-9.0,-9.0,2.2471264367816093,0.05747126436781609,0.0,0.0,0.0,0
2016,17,154,210,22,7.0,8.0,4,0,-4.0,-3.0,2.2471264367816093,0.05747126436781609,0.0,0.0,0.0,0
2016,18,154,210,69,17.0,17.0,4,0,7.0,7.0,2.2471264367816093,0.05747126436781609,0.0,0.2,0.2,0
2016,19,154,210,32,22.0,21.0,4,0,2.0,1.0,2.2471264367816093,0.05747126436781609,0.0,0.2,0.2,0
2016,20,154,210,18,7.0,7.0,4,0,-15.0,-15.0,2.2471264367816093,0.05747126436781609,0.0,0.2,0.2,0
2016,21,154,210,24,14.0,14.0,4,0,3.0,3.0,2.2471264367816093,0.05747126436781609,0.0,0.2,0.2,0
2016,1,821,210,1,20.0,20.0,3,0,0.0,0.0,0.1016949152542373,0.0,0.0,0.0,0.2,0
2016,2,821,210,3,13.0,13.0,3,0,-6.0,-6.0,0.1016949152542373,0.0,0.0,0.0,0.0,0
2016,3,821,210,17,18.0,18.0,3,0,4.0,4.0,0.1016949152542373,0.0,0.0,0.0,0.0,0
2016,4,821,210,71,16.0,16.0,3,0,-1.0,-1.0,0.1016949152542373,0.0,0.0,0.0,0.0,0
2016,5,821,210,4,16.0,16.0,3,0,5.0,5.0,0.1016949152542373,0.0,0.0,0.0,0.0,0
2016,6,821,210,6,12.0,12.0,3,0,1.0,1.0,0.1016949152542373,0.0,0.0,0.0,0.0,0
2016,7,821,210,7,13.0,14.0,3,0,0.0,1.0,0.1016949152542373,0.0,0.0,0.0,0.0,0
2016,8,821,210,73,14.0,15.0,3,0,-2.0,-1.0,0.1016949152542373,0.0,0.0,0.0,0.0,0
2016,9,821,210,70,11.0,11.0,3,0,0.0,0.0,0.1016949152542373,0.0,0.0,0.0,0.0,0
2016,10,821,210,9,14.0,14.0,3,0,-2.0,-2.0,0.1016949152542373,0.0,0.0,0.0,0.0,0
2016,11,821,210,11,15.0,15.0,3,0,2.0,2.0,0.1016949152542373,0.0,0.0,0.0,0.0,0
2016,12,821,210,10,11.0,11.0,3,0,0.0,0.0,0.1016949152542373,0.0,0.0,0.0,0.0,0
2016,13,821,210,13,18.0,13.0,3,0,6.0,1.0,0.1016949152542373,0.0,0.0,0.0,0.0,0
2016,14,821,210,14,10.0,10.0,3,0,-3.0,-3.0,0.1016949152542373,0.0,0.0,0.0,0.0,0
2016,15,821,210,15,13.0,14.0,3,0,2.0,3.0,0.1016949152542373,0.0,0.0,0.0,0.0,0
2016,16,821,210,2,13.0,13.0,3,0,-6.0,-6.0,0.1016949152542373,0.0,0.0,0.0,0.0,0
2016,17,821,210,22,10.0,10.0,3,0,-10.0,-10.0,0.1016949152542373,0.0,0.0,0.0,0.0,0
2016,18,821,210,69,14.0,14.0,3,0,-7.0,-7.0,0.1016949152542373,0.0,0.0,0.0,0.0,0
2016,19,821,210,32,17.0,17.0,3,0,-2.0,-2.0,0.1016949152542373,0.0,0.0,0.0,0.0,0
2016,20,821,210,18,12.0,12.0,3,0,-5.0,-5.0,0.1016949152542373,0.0,0.0,0.0,0.0,0
2016,21,821,210,24,13.0,13.0,3,0,1.0,1.0,0.1016949152542373,0.0,0.0,0.0,0.0,0
2017,1,154,210,1,6.0,6.0,5,1,-14.0,-14.0,2.2471264367816093,0.05747126436781609,0.0,0.2,0.0,0
2017,2,154,210,17,19.0,17.0,5,1,8.0,6.0,2.2471264367816093,0.05747126436781609,0.0,0.0,0.0,0
2017,3,154,210,3,9.0,9.0,5,1,1.0,1.0,2.2471264367816093,0.05747126436781609,0.0,0.8,0.8,0
2017,4,154,210,71,19.0,20.0,5,1,0.0,1.0,2.2471264367816093,0.05747126436781609,0.0,0.8,0.8,0
2017,5,154,210,4,14.0,14.0,5,1,4.0,4.0,2.2471264367816093,0.05747126436781609,0.0,1.0,1.0,0
2017,6,154,210,6,8.0,8.0,5,1,0.0,0.0,2.2471264367816093,0.05747126436781609,0.0,1.8,1.8,0
2017,7,154,210,7,14.0,14.0,5,1,4.0,4.0,2.2471264367816093,0.05747126436781609,0.0,2.0,2.0,0
2017,8,154,210,73,16.0,17.0,5,1,3.0,4.0,2.2471264367816093,0.05747126436781609,0.0,1.2,1.2,0
2017,9,154,210,70,6.0,7.0,5,1,0.0,1.0,2.2471264367816093,0.05747126436781609,0.0,2.8,2.8,0
2017,10,154,210,9,10.0,10.0,5,1,-3.0,-3.0,2.2471264367816093,0.05747126436781609,0.0,2.6,2.6,0
2017,11,154,210,11,14.0,15.0,5,1,-5.0,-4.0,2.2471264367816093,0.05747126436781609,0.0,1.8,1.8,0
2017,12,154,210,13,11.0,12.0,5,1,4.0,5.0,2.2471264367816093,0.05747126436781609,0.0,2.8,2.8,0
2017,13,154,210,14,20.0,20.0,5,1,5.0,5.0,2.2471264367816093,0.05747126436781609,0.0,2.8,2.8,0
2017,14,154,210,15,15.0,15.0,5,1,6.0,6.0,2.2471264367816093,0.05747126436781609,0.0,1.6,1.6,0
2017,15,154,210,2,16.0,16.0,5,1,3.0,3.0,2.2471264367816093,0.05747126436781609,0.0,1.6,1.6,0
2017,16,154,210,22,13.0,16.0,5,1,4.0,7.0,2.2471264367816093,0.05747126436781609,0.0,2.0,2.0,0
2017,17,154,210,69,12.0,14.0,5,1,-2.0,0.0,2.2471264367816093,0.05747126436781609,0.0,0.8,0.8,0
2017,18,154,210,32,15.0,19.0,5,1,0.0,4.0,2.2471264367816093,0.05747126436781609,0.0,0.8,0.8,0
2017,19,154,210,18,11.0,12.0,5,1,-4.0,-3.0,2.2471264367816093,0.05747126436781609,0.0,0.4,0.4,0
2017,20,154,210,24,16.0,16.0,5,1,5.0,5.0,2.2471264367816093,0.05747126436781609,0.0,0.4,0.4,0
2017,1,825,210,1,17.0,17.0,3,1,2.0,2.0,1.0594594594594595,0.005405405405405406,0.0,0.0,0.0,0
2017,2,825,210,17,12.0,12.0,3,1,4.0,4.0,1.0594594594594595,0.005405405405405406,0.0,0.8,0.8,0
2017,3,825,210,3,20.0,20.0,3,1,1.0,1.0,1.0594594594594595,0.005405405405405406,0.0,0.8,0.8,0
2017,4,825,210,71,13.0,14.0,3,1,0.0,1.0,1.0594594594594595,0.005405405405405406,0.0,0.8,0.8,0
2017,5,825,210,4,11.0,11.0,3,1,-3.0,-3.0,1.0594594594594595,0.005405405405405406,0.0,0.8,0.8,0
2017,6,825,210,6,11.0,13.0,3,1,1.0,3.0,1.0594594594594595,0.005405405405405406,0.0,1.0,1.0,0
2017,7,825,210,7,18.0,18.0,3,1,6.0,6.0,1.0594594594594595,0.005405405405405406,0.0,0.2,0.2,0
2017,8,825,210,73,12.0,13.0,3,1,5.0,6.0,1.0594594594594595,0.005405405405405406,0.0,1.4,1.4,0
2017,9,825,210,70,15.0,15.0,3,1,-3.0,-3.0,1.0594594594594595,0.005405405405405406,0.0,1.4,1.4,0
2017,10,825,210,9,16.0,17.0,3,1,4.0,5.0,1.0594594594594595,0.005405405405405406,0.0,1.4,1.4,0
2017,11,825,210,11,15.0,16.0,3,1,2.0,3.0,1.0594594594594595,0.005405405405405406,0.0,1.2,1.2,0
2017,12,825,210,13,12.0,13.0,3,1,-3.0,-2.0,1.0594594594594595,0.005405405405405406,0.0,1.2,1.2,0
2017,13,825,210,14,9.0,16.0,3,1,-2.0,5.0,1.0594594594594595,0.005405405405405406,0.0,0.0,0.0,0
2017,14,825,210,15,16.0,16.0,3,1,3.0,3.0,1.0594594594594595,0.005405405405405406,0.0,0.0,0.0,0
2017,15,825,210,2,17.0,17.0,3,1,5.0,5.0,1.0594594594594595,0.005405405405405406,0.0,0.0,0.0,0
2017,16,825,210,22,12.0,13.0,3,1,4.0,5.0,1.0594594594594595,0.005405405405405406,0.0,0.8,0.8,0
2017,17,825,210,69,17.0,20.0,3,1,1.0,4.0,1.0594594594594595,0.005405405405405406,0.0,0.8,0.8,0
2017,18,825,210,32,14.0,18.0,3,1,6.0,10.0,1.0594594594594595,0.005405405405405406,0.0,1.6,1.6,0
2017,19,825,210,18,13.0,14.0,3,1,-7.0,-6.0,1.0594594594594595,0.005405405405405406,0.0,1.6,1.6,0
2017,20,825,210,24,14.0,14.0,3,1,1.0,1.0,1.0594594594594595,0.005405405405405406,0.0,1.6,1.6,0
2018,1,154,210,1,6.0,7.0,6,2,-10.0,-9.0,2.2471264367816093,0.05747126436781609,0.0,0.0,0.8,0
2018,2,154,210,3,16.0,16.0,6,2,3.0,3.0,2.2471264367816093,0.05747126436781609,0.0,0.0,0.8,0
2018,3,154,210,17,10.0,10.0,6,2,-7.0,-7.0,2.2471264367816093,0.05747126436781609,0.0,0.0,0.0,0
2018,4,154,210,73,20.0,20.0,6,2,5.0,5.0,2.2471264367816093,0.05747126436781609,0.0,0.0,0.0,0
2018,5,154,210,4,10.0,10.0,6,2,-8.0,-8.0,2.2471264367816093,0.05747126436781609,0.0,0.0,0.0,0
2018,6,154,210,6,18.0,15.0,6,2,3.0,0.0,2.2471264367816093,0.05747126436781609,0.0,0.0,0.0,0
2018,7,154,210,7,20.0,20.0,6,2,8.0,8.0,2.2471264367816093,0.05747126436781609,0.0,0.0,0.0,0
2018,8,154,210,34,10.0,10.0,6,2,-1.0,-1.0,2.2471264367816093,0.05747126436781609,0.0,0.0,0.0,0
2018,9,154,210,70,5.0,6.0,6,2,1.0,2.0,2.2471264367816093,0.05747126436781609,0.0,2.4,2.4,0
2018,10,154,210,9,8.0,8.0,6,2,-8.0,-8.0,2.2471264367816093,0.05747126436781609,0.0,2.4,2.4,0
2018,11,154,210,10,6.0,6.0,6,2,0.0,0.0,2.2471264367816093,0.05747126436781609,0.0,4.0,4.0,0
2018,12,154,210,11,10.0,10.0,6,2,0.0,0.0,2.2471264367816093,0.05747126436781609,0.0,4.2,4.2,0
2018,13,154,210,13,5.0,5.0,6,2,-2.0,-2.0,2.2471264367816093,0.05747126436781609,0.0,5.4,5.4,0
2018,14,154,210,14,6.0,6.0,6,2,-14.0,-14.0,2.2471264367816093,0.05747126436781609,0.0,3.0,3.0,0
2018,15,154,210,15,8.0,8.0,6,2,-7.0,-7.0,2.2471264367816093,0.05747126436781609,0.0,3.0,3.0,0
2018,16,154,210,71,9.0,9.0,6,2,-2.0,-2.0,2.2471264367816093,0.05747126436781609,0.0,1.4,1.4,0
2018,17,154,210,22,5.0,5.0,6,2,-3.0,-3.0,2.2471264367816093,0.05747126436781609,0.0,2.0,2.0,0
2018,18,154,210,69,8.0,8.0,6,2,-9.0,-9.0,2.2471264367816093,0.05747126436781609,0.0,0.8,0.8,0
2018,19,154,210,32,18.0,16.0,6,2,2.0,0.0,2.2471264367816093,0.05747126436781609,0.0,0.8,0.8,0
2018,20,154,210,18,8.0,9.0,6,2,0.0,1.0,2.2471264367816093,0.05747126436781609,0.0,1.6,1.6,0
2018,21,154,210,24,7.0,7.0,6,2,-2.0,-2.0,2.2471264367816093,0.05747126436781609,0.0,2.0,2.0,0
2018,1,825,210,1,5.0,6.0,4,2,-12.0,-11.0,1.0594594594594595,0.005405405405405406,0.0,0.8,1.2,0
2018,2,825,210,3,6.0,7.0,4,2,1.0,2.0,1.0594594594594595,0.005405405405405406,0.0,2.8,3.2,0
2018,3,825,210,17,11.0,11.0,4,2,1.0,1.0,1.0594594594594595,0.005405405405405406,0.0,2.2,3.4,0
2018,4,825,210,73,15.0,15.0,4,2,2.0,2.0,1.0594594594594595,0.005405405405405406,0.0,2.2,2.6,0
2018,5,825,210,4,7.0,7.0,4,2,1.0,1.0,1.0594594594594595,0.005405405405405406,0.0,3.8,3.8,0
2018,6,825,210,6,19.0,19.0,4,2,6.0,6.0,1.0594594594594595,0.005405405405405406,0.0,3.8,3.8,0
2018,7,825,210,7,11.0,11.0,4,2,-2.0,-2.0,1.0594594594594595,0.005405405405405406,0.0,1.8,1.8,0
2018,8,825,210,34,9.0,9.0,4,2,3.0,3.0,1.0594594594594595,0.005405405405405406,0.0,3.2,3.2,0
2018,9,825,210,70,8.0,8.0,4,2,3.0,3.0,1.0594594594594595,0.005405405405405406,0.0,5.2,5.2,0
2018,10,825,210,9,7.0,7.0,4,2,-2.0,-2.0,1.0594594594594595,0.005405405405405406,0.0,4.0,4.0,0
2018,11,825,210,10,5.0,5.0,4,2,-6.0,-6.0,1.0594594594594595,0.005405405405405406,0.0,4.0,4.0,0
2018,12,825,210,11,9.0,9.0,4,2,2.0,2.0,1.0594594594594595,0.005405405405405406,0.0,5.2,5.2,0
2018,13,825,210,13,9.0,9.0,4,2,1.0,1.0,1.0594594594594595,0.005405405405405406,0.0,4.4,4.4,0
2018,14,825,210,14,11.0,11.0,4,2,-5.0,-5.0,1.0594594594594595,0.005405405405405406,0.0,2.4,2.4,0
2018,15,825,210,15,16.0,16.0,4,2,-2.0,-2.0,1.0594594594594595,0.005405405405405406,0.0,2.0,2.0,0
2018,16,825,210,71,5.0,5.0,4,2,-3.0,-3.0,1.0594594594594595,0.005405405405405406,0.0,2.8,2.8,0
2018,17,825,210,22,12.0,12.0,4,2,-8.0,-8.0,1.0594594594594595,0.005405405405405406,0.0,1.6,1.6,0
2018,18,825,210,69,12.0,12.0,4,2,-8.0,-8.0,1.0594594594594595,0.005405405405405406,0.0,0.8,0.8,0
2018,19,825,210,32,16.0,18.0,4,2,1.0,3.0,1.0594594594594595,0.005405405405405406,0.0,0.8,0.8,0
2018,20,825,210,18,10.0,11.0,4,2,1.0,2.0,1.0594594594594595,0.005405405405405406,0.0,1.2,1.2,0
2018,21,825,210,24,13.0,13.0,4,2,3.0,3.0,1.0594594594594595,0.005405405405405406,0.0,0.6,0.6,0
2019,1,154,210,1,6.0,6.0,7,3,-12.0,-12.0,2.2471264367816093,0.05747126436781609,0.0,1.2,0.6,0
2019,2,154,210,3,11.0,8.0,7,3,-9.0,-12.0,2.2471264367816093,0.05747126436781609,0.0,1.2,0.6,0
2019,3,154,210,17,10.0,10.0,7,3,-1.0,-1.0,2.2471264367816093,0.05747126436781609,0.0,1.2,0.6,0
2019,4,154,210,73,14.0,15.0,7,3,-4.0,-3.0,2.2471264367816093,0.05747126436781609,0.0,0.4,0.2,0
2019,5,154,210,4,7.0,7.0,7,3,-3.0,-3.0,2.2471264367816093,0.05747126436781609,0.0,0.2,0.2,0
2019,6,154,210,6,13.0,13.0,7,3,3.0,3.0,2.2471264367816093,0.05747126436781609,0.0,0.4,0.4,0
2019,7,154,210,7,14.0,15.0,7,3,0.0,1.0,2.2471264367816093,0.05747126436781609,0.0,0.4,0.4,0
2019,8,154,210,34,16.0,17.0,7,3,-4.0,-3.0,2.2471264367816093,0.05747126436781609,0.0,0.4,0.4,0
2019,9,154,210,70,11.0,11.0,7,3,-5.0,-5.0,2.2471264367816093,0.05747126436781609,0.0,0.4,0.4,0
2019,10,154,210,9,14.0,14.0,7,3,-5.0,-5.0,2.2471264367816093,0.05747126436781609,0.0,0.2,0.2,0
2019,11,154,210,10,6.0,6.0,7,3,-1.0,-1.0,2.2471264367816093,0.05747126436781609,0.0,1.2,1.2,0
2019,12,154,210,11,9.0,9.0,7,3,-11.0,-11.0,2.2471264367816093,0.05747126436781609,0.0,1.2,1.2,0
2019,13,154,210,13,9.0,11.0,7,3,-4.0,-2.0,2.2471264367816093,0.05747126436781609,0.0,1.2,1.2,0
2019,14,154,210,14,13.0,16.0,7,3,-3.0,0.0,2.2471264367816093,0.05747126436781609,0.0,1.2,1.2,0
2019,15,154,210,15,17.0,17.0,7,3,6.0,6.0,2.2471264367816093,0.05747126436781609,0.0,1.2,1.2,0
2019,16,154,210,71,8.0,9.0,7,3,-12.0,-11.0,2.2471264367816093,0.05747126436781609,0.0,0.0,0.0,0
2019,17,154,210,22,10.0,10.0,7,3,-3.0,-3.0,2.2471264367816093,0.05747126436781609,0.0,0.0,0.0,0
2019,18,154,210,32,18.0,18.0,7,3,1.0,1.0,2.2471264367816093,0.05747126436781609,0.0,0.0,0.0,0
2019,19,154,210,69,15.0,15.0,7,3,0.0,0.0,2.2471264367816093,0.05747126436781609,0.0,0.0,0.0,0
2019,20,154,210,18,7.0,8.0,7,3,-6.0,-5.0,2.2471264367816093,0.05747126436781609,0.0,0.0,0.0,0
2019,21,154,210,24,15.0,16.0,7,3,0.0,1.0,2.2471264367816093,0.05747126436781609,0.0,0.0,0.0,0
2019,1,825,210,1,7.0,7.0,5,3,1.0,1.0,1.0594594594594595,0.005405405405405406,0.0,2.2,1.6,0
2019,2,825,210,3,6.0,6.0,5,3,-7.0,-7.0,1.0594594594594595,0.005405405405405406,0.0,2.2,1.6,0
2019,3,825,210,17,9.0,9.0,5,3,-4.0,-4.0,1.0594594594594595,0.005405405405405406,0.0,2.2,1.6,0
2019,4,825,210,73,12.0,13.0,5,3,-1.0,0.0,1.0594594594594595,0.005405405405405406,0.0,1.8,1.6,0
2019,5,825,210,4,8.0,8.0,5,3,1.0,1.0,1.0594594594594595,0.005405405405405406,0.0,2.8,2.8,0
2019,6,825,210,6,5.0,6.0,5,3,-9.0,-8.0,1.0594594594594595,0.005405405405405406,0.0,1.2,1.2,0
2019,7,825,210,7,0.0,10.0,5,3,-17.0,-7.0,1.0594594594594595,0.005405405405405406,0.0,1.2,1.2,0
2019,8,825,210,34,15.0,15.0,5,3,-2.0,-2.0,1.0594594594594595,0.005405405405405406,0.0,1.2,1.2,0
2019,9,825,210,70,10.0,5.0,5,3,-9.0,-14.0,1.0594594594594595,0.005405405405405406,0.0,1.2,1.2,0
2019,10,825,210,9,16.0,16.0,5,3,-4.0,-4.0,1.0594594594594595,0.005405405405405406,0.0,0.0,0.0,0
2019,11,825,210,10,12.0,12.0,5,3,4.0,4.0,1.0594594594594595,0.005405405405405406,0.0,0.8,0.8,0
2019,12,825,210,11,14.0,15.0,5,3,1.0,2.0,1.0594594594594595,0.005405405405405406,0.0,0.8,0.8,0
2019,13,825,210,13,8.0,10.0,5,3,-4.0,-2.0,1.0594594594594595,0.005405405405405406,0.0,0.8,0.8,0
2019,14,825,210,14,11.0,12.0,5,3,-7.0,-6.0,1.0594594594594595,0.005405405405405406,0.0,0.8,0.8,0
2019,15,825,210,15,13.0,14.0,5,3,-4.0,-3.0,1.0594594594594595,0.005405405405405406,0.0,0.8,0.8,0
2019,16,825,210,71,13.0,14.0,5,3,4.0,5.0,1.0594594594594595,0.005405405405405406,0.0,0.4,0.4,0
2019,17,825,210,22,19.0,19.0,5,3,4.0,4.0,1.0594594594594595,0.005405405405405406,0.0,0.4,0.4,0
2019,18,825,210,32,17.0,17.0,5,3,2.0,2.0,1.0594594594594595,0.005405405405405406,0.0,0.4,0.4,0
2019,19,825,210,69,12.0,12.0,5,3,-6.0,-6.0,1.0594594594594595,0.005405405405405406,0.0,0.4,0.4,0
2019,20,825,210,18,9.0,10.0,5,3,-2.0,-1.0,1.0594594594594595,0.005405405405405406,0.0,0.4,0.4,0
2019,21,825,210,24,14.0,15.0,5,3,0.0,1.0,1.0594594594594595,0.005405405405405406,0.0,0.0,0.0,0
2020,1,154,210,70,15.0,15.0,8,4,-1.0,-1.0,2.2471264367816093,0.05747126436781609,0.0,0.0,0.0,0
2020,2,154,210,70,0.0,20.0,8,4,-13.0,7.0,2.2471264367816093,0.05747126436781609,0.0,0.0,0.0,0
2020,3,154,210,11,0.0,18.0,8,4,-16.0,2.0,2.2471264367816093,0.05747126436781609,0.0,0.0,0.0,0
2020,4,154,210,9,17.0,19.0,8,4,1.0,3.0,2.2471264367816093,0.05747126436781609,0.0,0.0,0.0,0
2020,5,154,210,9,13.0,14.0,8,4,-3.0,-2.0,2.2471264367816093,0.05747126436781609,0.0,0.0,0.0,0
2020,6,154,210,4,17.0,17.0,8,4,-2.0,-2.0,2.2471264367816093,0.05747126436781609,0.0,0.0,0.0,0
2020,7,154,210,13,17.0,17.0,8,4,2.0,2.0,2.2471264367816093,0.05747126436781609,0.0,0.0,0.0,0
2020,8,154,210,14,16.0,16.0,8,4,4.0,4.0,2.2471264367816093,0.05747126436781609,0.0,0.0,0.0,0
2020,9,154,210,76,15.0,15.0,8,4,3.0,3.0,2.2471264367816093,0.05747126436781609,0.0,0.0,0.0,0
2020,10,154,210,71,16.0,16.0,8,4,-1.0,-1.0,2.2471264367816093,0.05747126436781609,0.0,0.0,0.0,0
2020,11,154,210,20,16.0,16.0,8,4,7.0,7.0,2.2471264367816093,0.05747126436781609,0.0,0.4,0.4,0
2020,12,154,210,75,18.0,18.0,8,4,1.0,1.0,2.2471264367816093,0.05747126436781609,0.0,0.4,0.4,0
2020,13,154,210,21,16.0,16.0,8,4,2.0,2.0,2.2471264367816093,0.05747126436781609,0.0,0.4,0.4,0
2020,14,154,210,5,17.0,19.0,8,4,-1.0,1.0,2.2471264367816093,0.05747126436781609,0.0,0.4,0.4,0
2020,15,154,210,3,19.0,19.0,8,4,-1.0,-1.0,2.2471264367816093,0.05747126436781609,0.0,0.4,0.4,0
2020,1,825,210,70,16.0,16.0,6,4,-1.0,-1.0,1.0594594594594595,0.005405405405405406,0.0,0.0,0.0,0
2020,2,825,210,70,15.0,15.0,6,4,3.0,3.0,1.0594594594594595,0.005405405405405406,0.0,0.0,0.0,0
2020,3,825,210,11,0.0,16.0,6,4,-10.0,6.0,1.0594594594594595,0.005405405405405406,0.0,0.2,0.2,0
2020,4,825,210,9,14.0,16.0,6,4,-5.0,-3.0,1.0594594594594595,0.005405405405405406,0.0,0.2,0.2,0
2020,5,825,210,9,17.0,17.0,6,4,-3.0,-3.0,1.0594594594594595,0.005405405405405406,0.0,0.2,0.2,0
2020,6,825,210,4,16.0,16.0,6,4,1.0,1.0,1.0594594594594595,0.005405405405405406,0.0,0.2,0.2,0
2020,7,825,210,13,20.0,20.0,6,4,3.0,3.0,1.0594594594594595,0.005405405405405406,0.0,0.2,0.2,0
2020,8,825,210,14,15.0,15.0,6,4,-4.0,-4.0,1.0594594594594595,0.005405405405405406,0.0,0.0,0.0,0
2020,9,825,210,76,20.0,20.0,6,4,4.0,4.0,1.0594594594594595,0.005405405405405406,0.0,0.0,0.0,0
2020,10,825,210,71,18.0,18.0,6,4,6.0,6.0,1.0594594594594595,0.005405405405405406,0.0,0.0,0.0,0
2020,11,825,210,20,15.0,15.0,6,4,2.0,2.0,1.0594594594594595,0.005405405405405406,0.0,0.0,0.0,0
2020,12,825,210,75,19.0,19.0,6,4,3.0,3.0,1.0594594594594595,0.005405405405405406,0.0,0.0,0.0,0
2020,13,825,210,21,17.0,17.0,6,4,-1.0,-1.0,1.0594594594594595,0.005405405405405406,0.0,0.0,0.0,0
2020,14,825,210,5,13.0,16.0,6,4,-4.0,-1.0,1.0594594594594595,0.005405405405405406,0.0,0.0,0.0,0
2020,15,825,210,3,18.0,18.0,6,4,1.0,1.0,1.0594594594594595,0.005405405405405406,0.0,0.0,0.0,0
2020,16,825,210,3,15.0,16.0,6,4,0.0,1.0,1.0594594594594595,0.005405405405405406,0.0,0.0,0.0,0
2020,17,825,210,24,20.0,17.0,6,4,2.0,-1.0,1.0594594594594595,0.005405405405405406,0.0,0.0,0.0,0
2020,16,850,210,3,20.0,20.0,0,4,3.0,3.0,0.0,0.0,0.0,0.0,0.0,0
2020,17,850,210,24,17.0,19.0,0,4,-2.0,0.0,0.0,0.0,0.0,0.0,0.0,0
2021,1,853,210,3,19.0,20.0,0,5,-1.0,0.0,0.0,0.0,0.0,0.0,0.0,0
2021,2,853,210,21,19.0,19.0,0,5,2.0,2.0,0.0,0.0,0.0,0.0,0.0,0
2021,3,853,210,75,20.0,20.0,0,5,1.0,1.0,0.0,0.0,0.0,0.0,0.0,0
2021,4,853,210,4,20.0,20.0,0,5,1.0,1.0,0.0,0.0,0.0,0.0,0.0,0
2021,5,853,210,6,19.0,19.0,0,5,2.0,2.0,0.0,0.0,0.0,0.0,0.0,0
2021,6,853,210,73,18.0,18.0,0,5,4.0,4.0,0.0,0.0,0.0,0.0,0.0,0
2021,7,853,210,34,18.0,18.0,0,5,-2.0,-2.0,0.0,0.0,0.0,0.0,0.0,0
2021,8,853,210,70,20.0,20.0,0,5,2.0,2.0,0.0,0.0,0.0,0.0,0.0,0
2021,9,853,210,70,20.0,20.0,0,5,1.0,1.0,0.0,0.0,0.0,0.0,0.0,0
2021,10,853,210,9,19.0,20.0,0,5,2.0,3.0,0.0,0.0,0.0,0.0,0.0,0
2021,11,853,210,11,19.0,19.0,0,5,5.0,5.0,0.0,0.0,0.0,0.0,0.0,0
2021,12,853,210,13,18.0,20.0,0,5,1.0,3.0,0.0,0.0,0.0,0.0,0.0,0
2021,13,853,210,39,18.0,20.0,0,5,-2.0,0.0,0.0,0.0,0.0,0.0,0.0,0
2021,14,853,210,14,16.0,20.0,0,5,0.0,4.0,0.0,0.0,0.0,0.0,0.0,0
2021,15,853,210,71,15.0,19.0,0,5,-3.0,1.0,0.0,0.0,0.0,0.0,0.0,0
2021,16,853,210,5,18.0,20.0,0,5,-2.0,0.0,0.0,0.0,0.0,0.0,0.0,0
2021,17,853,210,69,17.0,20.0,0,5,0.0,3.0,0.0,0.0,0.0,0.0,0.0,0
2021,18,853,210,32,15.0,19.0,0,5,-3.0,1.0,0.0,0.0,0.0,0.0,0.0,0
2021,19,853,210,18,19.0,20.0,0,5,2.0,3.0,0.0,0.0,0.0,0.0,0.0,0
2021,20,853,210,78,20.0,20.0,0,5,2.0,2.0,0.0,0.0,0.0,0.0,0.0,0
2021,21,853,210,77,20.0,20.0,0,5,2.0,2.0,0.0,0.0,0.0,0.0,0.0,0
2021,22,853,210,24,20.0,20.0,0,5,0.0,0.0,0.0,0.0,0.0,0.0,0.0,0
2021,1,854,210,3,18.0,19.0,0,5,2.0,3.0,0.27906976744186046,0.0,0.0,0.0,0.0,0
2021,2,854,210,21,18.0,18.0,0,5,2.0,2.0,0.27906976744186046,0.0,0.0,0.0,0.0,0
2021,3,854,210,75,19.0,19.0,0,5,2.0,2.0,0.27906976744186046,0.0,0.0,0.0,0.0,0
2021,4,854,210,4,18.0,18.0,0,5,0.0,0.0,0.27906976744186046,0.0,0.0,0.0,0.0,0
2021,6,854,210,73,17.0,17.0,0,5,4.0,4.0,0.27906976744186046,0.0,0.0,0.0,0.0,0
2021,7,854,210,34,15.0,15.0,0,5,-4.0,-4.0,0.27906976744186046,0.0,0.0,0.0,0.0,0
2021,8,854,210,70,19.0,19.0,0,5,3.0,3.0,0.27906976744186046,0.0,0.0,0.0,0.0,0
2021,9,854,210,70,19.0,19.0,0,5,1.0,1.0,0.27906976744186046,0.0,0.0,0.0,0.0,0
2021,10,854,210,9,18.0,19.0,0,5,0.0,1.0,0.27906976744186046,0.0,0.0,0.0,0.0,0
2021,11,854,210,11,20.0,20.0,0,5,8.0,8.0,0.27906976744186046,0.0,0.0,0.0,0.0,0
2021,12,854,210,13,17.0,18.0,0,5,1.0,2.0,0.27906976744186046,0.0,0.0,0.0,0.0,0
2021,13,854,210,39,17.0,19.0,0,5,-1.0,1.0,0.27906976744186046,0.0,0.0,0.0,0.0,0
2021,14,854,210,14,18.0,18.0,0,5,3.0,3.0,0.27906976744186046,0.0,0.0,0.0,0.0,0
2021,15,854,210,71,14.0,17.0,0,5,-6.0,-3.0,0.27906976744186046,0.0,0.0,0.0,0.0,0
2021,16,854,210,5,14.0,14.0,0,5,-5.0,-5.0,0.27906976744186046,0.0,0.0,0.0,0.0,0
2021,17,854,210,69,16.0,19.0,0,5,0.0,3.0,0.27906976744186046,0.0,0.0,0.0,0.0,0
2021,18,854,210,32,14.0,18.0,0,5,-5.0,-1.0,0.27906976744186046,0.0,0.0,0.0,0.0,0
2021,19,854,210,18,18.0,19.0,0,5,0.0,1.0,0.27906976744186046,0.0,0.0,0.0,0.0,0
2021,20,854,210,78,19.0,19.0,0,5,3.0,3.0,0.27906976744186046,0.0,0.0,0.0,0.0,0
2021,21,854,210,77,19.0,19.0,0,5,-1.0,-1.0,0.27906976744186046,0.0,0.0,0.0,0.0,0
2021,22,854,210,24,19.0,19.0,0,5,5.0,5.0,0.27906976744186046,0.0,0.0,0.0,0.0,0
2022,1,825,210,3,7.0,7.0,8,6,2.0,2.0,1.0594594594594595,0.005405405405405406,0.0,2.0,2.0,0
2022,2,825,210,77,10.0,10.0,8,6,1.0,1.0,1.0594594594594595,0.005405405405405406,0.0,2.4,2.4,0
2022,3,825,210,1,16.0,17.0,8,6,2.0,3.0,1.0594594594594595,0.005405405405405406,0.0,2.4,2.4,0
2022,4,825,210,21,8.0,4.0,8,6,-1.0,-5.0,1.0594594594594595,0.005405405405405406,0.0,2.8,2.8,0
2022,5,825,210,79,16.0,16.0,8,6,0.0,0.0,1.0594594594594595,0.005405405405405406,0.0,2.8,2.8,0
2022,6,825,210,4,8.0,8.0,8,6,-9.0,-9.0,1.0594594594594595,0.005405405405405406,0.0,0.8,0.8,0
2022,7,825,210,6,13.0,13.0,8,6,-7.0,-7.0,1.0594594594594595,0.005405405405405406,0.0,0.4,0.4,0
2022,8,825,210,73,16.0,16.0,8,6,-1.0,-1.0,1.0594594594594595,0.005405405405405406,0.0,0.4,0.4,0
2022,9,825,210,7,5.0,5.0,8,6,-12.0,-12.0,1.0594594594594595,0.005405405405405406,0.0,0.0,0.0,0
2022,10,825,210,9,17.0,17.0,8,6,7.0,7.0,1.0594594594594595,0.005405405405405406,0.0,0.2,0.2,0
2022,11,825,210,70,7.0,6.0,8,6,-1.0,-2.0,1.0594594594594595,0.005405405405405406,0.0,1.0,1.0,0
2022,12,825,210,34,20.0,10.0,8,6,2.0,-8.0,1.0594594594594595,0.005405405405405406,0.0,1.0,1.0,0
2022,13,825,210,11,13.0,13.0,8,6,-3.0,-3.0,1.0594594594594595,0.005405405405405406,0.0,1.0,1.0,0
2022,14,825,210,13,12.0,18.0,8,6,-4.0,2.0,1.0594594594594595,0.005405405405405406,0.0,1.0,1.0,0
2022,15,825,210,39,18.0,18.0,8,6,3.0,3.0,1.0594594594594595,0.005405405405405406,0.0,0.8,0.8,0
2022,16,825,210,14,16.0,19.0,8,6,0.0,3.0,1.0594594594594595,0.005405405405405406,0.0,0.0,0.0,0
2022,17,825,210,15,9.0,9.0,8,6,-3.0,-3.0,1.0594594594594595,0.005405405405405406,0.0,0.0,0.0,0
2022,18,825,210,22,18.0,18.0,8,6,4.0,4.0,1.0594594594594595,0.005405405405405406,0.0,0.0,0.0,0
2022,19,825,210,69,13.0,16.0,8,6,4.0,7.0,1.0594594594594595,0.005405405405405406,0.0,0.4,0.4,0
2022,20,825,210,32,19.0,15.0,8,6,2.0,-2.0,1.0594594594594595,0.005405405405405406,0.0,0.4,0.4,0
2022,21,825,210,18,8.0,1.0,8,6,-11.0,-18.0,1.0594594594594595,0.005405405405405406,0.0,0.4,0.4,0
2022,22,825,210,24,16.0,16.0,8,6,-1.0,-1.0,1.0594594594594595,0.005405405405405406,0.0,0.4,0.4,0
2022,1,854,210,3,12.0,12.0,1,6,1.0,1.0,0.27906976744186046,0.0,0.0,0.0,0.4,0
2022,2,854,210,77,0.0,14.0,1,6,-20.0,-6.0,0.27906976744186046,0.0,0.0,0.0,0.0,0
2022,3,854,210,1,15.0,15.0,1,6,2.0,2.0,0.27906976744186046,0.0,0.0,0.0,0.0,0
2022,4,854,210,21,10.0,12.0,1,6,-7.0,-5.0,0.27906976744186046,0.0,0.0,0.0,0.0,0
2022,5,854,210,79,15.0,15.0,1,6,0.0,0.0,0.27906976744186046,0.0,0.0,0.0,0.0,0
2022,6,854,210,4,10.0,10.0,1,6,-4.0,-4.0,0.27906976744186046,0.0,0.0,0.0,0.0,0
2022,7,854,210,6,15.0,15.0,1,6,-4.0,-4.0,0.27906976744186046,0.0,0.0,0.0,0.0,0
2022,8,854,210,73,20.0,20.0,1,6,6.0,6.0,0.27906976744186046,0.0,0.0,0.0,0.0,0
2022,9,854,210,7,6.0,6.0,1,6,-13.0,-13.0,0.27906976744186046,0.0,0.0,0.0,0.0,0
2022,10,854,210,9,19.0,19.0,1,6,11.0,11.0,0.27906976744186046,0.0,0.0,0.8,0.8,0
2022,11,854,210,70,9.0,7.0,1,6,3.0,1.0,0.27906976744186046,0.0,0.0,2.4,2.4,0
2022,12,854,210,34,17.0,19.0,1,6,2.0,4.0,0.27906976744186046,0.0,0.0,2.4,2.4,0
2022,13,854,210,11,15.0,15.0,1,6,1.0,1.0,0.27906976744186046,0.0,0.0,2.4,2.4,0
2022,14,854,210,13,19.0,15.0,1,6,2.0,-2.0,0.27906976744186046,0.0,0.0,2.4,2.4,0
2022,15,854,210,39,8.0,8.0,1,6,-5.0,-5.0,0.27906976744186046,0.0,0.0,1.6,1.6,0
2022,16,854,210,14,17.0,20.0,1,6,5.0,8.0,0.27906976744186046,0.0,0.0,0.0,0.0,0
2022,17,854,210,15,12.0,13.0,1,6,-1.0,0.0,0.27906976744186046,0.0,0.0,0.0,0.0,0
2022,18,854,210,22,15.0,15.0,1,6,-2.0,-2.0,0.27906976744186046,0.0,0.0,0.0,0.0,0
2022,19,854,210,69,16.0,19.0,1,6,1.0,4.0,0.27906976744186046,0.0,0.0,0.0,0.0,0
2022,20,854,210,32,15.0,16.0,1,6,-1.0,0.0,0.27906976744186046,0.0,0.0,0.0,0.0,0
2022,21,854,210,18,12.0,20.0,1,6,-1.0,7.0,0.27906976744186046,0.0,0.0,0.0,0.0,0
2022,22,854,210,24,12.0,13.0,1,6,-4.0,-3.0,0.27906976744186046,0.0,0.0,0.0,0.0,0
2023,1,807,210,3,10.0,10.0,13,7,-5.0,-5.0,2.3422053231939164,0.0038022813688212928,0.0,2.0,0.0,0
2023,2,807,210,77,10.0,11.0,13,7,-2.0,-1.0,2.3422053231939164,0.0038022813688212928,0.0,0.8,0.0,0
2023,3,807,210,1,10.0,10.0,13,7,3.0,3.0,2.3422053231939164,0.0038022813688212928,0.0,1.2,1.2,0
2023,4,807,210,73,0.0,17.0,13,7,-17.0,0.0,2.3422053231939164,0.0038022813688212928,0.0,1.2,1.2,0
2023,5,807,210,79,12.0,12.0,13,7,-3.0,-3.0,2.3422053231939164,0.0038022813688212928,0.0,1.2,1.2,0
2023,6,807,210,6,18.0,18.0,13,7,1.0,1.0,2.3422053231939164,0.0038022813688212928,0.0,1.2,1.2,0
2023,7,807,210,4,7.0,8.0,13,7,-8.0,-7.0,2.3422053231939164,0.0038022813688212928,0.0,1.2,1.2,0
2023,8,807,210,7,5.0,2.0,13,7,-10.0,-13.0,2.3422053231939164,0.0038022813688212928,0.0,0.0,0.0,0
2023,9,807,210,70,8.0,8.0,13,7,-12.0,-12.0,2.3422053231939164,0.0038022813688212928,0.0,0.0,0.0,0
2023,10,807,210,9,11.0,11.0,13,7,-2.0,-2.0,2.3422053231939164,0.0038022813688212928,0.0,0.0,0.0,0
2023,11,807,210,11,10.0,10.0,13,7,-4.0,-4.0,2.3422053231939164,0.0038022813688212928,0.0,0.0,0.0,0
2023,12,807,210,13,0.0,20.0,13,7,-18.0,2.0,2.3422053231939164,0.0038022813688212928,0.0,0.0,0.0,0
2023,13,807,210,39,14.0,15.0,13,7,2.0,3.0,2.3422053231939164,0.0038022813688212928,0.0,0.0,0.0,0
2023,14,807,210,14,13.0,13.0,13,7,-4.0,-4.0,2.3422053231939164,0.0038022813688212928,0.0,0.0,0.0,0
2023,15,807,210,15,9.0,9.0,13,7,-4.0,-4.0,2.3422053231939164,0.0038022813688212928,0.0,0.0,0.0,0
2023,16,807,210,22,18.0,18.0,13,7,4.0,4.0,2.3422053231939164,0.0038022813688212928,0.0,0.0,0.0,0
2023,17,807,210,78,14.0,15.0,13,7,-2.0,-1.0,2.3422053231939164,0.0038022813688212928,0.0,0.0,0.0,0
2023,18,807,210,69,0.0,16.0,13,7,-11.0,5.0,2.3422053231939164,0.0038022813688212928,0.0,0.0,0.0,0
2023,19,807,210,32,12.0,12.0,13,7,-1.0,-1.0,2.3422053231939164,0.0038022813688212928,0.0,0.0,0.0,0
2023,20,807,210,18,11.0,11.0,13,7,-1.0,-1.0,2.3422053231939164,0.0038022813688212928,0.0,0.0,0.0,0
2023,21,807,210,80,13.0,13.0,13,7,-6.0,-6.0,2.3422053231939164,0.0038022813688212928,0.0,0.0,0.0,0
2023,22,807,210,24,8.0,8.0,13,7,-7.0,-7.0,2.3422053231939164,0.0038022813688212928,0.0,0.0,0.0,0
2023,1,825,210,3,17.0,17.0,9,7,4.0,4.0,1.0594594594594595,0.005405405405405406,0.0,0.4,0.0,0
2023,2,825,210,77,13.0,13.0,9,7,3.0,3.0,1.0594594594594595,0.005405405405405406,0.0,0.2,0.2,0
2023,3,825,210,1,14.0,14.0,9,7,-3.0,-3.0,1.0594594594594595,0.005405405405405406,0.0,0.2,0.2,0
2023,4,825,210,73,16.0,18.0,9,7,3.0,5.0,1.0594594594594595,0.005405405405405406,0.0,0.2,0.2,0
2023,5,825,210,79,4.0,4.0,9,7,-6.0,-6.0,1.0594594594594595,0.005405405405405406,0.0,0.4,0.4,0
2023,6,825,210,6,17.0,17.0,9,7,-2.0,-2.0,1.0594594594594595,0.005405405405405406,0.0,0.4,0.4,0
2023,7,825,210,4,17.0,17.0,9,7,-1.0,-1.0,1.0594594594594595,0.005405405405405406,0.0,0.2,0.2,0
2023,8,825,210,7,13.0,14.0,9,7,-4.0,-3.0,1.0594594594594595,0.005405405405405406,0.0,0.2,0.2,0
2023,9,825,210,70,0.0,19.0,9,7,-18.0,1.0,1.0594594594594595,0.005405405405405406,0.0,0.2,0.2,0
2023,10,825,210,9,19.0,20.0,9,7,0.0,1.0,1.0594594594594595,0.005405405405405406,0.0,0.0,0.0,0
2023,11,825,210,11,19.0,19.0,9,7,2.0,2.0,1.0594594594594595,0.005405405405405406,0.0,0.0,0.0,0
2023,12,825,210,13,16.0,13.0,9,7,1.0,-2.0,1.0594594594594595,0.005405405405405406,0.0,0.0,0.0,0
2023,13,825,210,39,0.0,18.0,9,7,-16.0,2.0,1.0594594594594595,0.005405405405405406,0.0,0.0,0.0,0
2023,14,825,210,14,19.0,19.0,9,7,1.0,1.0,1.0594594594594595,0.005405405405405406,0.0,0.0,0.0,0
2023,15,825,210,15,6.0,6.0,9,7,-4.0,-4.0,1.0594594594594595,0.005405405405405406,0.0,0.2,0.2,0
2023,16,825,210,22,15.0,15.0,9,7,0.0,0.0,1.0594594594594595,0.005405405405405406,0.0,0.2,0.2,0
2023,17,825,210,78,18.0,19.0,9,7,4.0,5.0,1.0594594594594595,0.005405405405405406,0.0,0.2,0.2,0
2023,18,825,210,69,0.0,14.0,9,7,-14.0,0.0,1.0594594594594595,0.005405405405405406,0.0,0.2,0.2,0
2023,19,825,210,32,16.0,17.0,9,7,-3.0,-2.0,1.0594594594594595,0.005405405405405406,0.0,0.2,0.2,0
2023,20,825,210,18,12.0,14.0,9,7,-6.0,-4.0,1.0594594594594595,0.005405405405405406,0.0,0.0,0.0,0
2023,21,825,210,80,8.0,9.0,9,7,-5.0,-4.0,1.0594594594594595,0.005405405405405406,0.0,0.0,0.0,0
2023,22,825,210,24,17.0,17.0,9,7,-3.0,-3.0,1.0594594594594595,0.005405405405405406,0.0,0.0,0.0,0
2024,1,807,210,3,10.0,10.0,14,8,-6.0,-6.0,2.3422053231939164,0.0038022813688212928,0.0,0.0,0.0,0
2024,2,807,210,77,15.0,15.0,14,8,5.0,5.0,2.3422053231939164,0.0038022813688212928,0.0,0.2,0.2,0
2024,3,807,210,1,16.0,16.0,14,8,7.0,7.0,2.3422053231939164,0.0038022813688212928,0.0,0.6,0.6,0
2024,4,807,210,22,12.0,12.0,14,8,1.0,1.0,2.3422053231939164,0.0038022813688212928,0.0,0.6,0.6,0
2024,5,807,210,17,9.0,9.0,14,8,-1.0,-1.0,2.3422053231939164,0.0038022813688212928,0.0,0.8,0.8,0
2024,6,807,210,79,9.0,9.0,14,8,-2.0,-2.0,2.3422053231939164,0.0038022813688212928,0.0,0.8,0.8,0
2024,7,807,210,21,10.0,10.0,14,8,-1.0,-1.0,2.3422053231939164,0.0038022813688212928,0.0,0.6,0.6,0
2024,8,807,210,6,19.0,12.0,14,8,0.0,-7.0,2.3422053231939164,0.0038022813688212928,0.0,0.2,0.2,0
2024,9,807,210,7,17.0,19.0,14,8,6.0,8.0,2.3422053231939164,0.0038022813688212928,0.0,0.2,0.2,0
2024,10,807,210,4,13.0,13.0,14,8,2.0,2.0,2.3422053231939164,0.0038022813688212928,0.0,0.0,0.0,0
2024,11,807,210,70,9.0,9.0,14,8,3.0,3.0,2.3422053231939164,0.0038022813688212928,0.0,1.6,1.6,0
2024,12,807,210,9,6.0,6.0,14,8,0.0,0.0,2.3422053231939164,0.0038022813688212928,0.0,3.2,3.2,0
2024,13,807,210,11,11.0,11.0,14,8,-2.0,-2.0,2.3422053231939164,0.0038022813688212928,0.0,3.2,3.2,0
2024,14,807,210,13,16.0,16.0,14,8,-2.0,-2.0,2.3422053231939164,0.0038022813688212928,0.0,3.2,3.2,0
2024,15,807,210,39,12.0,13.0,14,8,1.0,2.0,2.3422053231939164,0.0038022813688212928,0.0,3.2,3.2,0
2024,16,807,210,14,10.0,10.0,14,8,-7.0,-7.0,2.3422053231939164,0.0038022813688212928,0.0,1.6,1.6,0
2024,17,807,210,73,12.0,13.0,14,8,1.0,2.0,2.3422053231939164,0.0038022813688212928,0.0,0.0,0.0,0
2024,18,807,210,15,6.0,6.0,14,8,-3.0,-3.0,2.3422053231939164,0.0038022813688212928,0.0,0.4,0.4,0
2024,19,807,210,69,11.0,12.0,14,8,3.0,4.0,2.3422053231939164,0.0038022813688212928,0.0,1.2,1.2,0
2024,20,807,210,32,10.0,10.0,14,8,1.0,1.0,2.3422053231939164,0.0038022813688212928,0.0,1.6,1.6,0
2024,21,807,210,18,17.0,19.0,14,8,-3.0,-1.0,2.3422053231939164,0.0038022813688212928,0.0,1.6,1.6,0
2024,22,807,210,80,9.0,9.0,14,8,1.0,1.0,2.3422053231939164,0.0038022813688212928,0.0,2.4,2.4,0
2024,23,807,210,78,18.0,18.0,14,8,2.0,2.0,2.3422053231939164,0.0038022813688212928,0.0,2.0,2.0,0
2024,24,807,210,24,7.0,4.0,14,8,-1.0,-4.0,2.3422053231939164,0.0038022813688212928,0.0,2.0,2.0,0
2024,1,825,210,3,15.0,15.0,10,8,3.0,3.0,1.0594594594594595,0.005405405405405406,0.0,0.0,1.6,0
2024,2,825,210,77,13.0,13.0,10,8,1.0,1.0,1.0594594594594595,0.005405405405405406,0.0,0.0,1.6,0
2024,3,825,210,1,14.0,14.0,10,8,4.0,4.0,1.0594594594594595,0.005405405405405406,0.0,0.2,1.0,0
2024,4,825,210,22,18.0,18.0,10,8,5.0,5.0,1.0594594594594595,0.005405405405405406,0.0,0.2,1.0,0
2024,5,825,210,17,17.0,17.0,10,8,1.0,1.0,1.0594594594594595,0.005405405405405406,0.0,0.2,0.2,0
2024,6,825,210,79,18.0,19.0,10,8,-1.0,0.0,1.0594594594594595,0.005405405405405406,0.0,0.2,0.2,0
2024,7,825,210,21,18.0,18.0,10,8,6.0,6.0,1.0594594594594595,0.005405405405405406,0.0,0.2,0.2,0
2024,8,825,210,6,20.0,15.0,10,8,0.0,-5.0,1.0594594594594595,0.005405405405405406,0.0,0.0,0.0,0
2024,9,825,210,7,14.0,14.0,10,8,2.0,2.0,1.0594594594594595,0.005405405405405406,0.0,0.0,0.0,0
2024,10,825,210,4,16.0,16.0,10,8,-1.0,-1.0,1.0594594594594595,0.005405405405405406,0.0,0.0,0.0,0
2024,11,825,210,70,12.0,12.0,10,8,4.0,4.0,1.0594594594594595,0.005405405405405406,0.0,0.8,0.8,0
2024,12,825,210,9,17.0,17.0,10,8,5.0,5.0,1.0594594594594595,0.005405405405405406,0.0,0.8,0.8,0
2024,13,825,210,11,15.0,15.0,10,8,0.0,0.0,1.0594594594594595,0.005405405405405406,0.0,0.8,0.8,0
2024,14,825,210,13,17.0,17.0,10,8,3.0,3.0,1.0594594594594595,0.005405405405405406,0.0,0.8,0.8,0
2024,15,825,210,39,0.0,14.0,10,8,-18.0,-4.0,1.0594594594594595,0.005405405405405406,0.0,0.8,0.8,0
2024,16,825,210,14,13.0,13.0,10,8,3.0,3.0,1.0594594594594595,0.005405405405405406,0.0,0.2,0.2,0
2024,18,825,210,15,14.0,14.0,10,8,-5.0,-5.0,1.0594594594594595,0.005405405405405406,0.0,0.2,0.2,0
2024,19,825,210,69,8.0,9.0,10,8,-3.0,-2.0,1.0594594594594595,0.005405405405405406,0.0,0.2,0.2,0
2024,20,825,210,32,7.0,7.0,10,8,0.0,0.0,1.0594594594594595,0.005405405405405406,0.0,1.4,1.4,0
2024,22,825,210,80,12.0,12.0,10,8,0.0,0.0,1.0594594594594595,0.005405405405405406,0.0,1.4,1.4,0
2024,23,825,210,78,10.0,10.0,10,8,1.0,1.0,1.0594594594594595,0.005405405405405406,0.0,1.6,1.6,0
2024,24,825,210,24,14.0,15.0,10,8,-2.0,-1.0,1.0594594594594595,0.005405405405405406,0.0,1.6,1.6,0
2024,17,860,210,73,10.0,11.0,0,8,0.0,1.0,1.7027027027027026,0.0,0.0,3.5,1.8,0
2024,21,860,210,18,15.0,17.0,0,8,3.0,5.0,1.7027027027027026,0.0,0.0,2.3333333333333335,0.6,0
2025,1,839,210,1,19.0,19.0,9,9,6.0,6.0,2.5238095238095237,0.021164021164021163,0.0,3.6,0.6,0
2025,2,839,210,17,11.0,11.0,9,9,6.0,6.0,2.5238095238095237,0.021164021164021163,0.0,5.6,2.2,0
2025,3,839,210,22,18.0,18.0,9,9,0.0,0.0,2.5238095238095237,0.021164021164021163,0.0,2.0,2.2,0
2025,4,839,210,3,14.0,14.0,9,9,6.0,6.0,2.5238095238095237,0.021164021164021163,0.0,2.8,2.8,0
2025,5,839,210,77,19.0,19.0,9,9,5.0,5.0,2.5238095238095237,0.021164021164021163,0.0,2.8,2.8,0
2025,6,839,210,79,9.0,9.0,9,9,-3.0,-3.0,2.5238095238095237,0.021164021164021163,0.0,2.8,2.8,0
2025,7,839,210,21,18.0,18.0,9,9,-2.0,-2.0,2.5238095238095237,0.021164021164021163,0.0,0.8,0.8,0
2025,8,839,210,6,8.0,8.0,9,9,1.0,1.0,2.5238095238095237,0.021164021164021163,0.0,2.0,2.0,0
2025,9,839,210,4,16.0,17.0,9,9,0.0,1.0,2.5238095238095237,0.021164021164021163,0.0,1.2,1.2,0
2025,10,839,210,7,14.0,15.0,9,9,5.0,6.0,2.5238095238095237,0.021164021164021163,0.0,1.6,1.6,0
2025,11,839,210,70,17.0,17.0,9,9,7.0,7.0,2.5238095238095237,0.021164021164021163,0.0,1.8,1.8,0
2025,12,839,210,9,14.0,15.0,9,9,1.0,2.0,2.5238095238095237,0.021164021164021163,0.0,1.8,1.8,0
2025,13,839,210,13,11.0,11.0,9,9,-4.0,-4.0,2.5238095238095237,0.021164021164021163,0.0,0.6,0.6,0
2025,14,839,210,11,17.0,18.0,9,9,1.0,2.0,2.5238095238095237,0.021164021164021163,0.0,0.6,0.6,0
2025,15,839,210,39,18.0,18.0,9,9,8.0,8.0,2.5238095238095237,0.021164021164021163,0.0,0.4,0.4,0
2025,16,839,210,14,15.0,15.0,9,9,0.0,0.0,2.5238095238095237,0.021164021164021163,0.0,0.2,0.2,0
2025,17,839,210,73,20.0,20.0,9,9,6.0,6.0,2.5238095238095237,0.021164021164021163,0.0,0.2,0.2,0
2025,18,839,210,15,17.0,17.0,9,9,-1.0,-1.0,2.5238095238095237,0.021164021164021163,0.0,0.2,0.2,0
2025,19,839,210,69,17.0,17.0,9,9,2.0,2.0,2.5238095238095237,0.021164021164021163,0.0,0.2,0.2,0
2025,20,839,210,32,11.0,12.0,9,9,2.0,3.0,2.5238095238095237,0.021164021164021163,0.0,0.4,0.4,0
2025,21,839,210,18,20.0,17.0,9,9,8.0,5.0,2.5238095238095237,0.021164021164021163,0.0,0.4,0.4,0
2025,22,839,210,80,13.0,13.0,9,9,4.0,4.0,2.5238095238095237,0.021164021164021163,0.0,0.8,0.8,0
2025,24,839,210,24,8.0,8.0,9,9,1.0,1.0,2.5238095238095237,0.021164021164021163,0.0,2.0,2.0,0
2025,1,860,210,1,20.0,20.0,1,9,6.0,6.0,1.7027027027027026,0.0,0.0,1.75,2.0,0
2025,2,860,210,17,17.0,17.0,1,9,9.0,9.0,1.7027027027027026,0.0,0.0,2.2,2.4,0
2025,3,860,210,22,10.0,10.0,1,9,0.0,0.0,1.7027027027027026,0.0,0.0,1.2,2.6,0
2025,4,860,210,3,20.0,20.0,1,9,10.0,10.0,1.7027027027027026,0.0,0.0,1.2,2.4,0
2025,5,860,210,77,15.0,15.0,1,9,2.0,2.0,1.7027027027027026,0.0,0.0,1.2,1.2,0
2025,6,860,210,79,19.0,20.0,1,9,0.0,1.0,1.7027027027027026,0.0,0.0,1.2,1.2,0
2025,7,860,210,21,19.0,19.0,1,9,2.0,2.0,1.7027027027027026,0.0,0.0,0.4,0.4,0
2025,8,860,210,6,20.0,17.0,1,9,8.0,5.0,1.7027027027027026,0.0,0.0,0.2,0.2,0
2025,9,860,210,4,14.0,15.0,1,9,-3.0,-2.0,1.7027027027027026,0.0,0.0,0.0,0.0,0
2025,10,860,210,7,13.0,14.0,1,9,2.0,3.0,1.7027027027027026,0.0,0.0,0.0,0.0,0
2025,11,860,210,70,15.0,15.0,1,9,4.0,4.0,1.7027027027027026,0.0,0.0,0.0,0.0,0
2025,12,860,210,9,18.0,8.0,1,9,7.0,-3.0,1.7027027027027026,0.0,0.0,0.0,0.0,0
2025,13,860,210,13,12.0,12.0,1,9,1.0,1.0,1.7027027027027026,0.0,0.0,0.0,0.0,0
2025,14,860,210,11,11.0,11.0,1,9,-9.0,-9.0,1.7027027027027026,0.0,0.0,0.0,0.0,0
2025,15,860,210,39,20.0,19.0,1,9,14.0,13.0,1.7027027027027026,0.0,0.0,1.6,1.6,0
2025,16,860,210,14,11.0,11.0,1,9,-1.0,-1.0,1.7027027027027026,0.0,0.0,1.6,1.6,0
2025,17,860,210,73,15.0,15.0,1,9,3.0,3.0,1.7027027027027026,0.0,0.0,1.6,1.6,0
2025,18,860,210,15,9.0,9.0,1,9,0.0,0.0,1.7027027027027026,0.0,0.0,2.0,2.0,0
2025,19,860,210,69,8.0,8.0,1,9,-1.0,-1.0,1.7027027027027026,0.0,0.0,2.4,2.4,0
2025,20,860,210,32,9.0,10.0,1,9,5.0,6.0,1.7027027027027026,0.0,0.0,3.2,3.2,0
2025,21,860,210,18,8.0,8.0,1,9,2.0,2.0,1.7027027027027026,0.0,0.0,4.8,4.8,0
2025,22,860,210,80,14.0,14.0,1,9,4.0,4.0,1.7027027027027026,0.0,0.0,5.0,5.0,0
2025,24,860,210,24,11.0,11.0,1,9,-1.0,-1.0,1.7027027027027026,0.0,0.0,4.6,4.6,0
2026,1,839,210,1,13.0,13.0,10,10,2.0,2.0,2.5238095238095237,0.021164021164021163,0.0,2.0,4.2,0
2026,2,839,210,17,13.0,13.0,10,10,-1.0,-1.0,2.5238095238095237,0.021164021164021163,0.0,1.6,1.8,0
2026,3,839,210,22,12.0,12.0,10,10,2.0,2.0,2.5238095238095237,0.021164021164021163,0.0,1.8,0.4,0
2026,4,839,210,79,14.0,14.0,10,10,1.0,1.0,2.5238095238095237,0.021164021164021163,0.0,1.4,0.2,0
2026,5,839,210,7,17.0,17.0,10,10,3.0,3.0,2.5238095238095237,0.021164021164021163,0.0,0.2,0.2,0
2026,6,839,210,6,17.0,17.0,10,10,8.0,8.0,2.5238095238095237,0.021164021164021163,0.0,0.6,0.6,0
2026,7,839,210,4,17.0,17.0,10,10,4.0,4.0,2.5238095238095237,0.021164021164021163,0.0,0.6,0.6,0
2026,8,839,210,70,15.0,15.0,10,10,-1.0,-1.0,2.5238095238095237,0.021164021164021163,0.0,0.4,0.4,0
2026,9,839,210,9,17.0,17.0,10,10,4.0,4.0,2.5238095238095237,0.021164021164021163,0.0,0.4,0.4,0
2026,10,839,210,13,16.0,18.0,10,10,-1.0,1.0,2.5238095238095237,0.021164021164021163,0.0,0.4,0.4,0
2026,11,839,210,11,15.0,15.0,10,10,-1.0,-1.0,2.5238095238095237,0.021164021164021163,0.0,0.0,0.0,0
2026,1,860,210,1,12.0,12.0,2,10,5.0,5.0,1.7027027027027026,0.0,0.0,5.4,1.2,0
2026,2,860,210,17,10.0,10.0,2,10,5.0,5.0,1.7027027027027026,0.0,0.0,5.0,3.2,0
2026,3,860,210,22,18.0,18.0,2,10,-4.0,-4.0,1.7027027027027026,0.0,0.0,3.4,3.2,0
2026,4,860,210,79,12.0,12.0,2,10,1.0,1.0,1.7027027027027026,0.0,0.0,3.2,3.2,0
2026,5,860,210,7,16.0,16.0,2,10,6.0,6.0,1.7027027027027026,0.0,0.0,3.4,3.4,0
2026,6,860,210,6,19.0,19.0,2,10,-1.0,-1.0,1.7027027027027026,0.0,0.0,2.2,2.2,0
2026,7,860,210,4,15.0,15.0,2,10,-2.0,-2.0,1.7027027027027026,0.0,0.0,0.2,0.2,0
2026,8,860,210,70,13.0,13.0,2,10,-1.0,-1.0,1.7027027027027026,0.0,0.0,0.2,0.2,0
2026,9,860,210,9,13.0,14.0,2,10,1.0,2.0,1.7027027027027026,0.0,0.0,0.2,0.2,0
2026,10,860,210,13,14.0,16.0,2,10,0.0,2.0,1.7027027027027026,0.0,0.0,0.0,0.0,0
2026,11,860,210,11,17.0,17.0,2,10,-2.0,-2.0,1.7027027027027026,0.0,0.0,0.0,0.0,0
2019,1,815,211,1,10.0,10.0,8,0,-3.0,-3.0,5.409556313993174,0.13310580204778158,0.05263157894736842,1.8,0.0,0
2019,2,815,211,3,14.0,14.0,8,0,4.0,4.0,5.409556313993174,0.13310580204778158,0.05263157894736842,1.2,0.5,0
2019,3,815,211,17,12.0,12.0,8,0,4.0,4.0,5.409556313993174,0.13310580204778158,0.05263157894736842,2.0,1.6666666666666667,0
2019,4,815,211,73,5.0,5.0,8,0,-1.0,-1.0,5.409556313993174,0.13310580204778158,0.05263157894736842,3.4,3.25,0
2019,5,815,211,4,15.0,15.0,8,0,0.0,0.0,5.409556313993174,0.13310580204778158,0.05263157894736842,2.6,2.6,0
2019,6,815,211,6,16.0,17.0,8,0,4.0,5.0,5.409556313993174,0.13310580204778158,0.05263157894736842,2.6,2.6,0
2019,7,815,211,7,15.0,16.0,8,0,3.0,4.0,5.409556313993174,0.13310580204778158,0.05263157894736842,2.4,2.4,0
2019,8,815,211,34,14.0,14.0,8,0,2.0,2.0,5.409556313993174,0.13310580204778158,0.05263157894736842,1.6,1.6,0
2019,9,815,211,70,13.0,16.0,8,0,2.0,5.0,5.409556313993174,0.13310580204778158,0.05263157894736842,0.0,0.0,0
2019,10,815,211,9,15.0,15.0,8,0,-2.0,-2.0,5.409556313993174,0.13310580204778158,0.05263157894736842,0.0,0.0,0
2019,11,815,211,10,8.0,8.0,8,0,-12.0,-12.0,5.409556313993174,0.13310580204778158,0.05263157894736842,0.0,0.0,0
2019,12,815,211,11,16.0,17.0,8,0,5.0,6.0,5.409556313993174,0.13310580204778158,0.05263157894736842,0.0,0.0,0
2019,13,815,211,13,7.0,9.0,8,0,1.0,3.0,5.409556313993174,0.13310580204778158,0.05263157894736842,1.6,1.6,0
2019,14,815,211,14,18.0,17.0,8,0,11.0,10.0,5.409556313993174,0.13310580204778158,0.05263157894736842,2.8,2.8,0
2019,15,815,211,15,15.0,10.0,8,0,-4.0,-9.0,5.409556313993174,0.13310580204778158,0.05263157894736842,2.8,2.8,0
2019,16,815,211,71,11.0,12.0,8,0,4.0,5.0,5.409556313993174,0.13310580204778158,0.05263157894736842,4.0,4.0,0
2019,17,815,211,22,17.0,17.0,8,0,9.0,9.0,5.409556313993174,0.13310580204778158,0.05263157894736842,4.8,4.8,0
2019,18,815,211,32,11.0,11.0,8,0,4.0,4.0,5.409556313993174,0.13310580204778158,0.05263157894736842,4.4,4.4,0
2019,19,815,211,69,0.0,19.0,8,0,-10.0,9.0,5.409556313993174,0.13310580204778158,0.05263157894736842,3.4,3.4,0
2019,20,815,211,18,15.0,15.0,8,0,6.0,6.0,5.409556313993174,0.13310580204778158,0.05263157894736842,3.8,3.8,0
2019,21,815,211,24,10.0,11.0,8,0,3.0,4.0,5.409556313993174,0.13310580204778158,0.05263157894736842,3.8,3.8,0
2019,1,840,211,1,16.0,16.0,2,0,7.0,7.0,1.575,0.015,0.05263157894736842,0.4,3.4,0
2019,2,840,211,3,18.0,18.0,2,0,4.0,4.0,1.575,0.015,0.05263157894736842,0.4,2.2,0
2019,3,840,211,17,16.0,16.0,2,0,4.0,4.0,1.575,0.015,0.05263157894736842,0.4,2.0,0
2019,4,840,211,73,13.0,14.0,2,0,4.0,5.0,1.575,0.015,0.05263157894736842,0.8,2.0,0
2019,5,840,211,4,16.0,17.0,2,0,-3.0,-2.0,1.575,0.015,0.05263157894736842,0.8,0.8,0
2019,6,840,211,6,17.0,18.0,2,0,1.0,2.0,1.575,0.015,0.05263157894736842,0.4,0.4,0
2019,7,840,211,7,17.0,18.0,2,0,8.0,9.0,1.575,0.015,0.05263157894736842,0.8,0.8,0
2019,8,840,211,34,17.0,18.0,2,0,4.0,5.0,1.575,0.015,0.05263157894736842,0.8,0.8,0
2019,9,840,211,70,14.0,17.0,2,0,0.0,3.0,1.575,0.015,0.05263157894736842,0.4,0.4,0
2019,10,840,211,9,18.0,18.0,2,0,5.0,5.0,1.575,0.015,0.05263157894736842,0.4,0.4,0
2019,11,840,211,10,15.0,15.0,2,0,11.0,11.0,1.575,0.015,0.05263157894736842,2.8,2.8,0
2019,12,840,211,11,18.0,19.0,2,0,1.0,2.0,1.575,0.015,0.05263157894736842,2.4,2.4,0
2019,13,840,211,13,16.0,13.0,2,0,6.0,3.0,1.575,0.015,0.05263157894736842,2.6,2.6,0
2019,14,840,211,14,9.0,9.0,2,0,-3.0,-3.0,1.575,0.015,0.05263157894736842,2.6,2.6,0
2019,15,840,211,15,16.0,16.0,2,0,3.0,3.0,1.575,0.015,0.05263157894736842,2.6,2.6,0
2019,16,840,211,71,14.0,15.0,2,0,3.0,4.0,1.575,0.015,0.05263157894736842,0.2,0.2,0
2019,17,840,211,22,12.0,12.0,2,0,3.0,3.0,1.575,0.015,0.05263157894736842,0.6,0.6,0
2019,18,840,211,32,16.0,16.0,2,0,4.0,4.0,1.575,0.015,0.05263157894736842,0.4,0.4,0
2019,19,840,211,69,14.0,14.0,2,0,1.0,1.0,1.575,0.015,0.05263157894736842,0.4,0.4,0
2019,20,840,211,18,17.0,17.0,2,0,-2.0,-2.0,1.575,0.015,0.05263157894736842,0.4,0.4,0
2019,21,840,211,24,12.0,13.0,2,0,-8.0,-7.0,1.575,0.015,0.05263157894736842,0.4,0.4,0
2020,4,807,211,9,13.0,13.0,10,1,-7.0,-7.0,2.3422053231939164,0.0038022813688212928,0.05263157894736842,0.6,0.0,0
2020,5,807,211,9,3.0,3.0,10,1,-4.0,-4.0,2.3422053231939164,0.0038022813688212928,0.05263157894736842,1.6,1.2,0
2020,11,807,211,20,20.0,20.0,10,1,12.0,12.0,2.3422053231939164,0.0038022813688212928,0.05263157894736842,2.0,2.0,0
2020,1,815,211,70,6.0,6.0,9,1,0.0,0.0,5.409556313993174,0.13310580204778158,0.05263157894736842,4.6,3.6,0
2020,2,815,211,70,17.0,17.0,9,1,11.0,11.0,5.409556313993174,0.13310580204778158,0.05263157894736842,5.0,5.2,0
2020,3,815,211,11,4.0,4.0,9,1,-3.0,-3.0,5.409556313993174,0.13310580204778158,0.05263157894736842,6.0,6.4,0
2020,6,815,211,4,4.0,4.0,9,1,-1.0,-1.0,5.409556313993174,0.13310580204778158,0.05263157894736842,7.6,7.2,0
2020,7,815,211,13,8.0,8.0,9,1,-2.0,-2.0,5.409556313993174,0.13310580204778158,0.05263157894736842,6.6,6.6,0
2020,8,815,211,14,4.0,4.0,9,1,-6.0,-6.0,5.409556313993174,0.13310580204778158,0.05263157894736842,5.2,5.2,0
2020,9,815,211,76,7.0,6.0,9,1,2.0,1.0,5.409556313993174,0.13310580204778158,0.05263157894736842,5.6,5.6,0
2020,10,815,211,71,4.0,4.0,9,1,0.0,0.0,5.409556313993174,0.13310580204778158,0.05263157894736842,6.8,6.8,0
2020,11,815,211,20,9.0,9.0,9,1,5.0,5.0,5.409556313993174,0.13310580204778158,0.05263157894736842,7.2,7.2,0
2020,12,815,211,75,5.0,5.0,9,1,-2.0,-2.0,5.409556313993174,0.13310580204778158,0.05263157894736842,8.2,8.2,0
2020,13,815,211,21,11.0,11.0,9,1,5.0,5.0,5.409556313993174,0.13310580204778158,0.05263157894736842,9.6,9.6,0
2020,14,815,211,5,3.0,3.0,9,1,1.0,1.0,5.409556313993174,0.13310580204778158,0.05263157894736842,11.2,11.2,1
2020,15,815,211,3,5.0,5.0,9,1,-13.0,-13.0,5.409556313993174,0.13310580204778158,0.05263157894736842,8.8,8.8,0
2020,16,815,211,3,5.0,5.0,9,1,4.0,4.0,5.409556313993174,0.13310580204778158,0.05263157894736842,11.4,11.4,1
2020,17,815,211,24,19.0,15.0,9,1,-1.0,-5.0,5.409556313993174,0.13310580204778158,0.05263157894736842,10.2,10.2,0
2020,1,840,211,70,9.0,9.0,3,1,-9.0,-9.0,1.575,0.015,0.05263157894736842,0.0,8.6,0
2020,2,840,211,70,12.0,13.0,3,1,5.0,6.0,1.575,0.015,0.05263157894736842,1.2,6.2,0
2020,3,840,211,11,3.0,3.0,3,1,-1.0,-1.0,1.575,0.015,0.05263157894736842,3.6,8.6,0
2020,4,840,211,9,6.0,6.0,3,1,-3.0,-3.0,1.575,0.015,0.05263157894736842,4.0,4.0,0
2020,5,840,211,9,6.0,6.0,3,1,0.0,0.0,1.575,0.015,0.05263157894736842,5.6,5.6,0
2020,6,840,211,4,5.0,5.0,3,1,1.0,1.0,1.575,0.015,0.05263157894736842,8.0,8.0,0
2020,7,840,211,13,9.0,9.0,3,1,0.0,0.0,1.575,0.015,0.05263157894736842,7.2,7.2,0
2020,8,840,211,14,8.0,8.0,3,1,5.0,5.0,1.575,0.015,0.05263157894736842,7.8,7.8,1
2020,9,840,211,76,6.0,7.0,3,1,-7.0,-6.0,1.575,0.015,0.05263157894736842,7.4,7.4,0
2020,10,840,211,71,12.0,13.0,3,1,-8.0,-7.0,1.575,0.015,0.05263157894736842,5.8,5.8,0
2020,12,840,211,75,12.0,12.0,3,1,-8.0,-8.0,1.575,0.015,0.05263157894736842,3.4,3.4,0
2020,13,840,211,21,15.0,15.0,3,1,2.0,2.0,1.575,0.015,0.05263157894736842,3.0,3.0,0
2020,14,840,211,5,1.0,1.0,3,1,-8.0,-8.0,1.575,0.015,0.05263157894736842,0.4,0.4,0
2020,15,840,211,3,13.0,13.0,3,1,-6.0,-6.0,1.575,0.015,0.05263157894736842,0.4,0.4,0
2020,16,840,211,3,10.0,10.0,3,1,7.0,7.0,1.575,0.015,0.05263157894736842,3.4,3.4,1
2020,17,840,211,24,8.0,8.0,3,1,-2.0,-2.0,1.575,0.015,0.05263157894736842,3.6,3.6,0
2020,1,826,213,70,13.0,13.0,6,0,1.0,1.0,1.8035714285714286,0.026785714285714284,0.012048192771084338,0.6,0.0,0
2020,2,826,213,70,13.0,14.0,6,0,3.0,4.0,1.8035714285714286,0.026785714285714284,0.012048192771084338,0.8,0.5,0
2020,3,826,213,11,17.0,17.0,6,0,5.0,5.0,1.8035714285714286,0.026785714285714284,0.012048192771084338,0.8,0.3333333333333333,0
2020,4,826,213,9,19.0,14.0,6,0,1.0,-4.0,1.8035714285714286,0.026785714285714284,0.012048192771084338,0.6,0.25,0
2020,5,826,213,9,16.0,16.0,6,0,6.0,6.0,1.8035714285714286,0.026785714285714284,0.012048192771084338,0.4,0.4,0
2020,6,826,213,4,12.0,12.0,6,0,0.0,0.0,1.8035714285714286,0.026785714285714284,0.012048192771084338,0.4,0.4,0
2020,7,826,213,13,11.0,11.0,6,0,0.0,0.0,1.8035714285714286,0.026785714285714284,0.012048192771084338,0.2,0.2,0
2020,8,826,213,14,11.0,11.0,6,0,2.0,2.0,1.8035714285714286,0.026785714285714284,0.012048192771084338,0.6,0.6,0
2020,9,826,213,76,12.0,12.0,6,0,5.0,5.0,1.8035714285714286,0.026785714285714284,0.012048192771084338,1.8,1.8,0
2020,10,826,213,71,11.0,12.0,6,0,3.0,4.0,1.8035714285714286,0.026785714285714284,0.012048192771084338,2.4,2.4,0
2020,11,826,213,20,13.0,13.0,6,0,-2.0,-2.0,1.8035714285714286,0.026785714285714284,0.012048192771084338,2.4,2.4,0
2020,12,826,213,75,13.0,13.0,6,0,-6.0,-6.0,1.8035714285714286,0.026785714285714284,0.012048192771084338,2.4,2.4,0
2020,13,826,213,21,8.0,8.0,6,0,4.0,4.0,1.8035714285714286,0.026785714285714284,0.012048192771084338,4.4,4.4,0
2020,14,826,213,5,16.0,17.0,6,0,4.0,5.0,1.8035714285714286,0.026785714285714284,0.012048192771084338,3.2,3.2,0
2020,15,826,213,3,10.0,10.0,6,0,-1.0,-1.0,1.8035714285714286,0.026785714285714284,0.012048192771084338,2.4,2.4,0
2020,16,826,213,3,6.0,6.0,6,0,-1.0,-1.0,1.8035714285714286,0.026785714285714284,0.012048192771084338,3.6,3.6,0
2020,17,826,213,24,7.0,7.0,6,0,-4.0,-4.0,1.8035714285714286,0.026785714285714284,0.012048192771084338,3.6,3.6,0
2020,1,842,213,70,12.0,12.0,3,0,5.0,5.0,2.6042780748663104,0.03208556149732621,0.012048192771084338,5.2,2.4,0
2020,2,842,213,70,7.0,8.0,3,0,-8.0,-7.0,2.6042780748663104,0.03208556149732621,0.012048192771084338,4.8,2.4,0
2020,3,842,213,11,10.0,10.0,3,0,-10.0,-10.0,2.6042780748663104,0.03208556149732621,0.012048192771084338,4.8,2.4,0
2020,4,842,213,9,11.0,11.0,3,0,4.0,4.0,2.6042780748663104,0.03208556149732621,0.012048192771084338,2.4,2.4,0
2020,5,842,213,9,7.0,7.0,3,0,-4.0,-4.0,2.6042780748663104,0.03208556149732621,0.012048192771084338,2.4,2.4,0
2020,6,842,213,4,10.0,10.0,3,0,1.0,1.0,2.6042780748663104,0.03208556149732621,0.012048192771084338,1.6,1.6,0
2020,7,842,213,13,12.0,12.0,3,0,4.0,4.0,2.6042780748663104,0.03208556149732621,0.012048192771084338,2.4,2.4,0
2020,8,842,213,14,10.0,10.0,3,0,9.0,9.0,2.6042780748663104,0.03208556149732621,0.012048192771084338,7.4,7.4,1
2020,9,842,213,76,16.0,16.0,3,0,-4.0,-4.0,2.6042780748663104,0.03208556149732621,0.012048192771084338,6.2,6.2,0
2020,10,842,213,71,9.0,9.0,3,0,0.0,0.0,2.6042780748663104,0.03208556149732621,0.012048192771084338,6.6,6.6,0
2020,11,842,213,20,12.0,12.0,3,0,6.0,6.0,2.6042780748663104,0.03208556149732621,0.012048192771084338,7.8,7.8,0
2020,12,842,213,75,9.0,9.0,3,0,4.0,4.0,2.6042780748663104,0.03208556149732621,0.012048192771084338,9.0,9.0,0
2020,13,842,213,21,4.0,4.0,3,0,-16.0,-16.0,2.6042780748663104,0.03208556149732621,0.012048192771084338,4.0,4.0,0
2020,14,842,213,5,19.0,15.0,3,0,6.0,2.0,2.6042780748663104,0.03208556149732621,0.012048192771084338,4.0,4.0,0
2020,15,842,213,3,8.0,8.0,3,0,2.0,2.0,2.6042780748663104,0.03208556149732621,0.012048192771084338,5.2,5.2,0
2020,16,842,213,3,9.0,9.0,3,0,-2.0,-2.0,2.6042780748663104,0.03208556149732621,0.012048192771084338,3.6,3.6,0
2020,17,842,213,24,9.0,10.0,3,0,1.0,2.0,2.6042780748663104,0.03208556149732621,0.012048192771084338,2.4,2.4,0
2021,1,842,213,3,5.0,5.0,4,1,-12.0,-12.0,2.6042780748663104,0.03208556149732621,0.012048192771084338,2.4,2.4,0
2021,2,842,213,21,5.0,5.0,4,1,-2.0,-2.0,2.6042780748663104,0.03208556149732621,0.012048192771084338,3.6,3.6,0
2021,3,842,213,75,9.0,9.0,4,1,-1.0,-1.0,2.6042780748663104,0.03208556149732621,0.012048192771084338,2.2,2.2,0
2021,4,842,213,4,12.0,12.0,4,1,2.0,2.0,2.6042780748663104,0.03208556149732621,0.012048192771084338,2.4,2.4,0
2021,5,842,213,6,6.0,6.0,4,1,0.0,0.0,2.6042780748663104,0.03208556149732621,0.012048192771084338,3.2,3.2,0
2021,6,842,213,73,4.0,4.0,4,1,1.0,1.0,2.6042780748663104,0.03208556149732621,0.012048192771084338,6.2,6.2,1
2021,7,842,213,34,6.0,6.0,4,1,-1.0,-1.0,2.6042780748663104,0.03208556149732621,0.012048192771084338,6.2,6.2,0
2021,8,842,213,70,6.0,6.0,4,1,-14.0,-14.0,2.6042780748663104,0.03208556149732621,0.012048192771084338,6.0,6.0,0
2021,9,842,213,70,6.0,6.0,4,1,-3.0,-3.0,2.6042780748663104,0.03208556149732621,0.012048192771084338,6.2,6.2,0
2021,10,842,213,9,11.0,12.0,4,1,0.0,1.0,2.6042780748663104,0.03208556149732621,0.012048192771084338,4.6,4.6,0
2021,11,842,213,11,5.0,5.0,4,1,0.0,0.0,2.6042780748663104,0.03208556149732621,0.012048192771084338,3.8,3.8,0
2021,12,842,213,13,6.0,6.0,4,1,0.0,0.0,2.6042780748663104,0.03208556149732621,0.012048192771084338,3.4,3.4,0
2021,13,842,213,39,4.0,4.0,4,1,0.0,0.0,2.6042780748663104,0.03208556149732621,0.012048192771084338,5.8,5.8,0
2021,14,842,213,14,0.0,6.0,4,1,-19.0,-13.0,2.6042780748663104,0.03208556149732621,0.012048192771084338,5.4,5.4,0
2021,15,842,213,71,11.0,12.0,4,1,-2.0,-1.0,2.6042780748663104,0.03208556149732621,0.012048192771084338,5.4,5.4,0
2021,16,842,213,5,4.0,5.0,4,1,-2.0,-1.0,2.6042780748663104,0.03208556149732621,0.012048192771084338,4.8,4.8,0
2021,17,842,213,69,8.0,9.0,4,1,-12.0,-11.0,2.6042780748663104,0.03208556149732621,0.012048192771084338,4.0,4.0,0
2021,18,842,213,32,5.0,5.0,4,1,1.0,1.0,2.6042780748663104,0.03208556149732621,0.012048192771084338,4.0,4.0,0
2021,19,842,213,18,7.0,5.0,4,1,0.0,-2.0,2.6042780748663104,0.03208556149732621,0.012048192771084338,5.2,5.2,0
2021,20,842,213,78,2.0,4.0,4,1,-9.0,-7.0,2.6042780748663104,0.03208556149732621,0.012048192771084338,5.2,5.2,0
2021,21,842,213,77,6.0,6.0,4,1,0.0,0.0,2.6042780748663104,0.03208556149732621,0.012048192771084338,5.2,5.2,0
2021,22,842,213,24,12.0,12.0,4,1,7.0,7.0,2.6042780748663104,0.03208556149732621,0.012048192771084338,7.2,7.2,0
2021,1,852,213,3,13.0,13.0,0,1,4.0,4.0,0.9469026548672567,0.0,0.012048192771084338,2.0,5.2,0
2021,2,852,213,21,20.0,20.0,0,1,8.0,8.0,0.9469026548672567,0.0,0.012048192771084338,1.0,4.0,0
2021,3,852,213,75,14.0,14.0,0,1,-1.0,-1.0,0.9469026548672567,0.0,0.012048192771084338,0.6666666666666666,4.0,0
2021,4,852,213,4,16.0,16.0,0,1,-4.0,-4.0,0.9469026548672567,0.0,0.012048192771084338,0.5,2.4,0
2021,5,852,213,6,16.0,16.0,0,1,0.0,0.0,0.9469026548672567,0.0,0.012048192771084338,0.4,0.4,0
2021,6,852,213,73,7.0,8.0,0,1,0.0,1.0,0.9469026548672567,0.0,0.012048192771084338,1.2,1.2,0
2021,7,852,213,34,0.0,20.0,0,1,-13.0,7.0,0.9469026548672567,0.0,0.012048192771084338,1.2,1.2,0
2021,8,852,213,70,11.0,8.0,0,1,1.0,-2.0,0.9469026548672567,0.0,0.012048192771084338,1.4,1.4,0
2021,9,852,213,70,7.0,7.0,0,1,-5.0,-5.0,0.9469026548672567,0.0,0.012048192771084338,1.4,1.4,0
2021,10,852,213,9,16.0,16.0,0,1,6.0,6.0,0.9469026548672567,0.0,0.012048192771084338,1.6,1.6,0
2021,11,852,213,11,16.0,16.0,0,1,10.0,10.0,0.9469026548672567,0.0,0.012048192771084338,2.0,2.0,0
2021,12,852,213,13,16.0,17.0,0,1,1.0,2.0,0.9469026548672567,0.0,0.012048192771084338,2.0,2.0,0
2021,13,852,213,39,14.0,15.0,0,1,-5.0,-4.0,0.9469026548672567,0.0,0.012048192771084338,1.8,1.8,0
2021,14,852,213,14,0.0,17.0,0,1,-20.0,-3.0,0.9469026548672567,0.0,0.012048192771084338,1.8,1.8,0
2021,15,852,213,71,12.0,13.0,0,1,-5.0,-4.0,0.9469026548672567,0.0,0.012048192771084338,1.6,1.6,0
2021,16,852,213,5,9.0,10.0,0,1,-5.0,-4.0,0.9469026548672567,0.0,0.012048192771084338,0.0,0.0,0
2021,17,852,213,69,10.0,10.0,0,1,1.0,1.0,0.9469026548672567,0.0,0.012048192771084338,0.4,0.4,0
2021,18,852,213,32,17.0,9.0,0,1,-3.0,-11.0,0.9469026548672567,0.0,0.012048192771084338,0.4,0.4,0
2021,19,852,213,18,15.0,13.0,0,1,0.0,-2.0,0.9469026548672567,0.0,0.012048192771084338,0.4,0.4,0
2021,20,852,213,78,8.0,8.0,0,1,-5.0,-5.0,0.9469026548672567,0.0,0.012048192771084338,0.4,0.4,0
2021,21,852,213,77,8.0,8.0,0,1,-6.0,-6.0,0.9469026548672567,0.0,0.012048192771084338,0.4,0.4,0
2021,22,852,213,24,8.0,8.0,0,1,4.0,4.0,0.9469026548672567,0.0,0.012048192771084338,2.4,2.4,0
2022,1,842,213,3,10.0,10.0,5,2,-10.0,-10.0,2.6042780748663104,0.03208556149732621,0.012048192771084338,4.8,2.4,0
2022,2,842,213,77,9.0,9.0,5,2,1.0,1.0,2.6042780748663104,0.03208556149732621,0.012048192771084338,4.4,3.2,0
2022,3,842,213,1,11.0,11.0,5,2,2.0,2.0,2.6042780748663104,0.03208556149732621,0.012048192771084338,4.8,3.6,0
2022,4,842,213,21,17.0,17.0,5,2,5.0,5.0,2.6042780748663104,0.03208556149732621,0.012048192771084338,3.2,3.6,0
2022,5,842,213,79,7.0,7.0,5,2,-11.0,-11.0,2.6042780748663104,0.03208556149732621,0.012048192771084338,1.2,1.2,0
2022,6,842,213,4,14.0,14.0,5,2,1.0,1.0,2.6042780748663104,0.03208556149732621,0.012048192771084338,1.2,1.2,0
2022,7,842,213,6,17.0,17.0,5,2,6.0,6.0,2.6042780748663104,0.03208556149732621,0.012048192771084338,0.4,0.4,0
2022,8,842,213,73,6.0,6.0,5,2,1.0,1.0,2.6042780748663104,0.03208556149732621,0.012048192771084338,2.0,2.0,0
2022,9,842,213,7,15.0,16.0,5,2,1.0,2.0,2.6042780748663104,0.03208556149732621,0.012048192771084338,2.0,2.0,0
2022,10,842,213,9,11.0,11.0,5,2,-5.0,-5.0,2.6042780748663104,0.03208556149732621,0.012048192771084338,2.0,2.0,0
2022,11,842,213,70,14.0,10.0,5,2,-1.0,-5.0,2.6042780748663104,0.03208556149732621,0.012048192771084338,2.0,2.0,0
2022,12,842,213,34,14.0,16.0,5,2,2.0,4.0,2.6042780748663104,0.03208556149732621,0.012048192771084338,2.0,2.0,0
2022,13,842,213,11,0.0,19.0,5,2,-12.0,7.0,2.6042780748663104,0.03208556149732621,0.012048192771084338,0.0,0.0,0
2022,14,842,213,13,0.0,12.0,5,2,-9.0,3.0,2.6042780748663104,0.03208556149732621,0.012048192771084338,0.4,0.4,0
2022,15,842,213,39,11.0,11.0,5,2,0.0,0.0,2.6042780748663104,0.03208556149732621,0.012048192771084338,0.4,0.4,0
2022,16,842,213,14,5.0,9.0,5,2,-3.0,1.0,2.6042780748663104,0.03208556149732621,0.012048192771084338,1.2,1.2,0
2022,17,842,213,15,7.0,7.0,5,2,-3.0,-3.0,2.6042780748663104,0.03208556149732621,0.012048192771084338,1.4,1.4,0
2022,18,842,213,22,17.0,17.0,5,2,-1.0,-1.0,2.6042780748663104,0.03208556149732621,0.012048192771084338,1.4,1.4,0
2022,19,842,213,69,11.0,13.0,5,2,-3.0,-1.0,2.6042780748663104,0.03208556149732621,0.012048192771084338,1.0,1.0,0
2022,20,842,213,32,14.0,14.0,5,2,3.0,3.0,2.6042780748663104,0.03208556149732621,0.012048192771084338,1.0,1.0,0
2022,21,842,213,18,10.0,12.0,5,2,-4.0,-2.0,2.6042780748663104,0.03208556149732621,0.012048192771084338,0.2,0.2,0
2022,22,842,213,24,17.0,17.0,5,2,3.0,3.0,2.6042780748663104,0.03208556149732621,0.012048192771084338,0.0,0.0,0
2022,1,852,213,3,16.0,16.0,1,2,8.0,8.0,0.9469026548672567,0.0,0.012048192771084338,3.2,0.8,0
2022,2,852,213,77,19.0,20.0,1,2,0.0,1.0,0.9469026548672567,0.0,0.012048192771084338,3.2,0.8,0
2022,3,852,213,1,13.0,13.0,1,2,-2.0,-2.0,0.9469026548672567,0.0,0.012048192771084338,3.2,0.8,0
2022,4,852,213,21,12.0,16.0,1,2,5.0,9.0,0.9469026548672567,0.0,0.012048192771084338,4.4,2.0,0
2022,5,852,213,79,9.0,9.0,1,2,-3.0,-3.0,0.9469026548672567,0.0,0.012048192771084338,2.0,2.0,0
2022,6,852,213,4,13.0,13.0,1,2,3.0,3.0,0.9469026548672567,0.0,0.012048192771084338,1.4,1.4,0
2022,7,852,213,6,11.0,11.0,1,2,-6.0,-6.0,0.9469026548672567,0.0,0.012048192771084338,1.4,1.4,0
2022,8,852,213,73,8.0,8.0,1,2,-5.0,-5.0,0.9469026548672567,0.0,0.012048192771084338,1.4,1.4,0
2022,9,852,213,7,20.0,20.0,1,2,2.0,2.0,0.9469026548672567,0.0,0.012048192771084338,0.2,0.2,0
2022,10,852,213,9,13.0,13.0,1,2,-1.0,-1.0,0.9469026548672567,0.0,0.012048192771084338,0.2,0.2,0
2022,11,852,213,70,16.0,14.0,1,2,0.0,-2.0,0.9469026548672567,0.0,0.012048192771084338,0.0,0.0,0
2022,12,852,213,34,8.0,8.0,1,2,-12.0,-12.0,0.9469026548672567,0.0,0.012048192771084338,0.0,0.0,0
2022,13,852,213,11,16.0,16.0,1,2,-3.0,-3.0,0.9469026548672567,0.0,0.012048192771084338,0.0,0.0,0
2022,14,852,213,13,0.0,19.0,1,2,-13.0,6.0,0.9469026548672567,0.0,0.012048192771084338,0.0,0.0,0
2022,15,852,213,39,9.0,9.0,1,2,-11.0,-11.0,0.9469026548672567,0.0,0.012048192771084338,0.0,0.0,0
2022,16,852,213,14,20.0,15.0,1,2,6.0,1.0,0.9469026548672567,0.0,0.012048192771084338,0.0,0.0,0
2022,17,852,213,15,10.0,10.0,1,2,-5.0,-5.0,0.9469026548672567,0.0,0.012048192771084338,0.0,0.0,0
2022,18,852,213,22,13.0,13.0,1,2,0.0,0.0,0.9469026548672567,0.0,0.012048192771084338,0.0,0.0,0
2022,19,852,213,69,19.0,15.0,1,2,9.0,5.0,0.9469026548672567,0.0,0.012048192771084338,0.2,0.2,0
2022,20,852,213,32,13.0,13.0,1,2,-7.0,-7.0,0.9469026548672567,0.0,0.012048192771084338,0.2,0.2,0
2022,21,852,213,18,0.0,19.0,1,2,-17.0,2.0,0.9469026548672567,0.0,0.012048192771084338,0.2,0.2,0
2022,22,852,213,24,11.0,12.0,1,2,0.0,1.0,0.9469026548672567,0.0,0.012048192771084338,0.2,0.2,0
2023,11,817,213,11,13.0,13.0,12,3,0.0,0.0,5.0625,0.125,0.012048192771084338,1.6,0.2,0
2023,12,817,213,13,19.0,19.0,12,3,3.0,3.0,5.0625,0.125,0.012048192771084338,1.6,0.0,0
2023,18,817,213,69,14.0,15.0,12,3,-1.0,0.0,5.0625,0.125,0.012048192771084338,0.4,0.0,0
2023,19,817,213,32,4.0,4.0,12,3,-3.0,-3.0,5.0625,0.125,0.012048192771084338,1.6,1.2,0
2023,20,817,213,18,17.0,17.0,12,3,4.0,4.0,5.0625,0.125,0.012048192771084338,1.2,1.2,0
2023,21,817,213,80,14.0,15.0,12,3,0.0,1.0,5.0625,0.125,0.012048192771084338,1.2,1.2,0
2023,22,817,213,24,15.0,15.0,12,3,4.0,4.0,5.0625,0.125,0.012048192771084338,1.2,1.2,0
2023,1,852,213,3,14.0,14.0,2,3,3.0,3.0,0.9469026548672567,0.0,0.012048192771084338,0.2,1.2,0
2023,2,852,213,77,16.0,16.0,2,3,5.0,5.0,0.9469026548672567,0.0,0.012048192771084338,0.0,0.0,0
2023,3,852,213,1,12.0,12.0,2,3,2.0,2.0,0.9469026548672567,0.0,0.012048192771084338,0.2,0.2,0
2023,4,852,213,73,8.0,8.0,2,3,-2.0,-2.0,0.9469026548672567,0.0,0.012048192771084338,0.4,0.4,0
2023,5,852,213,79,17.0,17.0,2,3,6.0,6.0,0.9469026548672567,0.0,0.012048192771084338,0.4,0.4,0
2023,6,852,213,6,9.0,9.0,2,3,-6.0,-6.0,0.9469026548672567,0.0,0.012048192771084338,0.4,0.4,0
2023,7,852,213,4,15.0,15.0,2,3,3.0,3.0,0.9469026548672567,0.0,0.012048192771084338,0.4,0.4,0
2023,8,852,213,7,19.0,16.0,2,3,5.0,2.0,0.9469026548672567,0.0,0.012048192771084338,0.2,0.2,0
2023,9,852,213,70,16.0,16.0,2,3,-3.0,-3.0,0.9469026548672567,0.0,0.012048192771084338,0.0,0.0,0
2023,10,852,213,9,16.0,17.0,2,3,0.0,1.0,0.9469026548672567,0.0,0.012048192771084338,0.0,0.0,0
2023,11,852,213,11,17.0,17.0,2,3,2.0,2.0,0.9469026548672567,0.0,0.012048192771084338,0.0,0.0,0
2023,12,852,213,13,11.0,11.0,2,3,1.0,1.0,0.9469026548672567,0.0,0.012048192771084338,0.2,0.2,0
2023,13,852,213,39,17.0,14.0,2,3,2.0,-1.0,0.9469026548672567,0.0,0.012048192771084338,0.2,0.2,0
2023,14,852,213,14,11.0,11.0,2,3,-9.0,-9.0,0.9469026548672567,0.0,0.012048192771084338,0.2,0.2,0
2023,15,852,213,15,15.0,15.0,2,3,-4.0,-4.0,0.9469026548672567,0.0,0.012048192771084338,0.2,0.2,0
2023,16,852,213,22,9.0,9.0,2,3,-3.0,-3.0,0.9469026548672567,0.0,0.012048192771084338,0.2,0.2,0
2023,17,852,213,78,11.0,11.0,2,3,-4.0,-4.0,0.9469026548672567,0.0,0.012048192771084338,0.0,0.0,0
2023,18,852,213,69,11.0,11.0,2,3,3.0,3.0,0.9469026548672567,0.0,0.012048192771084338,1.0,1.0,0
2023,19,852,213,32,18.0,15.0,2,3,6.0,3.0,0.9469026548672567,0.0,0.012048192771084338,1.0,1.0,0
2023,20,852,213,18,16.0,16.0,2,3,7.0,7.0,0.9469026548672567,0.0,0.012048192771084338,1.4,1.4,0
2023,21,852,213,80,20.0,20.0,2,3,2.0,2.0,0.9469026548672567,0.0,0.012048192771084338,1.4,1.4,0
2023,22,852,213,24,6.0,6.0,2,3,-2.0,-2.0,0.9469026548672567,0.0,0.012048192771084338,2.2,2.2,0
2023,1,856,213,3,19.0,19.0,1,3,5.0,5.0,0.18181818181818182,0.0,0.012048192771084338,1.0,1.2,0
2023,2,856,213,77,18.0,18.0,1,3,4.0,4.0,0.18181818181818182,0.0,0.012048192771084338,0.6666666666666666,1.2,0
2023,3,856,213,1,15.0,15.0,1,3,0.0,0.0,0.18181818181818182,0.0,0.012048192771084338,0.5,0.8,0
2023,4,856,213,73,18.0,20.0,1,3,-2.0,0.0,0.18181818181818182,0.0,0.012048192771084338,0.4,0.8,0
2023,5,856,213,79,15.0,15.0,1,3,-3.0,-3.0,0.18181818181818182,0.0,0.012048192771084338,0.0,0.0,0
2023,6,856,213,6,12.0,12.0,1,3,0.0,0.0,0.18181818181818182,0.0,0.012048192771084338,0.0,0.0,0
2023,7,856,213,4,14.0,14.0,1,3,0.0,0.0,0.18181818181818182,0.0,0.012048192771084338,0.0,0.0,0
2023,8,856,213,7,17.0,18.0,1,3,-1.0,0.0,0.18181818181818182,0.0,0.012048192771084338,0.0,0.0,0
2023,9,856,213,70,0.0,20.0,1,3,-17.0,3.0,0.18181818181818182,0.0,0.012048192771084338,0.0,0.0,0
2023,10,856,213,9,18.0,19.0,1,3,1.0,2.0,0.18181818181818182,0.0,0.012048192771084338,0.0,0.0,0
2023,13,859,213,39,19.0,20.0,0,3,6.0,7.0,1.8222222222222222,0.0,0.012048192771084338,0.0,0.0,0
2023,14,859,213,14,12.0,12.0,0,3,1.0,1.0,1.8222222222222222,0.0,0.012048192771084338,0.0,0.0,0
2023,15,859,213,15,10.0,10.0,0,3,1.0,1.0,1.8222222222222222,0.0,0.012048192771084338,0.6666666666666666,0.4,0
2023,16,859,213,22,11.0,11.0,0,3,0.0,0.0,1.8222222222222222,0.0,0.012048192771084338,0.5,0.4,0
2023,17,859,213,78,17.0,18.0,0,3,0.0,1.0,1.8222222222222222,0.0,0.012048192771084338,0.4,0.4,0
2021,1,4,214,3,9.0,9.0,11,0,-10.0,-10.0,6.033670033670034,0.17845117845117844,0.028225806451612902,0.0,0.0,0
2021,2,4,214,21,15.0,15.0,11,0,5.0,5.0,6.033670033670034,0.17845117845117844,0.028225806451612902,0.2,0.5,0
2021,3,4,214,75,13.0,13.0,11,0,5.0,5.0,6.033670033670034,0.17845117845117844,0.028225806451612902,1.0,1.6666666666666667,0
2021,4,4,214,4,10.0,10.0,11,0,-7.0,-7.0,6.033670033670034,0.17845117845117844,0.028225806451612902,1.0,1.25,0
2021,5,4,214,6,17.0,17.0,11,0,4.0,4.0,6.033670033670034,0.17845117845117844,0.028225806451612902,1.0,1.0,0
2021,6,4,214,73,8.0,9.0,11,0,2.0,3.0,6.033670033670034,0.17845117845117844,0.028225806451612902,2.6,2.6,0
2021,7,4,214,34,9.0,9.0,11,0,1.0,1.0,6.033670033670034,0.17845117845117844,0.028225806451612902,3.2,3.2,0
2021,8,4,214,70,8.0,9.0,11,0,-1.0,0.0,6.033670033670034,0.17845117845117844,0.028225806451612902,2.8,2.8,0
2021,9,4,214,70,14.0,14.0,11,0,4.0,4.0,6.033670033670034,0.17845117845117844,0.028225806451612902,3.0,3.0,0
2021,10,4,214,9,7.0,11.0,11,0,0.0,4.0,6.033670033670034,0.17845117845117844,0.028225806451612902,4.2,4.2,0
2021,11,4,214,11,9.0,9.0,11,0,5.0,5.0,6.033670033670034,0.17845117845117844,0.028225806451612902,5.0,5.0,0
2021,12,4,214,13,12.0,14.0,11,0,1.0,3.0,6.033670033670034,0.17845117845117844,0.028225806451612902,4.2,4.2,0
2021,13,4,214,39,9.0,9.0,11,0,3.0,3.0,6.033670033670034,0.17845117845117844,0.028225806451612902,5.4,5.4,0
2021,14,4,214,14,10.0,13.0,11,0,2.0,5.0,6.033670033670034,0.17845117845117844,0.028225806451612902,6.0,6.0,0
2021,15,4,214,71,6.0,6.0,11,0,0.0,0.0,6.033670033670034,0.17845117845117844,0.028225806451612902,6.4,6.4,0
2021,16,4,214,5,5.0,6.0,11,0,-11.0,-10.0,6.033670033670034,0.17845117845117844,0.028225806451612902,4.0,4.0,0
2021,17,4,214,69,19.0,14.0,11,0,1.0,-4.0,6.033670033670034,0.17845117845117844,0.028225806451612902,4.0,4.0,0
2021,18,4,214,32,12.0,16.0,11,0,3.0,7.0,6.033670033670034,0.17845117845117844,0.028225806451612902,2.8,2.8,0
2021,19,4,214,18,12.0,10.0,11,0,3.0,1.0,6.033670033670034,0.17845117845117844,0.028225806451612902,2.4,2.4,0
2021,20,4,214,78,3.0,5.0,11,0,0.0,2.0,6.033670033670034,0.17845117845117844,0.028225806451612902,3.8,3.8,1
2021,21,4,214,77,13.0,13.0,11,0,0.0,0.0,6.033670033670034,0.17845117845117844,0.028225806451612902,3.8,3.8,0
2021,22,4,214,24,11.0,11.0,11,0,3.0,3.0,6.033670033670034,0.17845117845117844,0.028225806451612902,4.6,4.6,0
2021,1,839,214,3,16.0,16.0,5,0,3.0,3.0,2.5238095238095237,0.021164021164021163,0.028225806451612902,4.4,4.2,0
2021,2,839,214,21,9.0,9.0,5,0,0.0,0.0,2.5238095238095237,0.021164021164021163,0.028225806451612902,4.8,4.2,0
2021,3,839,214,75,6.0,6.0,5,0,-1.0,-1.0,2.5238095238095237,0.021164021164021163,0.028225806451612902,5.6,2.4,0
2021,4,839,214,4,5.0,5.0,5,0,-4.0,-4.0,2.5238095238095237,0.021164021164021163,0.028225806451612902,2.4,2.8,0
2021,5,839,214,6,11.0,11.0,5,0,2.0,2.0,2.5238095238095237,0.021164021164021163,0.028225806451612902,2.4,2.4,0
2021,6,839,214,73,12.0,12.0,5,0,-8.0,-8.0,2.5238095238095237,0.021164021164021163,0.028225806451612902,2.4,2.4,0
2021,7,839,214,34,11.0,11.0,5,0,-3.0,-3.0,2.5238095238095237,0.021164021164021163,0.028225806451612902,2.0,2.0,0
2021,8,839,214,70,17.0,17.0,5,0,3.0,3.0,2.5238095238095237,0.021164021164021163,0.028225806451612902,0.8,0.8,0
2021,9,839,214,70,17.0,17.0,5,0,-3.0,-3.0,2.5238095238095237,0.021164021164021163,0.028225806451612902,0.4,0.4,0
2021,10,839,214,9,9.0,13.0,5,0,0.0,4.0,2.5238095238095237,0.021164021164021163,0.028225806451612902,0.4,0.4,0
2021,11,839,214,11,8.0,8.0,5,0,7.0,7.0,2.5238095238095237,0.021164021164021163,0.028225806451612902,5.4,5.4,1
2021,12,839,214,13,8.0,9.0,5,0,1.0,2.0,2.5238095238095237,0.021164021164021163,0.028225806451612902,6.0,6.0,0
2021,13,839,214,39,8.0,8.0,5,0,-1.0,-1.0,2.5238095238095237,0.021164021164021163,0.028225806451612902,6.4,6.4,0
2021,14,839,214,14,12.0,14.0,5,0,2.0,4.0,2.5238095238095237,0.021164021164021163,0.028225806451612902,6.6,6.6,0
2021,15,839,214,71,9.0,10.0,5,0,-5.0,-4.0,2.5238095238095237,0.021164021164021163,0.028225806451612902,6.2,6.2,0
2021,16,839,214,5,12.0,12.0,5,0,2.0,2.0,2.5238095238095237,0.021164021164021163,0.028225806451612902,1.4,1.4,0
2021,17,839,214,69,11.0,11.0,5,0,-8.0,-8.0,2.5238095238095237,0.021164021164021163,0.028225806451612902,0.8,0.8,0
2021,18,839,214,32,19.0,15.0,5,0,6.0,2.0,2.5238095238095237,0.021164021164021163,0.028225806451612902,0.4,0.4,0
2021,19,839,214,18,8.0,11.0,5,0,0.0,3.0,2.5238095238095237,0.021164021164021163,0.028225806451612902,1.0,1.0,0
2021,20,839,214,78,9.0,9.0,5,0,4.0,4.0,2.5238095238095237,0.021164021164021163,0.028225806451612902,3.0,3.0,0
2021,21,839,214,77,9.0,9.0,5,0,5.0,5.0,2.5238095238095237,0.021164021164021163,0.028225806451612902,5.2,5.2,0
2021,22,839,214,24,9.0,9.0,5,0,0.0,0.0,2.5238095238095237,0.021164021164021163,0.028225806451612902,5.6,5.6,0
2022,1,4,214,3,8.0,8.0,12,1,-1.0,-1.0,6.033670033670034,0.17845117845117844,0.028225806451612902,4.6,6.0,0
2022,2,4,214,77,7.0,7.0,12,1,-9.0,-9.0,6.033670033670034,0.17845117845117844,0.028225806451612902,4.2,5.2,0
2022,3,4,214,1,10.0,10.0,12,1,-7.0,-7.0,6.033670033670034,0.17845117845117844,0.028225806451612902,1.2,3.2,0
2022,4,4,214,21,9.0,5.0,12,1,-10.0,-14.0,6.033670033670034,0.17845117845117844,0.028225806451612902,1.2,0.8,0
2022,5,4,214,79,11.0,11.0,12,1,0.0,0.0,6.033670033670034,0.17845117845117844,0.028225806451612902,0.4,0.4,0
2022,6,4,214,4,20.0,17.0,12,1,11.0,8.0,6.033670033670034,0.17845117845117844,0.028225806451612902,0.4,0.4,0
2022,7,4,214,6,7.0,7.0,12,1,0.0,0.0,6.033670033670034,0.17845117845117844,0.028225806451612902,1.6,1.6,0
2022,8,4,214,73,10.0,10.0,12,1,3.0,3.0,6.033670033670034,0.17845117845117844,0.028225806451612902,2.8,2.8,0
2022,9,4,214,7,2.0,2.0,12,1,-7.0,-7.0,6.033670033670034,0.17845117845117844,0.028225806451612902,3.2,3.2,0
2022,10,4,214,9,7.0,7.0,12,1,2.0,2.0,6.033670033670034,0.17845117845117844,0.028225806451612902,5.2,5.2,0
2022,11,4,214,70,19.0,8.0,12,1,9.0,-2.0,6.033670033670034,0.17845117845117844,0.028225806451612902,5.0,5.0,0
2022,12,4,214,34,7.0,7.0,12,1,1.0,1.0,6.033670033670034,0.17845117845117844,0.028225806451612902,5.4,5.4,0
2022,13,4,214,11,6.0,6.0,12,1,-2.0,-2.0,6.033670033670034,0.17845117845117844,0.028225806451612902,5.0,5.0,0
2022,14,4,214,13,3.0,6.0,12,1,-2.0,1.0,6.033670033670034,0.17845117845117844,0.028225806451612902,6.6,6.6,0
2022,15,4,214,39,13.0,13.0,12,1,7.0,7.0,6.033670033670034,0.17845117845117844,0.028225806451612902,6.2,6.2,0
2022,16,4,214,14,6.0,10.0,12,1,-13.0,-9.0,6.033670033670034,0.17845117845117844,0.028225806451612902,6.0,6.0,0
2022,17,4,214,15,5.0,5.0,12,1,-13.0,-13.0,6.033670033670034,0.17845117845117844,0.028225806451612902,4.4,4.4,0
2022,18,4,214,22,7.0,7.0,12,1,0.0,0.0,6.033670033670034,0.17845117845117844,0.028225806451612902,4.8,4.8,0
2022,19,4,214,69,14.0,9.0,12,1,7.0,2.0,6.033670033670034,0.17845117845117844,0.028225806451612902,4.0,4.0,0
2022,20,4,214,32,9.0,9.0,12,1,-10.0,-10.0,6.033670033670034,0.17845117845117844,0.028225806451612902,2.4,2.4,0
2022,21,4,214,18,17.0,7.0,12,1,12.0,2.0,6.033670033670034,0.17845117845117844,0.028225806451612902,4.4,4.4,0
2022,22,4,214,24,10.0,11.0,12,1,-10.0,-9.0,6.033670033670034,0.17845117845117844,0.028225806451612902,4.4,4.4,0
2022,1,839,214,3,11.0,11.0,6,1,4.0,4.0,2.5238095238095237,0.021164021164021163,0.028225806451612902,6.8,4.4,0
2022,2,839,214,77,5.0,5.0,6,1,-1.0,-1.0,2.5238095238095237,0.021164021164021163,0.028225806451612902,7.6,4.8,0
2022,3,839,214,1,8.0,8.0,6,1,1.0,1.0,2.5238095238095237,0.021164021164021163,0.028225806451612902,6.8,6.0,0
2022,4,839,214,21,16.0,19.0,6,1,2.0,5.0,2.5238095238095237,0.021164021164021163,0.028225806451612902,4.4,4.0,0
2022,5,839,214,79,20.0,20.0,6,1,12.0,12.0,2.5238095238095237,0.021164021164021163,0.028225806451612902,4.8,4.8,0
2022,6,839,214,4,12.0,12.0,6,1,5.0,5.0,2.5238095238095237,0.021164021164021163,0.028225806451612902,4.8,4.8,0
2022,7,839,214,6,10.0,10.0,6,1,-2.0,-2.0,2.5238095238095237,0.021164021164021163,0.028225806451612902,3.2,3.2,0
2022,8,839,214,73,13.0,13.0,6,1,3.0,3.0,2.5238095238095237,0.021164021164021163,0.028225806451612902,2.2,2.2,0
2022,9,839,214,7,7.0,7.0,6,1,1.0,1.0,2.5238095238095237,0.021164021164021163,0.028225806451612902,3.8,3.8,0
2022,10,839,214,9,15.0,15.0,6,1,0.0,0.0,2.5238095238095237,0.021164021164021163,0.028225806451612902,3.0,3.0,0
2022,11,839,214,70,6.0,5.0,6,1,1.0,0.0,2.5238095238095237,0.021164021164021163,0.028225806451612902,3.8,3.8,0
2022,12,839,214,34,10.0,12.0,6,1,2.0,4.0,2.5238095238095237,0.021164021164021163,0.028225806451612902,4.6,4.6,0
2022,13,839,214,11,5.0,5.0,6,1,-4.0,-4.0,2.5238095238095237,0.021164021164021163,0.028225806451612902,4.8,4.8,0
2022,14,839,214,13,16.0,5.0,6,1,9.0,-2.0,2.5238095238095237,0.021164021164021163,0.028225806451612902,4.4,4.4,0
2022,15,839,214,39,12.0,12.0,6,1,3.0,3.0,2.5238095238095237,0.021164021164021163,0.028225806451612902,4.8,4.8,0
2022,16,839,214,14,14.0,11.0,6,1,3.0,0.0,2.5238095238095237,0.021164021164021163,0.028225806451612902,2.8,2.8,0
2022,17,839,214,15,17.0,18.0,6,1,1.0,2.0,2.5238095238095237,0.021164021164021163,0.028225806451612902,2.0,2.0,0
2022,18,839,214,22,5.0,5.0,6,1,1.0,1.0,2.5238095238095237,0.021164021164021163,0.028225806451612902,4.0,4.0,0
2022,19,839,214,69,0.0,18.0,6,1,-11.0,7.0,2.5238095238095237,0.021164021164021163,0.028225806451612902,2.8,2.8,0
2022,20,839,214,32,10.0,10.0,6,1,2.0,2.0,2.5238095238095237,0.021164021164021163,0.028225806451612902,3.2,3.2,0
2022,21,839,214,18,16.0,6.0,6,1,8.0,-2.0,2.5238095238095237,0.021164021164021163,0.028225806451612902,4.0,4.0,0
2022,22,839,214,24,8.0,8.0,6,1,1.0,1.0,2.5238095238095237,0.021164021164021163,0.028225806451612902,5.2,5.2,0
2023,1,839,214,3,9.0,9.0,7,2,-9.0,-9.0,2.5238095238095237,0.021164021164021163,0.028225806451612902,2.8,2.8,0
2023,2,839,214,77,6.0,7.0,7,2,-2.0,-1.0,2.5238095238095237,0.021164021164021163,0.028225806451612902,3.6,3.6,0
2023,3,839,214,1,11.0,11.0,7,2,-3.0,-3.0,2.5238095238095237,0.021164021164021163,0.028225806451612902,2.8,2.8,0
2023,4,839,214,73,0.0,12.0,7,2,-15.0,-3.0,2.5238095238095237,0.021164021164021163,0.028225806451612902,2.0,2.0,0
2023,5,839,214,79,8.0,8.0,7,2,-1.0,-1.0,2.5238095238095237,0.021164021164021163,0.028225806451612902,1.2,1.2,0
2023,6,839,214,6,3.0,4.0,7,2,0.0,1.0,2.5238095238095237,0.021164021164021163,0.028225806451612902,4.2,4.2,1
2023,7,839,214,4,6.0,7.0,7,2,-2.0,-1.0,2.5238095238095237,0.021164021164021163,0.028225806451612902,4.2,4.2,0
2023,8,839,214,7,6.0,6.0,7,2,-2.0,-2.0,2.5238095238095237,0.021164021164021163,0.028225806451612902,5.0,5.0,0
2023,9,839,214,70,12.0,12.0,7,2,-2.0,-2.0,2.5238095238095237,0.021164021164021163,0.028225806451612902,5.0,5.0,0
2023,10,839,214,9,13.0,13.0,7,2,-7.0,-7.0,2.5238095238095237,0.021164021164021163,0.028225806451612902,4.6,4.6,0
2023,11,839,214,11,12.0,12.0,7,2,-7.0,-7.0,2.5238095238095237,0.021164021164021163,0.028225806451612902,1.6,1.6,0
2023,12,839,214,13,14.0,15.0,7,2,6.0,7.0,2.5238095238095237,0.021164021164021163,0.028225806451612902,1.6,1.6,0
2023,13,839,214,39,16.0,17.0,7,2,6.0,7.0,2.5238095238095237,0.021164021164021163,0.028225806451612902,1.0,1.0,0
2023,14,839,214,14,18.0,18.0,7,2,-1.0,-1.0,2.5238095238095237,0.021164021164021163,0.028225806451612902,1.0,1.0,0
2023,15,839,214,15,8.0,8.0,7,2,-10.0,-10.0,2.5238095238095237,0.021164021164021163,0.028225806451612902,1.0,1.0,0
2023,16,839,214,22,14.0,14.0,7,2,5.0,5.0,2.5238095238095237,0.021164021164021163,0.028225806451612902,1.4,1.4,0
2023,17,839,214,78,8.0,8.0,7,2,1.0,1.0,2.5238095238095237,0.021164021164021163,0.028225806451612902,1.8,1.8,0
2023,18,839,214,69,8.0,8.0,7,2,-10.0,-10.0,2.5238095238095237,0.021164021164021163,0.028225806451612902,1.6,1.6,0
2023,19,839,214,32,15.0,16.0,7,2,5.0,6.0,2.5238095238095237,0.021164021164021163,0.028225806451612902,1.8,1.8,0
2023,20,839,214,18,14.0,12.0,7,2,4.0,2.0,2.5238095238095237,0.021164021164021163,0.028225806451612902,2.0,2.0,0
2023,21,839,214,80,16.0,17.0,7,2,12.0,13.0,2.5238095238095237,0.021164021164021163,0.028225806451612902,4.0,4.0,0
2023,22,839,214,24,12.0,12.0,7,2,0.0,0.0,2.5238095238095237,0.021164021164021163,0.028225806451612902,2.8,2.8,0
2023,1,842,214,3,20.0,20.0,6,2,11.0,11.0,2.6042780748663104,0.03208556149732621,0.028225806451612902,0.4,3.2,0
2023,2,842,214,77,9.0,10.0,6,2,0.0,1.0,2.6042780748663104,0.03208556149732621,0.028225806451612902,0.8,3.4,0
2023,3,842,214,1,9.0,9.0,6,2,-4.0,-4.0,2.6042780748663104,0.03208556149732621,0.028225806451612902,0.8,3.2,0
2023,4,842,214,73,17.0,19.0,6,2,3.0,5.0,2.6042780748663104,0.03208556149732621,0.028225806451612902,0.8,0.8,0
2023,5,842,214,79,5.0,5.0,6,2,-3.0,-3.0,2.6042780748663104,0.03208556149732621,0.028225806451612902,1.6,1.6,0
2023,6,842,214,6,7.0,7.0,6,2,0.0,0.0,2.6042780748663104,0.03208556149732621,0.028225806451612902,2.4,2.4,0
2023,7,842,214,4,10.0,4.0,6,2,0.0,-6.0,2.6042780748663104,0.03208556149732621,0.028225806451612902,2.2,2.2,0
2023,8,842,214,7,15.0,17.0,6,2,3.0,5.0,2.6042780748663104,0.03208556149732621,0.028225806451612902,2.2,2.2,0
2023,9,842,214,70,9.0,9.0,6,2,-1.0,-1.0,2.6042780748663104,0.03208556149732621,0.028225806451612902,2.4,2.4,0
2023,10,842,214,9,10.0,10.0,6,2,-8.0,-8.0,2.6042780748663104,0.03208556149732621,0.028225806451612902,1.6,1.6,0
2023,11,842,214,11,15.0,15.0,6,2,-5.0,-5.0,2.6042780748663104,0.03208556149732621,0.028225806451612902,0.4,0.4,0
2023,12,842,214,13,12.0,12.0,6,2,1.0,1.0,2.6042780748663104,0.03208556149732621,0.028225806451612902,0.2,0.2,0
2023,13,842,214,39,12.0,12.0,6,2,9.0,9.0,2.6042780748663104,0.03208556149732621,0.028225806451612902,3.2,3.2,1
2023,14,842,214,14,17.0,17.0,6,2,2.0,2.0,2.6042780748663104,0.03208556149732621,0.028225806451612902,3.0,3.0,0
2023,15,842,214,15,12.0,12.0,6,2,6.0,6.0,2.6042780748663104,0.03208556149732621,0.028225806451612902,4.6,4.6,0
2023,16,842,214,22,12.0,12.0,6,2,2.0,2.0,2.6042780748663104,0.03208556149732621,0.028225806451612902,4.8,4.8,0
2023,17,842,214,78,7.0,7.0,6,2,-5.0,-5.0,2.6042780748663104,0.03208556149732621,0.028225806451612902,4.8,4.8,0
2023,18,842,214,69,7.0,7.0,6,2,1.0,1.0,2.6042780748663104,0.03208556149732621,0.028225806451612902,3.4,3.4,0
2023,19,842,214,32,11.0,11.0,6,2,0.0,0.0,2.6042780748663104,0.03208556149732621,0.028225806451612902,3.4,3.4,0
2023,20,842,214,18,15.0,13.0,6,2,8.0,6.0,2.6042780748663104,0.03208556149732621,0.028225806451612902,3.0,3.0,0
2023,21,842,214,80,4.0,5.0,6,2,-7.0,-6.0,2.6042780748663104,0.03208556149732621,0.028225806451612902,2.8,2.8,0
2023,22,842,214,24,10.0,10.0,6,2,-3.0,-3.0,2.6042780748663104,0.03208556149732621,0.028225806451612902,2.8,2.8,0
2024,1,839,214,3,19.0,19.0,8,3,2.0,2.0,2.5238095238095237,0.021164021164021163,0.028225806451612902,2.8,1.2,0
2024,2,839,214,77,17.0,17.0,8,3,4.0,4.0,2.5238095238095237,0.021164021164021163,0.028225806451612902,2.6,1.2,0
2024,3,839,214,1,15.0,15.0,8,3,-1.0,-1.0,2.5238095238095237,0.021164021164021163,0.028225806451612902,2.4,0.0,0
2024,4,839,214,22,15.0,15.0,8,3,0.0,0.0,2.5238095238095237,0.021164021164021163,0.028225806451612902,0.0,0.0,0
2024,5,839,214,17,13.0,13.0,8,3,2.0,2.0,2.5238095238095237,0.021164021164021163,0.028225806451612902,0.0,0.0,0
2024,6,839,214,79,13.0,13.0,8,3,3.0,3.0,2.5238095238095237,0.021164021164021163,0.028225806451612902,0.2,0.2,0
2024,7,839,214,21,12.0,12.0,8,3,-2.0,-2.0,2.5238095238095237,0.021164021164021163,0.028225806451612902,0.2,0.2,0
2024,8,839,214,6,11.0,11.0,8,3,-6.0,-6.0,2.5238095238095237,0.021164021164021163,0.028225806451612902,0.2,0.2,0
2024,9,839,214,7,18.0,18.0,8,3,8.0,8.0,2.5238095238095237,0.021164021164021163,0.028225806451612902,0.4,0.4,0
2024,10,839,214,4,8.0,9.0,8,3,-2.0,-1.0,2.5238095238095237,0.021164021164021163,0.028225806451612902,0.6,0.6,0
2024,11,839,214,70,10.0,10.0,8,3,-2.0,-2.0,2.5238095238095237,0.021164021164021163,0.028225806451612902,0.4,0.4,0
2024,12,839,214,9,18.0,18.0,8,3,2.0,2.0,2.5238095238095237,0.021164021164021163,0.028225806451612902,0.4,0.4,0
2024,13,839,214,11,19.0,19.0,8,3,1.0,1.0,2.5238095238095237,0.021164021164021163,0.028225806451612902,0.4,0.4,0
2024,14,839,214,13,9.0,10.0,8,3,0.0,1.0,2.5238095238095237,0.021164021164021163,0.028225806451612902,0.6,0.6,0
2024,15,839,214,39,15.0,16.0,8,3,0.0,1.0,2.5238095238095237,0.021164021164021163,0.028225806451612902,0.4,0.4,0
2024,16,839,214,14,15.0,15.0,8,3,1.0,1.0,2.5238095238095237,0.021164021164021163,0.028225806451612902,0.4,0.4,0
2024,17,839,214,73,0.0,19.0,8,3,-15.0,4.0,2.5238095238095237,0.021164021164021163,0.028225806451612902,0.4,0.4,0
2024,18,839,214,15,15.0,15.0,8,3,2.0,2.0,2.5238095238095237,0.021164021164021163,0.028225806451612902,0.4,0.4,0
2024,19,839,214,69,12.0,13.0,8,3,-6.0,-5.0,2.5238095238095237,0.021164021164021163,0.028225806451612902,0.0,0.0,0
2024,20,839,214,32,0.0,19.0,8,3,-13.0,6.0,2.5238095238095237,0.021164021164021163,0.028225806451612902,0.0,0.0,0
2024,21,839,214,18,4.0,4.0,8,3,2.0,2.0,2.5238095238095237,0.021164021164021163,0.028225806451612902,3.6,3.6,1
2024,22,839,214,80,11.0,11.0,8,3,-6.0,-6.0,2.5238095238095237,0.021164021164021163,0.028225806451612902,3.6,3.6,0
2024,23,839,214,78,20.0,20.0,8,3,0.0,0.0,2.5238095238095237,0.021164021164021163,0.028225806451612902,3.6,3.6,0
2024,1,842,214,3,20.0,20.0,7,3,2.0,2.0,2.6042780748663104,0.03208556149732621,0.028225806451612902,1.2,3.6,0
2024,2,842,214,77,18.0,18.0,7,3,-2.0,-2.0,2.6042780748663104,0.03208556149732621,0.028225806451612902,1.2,3.6,0
2024,3,842,214,1,17.0,17.0,7,3,4.0,4.0,2.6042780748663104,0.03208556149732621,0.028225806451612902,0.0,0.0,0
2024,4,842,214,22,17.0,17.0,7,3,1.0,1.0,2.6042780748663104,0.03208556149732621,0.028225806451612902,0.0,0.0,0
2024,5,842,214,17,15.0,15.0,7,3,2.0,2.0,2.6042780748663104,0.03208556149732621,0.028225806451612902,0.0,0.0,0
2024,6,842,214,79,12.0,12.0,7,3,0.0,0.0,2.6042780748663104,0.03208556149732621,0.028225806451612902,0.0,0.0,0
2024,7,842,214,21,15.0,15.0,7,3,-1.0,-1.0,2.6042780748663104,0.03208556149732621,0.028225806451612902,0.0,0.0,0
2024,8,842,214,6,10.0,10.0,7,3,0.0,0.0,2.6042780748663104,0.03208556149732621,0.028225806451612902,0.2,0.2,0
2024,9,842,214,7,15.0,15.0,7,3,6.0,6.0,2.6042780748663104,0.03208556149732621,0.028225806451612902,0.6,0.6,0
2024,10,842,214,4,7.0,7.0,7,3,-2.0,-2.0,2.6042780748663104,0.03208556149732621,0.028225806451612902,1.0,1.0,0
2024,11,842,214,70,13.0,13.0,7,3,3.0,3.0,2.6042780748663104,0.03208556149732621,0.028225806451612902,1.2,1.2,0
2024,12,842,214,9,19.0,20.0,7,3,-1.0,0.0,2.6042780748663104,0.03208556149732621,0.028225806451612902,1.2,1.2,0
2024,13,842,214,11,0.0,20.0,7,3,-20.0,0.0,2.6042780748663104,0.03208556149732621,0.028225806451612902,1.0,1.0,0
2024,14,842,214,13,12.0,12.0,7,3,-1.0,-1.0,2.6042780748663104,0.03208556149732621,0.028225806451612902,0.6,0.6,0
2024,15,842,214,39,9.0,9.0,7,3,0.0,0.0,2.6042780748663104,0.03208556149732621,0.028225806451612902,0.6,0.6,0
2024,16,842,214,14,14.0,14.0,7,3,-1.0,-1.0,2.6042780748663104,0.03208556149732621,0.028225806451612902,0.4,0.4,0
2024,17,842,214,73,18.0,20.0,7,3,6.0,8.0,2.6042780748663104,0.03208556149732621,0.028225806451612902,0.4,0.4,0
2024,18,842,214,15,18.0,18.0,7,3,1.0,1.0,2.6042780748663104,0.03208556149732621,0.028225806451612902,0.4,0.4,0
2024,19,842,214,69,6.0,7.0,7,3,-6.0,-5.0,2.6042780748663104,0.03208556149732621,0.028225806451612902,0.4,0.4,0
2024,20,842,214,32,8.0,8.0,7,3,-2.0,-2.0,2.6042780748663104,0.03208556149732621,0.028225806451612902,0.2,0.2,0
2024,21,842,214,18,13.0,15.0,7,3,10.0,12.0,2.6042780748663104,0.03208556149732621,0.028225806451612902,3.2,3.2,1
2024,22,842,214,80,3.0,3.0,7,3,-17.0,-17.0,2.6042780748663104,0.03208556149732621,0.028225806451612902,3.2,3.2,0
2024,23,842,214,78,11.0,11.0,7,3,6.0,6.0,2.6042780748663104,0.03208556149732621,0.028225806451612902,5.2,5.2,0
2024,24,842,214,24,5.0,6.0,7,3,-2.0,-1.0,2.6042780748663104,0.03208556149732621,0.028225806451612902,6.4,6.4,0
2024,24,862,214,24,17.0,20.0,0,3,2.0,5.0,0.0,0.0,0.028225806451612902,0.0,6.2,0
2025,1,842,214,1,9.0,9.0,8,4,-2.0,-2.0,2.6042780748663104,0.03208556149732621,0.028225806451612902,6.2,3.2,0
2025,2,842,214,17,16.0,16.0,8,4,-4.0,-4.0,2.6042780748663104,0.03208556149732621,0.028225806451612902,3.2,3.2,0
2025,3,842,214,22,11.0,11.0,8,4,-2.0,-2.0,2.6042780748663104,0.03208556149732621,0.028225806451612902,3.2,1.2,0
2025,4,842,214,3,4.0,5.0,8,4,-3.0,-2.0,2.6042780748663104,0.03208556149732621,0.028225806451612902,2.4,1.2,0
2025,5,842,214,77,9.0,9.0,8,4,-11.0,-11.0,2.6042780748663104,0.03208556149732621,0.028225806451612902,1.2,1.2,0
2025,6,842,214,79,20.0,18.0,8,4,7.0,5.0,2.6042780748663104,0.03208556149732621,0.028225806451612902,1.2,1.2,0
2025,7,842,214,21,10.0,10.0,8,4,-3.0,-3.0,2.6042780748663104,0.03208556149732621,0.028225806451612902,1.2,1.2,0
2025,8,842,214,6,17.0,18.0,8,4,-3.0,-2.0,2.6042780748663104,0.03208556149732621,0.028225806451612902,1.2,1.2,0
2025,9,842,214,4,8.0,8.0,8,4,0.0,0.0,2.6042780748663104,0.03208556149732621,0.028225806451612902,0.8,0.8,0
2025,10,842,214,7,20.0,20.0,8,4,5.0,5.0,2.6042780748663104,0.03208556149732621,0.028225806451612902,0.8,0.8,0
2025,11,842,214,70,10.0,10.0,8,4,-3.0,-3.0,2.6042780748663104,0.03208556149732621,0.028225806451612902,0.8,0.8,0
2025,12,842,214,9,8.0,10.0,8,4,2.0,4.0,2.6042780748663104,0.03208556149732621,0.028225806451612902,2.4,2.4,0
2025,13,842,214,13,13.0,13.0,8,4,3.0,3.0,2.6042780748663104,0.03208556149732621,0.028225806451612902,2.6,2.6,0
2025,14,842,214,11,16.0,17.0,8,4,-3.0,-2.0,2.6042780748663104,0.03208556149732621,0.028225806451612902,1.8,1.8,0
2025,15,842,214,39,14.0,14.0,8,4,-3.0,-3.0,2.6042780748663104,0.03208556149732621,0.028225806451612902,1.8,1.8,0
2025,16,842,214,14,20.0,19.0,8,4,4.0,3.0,2.6042780748663104,0.03208556149732621,0.028225806451612902,1.8,1.8,0
2025,17,842,214,73,18.0,18.0,8,4,0.0,0.0,2.6042780748663104,0.03208556149732621,0.028225806451612902,0.2,0.2,0
2025,18,842,214,15,19.0,18.0,8,4,0.0,-1.0,2.6042780748663104,0.03208556149732621,0.028225806451612902,0.0,0.0,0
2025,19,842,214,69,14.0,14.0,8,4,-5.0,-5.0,2.6042780748663104,0.03208556149732621,0.028225806451612902,0.0,0.0,0
2025,20,842,214,32,18.0,18.0,8,4,3.0,3.0,2.6042780748663104,0.03208556149732621,0.028225806451612902,0.0,0.0,0
2025,21,842,214,18,9.0,9.0,8,4,-1.0,-1.0,2.6042780748663104,0.03208556149732621,0.028225806451612902,0.2,0.2,0
2025,22,842,214,80,10.0,10.0,8,4,-3.0,-3.0,2.6042780748663104,0.03208556149732621,0.028225806451612902,0.2,0.2,0
2025,24,842,214,24,19.0,19.0,8,4,0.0,0.0,2.6042780748663104,0.03208556149732621,0.028225806451612902,0.2,0.2,0
2025,7,861,214,21,16.0,15.0,1,4,0.0,-1.0,0.6486486486486487,0.0,0.028225806451612902,0.0,0.2,0
2025,8,861,214,6,18.0,20.0,1,4,5.0,7.0,0.6486486486486487,0.0,0.028225806451612902,0.0,0.2,0
2025,9,861,214,4,18.0,19.0,1,4,3.0,4.0,0.6486486486486487,0.0,0.028225806451612902,0.0,0.0,0
2025,10,861,214,7,10.0,12.0,1,4,-3.0,-1.0,0.6486486486486487,0.0,0.028225806451612902,0.0,0.0,0
2025,11,861,214,70,14.0,14.0,1,4,-1.0,-1.0,0.6486486486486487,0.0,0.028225806451612902,0.0,0.0,0
2025,12,861,214,9,20.0,20.0,1,4,0.0,0.0,0.6486486486486487,0.0,0.028225806451612902,0.0,0.0,0
2025,13,861,214,13,15.0,17.0,1,4,-4.0,-2.0,0.6486486486486487,0.0,0.028225806451612902,0.0,0.0,0
2025,14,861,214,11,14.0,14.0,1,4,-4.0,-4.0,0.6486486486486487,0.0,0.028225806451612902,0.0,0.0,0
2025,15,861,214,39,16.0,16.0,1,4,5.0,5.0,0.6486486486486487,0.0,0.028225806451612902,0.0,0.0,0
2025,16,861,214,14,17.0,18.0,1,4,0.0,1.0,0.6486486486486487,0.0,0.028225806451612902,0.0,0.0,0
2025,17,861,214,73,16.0,16.0,1,4,-3.0,-3.0,0.6486486486486487,0.0,0.028225806451612902,0.0,0.0,0
2025,18,861,214,15,16.0,16.0,1,4,0.0,0.0,0.6486486486486487,0.0,0.028225806451612902,0.0,0.0,0
2025,19,861,214,69,15.0,15.0,1,4,-2.0,-2.0,0.6486486486486487,0.0,0.028225806451612902,0.0,0.0,0
2025,20,861,214,32,20.0,20.0,1,4,4.0,4.0,0.6486486486486487,0.0,0.028225806451612902,0.0,0.0,0
2025,21,861,214,18,16.0,18.0,1,4,1.0,3.0,0.6486486486486487,0.0,0.028225806451612902,0.0,0.0,0
2025,22,861,214,80,15.0,15.0,1,4,0.0,0.0,0.6486486486486487,0.0,0.028225806451612902,0.0,0.0,0
2025,24,861,214,24,20.0,20.0,1,4,0.0,0.0,0.6486486486486487,0.0,0.028225806451612902,0.0,0.0,0
2025,1,862,214,1,14.0,14.0,1,4,-5.0,-5.0,0.0,0.0,0.028225806451612902,0.0,0.0,0
2025,2,862,214,17,18.0,18.0,1,4,5.0,5.0,0.0,0.0,0.028225806451612902,0.0,0.0,0
2025,3,862,214,22,19.0,19.0,1,4,4.0,4.0,0.0,0.0,0.028225806451612902,0.0,0.0,0
2025,4,862,214,3,11.0,11.0,1,4,-3.0,-3.0,0.0,0.0,0.028225806451612902,0.0,0.0,0
2025,5,862,214,77,17.0,17.0,1,4,0.0,0.0,0.0,0.0,0.028225806451612902,0.0,0.0,0
2025,6,862,214,79,14.0,14.0,1,4,-6.0,-6.0,0.0,0.0,0.028225806451612902,0.0,0.0,0
2026,1,842,214,1,14.0,14.0,9,5,4.0,4.0,2.6042780748663104,0.03208556149732621,0.028225806451612902,0.4,0.2,0
2026,2,842,214,17,7.0,7.0,9,5,1.0,1.0,2.6042780748663104,0.03208556149732621,0.028225806451612902,2.0,1.8,0
2026,3,842,214,22,7.0,7.0,9,5,0.0,0.0,2.6042780748663104,0.03208556149732621,0.028225806451612902,3.0,3.0,0
2026,4,842,214,79,9.0,9.0,9,5,-12.0,-12.0,2.6042780748663104,0.03208556149732621,0.028225806451612902,3.0,3.0,0
2026,5,842,214,7,14.0,14.0,9,5,6.0,6.0,2.6042780748663104,0.03208556149732621,0.028225806451612902,3.8,3.8,0
2026,6,842,214,6,9.0,9.0,9,5,6.0,6.0,2.6042780748663104,0.03208556149732621,0.028225806451612902,6.6,6.6,1
2026,7,842,214,4,14.0,14.0,9,5,7.0,7.0,2.6042780748663104,0.03208556149732621,0.028225806451612902,6.2,6.2,0
2026,8,842,214,70,11.0,11.0,9,5,-2.0,-2.0,2.6042780748663104,0.03208556149732621,0.028225806451612902,5.0,5.0,0
2026,9,842,214,9,15.0,12.0,9,5,5.0,2.0,2.6042780748663104,0.03208556149732621,0.028225806451612902,5.2,5.2,0
2026,10,842,214,13,10.0,12.0,9,5,-1.0,1.0,2.6042780748663104,0.03208556149732621,0.028225806451612902,4.4,4.4,0
2026,11,842,214,11,12.0,12.0,9,5,0.0,0.0,2.6042780748663104,0.03208556149732621,0.028225806451612902,1.4,1.4,0
2026,1,861,214,1,16.0,16.0,2,5,2.0,2.0,0.6486486486486487,0.0,0.028225806451612902,0.0,0.2,0
2026,2,861,214,17,12.0,12.0,2,5,2.0,2.0,0.6486486486486487,0.0,0.028225806451612902,0.2,0.4,0
2026,3,861,214,22,15.0,15.0,2,5,-1.0,-1.0,0.6486486486486487,0.0,0.028225806451612902,0.2,0.2,0
2026,4,861,214,79,8.0,8.0,2,5,1.0,1.0,0.6486486486486487,0.0,0.028225806451612902,1.4,1.4,0
2026,5,861,214,7,10.0,10.0,2,5,4.0,4.0,0.6486486486486487,0.0,0.028225806451612902,3.0,3.0,0
2026,6,861,214,6,14.0,14.0,2,5,0.0,0.0,0.6486486486486487,0.0,0.028225806451612902,3.0,3.0,0
2026,7,861,214,4,13.0,13.0,2,5,3.0,3.0,0.6486486486486487,0.0,0.028225806451612902,3.0,3.0,0
2026,8,861,214,70,16.0,16.0,2,5,1.0,1.0,0.6486486486486487,0.0,0.028225806451612902,3.0,3.0,0
2026,9,861,214,9,19.0,19.0,2,5,10.0,10.0,0.6486486486486487,0.0,0.028225806451612902,2.2,2.2,0
2026,10,861,214,13,11.0,13.0,2,5,1.0,3.0,0.6486486486486487,0.0,0.028225806451612902,0.8,0.8,0
2026,11,861,214,11,13.0,13.0,2,5,-2.0,-2.0,0.6486486486486487,0.0,0.028225806451612902,0.8,0.8,0
2024,1,817,215,3,14.0,14.0,13,0,1.0,1.0,5.0625,0.125,0.008620689655172414,1.2,0.0,0
2024,2,817,215,77,14.0,14.0,13,0,-2.0,-2.0,5.0625,0.125,0.008620689655172414,0.0,0.0,0
2024,3,817,215,1,18.0,18.0,13,0,6.0,6.0,5.0625,0.125,0.008620689655172414,0.0,0.0,0
2024,4,817,215,22,11.0,11.0,13,0,-8.0,-8.0,5.0625,0.125,0.008620689655172414,0.0,0.0,0
2024,5,817,215,17,12.0,12.0,13,0,-6.0,-6.0,5.0625,0.125,0.008620689655172414,0.0,0.0,0
2024,6,817,215,79,20.0,18.0,13,0,5.0,3.0,5.0625,0.125,0.008620689655172414,0.0,0.0,0
2024,7,817,215,21,9.0,9.0,13,0,-4.0,-4.0,5.0625,0.125,0.008620689655172414,0.0,0.0,0
2024,8,817,215,6,12.0,13.0,13,0,0.0,1.0,5.0625,0.125,0.008620689655172414,0.0,0.0,0
2024,9,817,215,7,5.0,5.0,13,0,-3.0,-3.0,5.0625,0.125,0.008620689655172414,0.8,0.8,0
2024,10,817,215,4,18.0,18.0,13,0,3.0,3.0,5.0625,0.125,0.008620689655172414,0.8,0.8,0
2024,11,817,215,70,11.0,11.0,13,0,2.0,2.0,5.0625,0.125,0.008620689655172414,1.2,1.2,0
2024,12,817,215,9,15.0,15.0,13,0,2.0,2.0,5.0625,0.125,0.008620689655172414,1.2,1.2,0
2024,13,817,215,11,9.0,9.0,13,0,-3.0,-3.0,5.0625,0.125,0.008620689655172414,1.2,1.2,0
2024,14,817,215,13,13.0,13.0,13,0,3.0,3.0,5.0625,0.125,0.008620689655172414,0.6,0.6,0
2024,15,817,215,39,13.0,15.0,13,0,1.0,3.0,5.0625,0.125,0.008620689655172414,0.6,0.6,0
2024,16,817,215,14,12.0,12.0,13,0,-1.0,-1.0,5.0625,0.125,0.008620689655172414,0.2,0.2,0
2024,17,817,215,73,14.0,15.0,13,0,1.0,2.0,5.0625,0.125,0.008620689655172414,0.2,0.2,0
2024,18,817,215,15,16.0,16.0,13,0,-2.0,-2.0,5.0625,0.125,0.008620689655172414,0.2,0.2,0
2024,1,852,215,3,11.0,11.0,3,0,-3.0,-3.0,0.9469026548672567,0.0,0.008620689655172414,1.2,0.0,0
2024,2,852,215,77,9.0,9.0,3,0,-6.0,-6.0,0.9469026548672567,0.0,0.008620689655172414,1.2,0.0,0
2024,3,852,215,1,8.0,8.0,3,0,1.0,1.0,0.9469026548672567,0.0,0.008620689655172414,2.0,1.2,0
2024,4,852,215,22,10.0,10.0,3,0,0.0,0.0,0.9469026548672567,0.0,0.008620689655172414,2.2,1.4,0
2024,5,852,215,17,19.0,19.0,3,0,0.0,0.0,0.9469026548672567,0.0,0.008620689655172414,1.4,1.4,0
2024,6,852,215,79,10.0,10.0,3,0,3.0,3.0,0.9469026548672567,0.0,0.008620689655172414,2.6,2.6,0
2024,7,852,215,21,7.0,7.0,3,0,-3.0,-3.0,0.9469026548672567,0.0,0.008620689655172414,2.8,2.8,0
2024,8,852,215,6,8.0,8.0,3,0,0.0,0.0,0.9469026548672567,0.0,0.008620689655172414,2.4,2.4,0
2024,9,852,215,7,8.0,8.0,3,0,-6.0,-6.0,0.9469026548672567,0.0,0.008620689655172414,2.2,2.2,0
2024,10,852,215,4,17.0,17.0,3,0,-2.0,-2.0,0.9469026548672567,0.0,0.008620689655172414,2.2,2.2,0
2024,11,852,215,70,14.0,14.0,3,0,0.0,0.0,0.9469026548672567,0.0,0.008620689655172414,1.0,1.0,0
2024,12,852,215,9,13.0,13.0,3,0,3.0,3.0,0.9469026548672567,0.0,0.008620689655172414,1.0,1.0,0
2024,13,852,215,11,10.0,10.0,3,0,1.0,1.0,0.9469026548672567,0.0,0.008620689655172414,0.6,0.6,0
2024,14,852,215,13,20.0,18.0,3,0,4.0,2.0,0.9469026548672567,0.0,0.008620689655172414,0.6,0.6,0
2024,15,852,215,39,11.0,12.0,3,0,-6.0,-5.0,0.9469026548672567,0.0,0.008620689655172414,0.6,0.6,0
2024,16,852,215,14,16.0,16.0,3,0,-4.0,-4.0,0.9469026548672567,0.0,0.008620689655172414,0.6,0.6,0
2024,17,852,215,73,11.0,12.0,3,0,-9.0,-8.0,0.9469026548672567,0.0,0.008620689655172414,0.4,0.4,0
2024,18,852,215,15,8.0,8.0,3,0,-4.0,-4.0,0.9469026548672567,0.0,0.008620689655172414,0.0,0.0,0
2024,19,852,215,69,10.0,11.0,3,0,-4.0,-3.0,0.9469026548672567,0.0,0.008620689655172414,0.0,0.0,0
2024,20,852,215,32,11.0,11.0,3,0,-9.0,-9.0,0.9469026548672567,0.0,0.008620689655172414,0.0,0.0,0
2024,21,852,215,18,3.0,3.0,3,0,-4.0,-4.0,0.9469026548672567,0.0,0.008620689655172414,1.2,1.2,0
2024,22,852,215,80,7.0,7.0,3,0,-2.0,-2.0,0.9469026548672567,0.0,0.008620689655172414,1.6,1.6,0
2024,23,852,215,78,14.0,14.0,3,0,1.0,1.0,0.9469026548672567,0.0,0.008620689655172414,1.6,1.6,0
2024,24,852,215,24,11.0,11.0,3,0,-1.0,-1.0,0.9469026548672567,0.0,0.008620689655172414,1.6,1.6,0
2024,19,859,215,69,19.0,15.0,1,0,10.0,6.0,1.8222222222222222,0.0,0.008620689655172414,0.8,2.0,0
2024,20,859,215,32,12.0,12.0,1,0,-4.0,-4.0,1.8222222222222222,0.0,0.008620689655172414,0.8,0.8,0
2024,21,859,215,18,5.0,5.0,1,0,-4.0,-4.0,1.8222222222222222,0.0,0.008620689655172414,0.8,0.8,0
2024,22,859,215,80,14.0,15.0,1,0,-2.0,-1.0,1.8222222222222222,0.0,0.008620689655172414,0.8,0.8,0
2024,23,859,215,78,17.0,17.0,1,0,3.0,3.0,1.8222222222222222,0.0,0.008620689655172414,0.8,0.8,0
2024,24,859,215,24,12.0,12.0,1,0,-5.0,-5.0,1.8222222222222222,0.0,0.008620689655172414,0.4,0.4,0
2025,1,852,215,1,5.0,5.0,4,1,-7.0,-7.0,0.9469026548672567,0.0,0.008620689655172414,1.6,0.4,0
2025,2,852,215,17,9.0,9.0,4,1,-7.0,-7.0,0.9469026548672567,0.0,0.008620689655172414,0.4,0.0,0
2025,3,859,215,22,13.0,14.0,2,1,-4.0,-3.0,1.8222222222222222,0.0,0.008620689655172414,0.0,0.0,0
2025,4,859,215,3,17.0,17.0,2,1,1.0,1.0,1.8222222222222222,0.0,0.008620689655172414,0.0,0.0,0
2025,5,859,215,77,12.0,12.0,2,1,0.0,0.0,1.8222222222222222,0.0,0.008620689655172414,0.0,0.0,0
2025,6,859,215,79,15.0,15.0,2,1,-2.0,-2.0,1.8222222222222222,0.0,0.008620689655172414,0.0,0.0,0
2025,7,859,215,21,15.0,16.0,2,1,1.0,2.0,1.8222222222222222,0.0,0.008620689655172414,0.0,0.0,0
2025,8,859,215,6,9.0,9.0,2,1,1.0,1.0,1.8222222222222222,0.0,0.008620689655172414,0.8,0.8,0
2025,9,859,215,4,13.0,13.0,2,1,2.0,2.0,1.8222222222222222,0.0,0.008620689655172414,0.8,0.8,0
2025,10,859,215,7,19.0,19.0,2,1,0.0,0.0,1.8222222222222222,0.0,0.008620689655172414,0.8,0.8,0
2025,11,859,215,70,6.0,6.0,2,1,0.0,0.0,1.8222222222222222,0.0,0.008620689655172414,2.4,2.4,0
2025,12,859,215,9,15.0,16.0,2,1,-4.0,-3.0,1.8222222222222222,0.0,0.008620689655172414,2.4,2.4,0
2025,13,859,215,13,9.0,9.0,2,1,1.0,1.0,1.8222222222222222,0.0,0.008620689655172414,2.4,2.4,0
2025,14,859,215,11,9.0,9.0,2,1,1.0,1.0,1.8222222222222222,0.0,0.008620689655172414,3.2,3.2,0
2025,15,859,215,39,8.0,8.0,2,1,-4.0,-4.0,1.8222222222222222,0.0,0.008620689655172414,3.2,3.2,0
2025,16,859,215,14,18.0,20.0,2,1,4.0,6.0,1.8222222222222222,0.0,0.008620689655172414,1.6,1.6,0
2025,17,859,215,73,3.0,3.0,2,1,-2.0,-2.0,1.8222222222222222,0.0,0.008620689655172414,3.6,3.6,0
2025,18,859,215,15,12.0,12.0,2,1,-3.0,-3.0,1.8222222222222222,0.0,0.008620689655172414,2.8,2.8,0
2025,19,859,215,69,12.0,12.0,2,1,1.0,1.0,1.8222222222222222,0.0,0.008620689655172414,2.0,2.0,0
2025,20,859,215,32,15.0,15.0,2,1,-5.0,-5.0,1.8222222222222222,0.0,0.008620689655172414,2.0,2.0,0
2025,21,859,215,18,7.0,7.0,2,1,0.0,0.0,1.8222222222222222,0.0,0.008620689655172414,3.2,3.2,0
2025,22,859,215,80,6.0,6.0,2,1,-8.0,-8.0,1.8222222222222222,0.0,0.008620689655172414,1.2,1.2,0
2025,24,859,215,24,13.0,13.0,2,1,-5.0,-5.0,1.8222222222222222,0.0,0.008620689655172414,1.2,1.2,0
2025,1,865,215,1,11.0,11.0,0,1,-9.0,-9.0,3.4705882352941178,0.029411764705882353,0.008620689655172414,0.0,1.2,0
2025,2,865,215,17,7.0,7.0,0,1,-4.0,-4.0,3.4705882352941178,0.029411764705882353,0.008620689655172414,0.0,1.2,0
2025,3,865,215,22,7.0,7.0,0,1,-1.0,-1.0,3.4705882352941178,0.029411764705882353,0.008620689655172414,1.3333333333333333,0.8,0
2025,4,865,215,3,12.0,12.0,0,1,-1.0,-1.0,3.4705882352941178,0.029411764705882353,0.008620689655172414,1.0,0.8,0
2025,5,865,215,77,14.0,14.0,0,1,4.0,4.0,3.4705882352941178,0.029411764705882353,0.008620689655172414,1.0,1.0,0
2025,6,865,215,79,11.0,11.0,0,1,0.0,0.0,3.4705882352941178,0.029411764705882353,0.008620689655172414,1.0,1.0,0
2025,7,865,215,21,9.0,9.0,0,1,0.0,0.0,3.4705882352941178,0.029411764705882353,0.008620689655172414,1.4,1.4,0
2025,8,865,215,6,5.0,6.0,0,1,-1.0,0.0,3.4705882352941178,0.029411764705882353,0.008620689655172414,2.2,2.2,0
2025,9,865,215,4,9.0,9.0,0,1,2.0,2.0,3.4705882352941178,0.029411764705882353,0.008620689655172414,3.4,3.4,0
2025,10,865,215,7,12.0,9.0,0,1,-4.0,-7.0,3.4705882352941178,0.029411764705882353,0.008620689655172414,3.2,3.2,0
2025,11,865,215,70,13.0,13.0,0,1,1.0,1.0,3.4705882352941178,0.029411764705882353,0.008620689655172414,3.2,3.2,0
2025,12,865,215,9,12.0,13.0,0,1,-5.0,-4.0,3.4705882352941178,0.029411764705882353,0.008620689655172414,2.8,2.8,0
2025,13,865,215,13,8.0,8.0,0,1,-12.0,-12.0,3.4705882352941178,0.029411764705882353,0.008620689655172414,1.2,1.2,0
2025,14,865,215,11,10.0,10.0,0,1,-1.0,-1.0,3.4705882352941178,0.029411764705882353,0.008620689655172414,0.0,0.0,0
2025,15,865,215,39,4.0,4.0,0,1,1.0,1.0,3.4705882352941178,0.029411764705882353,0.008620689655172414,3.0,3.0,1
2025,16,865,215,14,19.0,16.0,0,1,9.0,6.0,3.4705882352941178,0.029411764705882353,0.008620689655172414,3.2,3.2,0
2025,17,865,215,73,8.0,8.0,0,1,-2.0,-2.0,3.4705882352941178,0.029411764705882353,0.008620689655172414,3.4,3.4,0
2025,18,865,215,15,8.0,8.0,0,1,-3.0,-3.0,3.4705882352941178,0.029411764705882353,0.008620689655172414,3.4,3.4,0
2025,19,865,215,69,20.0,20.0,0,1,4.0,4.0,3.4705882352941178,0.029411764705882353,0.008620689655172414,3.4,3.4,0
2025,20,865,215,32,8.0,9.0,0,1,-5.0,-4.0,3.4705882352941178,0.029411764705882353,0.008620689655172414,0.4,0.4,0
2025,21,865,215,18,5.0,5.0,0,1,-3.0,-3.0,3.4705882352941178,0.029411764705882353,0.008620689655172414,1.0,1.0,0
2025,22,865,215,80,8.0,8.0,0,1,2.0,2.0,3.4705882352941178,0.029411764705882353,0.008620689655172414,2.4,2.4,0
2025,24,865,215,24,9.0,9.0,0,1,-8.0,-8.0,3.4705882352941178,0.029411764705882353,0.008620689655172414,2.4,2.4,0
2026,1,859,215,1,8.0,8.0,3,2,-5.0,-5.0,1.8222222222222222,0.0,0.008620689655172414,1.2,2.4,0
2026,2,859,215,17,14.0,14.0,3,2,7.0,7.0,1.8222222222222222,0.0,0.008620689655172414,2.4,3.6,0
2026,3,859,215,22,14.0,14.0,3,2,5.0,5.0,1.8222222222222222,0.0,0.008620689655172414,1.6,3.2,0
2026,4,859,215,79,11.0,11.0,3,2,-9.0,-9.0,1.8222222222222222,0.0,0.008620689655172414,1.6,1.6,0
2026,5,859,215,7,12.0,12.0,3,2,5.0,5.0,1.8222222222222222,0.0,0.008620689655172414,2.8,2.8,0
2026,6,859,215,6,10.0,10.0,3,2,4.0,4.0,1.8222222222222222,0.0,0.008620689655172414,4.4,4.4,0
2026,7,859,215,4,8.0,8.0,3,2,0.0,0.0,1.8222222222222222,0.0,0.008620689655172414,4.0,4.0,0
2026,8,859,215,70,9.0,9.0,3,2,0.0,0.0,1.8222222222222222,0.0,0.008620689655172414,4.0,4.0,0
2026,9,859,215,9,10.0,10.0,3,2,4.0,4.0,1.8222222222222222,0.0,0.008620689655172414,5.6,5.6,0
2026,10,859,215,13,9.0,11.0,3,2,-3.0,-1.0,1.8222222222222222,0.0,0.008620689655172414,4.4,4.4,0
2026,11,859,215,11,11.0,11.0,3,2,3.0,3.0,1.8222222222222222,0.0,0.008620689655172414,3.6,3.6,0
2026,1,866,215,1,9.0,9.0,0,2,1.0,1.0,2.0,0.0,0.008620689655172414,4.0,3.6,0
2026,2,866,215,17,15.0,15.0,0,2,3.0,3.0,2.0,0.0,0.008620689655172414,2.0,3.2,0
2026,3,866,215,22,10.0,10.0,0,2,-4.0,-4.0,2.0,0.0,0.008620689655172414,1.3333333333333333,1.6,0
2026,4,866,215,79,16.0,16.0,0,2,2.0,2.0,2.0,0.0,0.008620689655172414,1.0,1.6,0
2026,5,866,215,7,9.0,9.0,0,2,-13.0,-13.0,2.0,0.0,0.008620689655172414,0.8,0.8,0
2026,6,866,215,6,15.0,15.0,0,2,8.0,8.0,2.0,0.0,0.008620689655172414,1.2,1.2,0
2026,7,866,215,4,11.0,11.0,0,2,2.0,2.0,2.0,0.0,0.008620689655172414,1.6,1.6,0
2026,8,866,215,70,10.0,10.0,0,2,0.0,0.0,2.0,0.0,0.008620689655172414,1.8,1.8,0
2026,9,866,215,9,9.0,9.0,0,2,2.0,2.0,2.0,0.0,0.008620689655172414,3.0,3.0,0
2026,10,866,215,13,7.0,8.0,0,2,-2.0,-1.0,2.0,0.0,0.008620689655172414,3.4,3.4,0
2026,11,866,215,11,9.0,9.0,0,2,-1.0,-1.0,2.0,0.0,0.008620689655172414,2.4,2.4,0
2026,1,815,216,1,18.0,18.0,15,0,2.0,2.0,5.409556313993174,0.13310580204778158,0.0,0.2,0.0,0
2026,2,815,216,17,21.0,22.0,15,0,6.0,7.0,5.409556313993174,0.13310580204778158,0.0,0.2,0.0,0
2026,3,815,216,22,19.0,19.0,15,0,2.0,2.0,5.409556313993174,0.13310580204778158,0.0,0.0,0.0,0
2026,4,815,216,79,20.0,20.0,15,0,4.0,4.0,5.409556313993174,0.13310580204778158,0.0,0.0,0.0,0
2026,5,815,216,7,20.0,20.0,15,0,3.0,3.0,5.409556313993174,0.13310580204778158,0.0,0.0,0.0,0
2026,6,815,216,6,18.0,18.0,15,0,3.0,3.0,5.409556313993174,0.13310580204778158,0.0,0.0,0.0,0
2026,7,815,216,4,19.0,19.0,15,0,5.0,5.0,5.409556313993174,0.13310580204778158,0.0,0.0,0.0,0
2026,8,815,216,70,19.0,19.0,15,0,-2.0,-2.0,5.409556313993174,0.13310580204778158,0.0,0.0,0.0,0
2026,9,815,216,9,20.0,20.0,15,0,6.0,6.0,5.409556313993174,0.13310580204778158,0.0,0.0,0.0,0
2026,10,815,216,13,18.0,20.0,15,0,-3.0,-1.0,5.409556313993174,0.13310580204778158,0.0,0.0,0.0,0
2026,11,815,216,11,22.0,22.0,15,0,1.0,1.0,5.409556313993174,0.13310580204778158,0.0,0.0,0.0,0
2026,1,822,216,1,19.0,19.0,13,0,0.0,0.0,6.930232558139535,0.2596899224806202,0.0,0.0,0.0,0
2026,2,822,216,17,19.0,20.0,13,0,6.0,7.0,6.930232558139535,0.2596899224806202,0.0,0.0,0.0,0
2026,3,822,216,22,20.0,20.0,13,0,1.0,1.0,6.930232558139535,0.2596899224806202,0.0,0.0,0.0,0
2026,4,822,216,79,19.0,19.0,13,0,1.0,1.0,6.930232558139535,0.2596899224806202,0.0,0.0,0.0,0
2026,5,822,216,7,21.0,22.0,13,0,5.0,6.0,6.930232558139535,0.2596899224806202,0.0,0.0,0.0,0
2026,6,822,216,6,20.0,20.0,13,0,-1.0,-1.0,6.930232558139535,0.2596899224806202,0.0,0.0,0.0,0
2026,7,822,216,4,20.0,20.0,13,0,-1.0,-1.0,6.930232558139535,0.2596899224806202,0.0,0.0,0.0,0
2026,8,822,216,70,20.0,20.0,13,0,-2.0,-2.0,6.930232558139535,0.2596899224806202,0.0,0.0,0.0,0
2026,9,822,216,9,18.0,18.0,13,0,2.0,2.0,6.930232558139535,0.2596899224806202,0.0,0.0,0.0,0
2026,10,822,216,13,17.0,19.0,13,0,-1.0,1.0,6.930232558139535,0.2596899224806202,0.0,0.0,0.0,0
2026,11,822,216,11,21.0,21.0,13,0,-1.0,-1.0,6.930232558139535,0.2596899224806202,0.0,0.0,0.0,0
2026,1,807,217,1,11.0,11.0,16,0,-11.0,-11.0,2.3422053231939164,0.0038022813688212928,0.0,2.0,0.0,0
2026,2,807,217,17,11.0,11.0,16,0,0.0,0.0,2.3422053231939164,0.0038022813688212928,0.0,2.0,0.0,0
2026,3,807,217,22,13.0,13.0,16,0,2.0,2.0,2.3422053231939164,0.0038022813688212928,0.0,1.6,0.0,0
2026,4,807,217,79,10.0,10.0,16,0,-9.0,-9.0,2.3422053231939164,0.0038022813688212928,0.0,0.4,0.0,0
2026,5,807,217,7,11.0,11.0,16,0,-1.0,-1.0,2.3422053231939164,0.0038022813688212928,0.0,0.0,0.0,0
2026,6,807,217,6,13.0,13.0,16,0,0.0,0.0,2.3422053231939164,0.0038022813688212928,0.0,0.0,0.0,0
2026,7,807,217,4,9.0,9.0,16,0,-11.0,-11.0,2.3422053231939164,0.0038022813688212928,0.0,0.0,0.0,0
2026,8,807,217,70,14.0,14.0,16,0,2.0,2.0,2.3422053231939164,0.0038022813688212928,0.0,0.0,0.0,0
2026,9,807,217,9,12.0,13.0,16,0,-10.0,-9.0,2.3422053231939164,0.0038022813688212928,0.0,0.0,0.0,0
2026,10,807,217,13,12.0,14.0,16,0,-1.0,1.0,2.3422053231939164,0.0038022813688212928,0.0,0.0,0.0,0
2026,11,807,217,11,10.0,10.0,16,0,1.0,1.0,2.3422053231939164,0.0038022813688212928,0.0,0.4,0.4,0
2026,1,864,217,1,10.0,10.0,1,0,1.0,1.0,0.8787878787878788,0.0,0.0,0.6,0.8,0
2026,2,864,217,17,16.0,16.0,1,0,-5.0,-5.0,0.8787878787878788,0.0,0.0,0.6,0.8,0
2026,3,864,217,22,9.0,9.0,1,0,-4.0,-4.0,0.8787878787878788,0.0,0.0,0.4,0.8,0
2026,4,864,217,79,21.0,21.0,1,0,9.0,9.0,0.8787878787878788,0.0,0.0,0.4,0.8,0
2026,5,864,217,7,13.0,13.0,1,0,0.0,0.0,0.8787878787878788,0.0,0.0,0.4,0.4,0
2026,6,864,217,6,16.0,16.0,1,0,5.0,5.0,0.8787878787878788,0.0,0.0,0.0,0.0,0
2026,7,864,217,4,12.0,12.0,1,0,1.0,1.0,0.8787878787878788,0.0,0.0,0.0,0.0,0
2026,8,864,217,70,12.0,12.0,1,0,1.0,1.0,0.8787878787878788,0.0,0.0,0.0,0.0,0
2026,9,864,217,9,11.0,11.0,1,0,3.0,3.0,0.8787878787878788,0.0,0.0,0.8,0.8,0
2026,10,864,217,13,8.0,9.0,1,0,0.0,1.0,0.8787878787878788,0.0,0.0,1.6,1.6,0
2026,11,864,217,11,14.0,14.0,1,0,3.0,3.0,0.8787878787878788,0.0,0.0,1.6,1.6,0
