year,round,raceId,driverId,constructorId,circuitId,grid,qualifying_position,podium
2010,1,337,4,6,3,3.0,3.0,1
2010,1,337,13,6,3,2.0,2.0,1
2010,1,337,1,1,3,4.0,4.0,1
2010,1,337,20,9,3,1.0,1.0,0
2010,1,337,3,131,3,5.0,5.0,0
2010,1,337,30,131,3,7.0,7.0,0
2010,1,337,18,1,3,8.0,8.0,0
2010,1,337,17,9,3,6.0,6.0,0
2010,1,337,24,10,3,12.0,12.0,0
2010,1,337,22,3,3,11.0,11.0,0
2010,1,337,9,4,3,9.0,9.0,0
2010,1,337,16,10,3,10.0,10.0,0
2010,1,337,153,5,3,18.0,18.0,0
2010,1,337,807,3,3,13.0,13.0,0
2010,1,337,5,205,3,21.0,21.0,0
2010,1,337,67,5,3,15.0,15.0,0
2010,1,337,15,205,3,20.0,20.0,0
2010,1,337,37,15,3,14.0,14.0,0
2010,1,337,811,164,3,23.0,23.0,0
2010,1,337,10,166,3,19.0,19.0,0
2010,1,337,808,4,3,17.0,17.0,0
2010,1,337,155,15,3,16.0,16.0,0
2010,1,337,810,166,3,22.0,22.0,0
2010,1,337,812,164,3,24.0,24.0,0
2010,2,338,18,1,1,4.0,4.0,1
2010,2,338,9,4,1,9.0,9.0,1
2010,2,338,13,6,1,5.0,5.0,1
2010,2,338,4,6,1,3.0,3.0,0
2010,2,338,3,131,1,6.0,6.0,0
2010,2,338,1,1,1,11.0,11.0,0
2010,2,338,24,10,1,13.0,13.0,0
2010,2,338,22,3,1,8.0,8.0,0
2010,2,338,17,9,1,2.0,2.0,0
2010,2,338,30,131,1,7.0,7.0,0
2010,2,338,153,5,1,17.0,17.0,0
2010,2,338,37,15,1,14.0,14.0,0
2010,2,338,5,205,1,19.0,19.0,0
2010,2,338,812,164,1,22.0,24.0,0
2010,2,338,10,166,1,23.0,21.0,0
2010,2,338,810,166,1,24.0,22.0,0
2010,2,338,20,9,1,1.0,1.0,0
2010,2,338,16,10,1,10.0,10.0,0
2010,2,338,808,4,1,18.0,18.0,0
2010,2,338,811,164,1,21.0,23.0,0
2010,2,338,67,5,1,12.0,12.0,0
2010,2,338,807,3,1,15.0,15.0,0
2010,2,338,155,15,1,16.0,16.0,0
2010,2,338,15,205,1,20.0,20.0,0
2010,3,339,20,9,2,3.0,3.0,1
2010,3,339,17,9,2,1.0,1.0,1
2010,3,339,3,131,2,2.0,2.0,1
2010,3,339,9,4,2,6.0,6.0,0
2010,3,339,16,10,2,4.0,4.0,0
2010,3,339,1,1,2,20.0,20.0,0
2010,3,339,13,6,2,21.0,21.0,0
2010,3,339,18,1,2,17.0,17.0,0
2010,3,339,153,5,2,14.0,14.0,0
2010,3,339,807,3,2,5.0,5.0,0
2010,3,339,67,5,2,13.0,13.0,0
2010,3,339,22,3,2,7.0,7.0,0
2010,3,339,4,6,2,19.0,19.0,0
2010,3,339,810,166,2,24.0,24.0,0
2010,3,339,812,164,2,22.0,22.0,0
2010,3,339,811,164,2,23.0,23.0,0
2010,3,339,15,205,2,18.0,18.0,0
2010,3,339,5,205,2,15.0,15.0,0
2010,3,339,808,4,2,11.0,11.0,0
2010,3,339,24,10,2,10.0,10.0,0
2010,3,339,30,131,2,8.0,8.0,0
2010,3,339,155,15,2,9.0,9.0,0
2010,3,339,10,166,2,16.0,16.0,0
2010,3,339,37,15,2,12.0,12.0,0
2010,4,340,18,1,17,5.0,5.0,1
2010,4,340,1,1,17,6.0,6.0,1
2010,4,340,3,131,17,4.0,4.0,1
2010,4,340,4,6,17,3.0,3.0,0
2010,4,340,9,4,17,8.0,8.0,0
2010,4,340,20,9,17,1.0,1.0,0
2010,4,340,808,4,17,14.0,14.0,0
2010,4,340,17,9,17,2.0,2.0,0
2010,4,340,13,6,17,7.0,7.0,0
2010,4,340,30,131,17,9.0,9.0,0
2010,4,340,16,10,17,10.0,10.0,0
2010,4,340,22,3,17,11.0,11.0,0
2010,4,340,153,5,17,12.0,12.0,0
2010,4,340,5,205,17,21.0,21.0,0
2010,4,340,807,3,17,16.0,16.0,0
2010,4,340,811,164,17,23.0,23.0,0
2010,4,340,812,164,17,24.0,24.0,0
2010,4,340,15,205,17,20.0,20.0,0
2010,4,340,810,166,17,22.0,22.0,0
2010,4,340,37,15,17,17.0,17.0,0
2010,4,340,67,5,17,13.0,13.0,0
2010,4,340,155,15,17,15.0,15.0,0
2010,4,340,24,10,17,18.0,18.0,0
2010,4,340,10,166,17,19.0,19.0,0
2010,5,341,17,9,4,1.0,1.0,1
2010,5,341,4,6,4,4.0,4.0,1
2010,5,341,20,9,4,2.0,2.0,1
2010,5,341,30,131,4,6.0,6.0,0
2010,5,341,18,1,4,5.0,5.0,0
2010,5,341,13,6,4,9.0,9.0,0
2010,5,341,16,10,4,11.0,11.0,0
2010,5,341,9,4,4,7.0,7.0,0
2010,5,341,22,3,4,17.0,18.0,0
2010,5,341,153,5,4,15.0,16.0,0
2010,5,341,808,4,4,19.0,14.0,0
2010,5,341,155,15,4,10.0,10.0,0
2010,5,341,3,131,4,8.0,8.0,0
2010,5,341,1,1,4,3.0,3.0,0
2010,5,341,24,10,4,16.0,17.0,0
2010,5,341,807,3,4,13.0,13.0,0
2010,5,341,15,205,4,18.0,19.0,0
2010,5,341,10,166,4,22.0,21.0,0
2010,5,341,810,166,4,23.0,22.0,0
2010,5,341,67,5,4,14.0,15.0,0
2010,5,341,812,164,4,24.0,23.0,0
2010,5,341,37,15,4,12.0,12.0,0
2010,5,341,811,164,4,21.0,24.0,0
2010,5,341,5,205,4,20.0,20.0,0
2010,6,342,17,9,6,1.0,1.0,1
2010,6,342,20,9,6,3.0,3.0,1
2010,6,342,9,4,6,2.0,2.0,1
2010,6,342,13,6,6,4.0,4.0,0
2010,6,342,1,1,6,5.0,5.0,0
2010,6,342,4,6,6,24.0,24.0,0
2010,6,342,3,131,6,6.0,6.0,0
2010,6,342,16,10,6,12.0,12.0,0
2010,6,342,24,10,6,10.0,10.0,0
2010,6,342,67,5,6,13.0,13.0,0
2010,6,342,153,5,6,17.0,17.0,0
2010,6,342,30,131,6,7.0,7.0,0
2010,6,342,808,4,6,14.0,14.0,0
2010,6,342,812,164,6,23.0,23.0,0
2010,6,342,15,205,6,19.0,19.0,0
2010,6,342,5,205,6,18.0,18.0,0
2010,6,342,811,164,6,22.0,22.0,0
2010,6,342,22,3,6,9.0,9.0,0
2010,6,342,155,15,6,16.0,16.0,0
2010,6,342,810,166,6,21.0,21.0,0
2010,6,342,10,166,6,20.0,20.0,0
2010,6,342,37,15,6,15.0,15.0,0
2010,6,342,18,1,6,8.0,8.0,0
2010,6,342,807,3,6,11.0,11.0,0
2010,7,343,1,1,5,2.0,2.0,1
2010,7,343,18,1,5,4.0,4.0,1
2010,7,343,17,9,5,1.0,1.0,1
2010,7,343,30,131,5,5.0,5.0,0
2010,7,343,3,131,5,6.0,6.0,0
2010,7,343,9,4,5,7.0,7.0,0
2010,7,343,13,6,5,8.0,8.0,0
2010,7,343,4,6,5,12.0,12.0,0
2010,7,343,16,10,5,11.0,11.0,0
2010,7,343,155,15,5,10.0,10.0,0
2010,7,343,37,15,5,13.0,13.0,0
2010,7,343,153,5,5,16.0,16.0,0
2010,7,343,24,10,5,18.0,18.0,0
2010,7,343,22,3,5,15.0,15.0,0
2010,7,343,808,4,5,9.0,9.0,0
2010,7,343,67,5,5,14.0,14.0,0
2010,7,343,807,3,5,17.0,17.0,0
2010,7,343,10,166,5,21.0,21.0,0
2010,7,343,810,166,5,23.0,23.0,0
2010,7,343,812,164,5,24.0,24.0,0
2010,7,343,811,164,5,22.0,22.0,0
2010,7,343,20,9,5,3.0,3.0,0
2010,7,343,5,205,5,20.0,20.0,0
2010,7,343,15,205,5,19.0,19.0,0
2010,8,344,1,1,7,1.0,1.0,1
2010,8,344,18,1,7,4.0,5.0,1
2010,8,344,4,6,7,3.0,4.0,1
2010,8,344,20,9,7,2.0,3.0,0
2010,8,344,17,9,7,7.0,2.0,0
2010,8,344,3,131,7,10.0,10.0,0
2010,8,344,9,4,7,8.0,8.0,0
2010,8,344,67,5,7,15.0,15.0,0
2010,8,344,24,10,7,5.0,6.0,0
2010,8,344,16,10,7,9.0,9.0,0
2010,8,344,30,131,7,13.0,13.0,0
2010,8,344,153,5,7,16.0,16.0,0
2010,8,344,807,3,7,12.0,12.0,0
2010,8,344,22,3,7,11.0,11.0,0
2010,8,344,13,6,7,6.0,7.0,0
2010,8,344,5,205,7,19.0,19.0,0
2010,8,344,808,4,7,14.0,14.0,0
2010,8,344,812,164,7,24.0,24.0,0
2010,8,344,810,166,7,23.0,23.0,0
2010,8,344,10,166,7,21.0,21.0,0
2010,8,344,15,205,7,20.0,20.0,0
2010,8,344,37,15,7,17.0,17.0,0
2010,8,344,811,164,7,22.0,22.0,0
2010,8,344,155,15,7,18.0,18.0,0
2010,9,345,20,9,12,1.0,1.0,1
2010,9,345,1,1,12,3.0,3.0,1
2010,9,345,18,1,12,7.0,7.0,1
2010,9,345,22,3,12,9.0,9.0,0
2010,9,345,9,4,12,6.0,6.0,0
2010,9,345,16,10,12,13.0,13.0,0
2010,9,345,155,15,12,18.0,18.0,0
2010,9,345,4,6,12,4.0,4.0,0
2010,9,345,67,5,12,11.0,11.0,0
2010,9,345,3,131,12,12.0,12.0,0
2010,9,345,13,6,12,5.0,5.0,0
2010,9,345,37,15,12,16.0,16.0,0
2010,9,345,153,5,12,17.0,17.0,0
2010,9,345,808,4,12,10.0,10.0,0
2010,9,345,30,131,12,15.0,15.0,0
2010,9,345,24,10,12,14.0,14.0,0
2010,9,345,810,166,12,21.0,21.0,0
2010,9,345,812,164,12,23.0,23.0,0
2010,9,345,10,166,12,22.0,22.0,0
2010,9,345,811,164,12,24.0,24.0,0
2010,9,345,15,205,12,19.0,19.0,0
2010,9,345,807,3,12,8.0,8.0,0
2010,9,345,5,205,12,20.0,20.0,0
2010,9,345,17,9,12,2.0,2.0,0
2010,10,346,17,9,9,2.0,2.0,1
2010,10,346,1,1,9,4.0,4.0,1
2010,10,346,3,131,9,5.0,5.0,1
2010,10,346,18,1,9,14.0,14.0,0
2010,10,346,22,3,9,8.0,8.0,0
2010,10,346,155,15,9,12.0,12.0,0
2010,10,346,20,9,9,1.0,1.0,0
2010,10,346,16,10,9,11.0,11.0,0
2010,10,346,30,131,9,10.0,10.0,0
2010,10,346,807,3,9,13.0,13.0,0
2010,10,346,24,10,9,20.0,15.0,0
2010,10,346,67,5,9,16.0,17.0,0
2010,10,346,808,4,9,15.0,16.0,0
2010,10,346,4,6,9,3.0,3.0,0
2010,10,346,13,6,9,7.0,7.0,0
2010,10,346,15,205,9,21.0,21.0,0
2010,10,346,5,205,9,18.0,19.0,0
2010,10,346,10,166,9,19.0,20.0,0
2010,10,346,812,164,9,23.0,23.0,0
2010,10,346,29,164,9,24.0,24.0,0
2010,10,346,153,5,9,17.0,18.0,0
2010,10,346,37,15,9,9.0,9.0,0
2010,10,346,9,4,9,6.0,6.0,0
2010,10,346,810,166,9,22.0,22.0,0
2010,11,347,4,6,10,2.0,2.0,1
2010,11,347,13,6,10,3.0,3.0,1
2010,11,347,20,9,10,1.0,1.0,1
2010,11,347,1,1,10,6.0,6.0,0
2010,11,347,18,1,10,5.0,5.0,0
2010,11,347,17,9,10,4.0,4.0,0
2010,11,347,9,4,10,7.0,7.0,0
2010,11,347,3,131,10,9.0,9.0,0
2010,11,347,30,131,10,11.0,11.0,0
2010,11,347,808,4,10,13.0,13.0,0
2010,11,347,155,15,10,12.0,12.0,0
2010,11,347,22,3,10,8.0,8.0,0
2010,11,347,807,3,10,10.0,10.0,0
2010,11,347,37,15,10,14.0,15.0,0
2010,11,347,153,5,10,15.0,16.0,0
2010,11,347,24,10,10,21.0,22.0,0
2010,11,347,16,10,10,19.0,14.0,0
2010,11,347,10,166,10,23.0,20.0,0
2010,11,347,811,164,10,20.0,21.0,0
2010,11,347,5,205,10,18.0,19.0,0
2010,11,347,810,166,10,24.0,24.0,0
2010,11,347,29,164,10,22.0,23.0,0
2010,11,347,15,205,10,17.0,18.0,0
2010,11,347,67,5,10,16.0,17.0,0
2010,12,348,17,9,11,2.0,2.0,1
2010,12,348,4,6,11,3.0,3.0,1
2010,12,348,20,9,11,1.0,1.0,1
2010,12,348,13,6,11,4.0,4.0,0
2010,12,348,808,4,11,7.0,7.0,0
2010,12,348,807,3,11,10.0,10.0,0
2010,12,348,37,15,11,9.0,9.0,0
2010,12,348,18,1,11,11.0,11.0,0
2010,12,348,155,15,11,23.0,18.0,0
2010,12,348,22,3,11,12.0,12.0,0
2010,12,348,30,131,11,14.0,14.0,0
2010,12,348,67,5,11,15.0,15.0,0
2010,12,348,24,10,11,16.0,16.0,0
2010,12,348,5,205,11,19.0,20.0,0
2010,12,348,15,205,11,20.0,21.0,0
2010,12,348,10,166,11,18.0,19.0,0
2010,12,348,811,164,11,22.0,23.0,0
2010,12,348,810,166,11,21.0,22.0,0
2010,12,348,29,164,11,24.0,24.0,0
2010,12,348,1,1,11,5.0,5.0,0
2010,12,348,9,4,11,8.0,8.0,0
2010,12,348,3,131,11,6.0,6.0,0
2010,12,348,16,10,11,13.0,13.0,0
2010,12,348,153,5,11,17.0,17.0,0
2010,13,349,1,1,13,2.0,2.0,1
2010,13,349,17,9,13,1.0,1.0,1
2010,13,349,9,4,13,3.0,3.0,1
2010,13,349,13,6,13,6.0,6.0,0
2010,13,349,16,10,13,8.0,8.0,0
2010,13,349,3,131,13,14.0,12.0,0
2010,13,349,30,131,13,21.0,11.0,0
2010,13,349,155,15,13,17.0,19.0,0
2010,13,349,808,4,13,23.0,24.0,0
2010,13,349,24,10,13,12.0,14.0,0
2010,13,349,37,15,13,24.0,22.0,0
2010,13,349,67,5,13,16.0,15.0,0
2010,13,349,153,5,13,11.0,13.0,0
2010,13,349,807,3,13,9.0,9.0,0
2010,13,349,20,9,13,4.0,4.0,0
2010,13,349,5,205,13,13.0,16.0,0
2010,13,349,810,166,13,22.0,23.0,0
2010,13,349,10,166,13,20.0,17.0,0
2010,13,349,15,205,13,15.0,18.0,0
2010,13,349,29,164,13,19.0,21.0,0
2010,13,349,4,6,13,10.0,10.0,0
2010,13,349,18,1,13,5.0,5.0,0
2010,13,349,811,164,13,18.0,20.0,0
2010,13,349,22,3,13,7.0,7.0,0
2010,14,350,4,6,14,1.0,1.0,1
2010,14,350,18,1,14,2.0,2.0,1
2010,14,350,13,6,14,3.0,3.0,1
2010,14,350,20,9,14,6.0,6.0,0
2010,14,350,3,131,14,7.0,7.0,0
2010,14,350,17,9,14,4.0,4.0,0
2010,14,350,807,3,14,8.0,8.0,0
2010,14,350,9,4,14,9.0,9.0,0
2010,14,350,30,131,14,12.0,12.0,0
2010,14,350,22,3,14,10.0,10.0,0
2010,14,350,67,5,14,14.0,14.0,0
2010,14,350,24,10,14,19.0,20.0,0
2010,14,350,808,4,14,20.0,15.0,0
2010,14,350,37,15,14,16.0,17.0,0
2010,14,350,153,5,14,15.0,16.0,0
2010,14,350,16,10,14,11.0,11.0,0
2010,14,350,10,166,14,24.0,21.0,0
2010,14,350,5,205,14,18.0,19.0,0
2010,14,350,29,164,14,23.0,24.0,0
2010,14,350,810,166,14,21.0,22.0,0
2010,14,350,15,205,14,17.0,18.0,0
2010,14,350,811,164,14,22.0,23.0,0
2010,14,350,1,1,14,5.0,5.0,0
2010,14,350,155,15,14,13.0,13.0,0
2010,15,351,4,6,15,1.0,1.0,1
2010,15,351,20,9,15,2.0,2.0,1
2010,15,351,17,9,15,5.0,5.0,1
2010,15,351,18,1,15,4.0,4.0,0
2010,15,351,3,131,15,7.0,7.0,0
2010,15,351,22,3,15,6.0,6.0,0
2010,15,351,9,4,15,8.0,8.0,0
2010,15,351,13,6,15,24.0,24.0,0
2010,15,351,16,10,15,15.0,16.0,0
2010,15,351,807,3,15,17.0,12.0,0
2010,15,351,808,4,15,12.0,13.0,0
2010,15,351,153,5,15,11.0,11.0,0
2010,15,351,30,131,15,9.0,9.0,0
2010,15,351,67,5,15,13.0,14.0,0
2010,15,351,810,166,15,20.0,20.0,0
2010,15,351,5,205,15,19.0,19.0,0
2010,15,351,10,166,15,18.0,18.0,0
2010,15,351,2,15,15,14.0,15.0,0
2010,15,351,1,1,15,3.0,3.0,0
2010,15,351,32,164,15,22.0,22.0,0
2010,15,351,155,15,15,10.0,10.0,0
2010,15,351,811,164,15,23.0,23.0,0
2010,15,351,15,205,15,21.0,21.0,0
2010,15,351,24,10,15,16.0,17.0,0
2010,16,352,20,9,22,1.0,1.0,1
2010,16,352,17,9,22,2.0,2.0,1
2010,16,352,4,6,22,4.0,5.0,1
2010,16,352,18,1,22,5.0,6.0,0
2010,16,352,1,1,22,8.0,3.0,0
2010,16,352,30,131,22,10.0,10.0,0
2010,16,352,155,15,22,14.0,14.0,0
2010,16,352,2,15,22,11.0,11.0,0
2010,16,352,22,3,22,7.0,8.0,0
2010,16,352,67,5,22,18.0,18.0,0
2010,16,352,153,5,22,16.0,16.0,0
2010,16,352,5,205,22,20.0,20.0,0
2010,16,352,15,205,22,19.0,19.0,0
2010,16,352,10,166,22,22.0,22.0,0
2010,16,352,811,164,22,23.0,23.0,0
2010,16,352,29,164,22,24.0,24.0,0
2010,16,352,3,131,22,6.0,7.0,0
2010,16,352,16,10,22,15.0,15.0,0
2010,16,352,9,4,22,3.0,4.0,0
2010,16,352,807,3,22,9.0,9.0,0
2010,16,352,13,6,22,12.0,12.0,0
2010,16,352,808,4,22,13.0,13.0,0
2010,16,352,24,10,22,17.0,17.0,0
2010,16,352,810,166,22,21.0,21.0,0
2010,17,353,4,6,35,3.0,3.0,1
2010,17,353,1,1,35,4.0,4.0,1
2010,17,353,13,6,35,6.0,6.0,1
2010,17,353,30,131,35,9.0,9.0,0
2010,17,353,9,4,35,8.0,8.0,0
2010,17,353,24,10,35,17.0,18.0,0
2010,17,353,22,3,35,10.0,10.0,0
2010,17,353,155,15,35,12.0,12.0,0
2010,17,353,2,15,35,13.0,13.0,0
2010,17,353,807,3,35,11.0,11.0,0
2010,17,353,153,5,35,15.0,16.0,0
2010,17,353,18,1,35,7.0,7.0,0
2010,17,353,5,205,35,21.0,21.0,0
2010,17,353,811,164,35,24.0,24.0,0
2010,17,353,29,164,35,23.0,23.0,0
2010,17,353,16,10,35,14.0,14.0,0
2010,17,353,20,9,35,1.0,1.0,0
2010,17,353,808,4,35,20.0,15.0,0
2010,17,353,10,166,35,19.0,20.0,0
2010,17,353,67,5,35,16.0,17.0,0
2010,17,353,810,166,35,22.0,22.0,0
2010,17,353,15,205,35,18.0,19.0,0
2010,17,353,17,9,35,2.0,2.0,0
2010,17,353,3,131,35,5.0,5.0,0
2010,18,354,20,9,18,2.0,2.0,1
2010,18,354,17,9,18,3.0,3.0,1
2010,18,354,4,6,18,5.0,5.0,1
2010,18,354,1,1,18,4.0,4.0,0
2010,18,354,18,1,18,11.0,11.0,0
2010,18,354,3,131,18,13.0,13.0,0
2010,18,354,30,131,18,8.0,8.0,0
2010,18,354,807,3,18,1.0,1.0,0
2010,18,354,9,4,18,7.0,7.0,0
2010,18,354,155,15,18,12.0,12.0,0
2010,18,354,153,5,18,14.0,14.0,0
2010,18,354,16,10,18,22.0,18.0,0
2010,18,354,67,5,18,19.0,15.0,0
2010,18,354,22,3,18,6.0,6.0,0
2010,18,354,13,6,18,9.0,9.0,0
2010,18,354,808,4,18,10.0,10.0,0
2010,18,354,2,15,18,15.0,16.0,0
2010,18,354,5,205,18,20.0,21.0,0
2010,18,354,15,205,18,18.0,20.0,0
2010,18,354,10,166,18,17.0,19.0,0
2010,18,354,811,164,18,24.0,24.0,0
2010,18,354,32,164,18,23.0,23.0,0
2010,18,354,810,166,18,21.0,22.0,0
2010,18,354,24,10,18,16.0,17.0,0
2010,19,355,20,9,24,1.0,1.0,1
2010,19,355,1,1,24,2.0,2.0,1
2010,19,355,18,1,24,4.0,4.0,1
2010,19,355,3,131,24,9.0,9.0,0
2010,19,355,9,4,24,11.0,11.0,0
2010,19,355,808,4,24,10.0,10.0,0
2010,19,355,4,6,24,3.0,3.0,0
2010,19,355,17,9,24,5.0,5.0,0
2010,19,355,153,5,24,17.0,17.0,0
2010,19,355,13,6,24,6.0,6.0,0
2010,19,355,2,15,24,14.0,14.0,0
2010,19,355,22,3,24,7.0,7.0,0
2010,19,355,16,10,24,13.0,13.0,0
2010,19,355,155,15,24,12.0,12.0,0
2010,19,355,67,5,24,18.0,18.0,0
2010,19,355,807,3,24,15.0,15.0,0
2010,19,355,5,205,24,20.0,20.0,0
2010,19,355,810,166,24,22.0,22.0,0
2010,19,355,811,164,24,23.0,23.0,0
2010,19,355,32,164,24,24.0,24.0,0
2010,19,355,15,205,24,19.0,19.0,0
2010,19,355,10,166,24,21.0,21.0,0
2010,19,355,30,131,24,8.0,8.0,0
2010,19,355,24,10,24,16.0,16.0,0
2011,1,841,20,9,1,1.0,1.0,1
2011,1,841,1,1,1,2.0,2.0,1
2011,1,841,808,4,1,6.0,6.0,1
2011,1,841,4,6,1,5.0,5.0,0
2011,1,841,17,9,1,3.0,3.0,0
2011,1,841,18,1,1,4.0,4.0,0
2011,1,841,13,6,1,8.0,8.0,0
2011,1,841,67,5,1,10.0,10.0,0
2011,1,841,16,10,1,16.0,16.0,0
2011,1,841,814,10,1,14.0,14.0,0
2011,1,841,153,5,1,12.0,12.0,0
2011,1,841,2,4,1,18.0,18.0,0
2011,1,841,15,205,1,20.0,20.0,0
2011,1,841,816,166,1,22.0,22.0,0
2011,1,841,10,166,1,21.0,21.0,0
2011,1,841,22,3,1,17.0,17.0,0
2011,1,841,3,131,1,7.0,7.0,0
2011,1,841,5,205,1,19.0,19.0,0
2011,1,841,30,131,1,11.0,11.0,0
2011,1,841,813,3,1,15.0,15.0,0
2011,1,841,155,15,1,9.0,9.0,0
2011,1,841,815,15,1,13.0,13.0,0
2011,2,842,20,9,2,1.0,1.0,1
2011,2,842,18,1,2,4.0,4.0,1
2011,2,842,2,4,2,6.0,6.0,1
2011,2,842,17,9,2,3.0,3.0,0
2011,2,842,13,6,2,7.0,7.0,0
2011,2,842,4,6,2,5.0,5.0,0
2011,2,842,155,15,2,10.0,10.0,0
2011,2,842,1,1,2,2.0,2.0,0
2011,2,842,30,131,2,11.0,11.0,0
2011,2,842,814,10,2,14.0,14.0,0
2011,2,842,16,10,2,17.0,17.0,0
2011,2,842,3,131,2,9.0,9.0,0
2011,2,842,67,5,2,12.0,12.0,0
2011,2,842,153,5,2,13.0,13.0,0
2011,2,842,5,205,2,19.0,19.0,0
2011,2,842,10,166,2,21.0,21.0,0
2011,2,842,808,4,2,8.0,8.0,0
2011,2,842,24,164,2,23.0,23.0,0
2011,2,842,816,166,2,22.0,22.0,0
2011,2,842,15,205,2,20.0,20.0,0
2011,2,842,815,15,2,16.0,16.0,0
2011,2,842,22,3,2,15.0,15.0,0
2011,2,842,39,164,2,24.0,24.0,0
2011,2,842,813,3,2,18.0,18.0,0
2011,3,843,1,1,17,3.0,3.0,1
2011,3,843,20,9,17,1.0,1.0,1
2011,3,843,17,9,17,18.0,18.0,1
2011,3,843,18,1,17,2.0,2.0,0
2011,3,843,3,131,17,4.0,4.0,0
2011,3,843,13,6,17,6.0,6.0,0
2011,3,843,4,6,17,5.0,5.0,0
2011,3,843,30,131,17,14.0,14.0,0
2011,3,843,808,4,17,10.0,10.0,0
2011,3,843,155,15,17,13.0,13.0,0
2011,3,843,814,10,17,8.0,8.0,0
2011,3,843,2,4,17,16.0,16.0,0
2011,3,843,22,3,17,15.0,15.0,0
2011,3,843,67,5,17,9.0,9.0,0
2011,3,843,16,10,17,11.0,11.0,0
2011,3,843,5,205,17,19.0,19.0,0
2011,3,843,815,15,17,12.0,12.0,0
2011,3,843,813,3,17,17.0,17.0,0
2011,3,843,15,205,17,20.0,20.0,0
2011,3,843,816,166,17,21.0,21.0,0
2011,3,843,10,166,17,22.0,22.0,0
2011,3,843,24,164,17,23.0,23.0,0
2011,3,843,39,164,17,24.0,24.0,0
2011,3,843,153,5,17,7.0,7.0,0
2011,4,844,20,9,5,1.0,1.0,1
2011,4,844,17,9,5,2.0,2.0,1
2011,4,844,4,6,5,5.0,5.0,1
2011,4,844,1,1,5,4.0,4.0,0
2011,4,844,3,131,5,3.0,3.0,0
2011,4,844,18,1,5,6.0,6.0,0
2011,4,844,2,4,5,9.0,9.0,0
2011,4,844,808,4,5,7.0,7.0,0
2011,4,844,67,5,5,16.0,16.0,0
2011,4,844,13,6,5,10.0,10.0,0
2011,4,844,30,131,5,8.0,8.0,0
2011,4,844,16,10,5,12.0,12.0,0
2011,4,844,815,15,5,15.0,15.0,0
2011,4,844,22,3,5,11.0,11.0,0
2011,4,844,153,5,5,17.0,17.0,0
2011,4,844,813,3,5,14.0,14.0,0
2011,4,844,15,205,5,19.0,19.0,0
2011,4,844,5,205,5,18.0,18.0,0
2011,4,844,816,166,5,23.0,20.0,0
2011,4,844,39,164,5,22.0,23.0,0
2011,4,844,24,164,5,20.0,21.0,0
2011,4,844,814,10,5,13.0,13.0,0
2011,4,844,10,166,5,21.0,22.0,0
2011,5,845,20,9,4,2.0,2.0,1
2011,5,845,1,1,4,3.0,3.0,1
2011,5,845,18,1,4,5.0,5.0,1
2011,5,845,17,9,4,1.0,1.0,0
2011,5,845,4,6,4,4.0,4.0,0
2011,5,845,30,131,4,10.0,10.0,0
2011,5,845,3,131,4,7.0,7.0,0
2011,5,845,815,15,4,12.0,12.0,0
2011,5,845,155,15,4,14.0,14.0,0
2011,5,845,808,4,4,6.0,6.0,0
2011,5,845,814,10,4,16.0,16.0,0
2011,5,845,16,10,4,17.0,17.0,0
2011,5,845,67,5,4,11.0,11.0,0
2011,5,845,813,3,4,9.0,9.0,0
2011,5,845,153,5,4,13.0,13.0,0
2011,5,845,22,3,4,19.0,19.0,0
2011,5,845,15,205,4,18.0,18.0,0
2011,5,845,10,166,4,20.0,20.0,0
2011,5,845,816,166,4,23.0,23.0,0
2011,5,845,39,164,4,22.0,22.0,0
2011,5,845,13,6,4,8.0,8.0,0
2011,5,845,5,205,4,15.0,15.0,0
2011,5,845,24,164,4,21.0,21.0,0
2011,6,846,20,9,6,1.0,1.0,1
2011,6,846,4,6,6,4.0,4.0,1
2011,6,846,18,1,6,2.0,2.0,1
2011,6,846,17,9,6,3.0,3.0,0
2011,6,846,155,15,6,12.0,13.0,0
2011,6,846,1,1,6,9.0,7.0,0
2011,6,846,16,10,6,14.0,15.0,0
2011,6,846,2,4,6,15.0,16.0,0
2011,6,846,22,3,6,11.0,12.0,0
2011,6,846,67,5,6,16.0,17.0,0
2011,6,846,3,131,6,7.0,8.0,0
2011,6,846,814,10,6,13.0,14.0,0
2011,6,846,15,205,6,18.0,19.0,0
2011,6,846,5,205,6,17.0,18.0,0
2011,6,846,816,166,6,21.0,22.0,0
2011,6,846,24,164,6,23.0,24.0,0
2011,6,846,39,164,6,22.0,23.0,0
2011,6,846,813,3,6,8.0,9.0,0
2011,6,846,808,4,6,10.0,11.0,0
2011,6,846,153,5,6,19.0,20.0,0
2011,6,846,13,6,6,6.0,6.0,0
2011,6,846,30,131,6,5.0,5.0,0
2011,6,846,10,166,6,20.0,21.0,0
2011,7,847,18,1,7,7.0,7.0,1
2011,7,847,20,9,7,1.0,1.0,1
2011,7,847,17,9,7,4.0,4.0,1
2011,7,847,30,131,7,8.0,8.0,0
2011,7,847,808,4,7,10.0,10.0,0
2011,7,847,13,6,7,3.0,3.0,0
2011,7,847,155,15,7,13.0,13.0,0
2011,7,847,153,5,7,24.0,18.0,0
2011,7,847,22,3,7,16.0,16.0,0
2011,7,847,67,5,7,15.0,15.0,0
2011,7,847,3,131,7,6.0,6.0,0
2011,7,847,37,15,7,17.0,17.0,0
2011,7,847,24,164,7,20.0,21.0,0
2011,7,847,39,164,7,22.0,23.0,0
2011,7,847,816,166,7,23.0,24.0,0
2011,7,847,10,166,7,21.0,22.0,0
2011,7,847,15,205,7,18.0,19.0,0
2011,7,847,814,10,7,11.0,11.0,0
2011,7,847,813,3,7,12.0,12.0,0
2011,7,847,2,4,7,9.0,9.0,0
2011,7,847,16,10,7,14.0,14.0,0
2011,7,847,4,6,7,2.0,2.0,0
2011,7,847,5,205,7,19.0,20.0,0
2011,7,847,1,1,7,5.0,5.0,0
2011,8,848,20,9,12,1.0,1.0,1
2011,8,848,4,6,12,4.0,4.0,1
2011,8,848,17,9,12,2.0,2.0,1
2011,8,848,1,1,12,3.0,3.0,0
2011,8,848,13,6,12,5.0,5.0,0
2011,8,848,18,1,12,6.0,6.0,0
2011,8,848,3,131,12,7.0,7.0,0
2011,8,848,153,5,12,18.0,18.0,0
2011,8,848,16,10,12,10.0,10.0,0
2011,8,848,2,4,12,9.0,9.0,0
2011,8,848,815,15,12,16.0,16.0,0
2011,8,848,22,3,12,13.0,13.0,0
2011,8,848,67,5,12,17.0,17.0,0
2011,8,848,814,10,12,12.0,12.0,0
2011,8,848,808,4,12,11.0,11.0,0
2011,8,848,155,15,12,14.0,14.0,0
2011,8,848,30,131,12,8.0,8.0,0
2011,8,848,813,3,12,15.0,15.0,0
2011,8,848,5,205,12,19.0,19.0,0
2011,8,848,15,205,12,20.0,20.0,0
2011,8,848,10,166,12,21.0,21.0,0
2011,8,848,816,166,12,23.0,23.0,0
2011,8,848,24,164,12,22.0,22.0,0
2011,8,848,39,164,12,24.0,24.0,0
2011,9,849,4,6,9,3.0,3.0,1
2011,9,849,20,9,9,2.0,2.0,1
2011,9,849,17,9,9,1.0,1.0,1
2011,9,849,1,1,9,10.0,10.0,0
2011,9,849,13,6,9,4.0,4.0,0
2011,9,849,3,131,9,9.0,9.0,0
2011,9,849,815,15,9,12.0,12.0,0
2011,9,849,2,4,9,16.0,16.0,0
2011,9,849,30,131,9,13.0,13.0,0
2011,9,849,153,5,9,18.0,18.0,0
2011,9,849,16,10,9,11.0,11.0,0
2011,9,849,808,4,9,14.0,14.0,0
2011,9,849,22,3,9,15.0,15.0,0
2011,9,849,813,3,9,7.0,7.0,0
2011,9,849,814,10,9,6.0,6.0,0
2011,9,849,10,166,9,20.0,20.0,0
2011,9,849,816,166,9,22.0,22.0,0
2011,9,849,24,164,9,23.0,23.0,0
2011,9,849,817,164,9,24.0,24.0,0
2011,9,849,18,1,9,5.0,5.0,0
2011,9,849,67,5,9,19.0,19.0,0
2011,9,849,155,15,9,8.0,8.0,0
2011,9,849,15,205,9,21.0,21.0,0
2011,9,849,5,205,9,17.0,17.0,0
2011,10,850,1,1,20,2.0,2.0,1
2011,10,850,4,6,20,4.0,4.0,1
2011,10,850,17,9,20,1.0,1.0,1
2011,10,850,20,9,20,3.0,3.0,0
2011,10,850,13,6,20,5.0,5.0,0
2011,10,850,16,10,20,8.0,8.0,0
2011,10,850,3,131,20,6.0,6.0,0
2011,10,850,30,131,20,10.0,10.0,0
2011,10,850,155,15,20,17.0,18.0,0
2011,10,850,808,4,20,9.0,9.0,0
2011,10,850,815,15,20,15.0,15.0,0
2011,10,850,153,5,20,16.0,17.0,0
2011,10,850,814,10,20,12.0,12.0,0
2011,10,850,813,3,20,13.0,13.0,0
2011,10,850,67,5,20,24.0,16.0,0
2011,10,850,5,205,20,18.0,19.0,0
2011,10,850,10,166,20,19.0,20.0,0
2011,10,850,816,166,20,21.0,22.0,0
2011,10,850,817,164,20,22.0,24.0,0
2011,10,850,812,205,20,20.0,21.0,0
2011,10,850,24,164,20,23.0,23.0,0
2011,10,850,18,1,20,7.0,7.0,0
2011,10,850,22,3,20,14.0,14.0,0
2011,10,850,2,4,20,11.0,11.0,0
2011,11,851,18,1,11,3.0,3.0,1
2011,11,851,20,9,11,1.0,1.0,1
2011,11,851,4,6,11,5.0,5.0,1
2011,11,851,1,1,11,2.0,2.0,0
2011,11,851,17,9,11,6.0,6.0,0
2011,11,851,13,6,11,4.0,4.0,0
2011,11,851,814,10,11,11.0,11.0,0
2011,11,851,67,5,11,23.0,18.0,0
2011,11,851,3,131,11,7.0,7.0,0
2011,11,851,153,5,11,16.0,16.0,0
2011,11,851,155,15,11,13.0,13.0,0
2011,11,851,808,4,11,12.0,12.0,0
2011,11,851,22,3,11,15.0,15.0,0
2011,11,851,16,10,11,8.0,8.0,0
2011,11,851,815,15,11,10.0,10.0,0
2011,11,851,813,3,11,17.0,17.0,0
2011,11,851,10,166,11,20.0,21.0,0
2011,11,851,817,164,11,22.0,23.0,0
2011,11,851,816,166,11,24.0,24.0,0
2011,11,851,24,164,11,21.0,22.0,0
2011,11,851,5,205,11,18.0,19.0,0
2011,11,851,30,131,11,9.0,9.0,0
2011,11,851,2,4,11,14.0,14.0,0
2011,11,851,15,205,11,19.0,20.0,0
2011,12,852,20,9,13,1.0,1.0,1
2011,12,852,17,9,13,3.0,3.0,1
2011,12,852,18,1,13,13.0,13.0,1
2011,12,852,4,6,13,8.0,8.0,0
2011,12,852,3,131,13,5.0,5.0,0
2011,12,852,16,10,13,15.0,15.0,0
2011,12,852,13,6,13,4.0,4.0,0
2011,12,852,808,4,13,10.0,10.0,0
2011,12,852,813,3,13,21.0,16.0,0
2011,12,852,814,10,13,17.0,18.0,0
2011,12,852,155,15,13,12.0,12.0,0
2011,12,852,811,4,13,7.0,7.0,0
2011,12,852,15,205,13,18.0,19.0,0
2011,12,852,5,205,13,16.0,17.0,0
2011,12,852,22,3,13,14.0,14.0,0
2011,12,852,816,166,13,20.0,21.0,0
2011,12,852,10,166,13,19.0,20.0,0
2011,12,852,24,164,13,22.0,22.0,0
2011,12,852,815,15,13,9.0,9.0,0
2011,12,852,817,164,13,23.0,23.0,0
2011,12,852,1,1,13,2.0,2.0,0
2011,12,852,67,5,13,11.0,11.0,0
2011,12,852,153,5,13,6.0,6.0,0
2011,13,853,20,9,14,1.0,1.0,1
2011,13,853,18,1,14,3.0,3.0,1
2011,13,853,4,6,14,4.0,4.0,1
2011,13,853,1,1,14,2.0,2.0,0
2011,13,853,30,131,14,8.0,8.0,0
2011,13,853,13,6,14,6.0,6.0,0
2011,13,853,153,5,14,18.0,18.0,0
2011,13,853,814,10,14,11.0,11.0,0
2011,13,853,811,4,14,10.0,10.0,0
2011,13,853,67,5,14,16.0,16.0,0
2011,13,853,813,3,14,14.0,14.0,0
2011,13,853,22,3,14,13.0,13.0,0
2011,13,853,5,205,14,20.0,20.0,0
2011,13,853,15,205,14,19.0,19.0,0
2011,13,853,10,166,14,21.0,21.0,0
2011,13,853,817,164,14,23.0,23.0,0
2011,13,853,815,15,14,15.0,15.0,0
2011,13,853,155,15,14,17.0,17.0,0
2011,13,853,16,10,14,12.0,12.0,0
2011,13,853,17,9,14,5.0,5.0,0
2011,13,853,816,166,14,22.0,22.0,0
2011,13,853,808,4,14,7.0,7.0,0
2011,13,853,3,131,14,9.0,9.0,0
2011,13,853,24,164,14,24.0,24.0,0
2011,14,854,20,9,15,1.0,1.0,1
2011,14,854,18,1,15,3.0,3.0,1
2011,14,854,17,9,15,2.0,2.0,1
2011,14,854,4,6,15,5.0,5.0,0
2011,14,854,1,1,15,4.0,4.0,0
2011,14,854,814,10,15,10.0,10.0,0
2011,14,854,3,131,15,7.0,7.0,0
2011,14,854,16,10,15,9.0,9.0,0
2011,14,854,13,6,15,6.0,6.0,0
2011,14,854,815,15,15,11.0,11.0,0
2011,14,854,813,3,15,13.0,13.0,0
2011,14,854,67,5,15,14.0,14.0,0
2011,14,854,22,3,15,12.0,12.0,0
2011,14,854,155,15,15,17.0,17.0,0
2011,14,854,811,4,15,15.0,15.0,0
2011,14,854,5,205,15,19.0,19.0,0
2011,14,854,808,4,15,18.0,18.0,0
2011,14,854,816,166,15,22.0,22.0,0
2011,14,854,817,164,15,23.0,23.0,0
2011,14,854,24,164,15,24.0,24.0,0
2011,14,854,153,5,15,16.0,16.0,0
2011,14,854,15,205,15,20.0,20.0,0
2011,14,854,30,131,15,8.0,8.0,0
2011,14,854,10,166,15,21.0,21.0,0
2011,15,855,18,1,22,2.0,2.0,1
2011,15,855,4,6,22,5.0,5.0,1
2011,15,855,20,9,22,1.0,1.0,1
2011,15,855,17,9,22,6.0,6.0,0
2011,15,855,1,1,22,3.0,3.0,0
2011,15,855,30,131,22,8.0,7.0,0
2011,15,855,13,6,22,4.0,4.0,0
2011,15,855,815,15,22,17.0,17.0,0
2011,15,855,808,4,22,10.0,9.0,0
2011,15,855,3,131,22,23.0,23.0,0
2011,15,855,16,10,22,11.0,11.0,0
2011,15,855,814,10,22,12.0,12.0,0
2011,15,855,155,15,22,7.0,10.0,0
2011,15,855,813,3,22,14.0,14.0,0
2011,15,855,153,5,22,16.0,16.0,0
2011,15,855,811,4,22,9.0,8.0,0
2011,15,855,22,3,22,13.0,13.0,0
2011,15,855,5,205,22,18.0,18.0,0
2011,15,855,15,205,22,19.0,19.0,0
2011,15,855,10,166,22,21.0,21.0,0
2011,15,855,816,166,22,20.0,20.0,0
2011,15,855,817,164,22,22.0,22.0,0
2011,15,855,24,164,22,24.0,24.0,0
2011,15,855,67,5,22,15.0,15.0,0
2011,16,856,20,9,35,2.0,2.0,1
2011,16,856,1,1,35,1.0,1.0,1
2011,16,856,17,9,35,4.0,4.0,1
2011,16,856,18,1,35,3.0,3.0,0
2011,16,856,4,6,35,6.0,6.0,0
2011,16,856,13,6,35,5.0,5.0,0
2011,16,856,153,5,35,11.0,11.0,0
2011,16,856,3,131,35,7.0,7.0,0
2011,16,856,67,5,35,13.0,13.0,0
2011,16,856,814,10,35,9.0,9.0,0
2011,16,856,16,10,35,10.0,10.0,0
2011,16,856,22,3,35,18.0,18.0,0
2011,16,856,811,4,35,15.0,15.0,0
2011,16,856,5,205,35,19.0,19.0,0
2011,16,856,155,15,35,14.0,14.0,0
2011,16,856,815,15,35,17.0,17.0,0
2011,16,856,15,205,35,20.0,20.0,0
2011,16,856,10,166,35,21.0,21.0,0
2011,16,856,817,164,35,24.0,24.0,0
2011,16,856,816,166,35,22.0,22.0,0
2011,16,856,24,164,35,23.0,23.0,0
2011,16,856,813,3,35,16.0,16.0,0
2011,16,856,808,4,35,8.0,8.0,0
2011,16,856,30,131,35,12.0,12.0,0
2011,17,857,20,9,68,1.0,1.0,1
2011,17,857,18,1,68,4.0,5.0,1
2011,17,857,4,6,68,3.0,4.0,1
2011,17,857,17,9,68,2.0,3.0,0
2011,17,857,30,131,68,11.0,12.0,0
2011,17,857,3,131,68,7.0,7.0,0
2011,17,857,1,1,68,5.0,2.0,0
2011,17,857,153,5,68,10.0,10.0,0
2011,17,857,16,10,68,8.0,8.0,0
2011,17,857,815,15,68,20.0,17.0,0
2011,17,857,808,4,68,16.0,11.0,0
2011,17,857,811,4,68,14.0,15.0,0
2011,17,857,814,10,68,12.0,13.0,0
2011,17,857,5,205,68,18.0,19.0,0
2011,17,857,22,3,68,15.0,16.0,0
2011,17,857,816,166,68,21.0,23.0,0
2011,17,857,39,164,68,24.0,22.0,0
2011,17,857,817,164,68,23.0,21.0,0
2011,17,857,15,205,68,19.0,20.0,0
2011,17,857,13,6,68,6.0,6.0,0
2011,17,857,67,5,68,9.0,9.0,0
2011,17,857,813,3,68,13.0,14.0,0
2011,17,857,10,166,68,22.0,24.0,0
2011,17,857,155,15,68,17.0,18.0,0
2011,18,858,1,1,24,2.0,2.0,1
2011,18,858,4,6,24,5.0,5.0,1
2011,18,858,18,1,24,3.0,3.0,1
2011,18,858,17,9,24,4.0,4.0,0
2011,18,858,13,6,24,6.0,6.0,0
2011,18,858,3,131,24,7.0,7.0,0
2011,18,858,30,131,24,8.0,8.0,0
2011,18,858,16,10,24,9.0,9.0,0
2011,18,858,814,10,24,10.0,10.0,0
2011,18,858,155,15,24,16.0,16.0,0
2011,18,858,815,15,24,11.0,11.0,0
2011,18,858,808,4,24,12.0,12.0,0
2011,18,858,813,3,24,23.0,17.0,0
2011,18,858,153,5,24,15.0,15.0,0
2011,18,858,811,4,24,14.0,14.0,0
2011,18,858,5,205,24,17.0,18.0,0
2011,18,858,15,205,24,18.0,19.0,0
2011,18,858,10,166,24,19.0,20.0,0
2011,18,858,24,164,24,22.0,23.0,0
2011,18,858,817,164,24,20.0,21.0,0
2011,18,858,67,5,24,13.0,13.0,0
2011,18,858,816,166,24,21.0,22.0,0
2011,18,858,20,9,24,1.0,1.0,0
2011,19,859,17,9,18,2.0,2.0,1
2011,19,859,20,9,18,1.0,1.0,1
2011,19,859,18,1,18,3.0,3.0,1
2011,19,859,4,6,18,5.0,5.0,0
2011,19,859,13,6,18,7.0,7.0,0
2011,19,859,16,10,18,8.0,8.0,0
2011,19,859,3,131,18,6.0,6.0,0
2011,19,859,814,10,18,11.0,11.0,0
2011,19,859,155,15,18,16.0,16.0,0
2011,19,859,808,4,18,15.0,15.0,0
2011,19,859,153,5,18,13.0,13.0,0
2011,19,859,67,5,18,14.0,14.0,0
2011,19,859,815,15,18,17.0,17.0,0
2011,19,859,22,3,18,12.0,12.0,0
2011,19,859,30,131,18,10.0,10.0,0
2011,19,859,5,205,18,19.0,19.0,0
2011,19,859,811,4,18,9.0,9.0,0
2011,19,859,15,205,18,20.0,20.0,0
2011,19,859,816,166,18,23.0,23.0,0
2011,19,859,817,164,18,22.0,22.0,0
2011,19,859,24,164,18,21.0,21.0,0
2011,19,859,1,1,18,4.0,4.0,0
2011,19,859,813,3,18,18.0,18.0,0
2011,19,859,10,166,18,24.0,24.0,0
2012,1,860,18,1,1,2.0,2.0,1
2012,1,860,20,9,1,6.0,6.0,1
2012,1,860,1,1,1,1.0,1.0,1
2012,1,860,17,9,1,5.0,5.0,0
2012,1,860,4,6,1,12.0,12.0,0
2012,1,860,155,15,1,13.0,13.0,0
2012,1,860,8,208,1,17.0,18.0,0
2012,1,860,815,15,1,22.0,17.0,0
2012,1,860,817,5,1,10.0,10.0,0
2012,1,860,814,10,1,15.0,15.0,0
2012,1,860,818,5,1,11.0,11.0,0
2012,1,860,3,131,1,7.0,7.0,0
2012,1,860,813,3,1,8.0,8.0,0
2012,1,860,10,206,1,20.0,21.0,0
2012,1,860,819,206,1,21.0,22.0,0
2012,1,860,811,3,1,14.0,14.0,0
2012,1,860,13,6,1,16.0,16.0,0
2012,1,860,5,207,1,18.0,19.0,0
2012,1,860,808,207,1,19.0,20.0,0
2012,1,860,30,131,1,4.0,4.0,0
2012,1,860,154,208,1,3.0,3.0,0
2012,1,860,807,10,1,9.0,9.0,0
2012,1,860,37,164,1,0.0,23.0,0
2012,1,860,39,164,1,0.0,24.0,0
2012,2,861,4,6,2,8.0,9.0,1
2012,2,861,815,15,2,9.0,10.0,1
2012,2,861,1,1,2,1.0,1.0,1
2012,2,861,17,9,2,4.0,4.0,0
2012,2,861,8,208,2,10.0,5.0,0
2012,2,861,811,3,2,13.0,13.0,0
2012,2,861,814,10,2,14.0,14.0,0
2012,2,861,818,5,2,18.0,18.0,0
2012,2,861,807,10,2,16.0,16.0,0
2012,2,861,30,131,2,3.0,3.0,0
2012,2,861,20,9,2,5.0,6.0,0
2012,2,861,817,5,2,15.0,15.0,0
2012,2,861,3,131,2,7.0,8.0,0
2012,2,861,18,1,2,2.0,2.0,0
2012,2,861,13,6,2,12.0,12.0,0
2012,2,861,808,207,2,19.0,20.0,0
2012,2,861,10,206,2,20.0,21.0,0
2012,2,861,5,207,2,24.0,19.0,0
2012,2,861,813,3,2,11.0,11.0,0
2012,2,861,819,206,2,21.0,22.0,0
2012,2,861,39,164,2,23.0,24.0,0
2012,2,861,37,164,2,22.0,23.0,0
2012,2,861,155,15,2,17.0,17.0,0
2012,2,861,154,208,2,6.0,7.0,0
2012,3,862,3,131,17,1.0,1.0,1
2012,3,862,18,1,17,5.0,6.0,1
2012,3,862,1,1,17,7.0,2.0,1
2012,3,862,17,9,17,6.0,7.0,0
2012,3,862,20,9,17,11.0,11.0,0
2012,3,862,154,208,17,10.0,10.0,0
2012,3,862,811,3,17,14.0,14.0,0
2012,3,862,813,3,17,13.0,13.0,0
2012,3,862,4,6,17,9.0,9.0,0
2012,3,862,155,15,17,3.0,4.0,0
2012,3,862,815,15,17,8.0,8.0,0
2012,3,862,814,10,17,15.0,15.0,0
2012,3,862,13,6,17,12.0,12.0,0
2012,3,862,8,208,17,4.0,5.0,0
2012,3,862,807,10,17,16.0,16.0,0
2012,3,862,818,5,17,24.0,18.0,0
2012,3,862,817,5,17,17.0,17.0,0
2012,3,862,808,207,17,19.0,20.0,0
2012,3,862,10,206,17,20.0,21.0,0
2012,3,862,819,206,17,21.0,22.0,0
2012,3,862,37,164,17,22.0,23.0,0
2012,3,862,39,164,17,23.0,24.0,0
2012,3,862,5,207,17,18.0,19.0,0
2012,3,862,30,131,17,2.0,3.0,0
2012,4,863,20,9,3,1.0,1.0,1
2012,4,863,8,208,3,11.0,11.0,1
2012,4,863,154,208,3,7.0,7.0,1
2012,4,863,17,9,3,3.0,3.0,0
2012,4,863,3,131,3,5.0,5.0,0
2012,4,863,814,10,3,10.0,10.0,0
2012,4,863,4,6,3,9.0,9.0,0
2012,4,863,1,1,3,2.0,2.0,0
2012,4,863,13,6,3,14.0,14.0,0
2012,4,863,30,131,3,22.0,18.0,0
2012,4,863,815,15,3,8.0,8.0,0
2012,4,863,807,10,3,13.0,13.0,0
2012,4,863,155,15,3,12.0,12.0,0
2012,4,863,818,5,3,17.0,19.0,0
2012,4,863,817,5,3,6.0,6.0,0
2012,4,863,808,207,3,18.0,20.0,0
2012,4,863,5,207,3,16.0,16.0,0
2012,4,863,18,1,3,4.0,4.0,0
2012,4,863,10,206,3,23.0,23.0,0
2012,4,863,37,164,3,20.0,22.0,0
2012,4,863,39,164,3,24.0,24.0,0
2012,4,863,811,3,3,15.0,15.0,0
2012,4,863,813,3,3,21.0,17.0,0
2012,4,863,819,206,3,19.0,21.0,0
2012,5,864,813,3,4,1.0,2.0,1
2012,5,864,4,6,4,2.0,3.0,1
2012,5,864,8,208,4,4.0,5.0,1
2012,5,864,154,208,4,3.0,4.0,0
2012,5,864,155,15,4,9.0,10.0,0
2012,5,864,20,9,4,7.0,8.0,0
2012,5,864,3,131,4,6.0,7.0,0
2012,5,864,1,1,4,24.0,1.0,0
2012,5,864,18,1,4,10.0,11.0,0
2012,5,864,807,10,4,13.0,14.0,0
2012,5,864,17,9,4,11.0,12.0,0
2012,5,864,818,5,4,14.0,15.0,0
2012,5,864,817,5,4,15.0,16.0,0
2012,5,864,814,10,4,12.0,13.0,0
2012,5,864,13,6,4,16.0,17.0,0
2012,5,864,5,207,4,19.0,20.0,0
2012,5,864,808,207,4,18.0,19.0,0
2012,5,864,10,206,4,21.0,22.0,0
2012,5,864,37,164,4,22.0,23.0,0
2012,5,864,815,15,4,5.0,6.0,0
2012,5,864,819,206,4,20.0,21.0,0
2012,5,864,39,164,4,23.0,24.0,0
2012,5,864,811,3,4,17.0,18.0,0
2012,5,864,30,131,4,8.0,9.0,0
2012,6,865,17,9,6,1.0,2.0,1
2012,6,865,3,131,6,2.0,3.0,1
2012,6,865,4,6,6,5.0,6.0,1
2012,6,865,20,9,6,9.0,10.0,0
2012,6,865,1,1,6,3.0,4.0,0
2012,6,865,13,6,6,7.0,7.0,0
2012,6,865,814,10,6,14.0,15.0,0
2012,6,865,807,10,6,10.0,11.0,0
2012,6,865,8,208,6,8.0,8.0,0
2012,6,865,811,3,6,13.0,14.0,0
2012,6,865,818,5,6,16.0,17.0,0
2012,6,865,5,207,6,17.0,18.0,0
2012,6,865,10,206,6,19.0,20.0,0
2012,6,865,39,164,6,22.0,23.0,0
2012,6,865,18,1,6,12.0,13.0,0
2012,6,865,817,5,6,15.0,16.0,0
2012,6,865,819,206,6,21.0,22.0,0
2012,6,865,30,131,6,6.0,1.0,0
2012,6,865,808,207,6,18.0,19.0,0
2012,6,865,155,15,6,11.0,12.0,0
2012,6,865,37,164,6,20.0,21.0,0
2012,6,865,813,3,6,24.0,9.0,0
2012,6,865,154,208,6,4.0,5.0,0
2012,7,866,1,1,7,2.0,2.0,1
2012,7,866,154,208,7,7.0,7.0,1
2012,7,866,815,15,7,15.0,15.0,1
2012,7,866,20,9,7,1.0,1.0,0
2012,7,866,4,6,7,3.0,3.0,0
2012,7,866,3,131,7,5.0,5.0,0
2012,7,866,17,9,7,4.0,4.0,0
2012,7,866,8,208,7,12.0,12.0,0
2012,7,866,155,15,7,11.0,11.0,0
2012,7,866,13,6,7,6.0,6.0,0
2012,7,866,814,10,7,8.0,8.0,0
2012,7,866,807,10,7,13.0,13.0,0
2012,7,866,813,3,7,22.0,17.0,0
2012,7,866,817,5,7,14.0,14.0,0
2012,7,866,818,5,7,19.0,20.0,0
2012,7,866,18,1,7,10.0,10.0,0
2012,7,866,811,3,7,16.0,16.0,0
2012,7,866,5,207,7,17.0,18.0,0
2012,7,866,808,207,7,18.0,19.0,0
2012,7,866,819,206,7,23.0,23.0,0
2012,7,866,10,206,7,21.0,22.0,0
2012,7,866,30,131,7,9.0,9.0,0
2012,7,866,37,164,7,20.0,21.0,0
2012,7,866,39,164,7,24.0,24.0,0
2012,8,867,4,6,12,11.0,11.0,1
2012,8,867,8,208,12,5.0,5.0,1
2012,8,867,30,131,12,12.0,12.0,1
2012,8,867,17,9,12,19.0,19.0,0
2012,8,867,807,10,12,8.0,8.0,0
2012,8,867,3,131,12,6.0,6.0,0
2012,8,867,814,10,12,10.0,10.0,0
2012,8,867,18,1,12,9.0,9.0,0
2012,8,867,815,15,12,15.0,15.0,0
2012,8,867,811,3,12,14.0,14.0,0
2012,8,867,817,5,12,17.0,17.0,0
2012,8,867,813,3,12,3.0,3.0,0
2012,8,867,808,207,12,20.0,20.0,0
2012,8,867,5,207,12,16.0,16.0,0
2012,8,867,819,206,12,23.0,23.0,0
2012,8,867,13,6,12,13.0,13.0,0
2012,8,867,37,164,12,21.0,21.0,0
2012,8,867,39,164,12,22.0,22.0,0
2012,8,867,1,1,12,2.0,2.0,0
2012,8,867,154,208,12,4.0,4.0,0
2012,8,867,20,9,12,1.0,1.0,0
2012,8,867,155,15,12,7.0,7.0,0
2012,8,867,818,5,12,18.0,18.0,0
2012,9,868,17,9,9,2.0,2.0,1
2012,9,868,4,6,9,1.0,1.0,1
2012,9,868,20,9,9,4.0,4.0,1
2012,9,868,13,6,9,5.0,5.0,0
2012,9,868,8,208,9,6.0,6.0,0
2012,9,868,154,208,9,9.0,10.0,0
2012,9,868,30,131,9,3.0,3.0,0
2012,9,868,1,1,9,8.0,8.0,0
2012,9,868,811,3,9,13.0,15.0,0
2012,9,868,18,1,9,16.0,18.0,0
2012,9,868,155,15,9,17.0,12.0,0
2012,9,868,807,10,9,14.0,9.0,0
2012,9,868,817,5,9,12.0,14.0,0
2012,9,868,818,5,9,23.0,16.0,0
2012,9,868,3,131,9,11.0,13.0,0
2012,9,868,813,3,9,7.0,7.0,0
2012,9,868,5,207,9,19.0,20.0,0
2012,9,868,10,206,9,20.0,21.0,0
2012,9,868,819,206,9,24.0,24.0,0
2012,9,868,37,164,9,21.0,22.0,0
2012,9,868,39,164,9,22.0,23.0,0
2012,9,868,815,15,9,15.0,17.0,0
2012,9,868,814,10,9,10.0,11.0,0
2012,9,868,808,207,9,18.0,19.0,0
2012,10,869,4,6,10,1.0,1.0,1
2012,10,869,18,1,10,6.0,7.0,1
2012,10,869,8,208,10,10.0,10.0,1
2012,10,869,155,15,10,12.0,13.0,0
2012,10,869,20,9,10,2.0,2.0,0
2012,10,869,815,15,10,17.0,12.0,0
2012,10,869,30,131,10,3.0,4.0,0
2012,10,869,17,9,10,8.0,3.0,0
2012,10,869,807,10,10,4.0,5.0,0
2012,10,869,3,131,10,21.0,17.0,0
2012,10,869,814,10,10,9.0,9.0,0
2012,10,869,13,6,10,13.0,14.0,0
2012,10,869,817,5,10,11.0,11.0,0
2012,10,869,818,5,10,15.0,18.0,0
2012,10,869,813,3,10,5.0,6.0,0
2012,10,869,808,207,10,18.0,20.0,0
2012,10,869,811,3,10,14.0,16.0,0
2012,10,869,154,208,10,19.0,15.0,0
2012,10,869,5,207,10,16.0,19.0,0
2012,10,869,819,206,10,20.0,21.0,0
2012,10,869,37,164,10,23.0,23.0,0
2012,10,869,10,206,10,22.0,22.0,0
2012,10,869,39,164,10,24.0,24.0,0
2012,10,869,1,1,10,7.0,8.0,0
2012,11,870,1,1,11,1.0,1.0,1
2012,11,870,8,208,11,5.0,5.0,1
2012,11,870,154,208,11,2.0,2.0,1
2012,11,870,20,9,11,3.0,3.0,0
2012,11,870,4,6,11,6.0,6.0,0
2012,11,870,18,1,11,4.0,4.0,0
2012,11,870,811,3,11,9.0,9.0,0
2012,11,870,17,9,11,11.0,11.0,0
2012,11,870,13,6,11,7.0,7.0,0
2012,11,870,3,131,11,13.0,13.0,0
2012,11,870,807,10,11,10.0,10.0,0
2012,11,870,814,10,11,12.0,12.0,0
2012,11,870,813,3,11,8.0,8.0,0
2012,11,870,815,15,11,14.0,14.0,0
2012,11,870,817,5,11,18.0,18.0,0
2012,11,870,818,5,11,16.0,16.0,0
2012,11,870,5,207,11,19.0,19.0,0
2012,11,870,155,15,11,15.0,15.0,0
2012,11,870,808,207,11,20.0,20.0,0
2012,11,870,819,206,11,21.0,21.0,0
2012,11,870,10,206,11,22.0,22.0,0
2012,11,870,37,164,11,23.0,23.0,0
2012,11,870,39,164,11,24.0,24.0,0
2012,11,870,30,131,11,17.0,17.0,0
2012,12,871,18,1,13,1.0,1.0,1
2012,12,871,20,9,13,10.0,11.0,1
2012,12,871,8,208,13,3.0,4.0,1
2012,12,871,807,10,13,11.0,12.0,0
2012,12,871,13,6,13,14.0,14.0,0
2012,12,871,17,9,13,12.0,7.0,0
2012,12,871,30,131,13,13.0,13.0,0
2012,12,871,818,5,13,15.0,15.0,0
2012,12,871,817,5,13,16.0,16.0,0
2012,12,871,814,10,13,9.0,10.0,0
2012,12,871,3,131,13,23.0,18.0,0
2012,12,871,811,3,13,17.0,17.0,0
2012,12,871,155,15,13,2.0,2.0,0
2012,12,871,808,207,13,19.0,20.0,0
2012,12,871,10,206,13,20.0,21.0,0
2012,12,871,819,206,13,22.0,23.0,0
2012,12,871,5,207,13,18.0,19.0,0
2012,12,871,37,164,13,21.0,22.0,0
2012,12,871,39,164,13,24.0,24.0,0
2012,12,871,813,3,13,6.0,3.0,0
2012,12,871,815,15,13,4.0,5.0,0
2012,12,871,4,6,13,5.0,6.0,0
2012,12,871,1,1,13,7.0,8.0,0
2012,12,871,154,208,13,8.0,9.0,0
2012,13,872,1,1,14,1.0,1.0,1
2012,13,872,815,15,14,12.0,13.0,1
2012,13,872,4,6,14,10.0,10.0,1
2012,13,872,13,6,14,3.0,3.0,0
2012,13,872,8,208,14,7.0,8.0,0
2012,13,872,30,131,14,4.0,5.0,0
2012,13,872,3,131,14,6.0,7.0,0
2012,13,872,814,10,14,9.0,4.0,0
2012,13,872,155,15,14,8.0,9.0,0
2012,13,872,811,3,14,13.0,14.0,0
2012,13,872,813,3,14,22.0,12.0,0
2012,13,872,817,5,14,14.0,15.0,0
2012,13,872,816,208,14,15.0,16.0,0
2012,13,872,5,207,14,17.0,18.0,0
2012,13,872,808,207,14,18.0,19.0,0
2012,13,872,819,206,14,20.0,21.0,0
2012,13,872,10,206,14,19.0,20.0,0
2012,13,872,37,164,14,23.0,23.0,0
2012,13,872,39,164,14,21.0,22.0,0
2012,13,872,17,9,14,11.0,11.0,0
2012,13,872,20,9,14,5.0,6.0,0
2012,13,872,18,1,14,2.0,2.0,0
2012,13,872,818,5,14,16.0,17.0,0
2012,14,873,20,9,15,3.0,3.0,1
2012,14,873,18,1,15,4.0,4.0,1
2012,14,873,4,6,15,5.0,5.0,1
2012,14,873,814,10,15,6.0,6.0,0
2012,14,873,3,131,15,10.0,10.0,0
2012,14,873,8,208,15,12.0,12.0,0
2012,14,873,154,208,15,8.0,8.0,0
2012,14,873,13,6,15,13.0,13.0,0
2012,14,873,817,5,15,15.0,15.0,0
2012,14,873,815,15,15,14.0,14.0,0
2012,14,873,17,9,15,7.0,7.0,0
2012,14,873,10,206,15,20.0,21.0,0
2012,14,873,155,15,15,17.0,18.0,0
2012,14,873,807,10,15,11.0,11.0,0
2012,14,873,5,207,15,19.0,20.0,0
2012,14,873,819,206,15,21.0,22.0,0
2012,14,873,37,164,15,24.0,24.0,0
2012,14,873,811,3,15,22.0,17.0,0
2012,14,873,808,207,15,18.0,19.0,0
2012,14,873,818,5,15,16.0,16.0,0
2012,14,873,30,131,15,9.0,9.0,0
2012,14,873,813,3,15,2.0,2.0,0
2012,14,873,39,164,15,23.0,23.0,0
2012,14,873,1,1,15,1.0,1.0,0
2012,15,874,20,9,22,1.0,1.0,1
2012,15,874,13,6,22,10.0,11.0,1
2012,15,874,155,15,22,3.0,4.0,1
2012,15,874,18,1,22,8.0,3.0,0
2012,15,874,1,1,22,9.0,9.0,0
2012,15,874,8,208,22,7.0,8.0,0
2012,15,874,807,10,22,15.0,10.0,0
2012,15,874,813,3,22,12.0,14.0,0
2012,15,874,17,9,22,2.0,2.0,0
2012,15,874,817,5,22,14.0,16.0,0
2012,15,874,30,131,22,23.0,13.0,0
2012,15,874,814,10,22,11.0,12.0,0
2012,15,874,818,5,22,19.0,17.0,0
2012,15,874,811,3,22,16.0,18.0,0
2012,15,874,5,207,22,17.0,19.0,0
2012,15,874,10,206,22,18.0,20.0,0
2012,15,874,808,207,22,22.0,23.0,0
2012,15,874,37,164,22,20.0,21.0,0
2012,15,874,154,208,22,4.0,5.0,0
2012,15,874,819,206,22,21.0,22.0,0
2012,15,874,39,164,22,24.0,24.0,0
2012,15,874,815,15,22,5.0,6.0,0
2012,15,874,4,6,22,6.0,7.0,0
2012,15,874,3,131,22,13.0,15.0,0
2012,16,875,20,9,35,2.0,2.0,1
2012,16,875,17,9,35,1.0,1.0,1
2012,16,875,4,6,35,4.0,4.0,1
2012,16,875,13,6,35,6.0,6.0,0
2012,16,875,8,208,35,5.0,5.0,0
2012,16,875,807,10,35,8.0,8.0,0
2012,16,875,154,208,35,7.0,7.0,0
2012,16,875,818,5,35,16.0,17.0,0
2012,16,875,817,5,35,21.0,16.0,0
2012,16,875,1,1,35,3.0,3.0,0
2012,16,875,815,15,35,12.0,12.0,0
2012,16,875,814,10,35,14.0,14.0,0
2012,16,875,30,131,35,10.0,10.0,0
2012,16,875,813,3,35,15.0,15.0,0
2012,16,875,811,3,35,17.0,18.0,0
2012,16,875,808,207,35,18.0,19.0,0
2012,16,875,5,207,35,19.0,20.0,0
2012,16,875,10,206,35,20.0,22.0,0
2012,16,875,819,206,35,24.0,21.0,0
2012,16,875,37,164,35,22.0,23.0,0
2012,16,875,155,15,35,13.0,13.0,0
2012,16,875,3,131,35,9.0,9.0,0
2012,16,875,18,1,35,11.0,11.0,0
2012,17,876,20,9,68,1.0,1.0,1
2012,17,876,4,6,68,5.0,5.0,1
2012,17,876,17,9,68,2.0,2.0,1
2012,17,876,1,1,68,3.0,3.0,0
2012,17,876,18,1,68,4.0,4.0,0
2012,17,876,13,6,68,6.0,6.0,0
2012,17,876,8,208,68,7.0,7.0,0
2012,17,876,807,10,68,12.0,12.0,0
2012,17,876,154,208,68,11.0,11.0,0
2012,17,876,811,3,68,13.0,13.0,0
2012,17,876,3,131,68,10.0,10.0,0
2012,17,876,814,10,68,16.0,16.0,0
2012,17,876,817,5,68,15.0,15.0,0
2012,17,876,155,15,68,17.0,17.0,0
2012,17,876,818,5,68,18.0,18.0,0
2012,17,876,813,3,68,9.0,9.0,0
2012,17,876,808,207,68,19.0,19.0,0
2012,17,876,5,207,68,20.0,20.0,0
2012,17,876,819,206,68,24.0,24.0,0
2012,17,876,10,206,68,21.0,21.0,0
2012,17,876,39,164,68,23.0,23.0,0
2012,17,876,30,131,68,14.0,14.0,0
2012,17,876,37,164,68,22.0,22.0,0
2012,17,876,815,15,68,8.0,8.0,0
2012,18,877,8,208,24,4.0,5.0,1
2012,18,877,4,6,24,6.0,7.0,1
2012,18,877,20,9,24,24.0,3.0,1
2012,18,877,18,1,24,5.0,6.0,0
2012,18,877,813,3,24,3.0,4.0,0
2012,18,877,155,15,24,15.0,16.0,0
2012,18,877,13,6,24,8.0,9.0,0
2012,18,877,811,3,24,14.0,15.0,0
2012,18,877,814,10,24,12.0,13.0,0
2012,18,877,817,5,24,16.0,17.0,0
2012,18,877,30,131,24,13.0,14.0,0
2012,18,877,818,5,24,17.0,18.0,0
2012,18,877,5,207,24,18.0,19.0,0
2012,18,877,10,206,24,21.0,22.0,0
2012,18,877,815,15,24,11.0,12.0,0
2012,18,877,808,207,24,20.0,21.0,0
2012,18,877,37,164,24,22.0,23.0,0
2012,18,877,819,206,24,19.0,20.0,0
2012,18,877,154,208,24,9.0,10.0,0
2012,18,877,17,9,24,2.0,2.0,0
2012,18,877,1,1,24,1.0,1.0,0
2012,18,877,39,164,24,23.0,24.0,0
2012,18,877,3,131,24,7.0,8.0,0
2012,18,877,807,10,24,10.0,11.0,0
2012,19,878,1,1,69,2.0,2.0,1
2012,19,878,20,9,69,1.0,1.0,1
2012,19,878,4,6,69,7.0,9.0,1
2012,19,878,13,6,69,11.0,7.0,0
2012,19,878,18,1,69,12.0,12.0,0
2012,19,878,8,208,69,4.0,5.0,0
2012,19,878,154,208,69,8.0,4.0,0
2012,19,878,807,10,69,6.0,8.0,0
2012,19,878,813,3,69,9.0,10.0,0
2012,19,878,811,3,69,10.0,11.0,0
2012,19,878,815,15,69,15.0,15.0,0
2012,19,878,817,5,69,18.0,18.0,0
2012,19,878,3,131,69,17.0,17.0,0
2012,19,878,155,15,69,16.0,16.0,0
2012,19,878,814,10,69,13.0,13.0,0
2012,19,878,30,131,69,5.0,6.0,0
2012,19,878,808,207,69,21.0,21.0,0
2012,19,878,5,207,69,22.0,22.0,0
2012,19,878,10,206,69,19.0,19.0,0
2012,19,878,819,206,69,20.0,20.0,0
2012,19,878,37,164,69,23.0,23.0,0
2012,19,878,39,164,69,24.0,24.0,0
2012,19,878,17,9,69,3.0,3.0,0
2012,19,878,818,5,69,14.0,14.0,0
2012,20,879,18,1,18,2.0,2.0,1
2012,20,879,4,6,18,7.0,8.0,1
2012,20,879,13,6,18,5.0,5.0,1
2012,20,879,17,9,18,3.0,3.0,0
2012,20,879,807,10,18,6.0,7.0,0
2012,20,879,20,9,18,4.0,4.0,0
2012,20,879,30,131,18,13.0,14.0,0
2012,20,879,818,5,18,17.0,17.0,0
2012,20,879,155,15,18,14.0,15.0,0
2012,20,879,8,208,18,8.0,9.0,0
2012,20,879,808,207,18,19.0,19.0,0
2012,20,879,819,206,18,22.0,22.0,0
2012,20,879,817,5,18,15.0,16.0,0
2012,20,879,5,207,18,20.0,20.0,0
2012,20,879,3,131,18,9.0,10.0,0
2012,20,879,10,206,18,21.0,21.0,0
2012,20,879,37,164,18,24.0,24.0,0
2012,20,879,39,164,18,23.0,23.0,0
2012,20,879,814,10,18,10.0,11.0,0
2012,20,879,1,1,18,1.0,1.0,0
2012,20,879,154,208,18,18.0,18.0,0
2012,20,879,813,3,18,16.0,6.0,0
2012,20,879,811,3,18,11.0,12.0,0
2012,20,879,815,15,18,12.0,13.0,0
2013,1,880,8,208,1,7.0,7.0,1
2013,1,880,4,6,1,5.0,5.0,1
2013,1,880,20,9,1,1.0,1.0,1
2013,1,880,13,6,1,4.0,4.0,0
2013,1,880,1,131,1,3.0,3.0,0
2013,1,880,17,9,1,2.0,2.0,0
2013,1,880,16,10,1,12.0,12.0,0
2013,1,880,814,10,1,9.0,9.0,0
2013,1,880,18,1,1,10.0,10.0,0
2013,1,880,154,208,1,8.0,8.0,0
2013,1,880,815,1,1,15.0,15.0,0
2013,1,880,818,5,1,13.0,13.0,0
2013,1,880,821,15,1,18.0,18.0,0
2013,1,880,822,3,1,16.0,16.0,0
2013,1,880,824,206,1,19.0,19.0,0
2013,1,880,819,207,1,22.0,22.0,0
2013,1,880,820,206,1,20.0,20.0,0
2013,1,880,823,207,1,21.0,21.0,0
2013,1,880,817,5,1,14.0,14.0,0
2013,1,880,3,131,1,6.0,6.0,0
2013,1,880,813,3,1,17.0,17.0,0
2013,1,880,807,15,1,11.0,11.0,0
2013,2,881,20,9,2,1.0,1.0,1
2013,2,881,17,9,2,5.0,5.0,1
2013,2,881,1,131,2,4.0,4.0,1
2013,2,881,3,131,2,6.0,6.0,0
2013,2,881,13,6,2,2.0,2.0,0
2013,2,881,154,208,2,11.0,11.0,0
2013,2,881,8,208,2,10.0,7.0,0
2013,2,881,807,15,2,12.0,12.0,0
2013,2,881,815,1,2,9.0,10.0,0
2013,2,881,818,5,2,17.0,17.0,0
2013,2,881,822,3,2,18.0,18.0,0
2013,2,881,821,15,2,14.0,14.0,0
2013,2,881,824,206,2,19.0,19.0,0
2013,2,881,819,207,2,20.0,20.0,0
2013,2,881,823,207,2,22.0,22.0,0
2013,2,881,820,206,2,21.0,21.0,0
2013,2,881,18,1,2,7.0,8.0,0
2013,2,881,817,5,2,13.0,13.0,0
2013,2,881,813,3,2,16.0,16.0,0
2013,2,881,16,10,2,8.0,9.0,0
2013,2,881,814,10,2,15.0,15.0,0
2013,2,881,4,6,2,3.0,3.0,0
2013,3,882,4,6,17,3.0,3.0,1
2013,3,882,8,208,17,2.0,2.0,1
2013,3,882,1,131,17,1.0,1.0,1
2013,3,882,20,9,17,9.0,9.0,0
2013,3,882,18,1,17,8.0,8.0,0
2013,3,882,13,6,17,5.0,5.0,0
2013,3,882,817,5,17,7.0,7.0,0
2013,3,882,814,10,17,11.0,11.0,0
2013,3,882,154,208,17,6.0,6.0,0
2013,3,882,807,15,17,10.0,10.0,0
2013,3,882,815,1,17,12.0,12.0,0
2013,3,882,818,5,17,15.0,16.0,0
2013,3,882,822,3,17,16.0,17.0,0
2013,3,882,813,3,17,14.0,15.0,0
2013,3,882,824,206,17,18.0,19.0,0
2013,3,882,819,207,17,20.0,21.0,0
2013,3,882,820,206,17,19.0,20.0,0
2013,3,882,823,207,17,21.0,22.0,0
2013,3,882,3,131,17,4.0,4.0,0
2013,3,882,17,9,17,22.0,14.0,0
2013,3,882,16,10,17,13.0,13.0,0
2013,3,882,821,15,17,17.0,18.0,0
2013,4,883,20,9,3,2.0,2.0,1
2013,4,883,8,208,3,8.0,9.0,1
2013,4,883,154,208,3,11.0,11.0,1
2013,4,883,814,10,3,5.0,7.0,0
2013,4,883,1,131,3,9.0,4.0,0
2013,4,883,815,1,3,12.0,12.0,0
2013,4,883,17,9,3,7.0,5.0,0
2013,4,883,4,6,3,3.0,3.0,0
2013,4,883,3,131,3,1.0,1.0,0
2013,4,883,18,1,3,10.0,10.0,0
2013,4,883,813,3,3,17.0,17.0,0
2013,4,883,807,15,3,14.0,14.0,0
2013,4,883,16,10,3,6.0,8.0,0
2013,4,883,822,3,3,15.0,15.0,0
2013,4,883,13,6,3,4.0,6.0,0
2013,4,883,817,5,3,13.0,13.0,0
2013,4,883,819,207,3,18.0,19.0,0
2013,4,883,821,15,3,22.0,18.0,0
2013,4,883,824,206,3,19.0,20.0,0
2013,4,883,820,206,3,21.0,22.0,0
2013,4,883,823,207,3,20.0,21.0,0
2013,4,883,818,5,3,16.0,16.0,0
2013,5,884,4,6,4,5.0,5.0,1
2013,5,884,8,208,4,4.0,4.0,1
2013,5,884,13,6,4,9.0,6.0,1
2013,5,884,20,9,4,3.0,3.0,0
2013,5,884,17,9,4,7.0,8.0,0
2013,5,884,3,131,4,1.0,1.0,0
2013,5,884,814,10,4,10.0,10.0,0
2013,5,884,18,1,4,14.0,14.0,0
2013,5,884,815,1,4,8.0,9.0,0
2013,5,884,817,5,4,11.0,11.0,0
2013,5,884,821,15,4,19.0,16.0,0
2013,5,884,1,131,4,2.0,2.0,0
2013,5,884,16,10,4,13.0,13.0,0
2013,5,884,813,3,4,17.0,18.0,0
2013,5,884,807,15,4,15.0,15.0,0
2013,5,884,822,3,4,16.0,17.0,0
2013,5,884,819,207,4,22.0,22.0,0
2013,5,884,824,206,4,20.0,20.0,0
2013,5,884,820,206,4,21.0,21.0,0
2013,5,884,818,5,4,12.0,12.0,0
2013,5,884,823,207,4,18.0,19.0,0
2013,5,884,154,208,4,6.0,7.0,0
2013,6,885,3,131,6,1.0,1.0,1
2013,6,885,20,9,6,3.0,3.0,1
2013,6,885,17,9,6,4.0,4.0,1
2013,6,885,1,131,6,2.0,2.0,0
2013,6,885,16,10,6,8.0,8.0,0
2013,6,885,18,1,6,9.0,9.0,0
2013,6,885,4,6,6,6.0,6.0,0
2013,6,885,818,5,6,10.0,10.0,0
2013,6,885,814,10,6,17.0,17.0,0
2013,6,885,8,208,6,5.0,5.0,0
2013,6,885,807,15,6,11.0,11.0,0
2013,6,885,822,3,6,14.0,14.0,0
2013,6,885,821,15,6,19.0,19.0,0
2013,6,885,820,206,6,22.0,20.0,0
2013,6,885,823,207,6,15.0,15.0,0
2013,6,885,815,1,6,7.0,7.0,0
2013,6,885,154,208,6,13.0,13.0,0
2013,6,885,817,5,6,12.0,12.0,0
2013,6,885,824,206,6,20.0,21.0,0
2013,6,885,813,3,6,16.0,16.0,0
2013,6,885,13,6,6,21.0,22.0,0
2013,6,885,819,207,6,18.0,18.0,0
2013,7,886,20,9,7,1.0,1.0,1
2013,7,886,4,6,7,6.0,6.0,1
2013,7,886,1,131,7,2.0,2.0,1
2013,7,886,17,9,7,5.0,5.0,0
2013,7,886,3,131,7,4.0,4.0,0
2013,7,886,818,5,7,7.0,7.0,0
2013,7,886,814,10,7,17.0,17.0,0
2013,7,886,13,6,7,16.0,16.0,0
2013,7,886,8,208,7,10.0,9.0,0
2013,7,886,16,10,7,8.0,8.0,0
2013,7,886,815,1,7,12.0,12.0,0
2013,7,886,18,1,7,14.0,14.0,0
2013,7,886,154,208,7,22.0,19.0,0
2013,7,886,822,3,7,3.0,3.0,0
2013,7,886,817,5,7,11.0,10.0,0
2013,7,886,813,3,7,13.0,13.0,0
2013,7,886,824,206,7,19.0,20.0,0
2013,7,886,819,207,7,18.0,18.0,0
2013,7,886,820,206,7,20.0,21.0,0
2013,7,886,821,15,7,15.0,15.0,0
2013,7,886,807,15,7,9.0,11.0,0
2013,7,886,823,207,7,21.0,22.0,0
2013,8,887,3,131,9,2.0,2.0,1
2013,8,887,17,9,9,4.0,4.0,1
2013,8,887,4,6,9,9.0,10.0,1
2013,8,887,1,131,9,1.0,1.0,0
2013,8,887,8,208,9,8.0,9.0,0
2013,8,887,13,6,9,11.0,12.0,0
2013,8,887,16,10,9,6.0,7.0,0
2013,8,887,817,5,9,5.0,6.0,0
2013,8,887,814,10,9,21.0,5.0,0
2013,8,887,807,15,9,14.0,15.0,0
2013,8,887,813,3,9,15.0,16.0,0
2013,8,887,822,3,9,16.0,17.0,0
2013,8,887,18,1,9,10.0,11.0,0
2013,8,887,821,15,9,17.0,18.0,0
2013,8,887,819,207,9,18.0,19.0,0
2013,8,887,824,206,9,19.0,20.0,0
2013,8,887,820,206,9,20.0,22.0,0
2013,8,887,823,207,9,22.0,21.0,0
2013,8,887,154,208,9,7.0,8.0,0
2013,8,887,815,1,9,13.0,14.0,0
2013,8,887,20,9,9,3.0,3.0,0
2013,8,887,818,5,9,12.0,13.0,0
2013,9,888,20,9,20,2.0,2.0,1
2013,9,888,8,208,20,4.0,4.0,1
2013,9,888,154,208,20,5.0,5.0,1
2013,9,888,4,6,20,8.0,8.0,0
2013,9,888,1,131,20,1.0,1.0,0
2013,9,888,18,1,20,9.0,9.0,0
2013,9,888,17,9,20,3.0,3.0,0
2013,9,888,815,1,20,13.0,13.0,0
2013,9,888,3,131,20,11.0,11.0,0
2013,9,888,807,15,20,10.0,10.0,0
2013,9,888,814,10,20,12.0,12.0,0
2013,9,888,817,5,20,6.0,6.0,0
2013,9,888,16,10,20,15.0,15.0,0
2013,9,888,821,15,20,14.0,14.0,0
2013,9,888,813,3,20,18.0,18.0,0
2013,9,888,822,3,20,17.0,17.0,0
2013,9,888,819,207,20,22.0,19.0,0
2013,9,888,823,207,20,20.0,21.0,0
2013,9,888,820,206,20,21.0,22.0,0
2013,9,888,818,5,20,16.0,16.0,0
2013,9,888,824,206,20,19.0,20.0,0
2013,9,888,13,6,20,7.0,7.0,0
2013,10,890,1,131,11,1.0,1.0,1
2013,10,890,8,208,11,6.0,6.0,1
2013,10,890,20,9,11,2.0,2.0,1
2013,10,890,17,9,11,10.0,10.0,0
2013,10,890,4,6,11,5.0,5.0,0
2013,10,890,154,208,11,3.0,3.0,0
2013,10,890,18,1,11,13.0,13.0,0
2013,10,890,13,6,11,7.0,7.0,0
2013,10,890,815,1,11,9.0,9.0,0
2013,10,890,813,3,11,15.0,15.0,0
2013,10,890,807,15,11,12.0,12.0,0
2013,10,890,818,5,11,14.0,14.0,0
2013,10,890,817,5,11,8.0,8.0,0
2013,10,890,823,207,11,20.0,20.0,0
2013,10,890,819,207,11,19.0,19.0,0
2013,10,890,824,206,11,21.0,21.0,0
2013,10,890,820,206,11,22.0,22.0,0
2013,10,890,814,10,11,18.0,18.0,0
2013,10,890,3,131,11,4.0,4.0,0
2013,10,890,822,3,11,16.0,16.0,0
2013,10,890,821,15,11,17.0,17.0,0
2013,10,890,16,10,11,11.0,11.0,0
2013,11,891,20,9,13,2.0,2.0,1
2013,11,891,4,6,13,9.0,9.0,1
2013,11,891,1,131,13,1.0,1.0,1
2013,11,891,3,131,13,4.0,4.0,0
2013,11,891,17,9,13,3.0,3.0,0
2013,11,891,18,1,13,6.0,6.0,0
2013,11,891,13,6,13,10.0,10.0,0
2013,11,891,154,208,13,7.0,7.0,0
2013,11,891,16,10,13,12.0,12.0,0
2013,11,891,817,5,13,19.0,19.0,0
2013,11,891,815,1,13,13.0,13.0,0
2013,11,891,818,5,13,18.0,18.0,0
2013,11,891,807,15,13,11.0,11.0,0
2013,11,891,821,15,13,21.0,21.0,0
2013,11,891,822,3,13,20.0,20.0,0
2013,11,891,823,207,13,14.0,14.0,0
2013,11,891,813,3,13,17.0,17.0,0
2013,11,891,824,206,13,15.0,15.0,0
2013,11,891,820,206,13,16.0,16.0,0
2013,11,891,814,10,13,5.0,5.0,0
2013,11,891,8,208,13,8.0,8.0,0
2013,11,891,819,207,13,22.0,22.0,0
2013,12,892,20,9,14,1.0,1.0,1
2013,12,892,4,6,14,5.0,5.0,1
2013,12,892,17,9,14,2.0,2.0,1
2013,12,892,13,6,14,4.0,4.0,0
2013,12,892,807,15,14,3.0,3.0,0
2013,12,892,3,131,14,6.0,6.0,0
2013,12,892,817,5,14,7.0,7.0,0
2013,12,892,154,208,14,13.0,13.0,0
2013,12,892,1,131,14,12.0,12.0,0
2013,12,892,18,1,14,9.0,9.0,0
2013,12,892,8,208,14,11.0,11.0,0
2013,12,892,815,1,14,8.0,8.0,0
2013,12,892,821,15,14,16.0,17.0,0
2013,12,892,813,3,14,14.0,15.0,0
2013,12,892,822,3,14,18.0,18.0,0
2013,12,892,16,10,14,17.0,14.0,0
2013,12,892,819,207,14,20.0,20.0,0
2013,12,892,823,207,14,19.0,19.0,0
2013,12,892,824,206,14,21.0,21.0,0
2013,12,892,820,206,14,22.0,22.0,0
2013,12,892,818,5,14,10.0,10.0,0
2013,12,892,814,10,14,15.0,16.0,0
2013,13,893,20,9,15,1.0,1.0,1
2013,13,893,4,6,15,7.0,7.0,1
2013,13,893,8,208,15,13.0,13.0,1
2013,13,893,3,131,15,2.0,2.0,0
2013,13,893,1,131,15,5.0,5.0,0
2013,13,893,13,6,15,6.0,6.0,0
2013,13,893,18,1,15,8.0,8.0,0
2013,13,893,815,1,15,14.0,14.0,0
2013,13,893,807,15,15,11.0,11.0,0
2013,13,893,16,10,15,15.0,15.0,0
2013,13,893,813,3,15,18.0,18.0,0
2013,13,893,821,15,15,10.0,10.0,0
2013,13,893,822,3,15,16.0,16.0,0
2013,13,893,818,5,15,12.0,12.0,0
2013,13,893,17,9,15,4.0,4.0,0
2013,13,893,823,207,15,20.0,20.0,0
2013,13,893,820,206,15,22.0,22.0,0
2013,13,893,824,206,15,21.0,21.0,0
2013,13,893,819,207,15,19.0,19.0,0
2013,13,893,814,10,15,17.0,17.0,0
2013,13,893,154,208,15,3.0,3.0,0
2013,13,893,817,5,15,9.0,9.0,0
2013,14,894,20,9,35,1.0,1.0,1
2013,14,894,8,208,35,9.0,10.0,1
2013,14,894,154,208,35,3.0,4.0,1
2013,14,894,807,15,35,7.0,8.0,0
2013,14,894,1,131,35,2.0,2.0,0
2013,14,894,4,6,35,5.0,6.0,0
2013,14,894,3,131,35,4.0,5.0,0
2013,14,894,18,1,35,11.0,12.0,0
2013,14,894,13,6,35,6.0,7.0,0
2013,14,894,815,1,35,10.0,11.0,0
2013,14,894,821,15,35,8.0,9.0,0
2013,14,894,822,3,35,17.0,17.0,0
2013,14,894,813,3,35,18.0,18.0,0
2013,14,894,819,207,35,19.0,19.0,0
2013,14,894,823,207,35,20.0,20.0,0
2013,14,894,824,206,35,22.0,21.0,0
2013,14,894,820,206,35,21.0,22.0,0
2013,14,894,818,5,35,16.0,16.0,0
2013,14,894,817,5,35,12.0,13.0,0
2013,14,894,16,10,35,14.0,14.0,0
2013,14,894,17,9,35,13.0,3.0,0
2013,14,894,814,10,35,15.0,15.0,0
2013,15,895,20,9,22,2.0,2.0,1
2013,15,895,17,9,22,1.0,1.0,1
2013,15,895,154,208,22,4.0,4.0,1
2013,15,895,4,6,22,8.0,8.0,0
2013,15,895,8,208,22,9.0,9.0,0
2013,15,895,807,15,22,7.0,7.0,0
2013,15,895,821,15,22,14.0,14.0,0
2013,15,895,3,131,22,6.0,6.0,0
2013,15,895,18,1,22,10.0,10.0,0
2013,15,895,13,6,22,5.0,5.0,0
2013,15,895,814,10,22,12.0,12.0,0
2013,15,895,818,5,22,17.0,18.0,0
2013,15,895,817,5,22,16.0,16.0,0
2013,15,895,16,10,22,22.0,17.0,0
2013,15,895,815,1,22,11.0,11.0,0
2013,15,895,813,3,22,15.0,15.0,0
2013,15,895,822,3,22,13.0,13.0,0
2013,15,895,819,207,22,20.0,20.0,0
2013,15,895,820,206,22,18.0,19.0,0
2013,15,895,1,131,22,3.0,3.0,0
2013,15,895,823,207,22,19.0,21.0,0
2013,15,895,824,206,22,21.0,22.0,0
2013,16,896,20,9,68,1.0,1.0,1
2013,16,896,3,131,68,2.0,2.0,1
2013,16,896,154,208,68,17.0,17.0,1
2013,16,896,13,6,68,5.0,5.0,0
2013,16,896,815,1,68,9.0,9.0,0
2013,16,896,1,131,68,3.0,3.0,0
2013,16,896,8,208,68,6.0,6.0,0
2013,16,896,814,10,68,12.0,12.0,0
2013,16,896,16,10,68,13.0,13.0,0
2013,16,896,817,5,68,11.0,11.0,0
2013,16,896,4,6,68,8.0,8.0,0
2013,16,896,813,3,68,18.0,18.0,0
2013,16,896,818,5,68,14.0,14.0,0
2013,16,896,18,1,68,10.0,10.0,0
2013,16,896,821,15,68,16.0,16.0,0
2013,16,896,822,3,68,15.0,15.0,0
2013,16,896,820,206,68,22.0,22.0,0
2013,16,896,824,206,68,19.0,19.0,0
2013,16,896,807,15,68,7.0,7.0,0
2013,16,896,17,9,68,4.0,4.0,0
2013,16,896,819,207,68,21.0,21.0,0
2013,16,896,823,207,68,20.0,20.0,0
2013,17,897,20,9,24,2.0,2.0,1
2013,17,897,17,9,24,1.0,1.0,1
2013,17,897,3,131,24,3.0,3.0,1
2013,17,897,154,208,24,6.0,7.0,0
2013,17,897,4,6,24,10.0,11.0,0
2013,17,897,814,10,24,11.0,12.0,0
2013,17,897,1,131,24,4.0,4.0,0
2013,17,897,13,6,24,7.0,8.0,0
2013,17,897,815,1,24,8.0,9.0,0
2013,17,897,16,10,24,17.0,18.0,0
2013,17,897,813,3,24,14.0,15.0,0
2013,17,897,18,1,24,12.0,13.0,0
2013,17,897,821,15,24,16.0,17.0,0
2013,17,897,807,15,24,5.0,6.0,0
2013,17,897,822,3,24,15.0,16.0,0
2013,17,897,817,5,24,9.0,10.0,0
2013,17,897,818,5,24,13.0,14.0,0
2013,17,897,823,207,24,18.0,19.0,0
2013,17,897,819,207,24,19.0,21.0,0
2013,17,897,824,206,24,21.0,20.0,0
2013,17,897,820,206,24,20.0,22.0,0
2013,17,897,8,208,24,22.0,5.0,0
2013,18,898,20,9,69,1.0,1.0,1
2013,18,898,154,208,69,3.0,3.0,1
2013,18,898,17,9,69,2.0,2.0,1
2013,18,898,1,131,69,5.0,5.0,0
2013,18,898,4,6,69,6.0,6.0,0
2013,18,898,807,15,69,4.0,4.0,0
2013,18,898,815,1,69,7.0,7.0,0
2013,18,898,822,3,69,9.0,9.0,0
2013,18,898,3,131,69,12.0,14.0,0
2013,18,898,18,1,69,15.0,13.0,0
2013,18,898,817,5,69,10.0,11.0,0
2013,18,898,818,5,69,14.0,16.0,0
2013,18,898,13,6,69,13.0,15.0,0
2013,18,898,821,15,69,20.0,10.0,0
2013,18,898,5,208,69,8.0,8.0,0
2013,18,898,814,10,69,11.0,12.0,0
2013,18,898,813,3,69,17.0,18.0,0
2013,18,898,824,206,69,19.0,20.0,0
2013,18,898,823,207,69,18.0,19.0,0
2013,18,898,819,207,69,22.0,21.0,0
2013,18,898,820,206,69,21.0,22.0,0
2013,18,898,16,10,69,16.0,17.0,0
2013,19,899,20,9,18,1.0,1.0,1
2013,19,899,17,9,18,4.0,4.0,1
2013,19,899,4,6,18,3.0,3.0,1
2013,19,899,18,1,18,14.0,15.0,0
2013,19,899,3,131,18,2.0,2.0,0
2013,19,899,815,1,18,19.0,14.0,0
2013,19,899,13,6,18,9.0,9.0,0
2013,19,899,807,15,18,10.0,10.0,0
2013,19,899,1,131,18,5.0,5.0,0
2013,19,899,817,5,18,7.0,7.0,0
2013,19,899,814,10,18,12.0,12.0,0
2013,19,899,821,15,18,17.0,18.0,0
2013,19,899,16,10,18,15.0,16.0,0
2013,19,899,5,208,18,11.0,11.0,0
2013,19,899,818,5,18,8.0,8.0,0
2013,19,899,813,3,18,16.0,17.0,0
2013,19,899,824,206,18,21.0,21.0,0
2013,19,899,823,207,18,20.0,20.0,0
2013,19,899,820,206,18,22.0,22.0,0
2013,19,899,819,207,18,18.0,19.0,0
2013,19,899,822,3,18,13.0,13.0,0
2013,19,899,154,208,18,6.0,6.0,0
2014,1,900,3,131,1,3.0,3.0,1
2014,1,900,825,1,1,4.0,4.0,1
2014,1,900,18,1,1,10.0,11.0,1
2014,1,900,4,6,1,5.0,5.0,0
2014,1,900,822,3,1,15.0,10.0,0
2014,1,900,807,10,1,7.0,7.0,0
2014,1,900,8,6,1,11.0,12.0,0
2014,1,900,818,5,1,6.0,6.0,0
2014,1,900,826,5,1,8.0,8.0,0
2014,1,900,815,10,1,16.0,16.0,0
2014,1,900,16,15,1,13.0,14.0,0
2014,1,900,821,15,1,20.0,19.0,0
2014,1,900,820,206,1,17.0,17.0,0
2014,1,900,824,206,1,18.0,18.0,0
2014,1,900,154,208,1,22.0,21.0,0
2014,1,900,813,208,1,21.0,22.0,0
2014,1,900,828,207,1,19.0,20.0,0
2014,1,900,20,9,1,12.0,13.0,0
2014,1,900,1,131,1,1.0,1.0,0
2014,1,900,13,3,1,9.0,9.0,0
2014,1,900,155,207,1,14.0,15.0,0
2014,1,900,817,9,1,2.0,2.0,0
2014,2,901,1,131,2,1.0,1.0,1
2014,2,901,3,131,2,3.0,3.0,1
2014,2,901,20,9,2,2.0,2.0,1
2014,2,901,4,6,2,4.0,4.0,0
2014,2,901,807,10,2,7.0,7.0,0
2014,2,901,18,1,2,10.0,10.0,0
2014,2,901,13,3,2,13.0,13.0,0
2014,2,901,822,3,2,18.0,15.0,0
2014,2,901,825,1,2,8.0,8.0,0
2014,2,901,826,5,2,11.0,11.0,0
2014,2,901,154,208,2,15.0,16.0,0
2014,2,901,8,6,2,6.0,6.0,0
2014,2,901,155,207,2,20.0,20.0,0
2014,2,901,828,207,2,22.0,22.0,0
2014,2,901,820,206,2,21.0,21.0,0
2014,2,901,817,9,2,5.0,5.0,0
2014,2,901,821,15,2,12.0,12.0,0
2014,2,901,16,15,2,17.0,18.0,0
2014,2,901,818,5,2,9.0,9.0,0
2014,2,901,824,206,2,19.0,19.0,0
2014,2,901,813,208,2,16.0,17.0,0
2014,2,901,815,10,2,14.0,14.0,0
2014,3,902,1,131,3,2.0,2.0,1
2014,3,902,3,131,3,1.0,1.0,1
2014,3,902,815,10,3,4.0,5.0,1
2014,3,902,817,9,3,13.0,3.0,0
2014,3,902,807,10,3,11.0,12.0,0
2014,3,902,20,9,3,10.0,11.0,0
2014,3,902,13,3,3,7.0,8.0,0
2014,3,902,822,3,3,3.0,4.0,0
2014,3,902,4,6,3,9.0,10.0,0
2014,3,902,8,6,3,5.0,6.0,0
2014,3,902,826,5,3,12.0,13.0,0
2014,3,902,154,208,3,16.0,16.0,0
2014,3,902,820,206,3,21.0,22.0,0
2014,3,902,813,208,3,17.0,17.0,0
2014,3,902,155,207,3,18.0,19.0,0
2014,3,902,824,206,3,19.0,20.0,0
2014,3,902,18,1,3,6.0,7.0,0
2014,3,902,825,1,3,8.0,9.0,0
2014,3,902,821,15,3,15.0,15.0,0
2014,3,902,828,207,3,20.0,21.0,0
2014,3,902,818,5,3,14.0,14.0,0
2014,3,902,16,15,3,22.0,18.0,0
2014,4,903,1,131,17,1.0,1.0,1
2014,4,903,3,131,17,4.0,4.0,1
2014,4,903,4,6,17,5.0,5.0,1
2014,4,903,817,9,17,2.0,2.0,0
2014,4,903,20,9,17,3.0,3.0,0
2014,4,903,807,10,17,8.0,8.0,0
2014,4,903,822,3,17,7.0,7.0,0
2014,4,903,8,6,17,11.0,11.0,0
2014,4,903,815,10,17,16.0,16.0,0
2014,4,903,826,5,17,13.0,13.0,0
2014,4,903,18,1,17,12.0,12.0,0
2014,4,903,818,5,17,9.0,9.0,0
2014,4,903,825,1,17,15.0,15.0,0
2014,4,903,813,208,17,22.0,22.0,0
2014,4,903,13,3,17,6.0,6.0,0
2014,4,903,821,15,17,17.0,17.0,0
2014,4,903,824,206,17,19.0,19.0,0
2014,4,903,155,207,17,18.0,18.0,0
2014,4,903,820,206,17,21.0,21.0,0
2014,4,903,828,207,17,20.0,20.0,0
2014,4,903,154,208,17,10.0,10.0,0
2014,4,903,16,15,17,14.0,14.0,0
2014,5,904,1,131,4,1.0,1.0,1
2014,5,904,3,131,4,2.0,2.0,1
2014,5,904,817,9,4,3.0,3.0,1
2014,5,904,20,9,4,15.0,10.0,0
2014,5,904,822,3,4,4.0,4.0,0
2014,5,904,4,6,4,7.0,7.0,0
2014,5,904,8,6,4,6.0,6.0,0
2014,5,904,154,208,4,5.0,5.0,0
2014,5,904,815,10,4,11.0,12.0,0
2014,5,904,807,10,4,10.0,11.0,0
2014,5,904,18,1,4,8.0,8.0,0
2014,5,904,825,1,4,14.0,15.0,0
2014,5,904,13,3,4,9.0,9.0,0
2014,5,904,826,5,4,12.0,13.0,0
2014,5,904,813,208,4,22.0,22.0,0
2014,5,904,821,15,4,13.0,14.0,0
2014,5,904,16,15,4,16.0,17.0,0
2014,5,904,824,206,4,18.0,19.0,0
2014,5,904,820,206,4,17.0,18.0,0
2014,5,904,828,207,4,19.0,20.0,0
2014,5,904,155,207,4,20.0,21.0,0
2014,5,904,818,5,4,21.0,16.0,0
2014,6,905,3,131,6,1.0,1.0,1
2014,6,905,1,131,6,2.0,2.0,1
2014,6,905,817,9,6,3.0,3.0,1
2014,6,905,4,6,6,5.0,5.0,0
2014,6,905,807,10,6,11.0,11.0,0
2014,6,905,18,1,6,12.0,12.0,0
2014,6,905,13,3,6,16.0,16.0,0
2014,6,905,154,208,6,14.0,14.0,0
2014,6,905,824,206,6,21.0,19.0,0
2014,6,905,825,1,6,8.0,8.0,0
2014,6,905,828,207,6,22.0,22.0,0
2014,6,905,8,6,6,6.0,6.0,0
2014,6,905,155,207,6,20.0,21.0,0
2014,6,905,820,206,6,19.0,20.0,0
2014,6,905,821,15,6,17.0,17.0,0
2014,6,905,822,3,6,13.0,13.0,0
2014,6,905,818,5,6,7.0,7.0,0
2014,6,905,16,15,6,18.0,18.0,0
2014,6,905,826,5,6,9.0,9.0,0
2014,6,905,20,9,6,4.0,4.0,0
2014,6,905,815,10,6,10.0,10.0,0
2014,6,905,813,208,6,15.0,15.0,0
2014,7,906,817,9,7,6.0,6.0,1
2014,7,906,3,131,7,1.0,1.0,1
2014,7,906,20,9,7,3.0,3.0,1
2014,7,906,18,1,7,9.0,9.0,0
2014,7,906,807,10,7,11.0,11.0,0
2014,7,906,4,6,7,7.0,7.0,0
2014,7,906,822,3,7,4.0,4.0,0
2014,7,906,818,5,7,8.0,8.0,0
2014,7,906,825,1,7,12.0,12.0,0
2014,7,906,8,6,7,10.0,10.0,0
2014,7,906,815,10,7,13.0,13.0,0
2014,7,906,13,3,7,5.0,5.0,0
2014,7,906,16,15,7,16.0,16.0,0
2014,7,906,821,15,7,22.0,22.0,0
2014,7,906,154,208,7,14.0,14.0,0
2014,7,906,826,5,7,15.0,15.0,0
2014,7,906,1,131,7,2.0,2.0,0
2014,7,906,155,207,7,21.0,20.0,0
2014,7,906,813,208,7,17.0,17.0,0
2014,7,906,828,207,7,20.0,21.0,0
2014,7,906,820,206,7,18.0,18.0,0
2014,7,906,824,206,7,19.0,19.0,0
2014,8,907,3,131,70,3.0,3.0,1
2014,8,907,1,131,70,9.0,9.0,1
2014,8,907,822,3,70,2.0,2.0,1
2014,8,907,13,3,70,1.0,1.0,0
2014,8,907,4,6,70,4.0,4.0,0
2014,8,907,815,10,70,15.0,11.0,0
2014,8,907,825,1,70,6.0,6.0,0
2014,8,907,817,9,70,5.0,5.0,0
2014,8,907,807,10,70,10.0,10.0,0
2014,8,907,8,6,70,8.0,8.0,0
2014,8,907,18,1,70,11.0,12.0,0
2014,8,907,813,208,70,13.0,14.0,0
2014,8,907,16,15,70,16.0,17.0,0
2014,8,907,154,208,70,22.0,16.0,0
2014,8,907,824,206,70,18.0,19.0,0
2014,8,907,155,207,70,19.0,20.0,0
2014,8,907,820,206,70,21.0,21.0,0
2014,8,907,828,207,70,20.0,22.0,0
2014,8,907,821,15,70,17.0,18.0,0
2014,8,907,818,5,70,14.0,15.0,0
2014,8,907,20,9,70,12.0,13.0,0
2014,8,907,826,5,70,7.0,7.0,0
2014,9,908,1,131,9,6.0,6.0,1
2014,9,908,822,3,9,14.0,17.0,1
2014,9,908,817,9,9,8.0,8.0,1
2014,9,908,18,1,9,3.0,3.0,0
2014,9,908,20,9,9,2.0,2.0,0
2014,9,908,4,6,9,16.0,19.0,0
2014,9,908,825,1,9,5.0,5.0,0
2014,9,908,807,10,9,4.0,4.0,0
2014,9,908,826,5,9,9.0,9.0,0
2014,9,908,818,5,9,10.0,10.0,0
2014,9,908,815,10,9,7.0,7.0,0
2014,9,908,154,208,9,11.0,11.0,0
2014,9,908,16,15,9,13.0,16.0,0
2014,9,908,824,206,9,12.0,12.0,0
2014,9,908,155,207,9,22.0,22.0,0
2014,9,908,820,206,9,17.0,13.0,0
2014,9,908,813,208,9,20.0,15.0,0
2014,9,908,3,131,9,1.0,1.0,0
2014,9,908,828,207,9,21.0,21.0,0
2014,9,908,821,15,9,19.0,14.0,0
2014,9,908,13,3,9,15.0,18.0,0
2014,9,908,8,6,9,18.0,20.0,0
2014,10,909,3,131,10,1.0,1.0,1
2014,10,909,822,3,10,2.0,2.0,1
2014,10,909,1,131,10,20.0,16.0,1
2014,10,909,20,9,10,6.0,6.0,0
2014,10,909,4,6,10,7.0,7.0,0
2014,10,909,817,9,10,5.0,5.0,0
2014,10,909,807,10,10,9.0,9.0,0
2014,10,909,18,1,10,11.0,11.0,0
2014,10,909,825,1,10,4.0,4.0,0
2014,10,909,815,10,10,10.0,10.0,0
2014,10,909,8,6,10,12.0,12.0,0
2014,10,909,813,208,10,18.0,19.0,0
2014,10,909,818,5,10,13.0,13.0,0
2014,10,909,821,15,10,16.0,14.0,0
2014,10,909,824,206,10,17.0,18.0,0
2014,10,909,155,207,10,19.0,20.0,0
2014,10,909,820,206,10,21.0,21.0,0
2014,10,909,828,207,10,22.0,22.0,0
2014,10,909,16,15,10,15.0,17.0,0
2014,10,909,826,5,10,8.0,8.0,0
2014,10,909,154,208,10,14.0,15.0,0
2014,10,909,13,3,10,3.0,3.0,0
2014,11,910,817,9,11,4.0,4.0,1
2014,11,910,4,6,11,5.0,5.0,1
2014,11,910,1,131,11,22.0,21.0,1
2014,11,910,3,131,11,1.0,1.0,0
2014,11,910,13,3,11,6.0,6.0,0
2014,11,910,8,6,11,16.0,17.0,0
2014,11,910,20,9,11,2.0,2.0,0
2014,11,910,822,3,11,3.0,3.0,0
2014,11,910,818,5,11,8.0,8.0,0
2014,11,910,18,1,11,7.0,7.0,0
2014,11,910,16,15,11,11.0,12.0,0
2014,11,910,825,1,11,21.0,10.0,0
2014,11,910,813,208,11,20.0,22.0,0
2014,11,910,826,5,11,10.0,11.0,0
2014,11,910,824,206,11,15.0,16.0,0
2014,11,910,820,206,11,18.0,19.0,0
2014,11,910,821,15,11,13.0,14.0,0
2014,11,910,155,207,11,17.0,18.0,0
2014,11,910,815,10,11,12.0,13.0,0
2014,11,910,807,10,11,9.0,9.0,0
2014,11,910,154,208,11,14.0,15.0,0
2014,11,910,828,207,11,19.0,20.0,0
2014,12,911,817,9,13,5.0,5.0,1
2014,12,911,3,131,13,1.0,1.0,1
2014,12,911,822,3,13,6.0,6.0,1
2014,12,911,8,6,13,8.0,8.0,0
2014,12,911,20,9,13,3.0,3.0,0
2014,12,911,18,1,13,10.0,10.0,0
2014,12,911,4,6,13,4.0,4.0,0
2014,12,911,815,10,13,13.0,13.0,0
2014,12,911,826,5,13,11.0,11.0,0
2014,12,911,807,10,13,18.0,18.0,0
2014,12,911,818,5,13,12.0,12.0,0
2014,12,911,825,1,13,7.0,7.0,0
2014,12,911,13,3,13,9.0,9.0,0
2014,12,911,16,15,13,14.0,14.0,0
2014,12,911,821,15,13,20.0,20.0,0
2014,12,911,820,206,13,19.0,19.0,0
2014,12,911,828,207,13,22.0,22.0,0
2014,12,911,824,206,13,16.0,16.0,0
2014,12,911,1,131,13,2.0,2.0,0
2014,12,911,154,208,13,15.0,15.0,0
2014,12,911,813,208,13,17.0,17.0,0
2014,12,911,827,207,13,21.0,21.0,0
2014,13,912,1,131,14,1.0,1.0,1
2014,13,912,3,131,14,2.0,2.0,1
2014,13,912,13,3,14,4.0,4.0,1
2014,13,912,822,3,14,3.0,3.0,0
2014,13,912,817,9,14,9.0,9.0,0
2014,13,912,20,9,14,8.0,8.0,0
2014,13,912,815,10,14,10.0,10.0,0
2014,13,912,18,1,14,6.0,6.0,0
2014,13,912,8,6,14,11.0,12.0,0
2014,13,912,825,1,14,5.0,5.0,0
2014,13,912,826,5,14,21.0,11.0,0
2014,13,912,807,10,14,13.0,14.0,0
2014,13,912,818,5,14,12.0,13.0,0
2014,13,912,813,208,14,16.0,17.0,0
2014,13,912,16,15,14,14.0,15.0,0
2014,13,912,154,208,14,17.0,18.0,0
2014,13,912,155,207,14,18.0,19.0,0
2014,13,912,824,206,14,19.0,20.0,0
2014,13,912,821,15,14,15.0,16.0,0
2014,13,912,828,207,14,22.0,22.0,0
2014,13,912,4,6,14,7.0,7.0,0
2014,13,912,820,206,14,20.0,21.0,0
2014,14,913,1,131,15,1.0,1.0,1
2014,14,913,20,9,15,4.0,4.0,1
2014,14,913,817,9,15,3.0,3.0,1
2014,14,913,4,6,15,5.0,5.0,0
2014,14,913,13,3,15,6.0,6.0,0
2014,14,913,818,5,15,12.0,12.0,0
2014,14,913,815,10,15,15.0,15.0,0
2014,14,913,8,6,15,7.0,7.0,0
2014,14,913,807,10,15,13.0,13.0,0
2014,14,913,825,1,15,9.0,9.0,0
2014,14,913,822,3,15,8.0,8.0,0
2014,14,913,813,208,15,18.0,18.0,0
2014,14,913,154,208,15,16.0,16.0,0
2014,14,913,826,5,15,10.0,10.0,0
2014,14,913,828,207,15,22.0,22.0,0
2014,14,913,824,206,15,19.0,19.0,0
2014,14,913,820,206,15,21.0,21.0,0
2014,14,913,18,1,15,11.0,11.0,0
2014,14,913,16,15,15,17.0,17.0,0
2014,14,913,821,15,15,14.0,14.0,0
2014,14,913,3,131,15,2.0,2.0,0
2014,14,913,155,207,15,20.0,20.0,0
2014,15,914,1,131,22,2.0,2.0,1
2014,15,914,3,131,22,1.0,1.0,1
2014,15,914,20,9,22,9.0,9.0,1
2014,15,914,817,9,22,6.0,6.0,0
2014,15,914,18,1,22,8.0,8.0,0
2014,15,914,822,3,22,3.0,3.0,0
2014,15,914,13,3,22,4.0,4.0,0
2014,15,914,807,10,22,13.0,14.0,0
2014,15,914,818,5,22,20.0,11.0,0
2014,15,914,815,10,22,11.0,12.0,0
2014,15,914,826,5,22,12.0,13.0,0
2014,15,914,8,6,22,10.0,10.0,0
2014,15,914,821,15,22,15.0,16.0,0
2014,15,914,825,1,22,7.0,7.0,0
2014,15,914,154,208,22,16.0,18.0,0
2014,15,914,813,208,22,22.0,17.0,0
2014,15,914,828,207,22,17.0,19.0,0
2014,15,914,820,206,22,21.0,22.0,0
2014,15,914,155,207,22,19.0,21.0,0
2014,15,914,824,206,22,18.0,20.0,0
2014,15,914,16,15,22,14.0,15.0,0
2014,15,914,4,6,22,5.0,5.0,0
2014,16,915,1,131,71,1.0,1.0,1
2014,16,915,3,131,71,2.0,2.0,1
2014,16,915,822,3,71,3.0,3.0,1
2014,16,915,18,1,71,4.0,4.0,0
2014,16,915,825,1,71,11.0,6.0,0
2014,16,915,4,6,71,7.0,8.0,0
2014,16,915,817,9,71,6.0,7.0,0
2014,16,915,20,9,71,10.0,11.0,0
2014,16,915,8,6,71,8.0,9.0,0
2014,16,915,815,10,71,12.0,13.0,0
2014,16,915,13,3,71,18.0,18.0,0
2014,16,915,807,10,71,17.0,12.0,0
2014,16,915,818,5,71,9.0,10.0,0
2014,16,915,826,5,71,5.0,5.0,0
2014,16,915,821,15,71,13.0,14.0,0
2014,16,915,16,15,71,14.0,15.0,0
2014,16,915,154,208,71,15.0,16.0,0
2014,16,915,813,208,71,21.0,20.0,0
2014,16,915,828,207,71,16.0,17.0,0
2014,16,915,155,207,71,19.0,19.0,0
2014,16,915,820,206,71,20.0,21.0,0
2014,17,916,1,131,69,2.0,2.0,1
2014,17,916,3,131,69,1.0,1.0,1
2014,17,916,817,9,69,5.0,5.0,1
2014,17,916,13,3,69,4.0,4.0,0
2014,17,916,822,3,69,3.0,3.0,0
2014,17,916,4,6,69,6.0,6.0,0
2014,17,916,20,9,69,18.0,17.0,0
2014,17,916,825,1,69,7.0,8.0,0
2014,17,916,818,5,69,14.0,15.0,0
2014,17,916,813,208,69,10.0,11.0,0
2014,17,916,154,208,69,16.0,18.0,0
2014,17,916,18,1,69,12.0,7.0,0
2014,17,916,8,6,69,8.0,9.0,0
2014,17,916,821,15,69,15.0,16.0,0
2014,17,916,826,5,69,17.0,14.0,0
2014,17,916,807,10,69,13.0,13.0,0
2014,17,916,815,10,69,11.0,12.0,0
2014,17,916,16,15,69,9.0,10.0,0
2014,18,917,3,131,18,1.0,1.0,1
2014,18,917,1,131,18,2.0,2.0,1
2014,18,917,13,3,18,3.0,3.0,1
2014,18,917,18,1,18,5.0,5.0,0
2014,18,917,20,9,18,6.0,6.0,0
2014,18,917,4,6,18,8.0,8.0,0
2014,18,917,8,6,18,10.0,10.0,0
2014,18,917,807,10,18,12.0,12.0,0
2014,18,917,825,1,18,7.0,7.0,0
2014,18,917,822,3,18,4.0,4.0,0
2014,18,917,826,5,18,17.0,14.0,0
2014,18,917,813,208,18,16.0,18.0,0
2014,18,917,818,5,18,15.0,16.0,0
2014,18,917,821,15,18,11.0,11.0,0
2014,18,917,815,10,18,18.0,17.0,0
2014,18,917,16,15,18,13.0,13.0,0
2014,18,917,154,208,18,14.0,15.0,0
2014,18,917,817,9,18,9.0,9.0,0
2014,19,918,1,131,24,2.0,2.0,1
2014,19,918,13,3,24,4.0,4.0,1
2014,19,918,822,3,24,3.0,3.0,1
2014,19,918,18,1,24,6.0,6.0,0
2014,19,918,807,10,24,12.0,12.0,0
2014,19,918,815,10,24,11.0,11.0,0
2014,19,918,4,6,24,8.0,8.0,0
2014,19,918,8,6,24,7.0,7.0,0
2014,19,918,825,1,24,9.0,9.0,0
2014,19,918,818,5,24,10.0,10.0,0
2014,19,918,154,208,24,18.0,14.0,0
2014,19,918,3,131,24,1.0,1.0,0
2014,19,918,821,15,24,14.0,15.0,0
2014,19,918,16,15,24,13.0,13.0,0
2014,19,918,829,207,24,17.0,18.0,0
2014,19,918,155,207,24,16.0,17.0,0
2014,19,918,813,208,24,15.0,16.0,0
2014,19,918,826,5,24,5.0,5.0,0
2015,1,926,1,131,1,1.0,1.0,1
2015,1,926,3,131,1,2.0,2.0,1
2015,1,926,20,6,1,4.0,4.0,1
2015,1,926,13,3,1,3.0,3.0,0
2015,1,926,831,15,1,10.0,11.0,0
2015,1,926,817,9,1,6.0,7.0,0
2015,1,926,807,10,1,13.0,14.0,0
2015,1,926,828,15,1,15.0,16.0,0
2015,1,926,832,5,1,7.0,8.0,0
2015,1,926,815,10,1,14.0,15.0,0
2015,1,926,18,1,1,16.0,17.0,0
2015,1,926,8,6,1,5.0,5.0,0
2015,1,926,830,5,1,11.0,12.0,0
2015,1,926,154,208,1,8.0,9.0,0
2015,1,926,813,208,1,9.0,10.0,0
2015,1,926,826,9,1,12.0,13.0,0
2015,1,926,825,1,1,17.0,18.0,0
2015,1,926,822,3,1,0.0,6.0,0
2015,2,927,20,6,2,2.0,2.0,1
2015,2,927,1,131,2,1.0,1.0,1
2015,2,927,3,131,2,3.0,3.0,1
2015,2,927,8,6,2,11.0,11.0,0
2015,2,927,822,3,2,8.0,9.0,0
2015,2,927,13,3,2,7.0,7.0,0
2015,2,927,830,5,2,6.0,6.0,0
2015,2,927,832,5,2,15.0,15.0,0
2015,2,927,826,9,2,5.0,5.0,0
2015,2,927,817,9,2,4.0,4.0,0
2015,2,927,154,208,2,10.0,8.0,0
2015,2,927,831,15,2,16.0,16.0,0
2015,2,927,815,10,2,14.0,14.0,0
2015,2,927,807,10,2,13.0,13.0,0
2015,2,927,833,209,2,19.0,19.0,0
2015,2,927,813,208,2,12.0,12.0,0
2015,2,927,18,1,2,17.0,17.0,0
2015,2,927,4,1,2,18.0,18.0,0
2015,2,927,828,15,2,9.0,10.0,0
2015,3,928,1,131,17,1.0,1.0,1
2015,3,928,3,131,17,2.0,2.0,1
2015,3,928,20,6,17,3.0,3.0,1
2015,3,928,8,6,17,6.0,6.0,0
2015,3,928,13,3,17,4.0,4.0,0
2015,3,928,822,3,17,5.0,5.0,0
2015,3,928,154,208,17,8.0,8.0,0
2015,3,928,831,15,17,9.0,9.0,0
2015,3,928,817,9,17,7.0,7.0,0
2015,3,928,828,15,17,10.0,10.0,0
2015,3,928,815,10,17,15.0,15.0,0
2015,3,928,4,1,17,18.0,18.0,0
2015,3,928,832,5,17,14.0,14.0,0
2015,3,928,18,1,17,17.0,17.0,0
2015,3,928,829,209,17,19.0,19.0,0
2015,3,928,833,209,17,20.0,20.0,0
2015,3,928,830,5,17,13.0,13.0,0
2015,3,928,813,208,17,11.0,11.0,0
2015,3,928,826,9,17,12.0,12.0,0
2015,3,928,807,10,17,16.0,16.0,0
2015,4,929,1,131,3,1.0,1.0,1
2015,4,929,8,6,3,4.0,4.0,1
2015,4,929,3,131,3,3.0,3.0,1
2015,4,929,822,3,3,5.0,5.0,0
2015,4,929,20,6,3,2.0,2.0,0
2015,4,929,817,9,3,7.0,7.0,0
2015,4,929,154,208,3,10.0,10.0,0
2015,4,929,815,10,3,11.0,11.0,0
2015,4,929,826,9,3,17.0,17.0,0
2015,4,929,13,3,3,6.0,6.0,0
2015,4,929,4,1,3,14.0,14.0,0
2015,4,929,831,15,3,12.0,12.0,0
2015,4,929,807,10,3,8.0,8.0,0
2015,4,929,828,15,3,13.0,13.0,0
2015,4,929,813,208,3,16.0,16.0,0
2015,4,929,829,209,3,18.0,18.0,0
2015,4,929,833,209,3,19.0,19.0,0
2015,4,929,830,5,3,15.0,15.0,0
2015,4,929,832,5,3,9.0,9.0,0
2015,5,930,3,131,4,1.0,1.0,1
2015,5,930,1,131,4,2.0,2.0,1
2015,5,930,20,6,4,3.0,3.0,1
2015,5,930,822,3,4,4.0,4.0,0
2015,5,930,8,6,4,7.0,7.0,0
2015,5,930,13,3,4,9.0,9.0,0
2015,5,930,817,9,4,10.0,10.0,0
2015,5,930,154,208,4,11.0,11.0,0
2015,5,930,832,5,4,5.0,5.0,0
2015,5,930,826,9,4,8.0,8.0,0
2015,5,930,830,5,4,6.0,6.0,0
2015,5,930,831,15,4,15.0,15.0,0
2015,5,930,815,10,4,18.0,18.0,0
2015,5,930,828,15,4,16.0,16.0,0
2015,5,930,807,10,4,17.0,17.0,0
2015,5,930,18,1,4,14.0,14.0,0
2015,5,930,829,209,4,19.0,19.0,0
2015,5,930,833,209,4,20.0,20.0,0
2015,5,930,813,208,4,12.0,12.0,0
2015,5,930,4,1,4,13.0,13.0,0
2015,6,931,3,131,6,2.0,2.0,1
2015,6,931,20,6,6,3.0,3.0,1
2015,6,931,1,131,6,1.0,1.0,1
2015,6,931,826,9,6,5.0,5.0,0
2015,6,931,817,9,6,4.0,4.0,0
2015,6,931,8,6,6,6.0,6.0,0
2015,6,931,815,10,6,7.0,7.0,0
2015,6,931,18,1,6,10.0,12.0,0
2015,6,931,831,15,6,14.0,16.0,0
2015,6,931,832,5,6,0.0,8.0,0
2015,6,931,807,10,6,11.0,13.0,0
2015,6,931,154,208,6,15.0,11.0,0
2015,6,931,828,15,6,17.0,18.0,0
2015,6,931,822,3,6,16.0,17.0,0
2015,6,931,13,3,6,12.0,14.0,0
2015,6,931,833,209,6,19.0,20.0,0
2015,6,931,829,209,6,18.0,19.0,0
2015,6,931,830,5,6,9.0,10.0,0
2015,6,931,4,1,6,13.0,15.0,0
2015,6,931,813,208,6,8.0,9.0,0
2015,7,932,1,131,7,1.0,1.0,1
2015,7,932,3,131,7,2.0,2.0,1
2015,7,932,822,3,7,4.0,4.0,1
2015,7,932,8,6,7,3.0,3.0,0
2015,7,932,20,6,7,18.0,16.0,0
2015,7,932,13,3,7,15.0,17.0,0
2015,7,932,813,208,7,6.0,6.0,0
2015,7,932,807,10,7,7.0,7.0,0
2015,7,932,826,9,7,8.0,8.0,0
2015,7,932,154,208,7,5.0,5.0,0
2015,7,932,815,10,7,10.0,10.0,0
2015,7,932,832,5,7,11.0,11.0,0
2015,7,932,817,9,7,9.0,9.0,0
2015,7,932,828,15,7,12.0,13.0,0
2015,7,932,830,5,7,19.0,12.0,0
2015,7,932,831,15,7,14.0,15.0,0
2015,7,932,829,209,7,17.0,19.0,0
2015,7,932,833,209,7,16.0,18.0,0
2015,7,932,4,1,7,13.0,14.0,0
2015,8,933,3,131,70,2.0,2.0,1
2015,8,933,1,131,70,1.0,1.0,1
2015,8,933,13,3,70,4.0,4.0,1
2015,8,933,20,6,70,3.0,3.0,0
2015,8,933,822,3,70,6.0,6.0,0
2015,8,933,807,10,70,5.0,5.0,0
2015,8,933,813,208,70,10.0,11.0,0
2015,8,933,830,5,70,7.0,7.0,0
2015,8,933,815,10,70,13.0,16.0,0
2015,8,933,817,9,70,18.0,14.0,0
2015,8,933,831,15,70,8.0,9.0,0
2015,8,933,826,9,70,15.0,8.0,0
2015,8,933,828,15,70,11.0,12.0,0
2015,8,933,833,209,70,16.0,19.0,0
2015,8,933,154,208,70,9.0,10.0,0
2015,8,933,832,5,70,12.0,13.0,0
2015,8,933,18,1,70,20.0,17.0,0
2015,8,933,829,209,70,17.0,20.0,0
2015,8,933,8,6,70,14.0,18.0,0
2015,8,933,4,1,70,19.0,15.0,0
2015,9,934,1,131,9,1.0,1.0,1
2015,9,934,3,131,9,2.0,2.0,1
2015,9,934,20,6,9,6.0,6.0,1
2015,9,934,13,3,9,3.0,3.0,0
2015,9,934,822,3,9,4.0,4.0,0
2015,9,934,826,9,9,7.0,7.0,0
2015,9,934,807,10,9,9.0,9.0,0
2015,9,934,8,6,9,5.0,5.0,0
2015,9,934,815,10,9,11.0,11.0,0
2015,9,934,4,1,9,17.0,17.0,0
2015,9,934,828,15,9,15.0,15.0,0
2015,9,934,833,209,9,20.0,20.0,0
2015,9,934,829,209,9,19.0,19.0,0
2015,9,934,832,5,9,8.0,8.0,0
2015,9,934,817,9,9,10.0,10.0,0
2015,9,934,830,5,9,13.0,13.0,0
2015,9,934,813,208,9,14.0,14.0,0
2015,9,934,18,1,9,18.0,18.0,0
2015,9,934,154,208,9,12.0,12.0,0
2015,9,934,831,15,9,16.0,16.0,0
2015,10,936,20,6,11,3.0,3.0,1
2015,10,936,826,9,11,7.0,7.0,1
2015,10,936,817,9,11,4.0,4.0,1
2015,10,936,830,5,11,9.0,9.0,0
2015,10,936,4,1,11,15.0,15.0,0
2015,10,936,1,131,11,1.0,1.0,0
2015,10,936,154,208,11,10.0,10.0,0
2015,10,936,3,131,11,2.0,2.0,0
2015,10,936,18,1,11,16.0,16.0,0
2015,10,936,828,15,11,17.0,17.0,0
2015,10,936,831,15,11,18.0,18.0,0
2015,10,936,13,3,11,8.0,8.0,0
2015,10,936,822,3,11,6.0,6.0,0
2015,10,936,813,208,11,14.0,14.0,0
2015,10,936,833,209,11,19.0,19.0,0
2015,10,936,829,209,11,20.0,20.0,0
2015,10,936,832,5,11,12.0,12.0,0
2015,10,936,8,6,11,5.0,5.0,0
2015,10,936,815,10,11,13.0,13.0,0
2015,10,936,807,10,11,11.0,11.0,0
2015,11,937,1,131,13,1.0,1.0,1
2015,11,937,3,131,13,2.0,2.0,1
2015,11,937,154,208,13,9.0,4.0,1
2015,11,937,826,9,13,12.0,12.0,0
2015,11,937,815,10,13,4.0,5.0,0
2015,11,937,13,3,13,6.0,7.0,0
2015,11,937,8,6,13,16.0,14.0,0
2015,11,937,830,5,13,18.0,15.0,0
2015,11,937,822,3,13,3.0,3.0,0
2015,11,937,828,15,13,13.0,13.0,0
2015,11,937,831,15,13,14.0,16.0,0
2015,11,937,20,6,13,8.0,9.0,0
2015,11,937,4,1,13,20.0,18.0,0
2015,11,937,18,1,13,19.0,17.0,0
2015,11,937,833,209,13,17.0,20.0,0
2015,11,937,829,209,13,15.0,19.0,0
2015,11,937,832,5,13,10.0,10.0,0
2015,11,937,817,9,13,5.0,6.0,0
2015,11,937,813,208,13,7.0,8.0,0
2015,11,937,807,10,13,11.0,11.0,0
2015,12,938,1,131,14,1.0,1.0,1
2015,12,938,20,6,14,3.0,3.0,1
2015,12,938,13,3,14,5.0,5.0,1
2015,12,938,822,3,14,6.0,6.0,0
2015,12,938,8,6,14,2.0,2.0,0
2015,12,938,815,10,14,7.0,7.0,0
2015,12,938,807,10,14,9.0,9.0,0
2015,12,938,817,9,14,19.0,15.0,0
2015,12,938,828,15,14,12.0,10.0,0
2015,12,938,826,9,14,18.0,14.0,0
2015,12,938,832,5,14,17.0,13.0,0
2015,12,938,830,5,14,20.0,20.0,0
2015,12,938,831,15,14,17.0,12.0,0
2015,12,938,18,1,14,15.0,16.0,0
2015,12,938,829,209,14,13.0,18.0,0
2015,12,938,833,209,14,14.0,19.0,0
2015,12,938,3,131,14,4.0,4.0,0
2015,12,938,4,1,14,16.0,17.0,0
2015,12,938,154,208,14,8.0,8.0,0
2015,12,938,813,208,14,10.0,11.0,0
2015,13,939,20,6,15,1.0,1.0,1
2015,13,939,817,9,15,2.0,2.0,1
2015,13,939,8,6,15,3.0,3.0,1
2015,13,939,3,131,15,6.0,6.0,0
2015,13,939,822,3,15,7.0,7.0,0
2015,13,939,826,9,15,4.0,4.0,0
2015,13,939,815,10,15,13.0,13.0,0
2015,13,939,830,5,15,8.0,8.0,0
2015,13,939,832,5,15,14.0,14.0,0
2015,13,939,831,15,15,16.0,16.0,0
2015,13,939,828,15,15,17.0,17.0,0
2015,13,939,813,208,15,18.0,18.0,0
2015,13,939,154,208,15,10.0,10.0,0
2015,13,939,834,209,15,20.0,20.0,0
2015,13,939,829,209,15,19.0,19.0,0
2015,13,939,18,1,15,15.0,15.0,0
2015,13,939,4,1,15,12.0,12.0,0
2015,13,939,1,131,15,5.0,5.0,0
2015,13,939,13,3,15,9.0,9.0,0
2015,13,939,807,10,15,11.0,11.0,0
2015,14,940,1,131,22,2.0,2.0,1
2015,14,940,3,131,22,1.0,1.0,1
2015,14,940,20,6,22,4.0,4.0,1
2015,14,940,8,6,22,6.0,6.0,0
2015,14,940,822,3,22,3.0,3.0,0
2015,14,940,807,10,22,13.0,11.0,0
2015,14,940,154,208,22,8.0,8.0,0
2015,14,940,813,208,22,11.0,13.0,0
2015,14,940,830,5,22,17.0,15.0,0
2015,14,940,832,5,22,10.0,12.0,0
2015,14,940,4,1,22,12.0,14.0,0
2015,14,940,815,10,22,9.0,9.0,0
2015,14,940,826,9,22,20.0,10.0,0
2015,14,940,828,15,22,15.0,17.0,0
2015,14,940,817,9,22,7.0,7.0,0
2015,14,940,18,1,22,14.0,16.0,0
2015,14,940,13,3,22,5.0,5.0,0
2015,14,940,834,209,22,19.0,20.0,0
2015,14,940,829,209,22,18.0,19.0,0
2015,14,940,831,15,22,16.0,18.0,0
2015,15,941,1,131,71,2.0,2.0,1
2015,15,941,20,6,71,4.0,4.0,1
2015,15,941,815,10,71,7.0,7.0,1
2015,15,941,13,3,71,15.0,15.0,0
2015,15,941,8,6,71,5.0,5.0,0
2015,15,941,831,15,71,12.0,12.0,0
2015,15,941,813,208,71,14.0,14.0,0
2015,15,941,18,1,71,13.0,13.0,0
2015,15,941,830,5,71,9.0,9.0,0
2015,15,941,4,1,71,19.0,16.0,0
2015,15,941,822,3,71,3.0,3.0,0
2015,15,941,833,209,71,18.0,19.0,0
2015,15,941,829,209,71,17.0,18.0,0
2015,15,941,817,9,71,10.0,10.0,0
2015,15,941,154,208,71,8.0,8.0,0
2015,15,941,3,131,71,1.0,1.0,0
2015,15,941,807,10,71,6.0,6.0,0
2015,15,941,828,15,71,17.0,17.0,0
2015,16,942,1,131,69,2.0,2.0,1
2015,15,941,826,9,71,11.0,11.0,0
2015,16,942,3,131,69,1.0,1.0,1
2015,16,942,20,6,69,13.0,5.0,1
2015,16,942,830,5,69,8.0,10.0,0
2015,16,942,815,10,69,5.0,6.0,0
2015,16,942,18,1,69,11.0,14.0,0
2015,16,942,832,5,69,20.0,20.0,0
2015,16,942,813,208,69,12.0,15.0,0
2015,16,942,831,15,69,15.0,17.0,0
2015,16,942,817,9,69,3.0,3.0,0
2015,16,942,4,1,69,9.0,11.0,0
2015,16,942,834,209,69,17.0,18.0,0
2015,16,942,826,9,69,4.0,4.0,0
2015,16,942,807,10,69,6.0,7.0,0
2015,16,942,828,15,69,14.0,16.0,0
2015,16,942,8,6,69,18.0,8.0,0
2015,16,942,13,3,69,7.0,9.0,0
2015,16,942,154,208,69,10.0,13.0,0
2015,16,942,822,3,69,16.0,12.0,0
2015,16,942,829,209,69,19.0,19.0,0
2015,17,943,3,131,32,1.0,1.0,1
2015,17,943,1,131,32,2.0,2.0,1
2015,17,943,822,3,32,6.0,6.0,1
2015,17,943,826,9,32,4.0,4.0,0
2015,17,943,817,9,32,5.0,5.0,0
2015,17,943,13,3,32,7.0,7.0,0
2015,17,943,807,10,32,10.0,10.0,0
2015,17,943,815,10,32,9.0,9.0,0
2015,17,943,830,5,32,8.0,8.0,0
2015,17,943,154,208,32,12.0,12.0,0
2015,17,943,813,208,32,13.0,13.0,0
2015,17,943,828,15,32,14.0,14.0,0
2015,17,943,832,5,32,11.0,11.0,0
2015,17,943,18,1,32,20.0,20.0,0
2015,17,943,834,209,32,16.0,18.0,0
2015,17,943,829,209,32,17.0,19.0,0
2015,17,943,831,15,32,15.0,17.0,0
2015,17,943,20,6,32,3.0,3.0,0
2015,17,943,8,6,32,19.0,15.0,0
2015,17,943,4,1,32,18.0,16.0,0
2015,18,944,3,131,18,1.0,1.0,1
2015,18,944,1,131,18,2.0,2.0,1
2015,18,944,20,6,18,3.0,3.0,1
2015,18,944,8,6,18,4.0,5.0,0
2015,18,944,822,3,18,7.0,4.0,0
2015,18,944,807,10,18,5.0,6.0,0
2015,18,944,826,9,18,6.0,7.0,0
2015,18,944,154,208,18,14.0,15.0,0
2015,18,944,830,5,18,9.0,10.0,0
2015,18,944,813,208,18,15.0,16.0,0
2015,18,944,817,9,18,19.0,9.0,0
2015,18,944,815,10,18,11.0,13.0,0
2015,18,944,831,15,18,13.0,11.0,0
2015,18,944,18,1,18,16.0,17.0,0
2015,18,944,4,1,18,20.0,20.0,0
2015,18,944,828,15,18,12.0,14.0,0
2015,18,944,829,209,18,18.0,19.0,0
2015,18,944,834,209,18,17.0,18.0,0
2015,18,944,832,5,18,10.0,12.0,0
2015,18,944,13,3,18,8.0,8.0,0
2015,19,945,3,131,24,1.0,1.0,1
2015,19,945,1,131,24,2.0,2.0,1
2015,19,945,8,6,24,3.0,3.0,1
2015,19,945,20,6,24,15.0,16.0,0
2015,19,945,815,10,24,4.0,4.0,0
2015,19,945,817,9,24,5.0,5.0,0
2015,19,945,807,10,24,7.0,7.0,0
2015,19,945,13,3,24,8.0,8.0,0
2015,19,945,154,208,24,18.0,15.0,0
2015,19,945,826,9,24,9.0,9.0,0
2015,19,945,832,5,24,10.0,10.0,0
2015,19,945,18,1,24,12.0,12.0,0
2015,19,945,822,3,24,6.0,6.0,0
2015,19,945,828,15,24,17.0,18.0,0
2015,19,945,831,15,24,14.0,14.0,0
2015,19,945,830,5,24,11.0,11.0,0
2015,19,945,4,1,24,16.0,17.0,0
2015,19,945,829,209,24,19.0,19.0,0
2015,19,945,833,209,24,20.0,20.0,0
2015,19,945,813,208,24,13.0,13.0,0
2016,1,948,3,131,1,2.0,2.0,1
2016,1,948,1,131,1,1.0,1.0,1
2016,1,948,20,6,1,3.0,3.0,1
2016,1,948,817,9,1,8.0,8.0,0
2016,1,948,13,3,1,6.0,6.0,0
2016,1,948,154,210,1,19.0,19.0,0
2016,1,948,807,10,1,10.0,10.0,0
2016,1,948,822,3,1,16.0,11.0,0
2016,1,948,832,5,1,7.0,7.0,0
2016,1,948,830,5,1,5.0,5.0,0
2016,1,948,835,4,1,13.0,14.0,0
2016,1,948,825,4,1,14.0,15.0,0
2016,1,948,815,10,1,9.0,9.0,0
2016,1,948,18,1,1,12.0,13.0,0
2016,1,948,831,15,1,17.0,17.0,0
2016,1,948,836,209,1,21.0,22.0,0
2016,1,948,828,15,1,15.0,16.0,0
2016,1,948,8,6,1,4.0,4.0,0
2016,1,948,837,209,1,22.0,21.0,0
2016,1,948,821,210,1,20.0,20.0,0
2016,1,948,4,1,1,11.0,12.0,0
2016,1,948,826,9,1,18.0,18.0,0
2016,2,949,3,131,3,2.0,2.0,1
2016,2,949,8,6,3,4.0,4.0,1
2016,2,949,1,131,3,1.0,1.0,1
2016,2,949,817,9,3,5.0,5.0,0
2016,2,949,154,210,3,9.0,9.0,0
2016,2,949,830,5,3,10.0,10.0,0
2016,2,949,826,9,3,15.0,15.0,0
2016,2,949,13,3,3,7.0,7.0,0
2016,2,949,822,3,3,6.0,6.0,0
2016,2,949,838,1,3,12.0,12.0,0
2016,2,949,825,4,3,22.0,19.0,0
2016,2,949,828,15,3,17.0,17.0,0
2016,2,949,836,209,3,16.0,16.0,0
2016,2,949,831,15,3,21.0,22.0,0
2016,2,949,807,10,3,8.0,8.0,0
2016,2,949,815,10,3,18.0,18.0,0
2016,2,949,837,209,3,20.0,21.0,0
2016,2,949,832,5,3,11.0,11.0,0
2016,2,949,821,210,3,13.0,13.0,0
2016,2,949,18,1,3,14.0,14.0,0
2016,2,949,20,6,3,3.0,3.0,0
2016,2,949,835,4,3,19.0,20.0,0
2016,3,950,3,131,17,1.0,1.0,1
2016,3,950,20,6,17,4.0,4.0,1
2016,3,950,826,9,17,6.0,6.0,1
2016,3,950,817,9,17,2.0,2.0,0
2016,3,950,8,6,17,3.0,3.0,0
2016,3,950,13,3,17,10.0,11.0,0
2016,3,950,1,131,17,22.0,22.0,0
2016,3,950,830,5,17,9.0,9.0,0
2016,3,950,832,5,17,8.0,8.0,0
2016,3,950,822,3,17,5.0,5.0,0
2016,3,950,815,10,17,7.0,7.0,0
2016,3,950,4,1,17,11.0,12.0,0
2016,3,950,18,1,17,12.0,13.0,0
2016,3,950,821,210,17,18.0,18.0,0
2016,3,950,807,10,17,13.0,10.0,0
2016,3,950,828,15,17,15.0,15.0,0
2016,3,950,825,4,17,17.0,17.0,0
2016,3,950,836,209,17,21.0,21.0,0
2016,3,950,154,210,17,14.0,14.0,0
2016,3,950,831,15,17,16.0,16.0,0
2016,3,950,837,209,17,20.0,20.0,0
2016,3,950,835,4,17,19.0,19.0,0
2016,4,951,3,131,71,1.0,1.0,1
2016,4,951,1,131,71,10.0,10.0,1
2016,4,951,8,6,71,3.0,4.0,1
2016,4,951,822,3,71,2.0,3.0,0
2016,4,951,13,3,71,4.0,5.0,0
2016,4,951,4,1,71,14.0,14.0,0
2016,4,951,825,4,71,17.0,17.0,0
2016,4,951,154,210,71,15.0,15.0,0
2016,4,951,815,10,71,6.0,7.0,0
2016,4,951,18,1,71,12.0,12.0,0
2016,4,951,817,9,71,5.0,6.0,0
2016,4,951,832,5,71,11.0,11.0,0
2016,4,951,835,4,71,18.0,18.0,0
2016,4,951,828,15,71,22.0,22.0,0
2016,4,951,826,9,71,8.0,8.0,0
2016,4,951,831,15,71,19.0,19.0,0
2016,4,951,821,210,71,16.0,16.0,0
2016,4,951,836,209,71,20.0,20.0,0
2016,4,951,830,5,71,9.0,9.0,0
2016,4,951,20,6,71,7.0,2.0,0
2016,4,951,807,10,71,13.0,13.0,0
2016,4,951,837,209,71,21.0,21.0,0
2016,5,952,830,9,4,4.0,4.0,1
2016,5,952,8,6,4,5.0,5.0,1
2016,5,952,20,6,4,6.0,6.0,1
2016,5,952,817,9,4,3.0,3.0,0
2016,5,952,822,3,4,7.0,7.0,0
2016,5,952,832,5,4,8.0,8.0,0
2016,5,952,815,10,4,9.0,9.0,0
2016,5,952,13,3,4,18.0,18.0,0
2016,5,952,18,1,4,12.0,12.0,0
2016,5,952,826,5,4,13.0,13.0,0
2016,5,952,821,210,4,16.0,16.0,0
2016,5,952,828,15,4,19.0,19.0,0
2016,5,952,835,4,4,17.0,17.0,0
2016,5,952,825,4,4,15.0,15.0,0
2016,5,952,831,15,4,20.0,20.0,0
2016,5,952,836,209,4,21.0,21.0,0
2016,5,952,837,209,4,22.0,22.0,0
2016,5,952,154,210,4,14.0,14.0,0
2016,5,952,4,1,4,10.0,10.0,0
2016,5,952,807,10,4,11.0,11.0,0
2016,5,952,1,131,4,1.0,1.0,0
2016,5,952,3,131,4,2.0,2.0,0
2016,6,953,1,131,6,3.0,3.0,1
2016,6,953,817,9,6,1.0,1.0,1
2016,6,953,815,10,6,7.0,8.0,1
2016,6,953,20,6,6,4.0,4.0,0
2016,6,953,4,1,6,9.0,10.0,0
2016,6,953,807,10,6,5.0,5.0,0
2016,6,953,3,131,6,2.0,2.0,0
2016,6,953,832,5,6,6.0,7.0,0
2016,6,953,18,1,6,13.0,13.0,0
2016,6,953,13,3,6,14.0,14.0,0
2016,6,953,821,210,6,12.0,12.0,0
2016,6,953,822,3,6,10.0,11.0,0
2016,6,953,154,210,6,15.0,15.0,0
2016,6,953,836,209,6,20.0,20.0,0
2016,6,953,837,209,6,19.0,19.0,0
2016,6,953,828,15,6,17.0,17.0,0
2016,6,953,831,15,6,0.0,22.0,0
2016,6,953,830,9,6,0.0,21.0,0
2016,6,953,825,4,6,16.0,16.0,0
2016,6,953,826,5,6,8.0,9.0,0
2016,6,953,8,6,6,11.0,6.0,0
2016,6,953,835,4,6,18.0,18.0,0
2016,7,954,1,131,7,1.0,1.0,1
2016,7,954,20,6,7,3.0,3.0,1
2016,7,954,822,3,7,7.0,7.0,1
2016,7,954,830,9,7,5.0,5.0,0
2016,7,954,3,131,7,2.0,2.0,0
2016,7,954,8,6,7,6.0,6.0,0
2016,7,954,817,9,7,4.0,4.0,0
2016,7,954,807,10,7,9.0,9.0,0
2016,7,954,832,5,7,20.0,16.0,0
2016,7,954,815,10,7,11.0,11.0,0
2016,7,954,4,1,7,10.0,10.0,0
2016,7,954,826,5,7,15.0,13.0,0
2016,7,954,821,210,7,13.0,14.0,0
2016,7,954,154,210,7,14.0,15.0,0
2016,7,954,828,15,7,21.0,19.0,0
2016,7,954,836,209,7,17.0,18.0,0
2016,7,954,831,15,7,18.0,20.0,0
2016,7,954,837,209,7,19.0,21.0,0
2016,7,954,13,3,7,8.0,8.0,0
2016,7,954,835,4,7,16.0,17.0,0
2016,7,954,18,1,7,12.0,12.0,0
2016,8,955,3,131,73,1.0,1.0,1
2016,8,955,20,6,73,3.0,4.0,1
2016,8,955,815,10,73,7.0,2.0,1
2016,8,955,8,6,73,4.0,5.0,0
2016,8,955,1,131,73,10.0,10.0,0
2016,8,955,822,3,73,8.0,8.0,0
2016,8,955,817,9,73,2.0,3.0,0
2016,8,955,830,9,73,9.0,9.0,0
2016,8,955,807,10,73,12.0,12.0,0
2016,8,955,13,3,73,5.0,6.0,0
2016,8,955,18,1,73,19.0,19.0,0
2016,8,955,831,15,73,15.0,16.0,0
2016,8,955,154,210,73,11.0,11.0,0
2016,8,955,825,4,73,22.0,21.0,0
2016,8,955,835,4,73,21.0,22.0,0
2016,8,955,821,210,73,14.0,15.0,0
2016,8,955,828,15,73,20.0,20.0,0
2016,8,955,837,209,73,16.0,17.0,0
2016,8,955,4,1,73,13.0,14.0,0
2016,8,955,836,209,73,17.0,18.0,0
2016,8,955,832,5,73,18.0,13.0,0
2016,8,955,826,5,73,6.0,7.0,0
2016,9,956,1,131,70,1.0,1.0,1
2016,9,956,830,9,70,8.0,9.0,1
2016,9,956,8,6,70,4.0,6.0,1
2016,9,956,3,131,70,6.0,2.0,0
2016,9,956,817,9,70,5.0,7.0,0
2016,9,956,18,1,70,3.0,5.0,0
2016,9,956,154,210,70,13.0,13.0,0
2016,9,956,832,5,70,15.0,15.0,0
2016,9,956,822,3,70,7.0,8.0,0
2016,9,956,836,209,70,12.0,12.0,0
2016,9,956,821,210,70,11.0,11.0,0
2016,9,956,835,4,70,19.0,18.0,0
2016,9,956,831,15,70,21.0,22.0,0
2016,9,956,825,4,70,17.0,17.0,0
2016,9,956,828,15,70,18.0,21.0,0
2016,9,956,837,209,70,20.0,19.0,0
2016,9,956,815,10,70,16.0,16.0,0
2016,9,956,4,1,70,14.0,14.0,0
2016,9,956,807,10,70,2.0,3.0,0
2016,9,956,13,3,70,0.0,10.0,0
2016,9,956,20,6,70,9.0,4.0,0
2016,9,956,826,5,70,0.0,20.0,0
2016,10,957,1,131,9,1.0,1.0,1
2016,10,957,830,9,9,3.0,3.0,1
2016,10,957,3,131,9,2.0,2.0,1
2016,10,957,817,9,9,4.0,4.0,0
2016,10,957,8,6,9,5.0,5.0,0
2016,10,957,815,10,9,10.0,11.0,0
2016,10,957,807,10,9,8.0,9.0,0
2016,10,957,832,5,9,7.0,8.0,0
2016,10,957,20,6,9,11.0,6.0,0
2016,10,957,826,5,9,15.0,15.0,0
2016,10,957,13,3,9,12.0,12.0,0
2016,10,957,18,1,9,17.0,17.0,0
2016,10,957,4,1,9,9.0,10.0,0
2016,10,957,822,3,9,6.0,7.0,0
2016,10,957,831,15,9,21.0,21.0,0
2016,10,957,821,210,9,14.0,14.0,0
2016,10,957,825,4,9,16.0,16.0,0
2016,10,957,835,4,9,18.0,18.0,0
2016,10,957,837,209,9,19.0,19.0,0
2016,10,957,154,210,9,13.0,13.0,0
2016,10,957,836,209,9,20.0,20.0,0
2016,11,958,1,131,11,2.0,2.0,1
2016,11,958,3,131,11,1.0,1.0,1
2016,11,958,817,9,11,3.0,3.0,1
2016,11,958,20,6,11,5.0,5.0,0
2016,11,958,830,9,11,4.0,4.0,0
2016,11,958,8,6,11,14.0,14.0,0
2016,11,958,4,1,11,7.0,7.0,0
2016,11,958,832,5,11,6.0,6.0,0
2016,11,958,822,3,11,10.0,10.0,0
2016,11,958,807,10,11,9.0,9.0,0
2016,11,958,815,10,11,13.0,13.0,0
2016,11,958,835,4,11,17.0,17.0,0
2016,11,958,821,210,11,15.0,15.0,0
2016,11,958,154,210,11,11.0,11.0,0
2016,11,958,825,4,11,19.0,19.0,0
2016,11,958,826,5,11,12.0,12.0,0
2016,11,958,831,15,11,16.0,16.0,0
2016,11,958,13,3,11,18.0,18.0,0
2016,11,958,836,209,11,20.0,21.0,0
2016,11,958,828,15,11,22.0,20.0,0
2016,11,958,837,209,11,21.0,22.0,0
2016,11,958,18,1,11,8.0,8.0,0
2016,12,959,1,131,10,2.0,2.0,1
2016,12,959,817,9,10,3.0,3.0,1
2016,12,959,830,9,10,4.0,4.0,1
2016,12,959,3,131,10,1.0,1.0,0
2016,12,959,20,6,10,6.0,6.0,0
2016,12,959,8,6,10,5.0,5.0,0
2016,12,959,807,10,10,8.0,7.0,0
2016,12,959,18,1,10,12.0,12.0,0
2016,12,959,822,3,10,7.0,8.0,0
2016,12,959,815,10,10,9.0,9.0,0
2016,12,959,821,210,10,11.0,11.0,0
2016,12,959,4,1,10,13.0,14.0,0
2016,12,959,154,210,10,20.0,15.0,0
2016,12,959,832,5,10,15.0,13.0,0
2016,12,959,826,5,10,18.0,19.0,0
2016,12,959,825,4,10,16.0,17.0,0
2016,12,959,836,209,10,17.0,18.0,0
2016,12,959,828,15,10,22.0,22.0,0
2016,12,959,835,4,10,14.0,16.0,0
2016,12,959,837,209,10,19.0,20.0,0
2016,12,959,831,15,10,21.0,21.0,0
2016,12,959,13,3,10,10.0,10.0,0
2016,13,960,3,131,13,1.0,1.0,1
2016,13,960,817,9,13,5.0,5.0,1
2016,13,960,1,131,13,21.0,21.0,1
2016,13,960,807,10,13,7.0,7.0,0
2016,13,960,815,10,13,6.0,6.0,0
2016,13,960,20,6,13,4.0,4.0,0
2016,13,960,822,3,13,8.0,8.0,0
2016,13,960,8,6,13,3.0,3.0,0
2016,13,960,13,3,13,10.0,10.0,0
2016,13,960,830,9,13,2.0,2.0,0
2016,13,960,821,210,13,18.0,13.0,0
2016,13,960,154,210,13,11.0,11.0,0
2016,13,960,826,5,13,19.0,19.0,0
2016,13,960,835,4,13,13.0,14.0,0
2016,13,960,839,209,13,17.0,18.0,0
2016,13,960,831,15,13,16.0,17.0,0
2016,13,960,825,4,13,12.0,12.0,0
2016,13,960,828,15,13,20.0,20.0,0
2016,13,960,832,5,13,14.0,15.0,0
2016,13,960,18,1,13,9.0,9.0,0
2016,13,960,836,209,13,15.0,16.0,0
2016,14,961,3,131,14,2.0,2.0,1
2016,14,961,1,131,14,1.0,1.0,1
2016,14,961,20,6,14,3.0,3.0,1
2016,14,961,8,6,14,4.0,4.0,0
2016,14,961,817,9,14,6.0,6.0,0
2016,14,961,822,3,14,5.0,5.0,0
2016,14,961,830,9,14,7.0,7.0,0
2016,14,961,815,10,14,8.0,8.0,0
2016,14,961,13,3,14,11.0,11.0,0
2016,14,961,807,10,14,9.0,9.0,0
2016,14,961,154,210,14,17.0,12.0,0
2016,14,961,18,1,14,14.0,15.0,0
2016,14,961,821,210,14,10.0,10.0,0
2016,14,961,4,1,14,12.0,13.0,0
2016,14,961,832,5,14,15.0,16.0,0
2016,14,961,828,15,14,19.0,19.0,0
2016,14,961,825,4,14,21.0,21.0,0
2016,14,961,826,5,14,16.0,17.0,0
2016,14,961,836,209,14,13.0,14.0,0
2016,14,961,835,4,14,20.0,20.0,0
2016,14,961,831,15,14,18.0,18.0,0
2016,15,962,3,131,15,1.0,1.0,1
2016,15,962,817,9,15,2.0,2.0,1
2016,15,962,1,131,15,3.0,3.0,1
2016,15,962,8,6,15,5.0,5.0,0
2016,15,962,20,6,15,22.0,22.0,0
2016,15,962,830,9,15,4.0,4.0,0
2016,15,962,4,1,15,9.0,9.0,0
2016,15,962,815,10,15,17.0,10.0,0
2016,15,962,826,5,15,7.0,7.0,0
2016,15,962,825,4,15,15.0,17.0,0
2016,15,962,821,210,15,13.0,14.0,0
2016,15,962,13,3,15,11.0,12.0,0
2016,15,962,831,15,15,16.0,18.0,0
2016,15,962,832,5,15,6.0,6.0,0
2016,15,962,835,4,15,18.0,19.0,0
2016,15,962,836,209,15,19.0,20.0,0
2016,15,962,828,15,15,14.0,16.0,0
2016,15,962,839,209,15,21.0,21.0,0
2016,15,962,18,1,15,12.0,13.0,0
2016,15,962,822,3,15,10.0,11.0,0
2016,15,962,807,10,15,8.0,8.0,0
2016,15,962,154,210,15,20.0,15.0,0
2016,16,963,817,9,2,4.0,4.0,1
2016,16,963,830,9,2,3.0,3.0,1
2016,16,963,3,131,2,2.0,2.0,1
2016,16,963,8,6,2,6.0,6.0,0
2016,16,963,822,3,2,11.0,11.0,0
2016,16,963,815,10,2,7.0,7.0,0
2016,16,963,4,1,2,22.0,22.0,0
2016,16,963,807,10,2,8.0,8.0,0
2016,16,963,18,1,2,9.0,9.0,0
2016,16,963,835,4,2,19.0,19.0,0
2016,16,963,832,5,2,16.0,16.0,0
2016,16,963,828,15,2,17.0,17.0,0
2016,16,963,13,3,2,10.0,10.0,0
2016,16,963,826,5,2,15.0,15.0,0
2016,16,963,836,209,2,21.0,21.0,0
2016,16,963,839,209,2,20.0,20.0,0
2016,16,963,831,15,2,18.0,18.0,0
2016,16,963,1,131,2,1.0,1.0,0
2016,16,963,821,210,2,13.0,13.0,0
2016,16,963,825,4,2,14.0,14.0,0
2016,16,963,154,210,2,12.0,12.0,0
2016,16,963,20,6,2,5.0,5.0,0
2016,17,964,3,131,22,1.0,1.0,1
2016,17,964,830,9,22,3.0,5.0,1
2016,17,964,1,131,22,2.0,2.0,1
2016,17,964,20,6,22,6.0,4.0,0
2016,17,964,8,6,22,8.0,3.0,0
2016,17,964,817,9,22,4.0,6.0,0
2016,17,964,815,10,22,5.0,7.0,0
2016,17,964,807,10,22,9.0,9.0,0
2016,17,964,13,3,22,12.0,12.0,0
2016,17,964,822,3,22,11.0,11.0,0
2016,17,964,154,210,22,7.0,8.0,0
2016,17,964,835,4,22,16.0,16.0,0
2016,17,964,826,5,22,13.0,13.0,0
2016,17,964,825,4,22,17.0,18.0,0
2016,17,964,828,15,22,18.0,19.0,0
2016,17,964,4,1,22,15.0,15.0,0
2016,17,964,832,5,22,14.0,14.0,0
2016,17,964,18,1,22,22.0,17.0,0
2016,17,964,831,15,22,19.0,20.0,0
2016,17,964,821,210,22,10.0,10.0,0
2016,17,964,839,209,22,20.0,21.0,0
2016,17,964,836,209,22,21.0,22.0,0
2016,18,965,1,131,69,1.0,1.0,1
2016,18,965,3,131,69,2.0,2.0,1
2016,18,965,817,9,69,3.0,3.0,1
2016,18,965,20,6,69,6.0,6.0,0
2016,18,965,4,1,69,12.0,12.0,0
2016,18,965,832,5,69,10.0,10.0,0
2016,18,965,13,3,69,9.0,9.0,0
2016,18,965,815,10,69,11.0,11.0,0
2016,18,965,18,1,69,19.0,19.0,0
2016,18,965,154,210,69,17.0,17.0,0
2016,18,965,826,5,69,13.0,13.0,0
2016,18,965,825,4,69,18.0,18.0,0
2016,18,965,835,4,69,15.0,15.0,0
2016,18,965,828,15,69,16.0,16.0,0
2016,18,965,831,15,69,21.0,21.0,0
2016,18,965,822,3,69,8.0,8.0,0
2016,18,965,836,209,69,20.0,20.0,0
2016,18,965,839,209,69,22.0,22.0,0
2016,18,965,8,6,69,5.0,5.0,0
2016,18,965,830,9,69,4.0,4.0,0
2016,18,965,821,210,69,14.0,14.0,0
2016,18,965,807,10,69,7.0,7.0,0
2016,19,966,1,131,32,1.0,1.0,1
2016,19,966,3,131,32,2.0,2.0,1
2016,19,966,817,9,32,4.0,4.0,1
2016,19,966,830,9,32,3.0,3.0,0
2016,19,966,20,6,32,7.0,7.0,0
2016,19,966,8,6,32,6.0,6.0,0
2016,19,966,807,10,32,5.0,5.0,0
2016,19,966,822,3,32,8.0,8.0,0
2016,19,966,13,3,32,9.0,9.0,0
2016,19,966,815,10,32,12.0,12.0,0
2016,19,966,828,15,32,15.0,15.0,0
2016,19,966,18,1,32,13.0,13.0,0
2016,19,966,4,1,32,11.0,11.0,0
2016,19,966,831,15,32,19.0,19.0,0
2016,19,966,832,5,32,10.0,10.0,0
2016,19,966,825,4,32,14.0,14.0,0
2016,19,966,826,5,32,18.0,18.0,0
2016,19,966,821,210,32,17.0,17.0,0
2016,19,966,154,210,32,22.0,21.0,0
2016,19,966,839,209,32,20.0,20.0,0
2016,19,966,836,209,32,16.0,16.0,0
2016,20,967,1,131,18,1.0,1.0,1
2016,20,967,3,131,18,2.0,2.0,1
2016,20,967,830,9,18,4.0,4.0,1
2016,20,967,815,10,18,9.0,9.0,0
2016,20,967,20,6,18,5.0,5.0,0
2016,20,967,832,5,18,15.0,15.0,0
2016,20,967,807,10,18,8.0,8.0,0
2016,20,967,817,9,18,6.0,6.0,0
2016,20,967,831,15,18,21.0,22.0,0
2016,20,967,4,1,18,10.0,10.0,0
2016,20,967,822,3,18,11.0,11.0,0
2016,20,967,839,209,18,22.0,20.0,0
2016,20,967,826,5,18,14.0,14.0,0
2016,20,967,825,4,18,18.0,18.0,0
2016,20,967,836,209,18,19.0,19.0,0
2016,20,967,18,1,18,17.0,17.0,0
2016,20,967,821,210,18,12.0,12.0,0
2016,20,967,13,3,18,13.0,13.0,0
2016,20,967,835,4,18,16.0,16.0,0
2016,20,967,8,6,18,3.0,3.0,0
2016,20,967,828,15,18,20.0,21.0,0
2016,20,967,154,210,18,7.0,7.0,0
2016,21,968,1,131,24,1.0,1.0,1
2016,21,968,3,131,24,2.0,2.0,1
2016,21,968,20,6,24,5.0,5.0,1
2016,21,968,830,9,24,6.0,6.0,0
2016,21,968,817,9,24,3.0,3.0,0
2016,21,968,8,6,24,4.0,4.0,0
2016,21,968,807,10,24,7.0,7.0,0
2016,21,968,815,10,24,8.0,8.0,0
2016,21,968,13,3,24,10.0,10.0,0
2016,21,968,4,1,24,9.0,9.0,0
2016,21,968,154,210,24,14.0,14.0,0
2016,21,968,821,210,24,13.0,13.0,0
2016,21,968,839,209,24,20.0,20.0,0
2016,21,968,836,209,24,16.0,16.0,0
2016,21,968,828,15,24,22.0,22.0,0
2016,21,968,831,15,24,19.0,19.0,0
2016,21,968,835,4,24,15.0,15.0,0
2016,21,968,832,5,24,21.0,21.0,0
2016,21,968,826,5,24,17.0,17.0,0
2016,21,968,18,1,24,12.0,12.0,0
2016,21,968,822,3,24,11.0,11.0,0
2016,21,968,825,4,24,18.0,18.0,0
2017,1,969,20,6,1,2.0,2.0,1
2017,1,969,1,131,1,1.0,1.0,1
2017,1,969,822,131,1,3.0,3.0,1
2017,1,969,8,6,1,4.0,4.0,0
2017,1,969,830,9,1,5.0,5.0,0
2017,1,969,13,3,1,7.0,7.0,0
2017,1,969,815,10,1,10.0,11.0,0
2017,1,969,832,5,1,8.0,8.0,0
2017,1,969,826,5,1,9.0,9.0,0
2017,1,969,839,10,1,13.0,14.0,0
2017,1,969,807,4,1,11.0,12.0,0
2017,1,969,841,15,1,16.0,16.0,0
2017,1,969,838,1,1,18.0,18.0,0
2017,1,969,4,1,1,12.0,13.0,0
2017,1,969,825,210,1,17.0,17.0,0
2017,1,969,840,3,1,20.0,19.0,0
2017,1,969,817,9,1,0.0,10.0,0
2017,1,969,828,15,1,14.0,15.0,0
2017,1,969,835,4,1,19.0,20.0,0
2017,1,969,154,210,1,6.0,6.0,0
2017,2,970,1,131,17,1.0,1.0,1
2017,2,970,20,6,17,2.0,2.0,1
2017,2,970,830,9,17,16.0,19.0,1
2017,2,970,817,9,17,5.0,5.0,0
2017,2,970,8,6,17,4.0,4.0,0
2017,2,970,822,131,17,3.0,3.0,0
2017,2,970,832,5,17,11.0,11.0,0
2017,2,970,825,210,17,12.0,12.0,0
2017,2,970,815,10,17,8.0,8.0,0
2017,2,970,839,10,17,17.0,20.0,0
2017,2,970,154,210,17,19.0,17.0,0
2017,2,970,807,4,17,7.0,7.0,0
2017,2,970,835,4,17,20.0,18.0,0
2017,2,970,13,3,17,6.0,6.0,0
2017,2,970,828,15,17,14.0,14.0,0
2017,2,970,4,1,17,13.0,13.0,0
2017,2,970,826,5,17,9.0,9.0,0
2017,2,970,838,1,17,15.0,16.0,0
2017,2,970,841,15,17,18.0,15.0,0
2017,2,970,840,3,17,10.0,10.0,0
2017,3,971,20,6,3,3.0,3.0,1
2017,3,971,1,131,3,2.0,2.0,1
2017,3,971,822,131,3,1.0,1.0,1
2017,3,971,8,6,3,5.0,5.0,0
2017,3,971,817,9,3,4.0,4.0,0
2017,3,971,13,3,3,8.0,8.0,0
2017,3,971,815,10,3,18.0,18.0,0
2017,3,971,154,210,3,9.0,9.0,0
2017,3,971,807,4,3,7.0,7.0,0
2017,3,971,839,10,3,14.0,14.0,0
2017,3,971,836,15,3,13.0,13.0,0
2017,3,971,826,5,3,11.0,11.0,0
2017,3,971,835,4,3,10.0,10.0,0
2017,3,971,4,1,3,15.0,15.0,0
2017,3,971,828,15,3,19.0,19.0,0
2017,3,971,832,5,3,16.0,16.0,0
2017,3,971,840,3,3,12.0,12.0,0
2017,3,971,830,9,3,6.0,6.0,0
2017,3,971,825,210,3,20.0,20.0,0
2017,3,971,838,1,3,17.0,17.0,0
2017,4,972,822,131,71,3.0,3.0,1
2017,4,972,20,6,71,1.0,1.0,1
2017,4,972,8,6,71,2.0,2.0,1
2017,4,972,1,131,71,4.0,4.0,0
2017,4,972,830,9,71,7.0,7.0,0
2017,4,972,815,10,71,9.0,9.0,0
2017,4,972,839,10,71,10.0,10.0,0
2017,4,972,807,4,71,8.0,8.0,0
2017,4,972,13,3,71,6.0,6.0,0
2017,4,972,832,5,71,14.0,11.0,0
2017,4,972,840,3,71,11.0,12.0,0
2017,4,972,826,5,71,12.0,13.0,0
2017,4,972,825,210,71,13.0,14.0,0
2017,4,972,838,1,71,20.0,17.0,0
2017,4,972,828,15,71,18.0,19.0,0
2017,4,972,836,15,71,17.0,18.0,0
2017,4,972,817,9,71,5.0,5.0,0
2017,4,972,835,4,71,16.0,16.0,0
2017,4,972,154,210,71,19.0,20.0,0
2017,4,972,4,1,71,15.0,15.0,0
2017,5,973,1,131,4,1.0,1.0,1
2017,5,973,20,6,4,2.0,2.0,1
2017,5,973,817,9,4,6.0,6.0,1
2017,5,973,815,10,4,8.0,8.0,0
2017,5,973,839,10,4,10.0,10.0,0
2017,5,973,807,4,4,13.0,13.0,0
2017,5,973,832,5,4,12.0,12.0,0
2017,5,973,836,15,4,15.0,15.0,0
2017,5,973,826,5,4,19.0,20.0,0
2017,5,973,154,210,4,14.0,14.0,0
2017,5,973,828,15,4,16.0,16.0,0
2017,5,973,4,1,4,7.0,7.0,0
2017,5,973,13,3,4,9.0,9.0,0
2017,5,973,825,210,4,11.0,11.0,0
2017,5,973,835,4,4,17.0,17.0,0
2017,5,973,840,3,4,18.0,18.0,0
2017,5,973,822,131,4,3.0,3.0,0
2017,5,973,838,1,4,20.0,19.0,0
2017,5,973,830,9,4,5.0,5.0,0
2017,5,973,8,6,4,4.0,4.0,0
2017,6,974,20,6,6,2.0,2.0,1
2017,6,974,8,6,6,1.0,1.0,1
2017,6,974,817,9,6,5.0,5.0,1
2017,6,974,822,131,6,3.0,3.0,0
2017,6,974,830,9,6,4.0,4.0,0
2017,6,974,832,5,6,6.0,6.0,0
2017,6,974,1,131,6,13.0,14.0,0
2017,6,974,154,210,6,8.0,8.0,0
2017,6,974,13,3,6,14.0,15.0,0
2017,6,974,825,210,6,11.0,13.0,0
2017,6,974,835,4,6,16.0,17.0,0
2017,6,974,839,10,6,15.0,16.0,0
2017,6,974,815,10,6,7.0,7.0,0
2017,6,974,826,5,6,9.0,11.0,0
2017,6,974,840,3,6,17.0,18.0,0
2017,6,974,838,1,6,12.0,10.0,0
2017,6,974,828,15,6,19.0,20.0,0
2017,6,974,18,1,6,20.0,9.0,0
2017,6,974,836,15,6,18.0,19.0,0
2017,6,974,807,4,6,10.0,12.0,0
2017,7,975,1,131,7,1.0,1.0,1
2017,7,975,822,131,7,3.0,3.0,1
2017,7,975,817,9,7,6.0,6.0,1
2017,7,975,20,6,7,2.0,2.0,0
2017,7,975,815,10,7,8.0,8.0,0
2017,7,975,839,10,7,9.0,9.0,0
2017,7,975,8,6,7,4.0,4.0,0
2017,7,975,807,4,7,10.0,10.0,0
2017,7,975,840,3,7,17.0,17.0,0
2017,7,975,154,210,7,14.0,14.0,0
2017,7,975,835,4,7,15.0,15.0,0
2017,7,975,825,210,7,18.0,18.0,0
2017,7,975,828,15,7,19.0,19.0,0
2017,7,975,838,1,7,16.0,16.0,0
2017,7,975,836,15,7,20.0,20.0,0
2017,7,975,4,1,7,12.0,12.0,0
2017,7,975,826,5,7,11.0,11.0,0
2017,7,975,830,9,7,5.0,5.0,0
2017,7,975,13,3,7,7.0,7.0,0
2017,7,975,832,5,7,13.0,13.0,0
2017,8,976,817,9,73,10.0,10.0,1
2017,8,976,822,131,73,2.0,2.0,1
2017,8,976,840,3,73,8.0,8.0,1
2017,8,976,20,6,73,4.0,4.0,0
2017,8,976,1,131,73,1.0,1.0,0
2017,8,976,839,10,73,7.0,7.0,0
2017,8,976,825,210,73,12.0,13.0,0
2017,8,976,832,5,73,15.0,12.0,0
2017,8,976,4,1,73,19.0,16.0,0
2017,8,976,836,15,73,14.0,15.0,0
2017,8,976,828,15,73,17.0,18.0,0
2017,8,976,838,1,73,18.0,19.0,0
2017,8,976,154,210,73,16.0,17.0,0
2017,8,976,8,6,73,3.0,3.0,0
2017,8,976,815,10,73,6.0,6.0,0
2017,8,976,13,3,73,9.0,9.0,0
2017,8,976,807,4,73,13.0,14.0,0
2017,8,976,830,9,73,5.0,5.0,0
2017,8,976,826,5,73,11.0,11.0,0
2011,1,841,24,164,1,0.0,23.0,0
2011,1,841,39,164,1,0.0,24.0,0
2011,6,846,815,15,6,0.0,10.0,0
2017,9,977,822,131,70,1.0,1.0,1
2017,9,977,20,6,70,2.0,2.0,1
2017,9,977,817,9,70,4.0,5.0,1
2017,9,977,1,131,70,8.0,3.0,0
2017,9,977,8,6,70,3.0,4.0,0
2017,9,977,154,210,70,6.0,7.0,0
2017,9,977,815,10,70,7.0,8.0,0
2017,9,977,839,10,70,9.0,9.0,0
2017,9,977,13,3,70,17.0,17.0,0
2017,9,977,840,3,70,18.0,18.0,0
2017,9,977,835,4,70,16.0,16.0,0
2017,9,977,838,1,70,13.0,13.0,0
2017,9,977,807,4,70,11.0,11.0,0
2017,9,977,836,15,70,20.0,20.0,0
2017,9,977,828,15,70,19.0,19.0,0
2017,9,977,826,5,70,14.0,14.0,0
2017,9,977,832,5,70,10.0,10.0,0
2017,9,977,825,210,70,15.0,15.0,0
2017,9,977,4,1,70,12.0,12.0,0
2017,9,977,830,9,70,5.0,6.0,0
2017,10,978,1,131,9,1.0,1.0,1
2017,10,978,822,131,9,9.0,4.0,1
2017,10,978,8,6,9,2.0,2.0,1
2017,10,978,830,9,9,4.0,5.0,0
2017,10,978,817,9,9,19.0,20.0,0
2017,10,978,807,4,9,5.0,6.0,0
2017,10,978,20,6,9,3.0,3.0,0
2017,10,978,839,10,9,7.0,8.0,0
2017,10,978,815,10,9,6.0,7.0,0
2017,10,978,13,3,9,14.0,15.0,0
2017,10,978,838,1,9,8.0,9.0,0
2017,10,978,825,210,9,16.0,17.0,0
2017,10,978,154,210,9,10.0,10.0,0
2017,10,978,828,15,9,18.0,19.0,0
2017,10,978,826,5,9,12.0,12.0,0
2017,10,978,840,3,9,15.0,16.0,0
2017,10,978,836,15,9,17.0,18.0,0
2017,10,978,4,1,9,20.0,13.0,0
2017,10,978,832,5,9,13.0,14.0,0
2017,10,978,835,4,9,11.0,11.0,0
2017,11,979,20,6,11,1.0,1.0,1
2017,11,979,8,6,11,2.0,2.0,1
2017,11,979,822,131,11,3.0,3.0,1
2017,11,979,1,131,11,4.0,4.0,0
2017,11,979,830,9,11,5.0,5.0,0
2017,11,979,4,1,11,7.0,8.0,0
2017,11,979,832,5,11,9.0,10.0,0
2017,11,979,815,10,11,13.0,14.0,0
2017,11,979,839,10,11,11.0,12.0,0
2017,11,979,838,1,11,8.0,9.0,0
2017,11,979,826,5,11,16.0,13.0,0
2017,11,979,835,4,11,10.0,11.0,0
2017,11,979,825,210,11,15.0,16.0,0
2017,11,979,840,3,11,17.0,17.0,0
2017,11,979,836,15,11,18.0,18.0,0
2017,11,979,828,15,11,20.0,20.0,0
2017,11,979,807,4,11,12.0,7.0,0
2017,11,979,814,3,11,19.0,19.0,0
2017,11,979,154,210,11,14.0,15.0,0
2017,11,979,817,9,11,6.0,6.0,0
2017,12,980,1,131,13,1.0,1.0,1
2017,12,980,20,6,13,2.0,2.0,1
2017,12,980,817,9,13,6.0,6.0,1
2017,12,980,8,6,13,4.0,4.0,0
2017,12,980,822,131,13,3.0,3.0,0
2017,12,980,807,4,13,7.0,7.0,0
2017,12,980,154,210,13,11.0,12.0,0
2017,12,980,13,3,13,16.0,16.0,0
2017,12,980,839,10,13,9.0,9.0,0
2017,12,980,832,5,13,13.0,14.0,0
2017,12,980,840,3,13,15.0,18.0,0
2017,12,980,826,5,13,19.0,17.0,0
2017,12,980,835,4,13,14.0,10.0,0
2017,12,980,838,1,13,20.0,15.0,0
2017,12,980,825,210,13,12.0,13.0,0
2017,12,980,828,15,13,17.0,19.0,0
2017,12,980,815,10,13,8.0,8.0,0
2017,12,980,4,1,13,10.0,11.0,0
2017,12,980,830,9,13,5.0,5.0,0
2017,12,980,836,15,13,18.0,20.0,0
2017,13,981,1,131,14,1.0,1.0,1
2017,13,981,822,131,14,4.0,6.0,1
2017,13,981,20,6,14,6.0,8.0,1
2017,13,981,817,9,14,16.0,3.0,0
2017,13,981,8,6,14,5.0,7.0,0
2017,13,981,839,10,14,3.0,5.0,0
2017,13,981,840,3,14,2.0,4.0,0
2017,13,981,13,3,14,7.0,9.0,0
2017,13,981,815,10,14,10.0,11.0,0
2017,13,981,830,9,14,13.0,2.0,0
2017,13,981,825,210,14,9.0,16.0,0
2017,13,981,826,5,14,8.0,14.0,0
2017,13,981,807,4,14,14.0,12.0,0
2017,13,981,832,5,14,15.0,15.0,0
2017,13,981,154,210,14,20.0,20.0,0
2017,13,981,836,15,14,12.0,19.0,0
2017,13,981,4,1,14,19.0,13.0,0
2017,13,981,828,15,14,11.0,18.0,0
2017,13,981,838,1,14,18.0,10.0,0
2017,13,981,835,4,14,17.0,17.0,0
2017,14,982,1,131,15,5.0,5.0,1
2017,14,982,817,9,15,3.0,3.0,1
2017,14,982,822,131,15,6.0,6.0,1
2017,14,982,832,5,15,10.0,10.0,0
2017,14,982,815,10,15,12.0,12.0,0
2017,14,982,835,4,15,11.0,11.0,0
2017,14,982,838,1,15,9.0,9.0,0
2017,14,982,840,3,15,18.0,18.0,0
2017,14,982,154,210,15,15.0,15.0,0
2017,14,982,839,10,15,14.0,14.0,0
2017,14,982,13,3,15,17.0,17.0,0
2017,14,982,836,15,15,19.0,19.0,0
2017,14,982,825,210,15,16.0,16.0,0
2017,14,982,807,4,15,7.0,7.0,0
2017,14,982,828,15,15,20.0,20.0,0
2017,14,982,826,5,15,13.0,13.0,0
2017,14,982,4,1,15,8.0,8.0,0
2017,14,982,20,6,15,1.0,1.0,0
2017,14,982,830,9,15,2.0,2.0,0
2017,14,982,8,6,15,4.0,4.0,0
2017,15,983,830,9,2,3.0,3.0,1
2017,15,983,1,131,2,1.0,1.0,1
2017,15,983,817,9,2,4.0,4.0,1
2017,15,983,20,6,2,20.0,20.0,0
2017,15,983,822,131,2,5.0,5.0,0
2017,15,983,815,10,2,9.0,9.0,0
2017,15,983,838,1,2,7.0,7.0,0
2017,15,983,840,3,2,13.0,13.0,0
2017,15,983,13,3,2,11.0,11.0,0
2017,15,983,839,10,2,6.0,6.0,0
2017,15,983,4,1,2,10.0,10.0,0
2017,15,983,825,210,2,17.0,17.0,0
2017,15,983,154,210,2,16.0,16.0,0
2017,15,983,842,5,2,15.0,15.0,0
2017,15,983,835,4,2,12.0,12.0,0
2017,15,983,807,4,2,8.0,8.0,0
2017,15,983,836,15,2,18.0,18.0,0
2017,15,983,828,15,2,19.0,19.0,0
2017,15,983,832,5,2,14.0,14.0,0
2017,15,983,8,6,2,0.0,2.0,0
2017,16,984,1,131,22,1.0,1.0,1
2017,16,984,830,9,22,4.0,5.0,1
2017,16,984,817,9,22,3.0,4.0,1
2017,16,984,822,131,22,6.0,2.0,0
2017,16,984,8,6,22,10.0,6.0,0
2017,16,984,839,10,22,5.0,7.0,0
2017,16,984,815,10,22,7.0,8.0,0
2017,16,984,825,210,22,12.0,13.0,0
2017,16,984,154,210,22,13.0,16.0,0
2017,16,984,13,3,22,8.0,9.0,0
2017,16,984,4,1,22,20.0,10.0,0
2017,16,984,835,4,22,18.0,14.0,0
2017,16,984,842,5,22,14.0,17.0,0
2017,16,984,838,1,22,9.0,11.0,0
2017,16,984,836,15,22,17.0,20.0,0
2017,16,984,840,3,22,15.0,18.0,0
2017,16,984,807,4,22,11.0,12.0,0
2017,16,984,828,15,22,16.0,19.0,0
2017,16,984,20,6,22,2.0,3.0,0
2017,16,984,832,5,22,19.0,15.0,0
2017,17,985,1,131,69,1.0,1.0,1
2017,17,985,20,6,69,2.0,2.0,1
2017,17,985,8,6,69,5.0,5.0,1
2017,17,985,830,9,69,16.0,6.0,0
2017,17,985,822,131,69,3.0,3.0,0
2017,17,985,839,10,69,6.0,7.0,0
2017,17,985,832,4,69,7.0,8.0,0
2017,17,985,815,10,69,9.0,10.0,0
2017,17,985,13,3,69,10.0,11.0,0
2017,17,985,826,5,69,11.0,12.0,0
2017,17,985,840,3,69,15.0,17.0,0
2017,17,985,838,1,69,20.0,13.0,0
2017,17,985,843,5,69,19.0,18.0,0
2017,17,985,154,210,69,12.0,14.0,0
2017,17,985,828,15,69,13.0,16.0,0
2017,17,985,825,210,69,17.0,20.0,0
2017,17,985,4,1,69,8.0,9.0,0
2017,17,985,817,9,69,4.0,4.0,0
2017,17,985,836,15,69,14.0,19.0,0
2017,17,985,807,4,69,18.0,15.0,0
2017,18,986,830,9,32,2.0,2.0,1
2017,18,986,822,131,32,4.0,4.0,1
2017,18,986,8,6,32,5.0,5.0,1
2017,18,986,20,6,32,1.0,1.0,0
2017,18,986,839,10,32,6.0,6.0,0
2017,18,986,840,3,32,11.0,12.0,0
2017,18,986,815,10,32,9.0,10.0,0
2017,18,986,825,210,32,14.0,18.0,0
2017,18,986,1,131,32,3.0,3.0,0
2017,18,986,4,1,32,18.0,14.0,0
2017,18,986,13,3,32,10.0,11.0,0
2017,18,986,838,1,32,19.0,15.0,0
2017,18,986,836,15,32,13.0,17.0,0
2017,18,986,154,210,32,15.0,19.0,0
2017,18,986,832,4,32,8.0,9.0,0
2017,18,986,828,15,32,12.0,16.0,0
2017,18,986,843,5,32,17.0,13.0,0
2017,18,986,807,4,32,7.0,8.0,0
2017,18,986,817,9,32,16.0,7.0,0
2017,19,987,20,6,18,2.0,2.0,1
2017,19,987,822,131,18,1.0,1.0,1
2017,19,987,8,6,18,3.0,3.0,1
2017,19,987,1,131,18,20.0,20.0,0
2017,19,987,830,9,18,4.0,4.0,0
2017,19,987,817,9,18,14.0,5.0,0
2017,19,987,13,3,18,9.0,10.0,0
2017,19,987,4,1,18,6.0,7.0,0
2017,19,987,815,10,18,5.0,6.0,0
2017,19,987,807,4,18,7.0,8.0,0
2017,19,987,832,4,18,8.0,9.0,0
2017,19,987,842,5,18,19.0,17.0,0
2017,19,987,828,15,18,17.0,19.0,0
2017,19,987,836,15,18,15.0,16.0,0
2017,19,987,154,210,18,11.0,12.0,0
2017,19,987,840,3,18,16.0,18.0,0
2017,19,987,843,5,18,18.0,15.0,0
2017,19,987,839,10,18,10.0,11.0,0
2017,19,987,838,1,18,12.0,13.0,0
2017,19,987,825,210,18,13.0,14.0,0
2017,20,988,822,131,24,1.0,1.0,1
2017,20,988,1,131,24,2.0,2.0,1
2017,20,988,20,6,24,3.0,3.0,1
2017,20,988,8,6,24,5.0,5.0,0
2017,20,988,830,9,24,6.0,6.0,0
2017,20,988,807,4,24,7.0,7.0,0
2017,20,988,815,10,24,8.0,8.0,0
2017,20,988,839,10,24,9.0,9.0,0
2017,20,988,4,1,24,11.0,11.0,0
2017,20,988,13,3,24,10.0,10.0,0
2017,20,988,154,210,24,16.0,16.0,0
2017,20,988,838,1,24,13.0,13.0,0
2017,20,988,825,210,24,14.0,14.0,0
2017,20,988,836,15,24,18.0,18.0,0
2017,20,988,843,5,24,20.0,20.0,0
2017,20,988,842,5,24,17.0,17.0,0
2017,20,988,828,15,24,19.0,19.0,0
2017,20,988,840,3,24,15.0,15.0,0
2017,20,988,832,4,24,12.0,12.0,0
2017,20,988,817,9,24,4.0,4.0,0
2018,1,989,20,6,1,3.0,3.0,1
2018,1,989,1,131,1,1.0,1.0,1
2018,1,989,8,6,1,2.0,2.0,1
2018,1,989,817,9,1,8.0,5.0,0
2018,1,989,4,1,1,10.0,11.0,0
2018,1,989,830,9,1,4.0,4.0,0
2018,1,989,807,4,1,7.0,8.0,0
2018,1,989,822,131,1,15.0,10.0,0
2018,1,989,838,1,1,11.0,12.0,0
2018,1,989,832,4,1,9.0,9.0,0
2018,1,989,815,10,1,12.0,13.0,0
2018,1,989,839,10,1,14.0,15.0,0
2018,1,989,844,15,1,18.0,18.0,0
2018,1,989,840,3,1,13.0,14.0,0
2018,1,989,843,5,1,16.0,16.0,0
2018,1,989,154,210,1,6.0,7.0,0
2018,1,989,825,210,1,5.0,6.0,0
2018,1,989,842,5,1,20.0,20.0,0
2018,1,989,828,15,1,17.0,17.0,0
2018,1,989,845,3,1,19.0,19.0,0
2018,2,990,20,6,3,1.0,1.0,1
2018,2,990,822,131,3,3.0,3.0,1
2018,2,990,1,131,3,9.0,4.0,1
2018,2,990,842,5,3,5.0,6.0,0
2018,2,990,825,210,3,6.0,7.0,0
2018,2,990,807,4,3,7.0,8.0,0
2018,2,990,4,1,3,13.0,13.0,0
2018,2,990,838,1,3,14.0,14.0,0
2018,2,990,828,15,3,17.0,17.0,0
2018,2,990,839,10,3,8.0,9.0,0
2018,2,990,832,4,3,10.0,10.0,0
2018,2,990,844,15,3,19.0,19.0,0
2018,2,990,154,210,3,16.0,16.0,0
2018,2,990,840,3,3,20.0,20.0,0
2018,2,990,845,3,3,18.0,18.0,0
2018,2,990,815,10,3,12.0,12.0,0
2018,2,990,843,5,3,11.0,11.0,0
2018,2,990,8,6,3,2.0,2.0,0
2018,2,990,830,9,3,15.0,15.0,0
2018,2,990,817,9,3,4.0,5.0,0
2018,3,991,817,9,17,6.0,6.0,1
2018,3,991,822,131,17,3.0,3.0,1
2018,3,991,8,6,17,2.0,2.0,1
2018,3,991,1,131,17,4.0,4.0,0
2018,3,991,830,9,17,5.0,5.0,0
2018,3,991,807,4,17,7.0,7.0,0
2018,3,991,4,1,17,13.0,13.0,0
2018,3,991,20,6,17,1.0,1.0,0
2018,3,991,832,4,17,9.0,9.0,0
2018,3,991,825,210,17,11.0,11.0,0
2018,3,991,839,10,17,12.0,12.0,0
2018,3,991,815,10,17,8.0,8.0,0
2018,3,991,838,1,17,14.0,14.0,0
2018,3,991,840,3,17,18.0,18.0,0
2018,3,991,845,3,17,16.0,16.0,0
2018,3,991,828,15,17,20.0,20.0,0
2018,3,991,154,210,17,10.0,10.0,0
2018,3,991,842,5,17,17.0,17.0,0
2018,3,991,844,15,17,19.0,19.0,0
2018,3,991,843,5,17,15.0,15.0,0
2018,4,992,1,131,73,2.0,2.0,1
2018,4,992,8,6,73,6.0,6.0,1
2018,4,992,815,10,73,8.0,8.0,1
2018,4,992,20,6,73,1.0,1.0,0
2018,4,992,832,4,73,9.0,10.0,0
2018,4,992,844,15,73,13.0,14.0,0
2018,4,992,4,1,73,12.0,13.0,0
2018,4,992,840,3,73,10.0,11.0,0
2018,4,992,838,1,73,16.0,16.0,0
2018,4,992,843,5,73,19.0,19.0,0
2018,4,992,828,15,73,18.0,18.0,0
2018,4,992,842,5,73,17.0,17.0,0
2018,4,992,825,210,73,15.0,15.0,0
2018,4,992,822,131,73,3.0,3.0,0
2018,4,992,154,210,73,20.0,20.0,0
2018,4,992,830,9,73,5.0,5.0,0
2018,4,992,817,9,73,4.0,4.0,0
2018,4,992,807,4,73,14.0,9.0,0
2018,4,992,839,10,73,7.0,7.0,0
2018,4,992,845,3,73,11.0,12.0,0
2018,5,993,1,131,4,1.0,1.0,1
2018,5,993,822,131,4,2.0,2.0,1
2018,5,993,830,9,4,5.0,5.0,1
2018,5,993,20,6,4,3.0,3.0,0
2018,5,993,817,9,4,6.0,6.0,0
2018,5,993,825,210,4,7.0,7.0,0
2018,5,993,832,4,4,9.0,9.0,0
2018,5,993,4,1,4,8.0,8.0,0
2018,5,993,815,10,4,15.0,15.0,0
2018,5,993,844,15,4,14.0,14.0,0
2018,5,993,840,3,4,18.0,19.0,0
2018,5,993,843,5,4,20.0,20.0,0
2018,5,993,828,15,4,17.0,17.0,0
2018,5,993,845,3,4,19.0,18.0,0
2018,5,993,838,1,4,11.0,11.0,0
2018,5,993,839,10,4,13.0,13.0,0
2018,5,993,8,6,4,4.0,4.0,0
2018,5,993,154,210,4,10.0,10.0,0
2018,5,993,842,5,4,12.0,12.0,0
2018,5,993,807,4,4,16.0,16.0,0
2018,6,994,817,9,6,1.0,1.0,1
2018,6,994,20,6,6,2.0,2.0,1
2018,6,994,1,131,6,3.0,3.0,1
2018,6,994,8,6,6,4.0,4.0,0
2018,6,994,822,131,6,5.0,5.0,0
2018,6,994,839,10,6,6.0,6.0,0
2018,6,994,842,5,6,10.0,10.0,0
2018,6,994,807,4,6,11.0,11.0,0
2018,6,994,830,9,6,20.0,20.0,0
2018,6,994,832,4,6,8.0,8.0,0
2018,6,994,828,15,6,16.0,17.0,0
2018,6,994,815,10,6,9.0,9.0,0
2018,6,994,825,210,6,19.0,19.0,0
2018,6,994,838,1,6,12.0,12.0,0
2018,6,994,154,210,6,18.0,15.0,0
2018,6,994,845,3,6,13.0,13.0,0
2018,6,994,840,3,6,17.0,18.0,0
2018,6,994,844,15,6,14.0,14.0,0
2018,6,994,843,5,6,15.0,16.0,0
2018,6,994,4,1,6,7.0,7.0,0
2018,7,995,20,6,7,1.0,1.0,1
2018,7,995,822,131,7,2.0,2.0,1
2018,7,995,830,9,7,3.0,3.0,1
2018,7,995,817,9,7,6.0,6.0,0
2018,7,995,1,131,7,4.0,4.0,0
2018,7,995,8,6,7,5.0,5.0,0
2018,7,995,807,4,7,7.0,7.0,0
2018,7,995,832,4,7,9.0,9.0,0
2018,7,995,839,10,7,8.0,8.0,0
2018,7,995,844,15,7,13.0,13.0,0
2018,7,995,842,5,7,16.0,16.0,0
2018,7,995,154,210,7,20.0,20.0,0
2018,7,995,825,210,7,11.0,11.0,0
2018,7,995,815,10,7,10.0,10.0,0
2018,7,995,828,15,7,19.0,19.0,0
2018,7,995,838,1,7,15.0,15.0,0
2018,7,995,845,3,7,18.0,18.0,0
2018,7,995,4,1,7,14.0,14.0,0
2018,7,995,843,5,7,12.0,12.0,0
2018,7,995,840,3,7,17.0,17.0,0
2018,8,996,1,131,34,1.0,1.0,1
2018,8,996,830,9,34,4.0,4.0,1
2018,8,996,8,6,34,6.0,6.0,1
2018,8,996,817,9,34,5.0,5.0,0
2018,8,996,20,6,34,3.0,3.0,0
2018,8,996,825,210,34,9.0,9.0,0
2018,8,996,822,131,34,2.0,2.0,0
2018,8,996,832,4,34,7.0,7.0,0
2018,8,996,807,4,34,12.0,12.0,0
2018,8,996,844,15,34,8.0,8.0,0
2018,8,996,154,210,34,10.0,10.0,0
2018,8,996,838,1,34,17.0,18.0,0
2018,8,996,828,15,34,15.0,15.0,0
2018,8,996,843,5,34,20.0,17.0,0
2018,8,996,845,3,34,18.0,19.0,0
2018,8,996,4,1,34,16.0,16.0,0
2018,8,996,840,3,34,19.0,20.0,0
2018,8,996,815,10,34,13.0,13.0,0
2018,8,996,839,10,34,11.0,11.0,0
2018,8,996,842,5,34,14.0,14.0,0
2018,9,997,830,9,70,4.0,5.0,1
2018,9,997,8,6,70,3.0,4.0,1
2018,9,997,20,6,70,6.0,3.0,1
2018,9,997,154,210,70,5.0,6.0,0
2018,9,997,825,210,70,8.0,8.0,0
2018,9,997,839,10,70,11.0,11.0,0
2018,9,997,815,10,70,16.0,17.0,0
2018,9,997,4,1,70,13.0,14.0,0
2018,9,997,844,15,70,18.0,13.0,0
2018,9,997,828,15,70,20.0,20.0,0
2018,9,997,842,5,70,12.0,12.0,0
2018,9,997,832,4,70,9.0,9.0,0
2018,9,997,845,3,70,17.0,18.0,0
2018,9,997,840,3,70,14.0,15.0,0
2018,9,997,838,1,70,15.0,16.0,0
2018,9,997,1,131,70,2.0,2.0,0
2018,9,997,843,5,70,19.0,19.0,0
2018,9,997,817,9,70,7.0,7.0,0
2018,9,997,822,131,70,1.0,1.0,0
2018,9,997,807,4,70,10.0,10.0,0
2018,10,998,20,6,9,2.0,2.0,1
2018,10,998,1,131,9,1.0,1.0,1
2018,10,998,8,6,9,3.0,3.0,1
2018,10,998,822,131,9,4.0,4.0,0
2018,10,998,817,9,9,6.0,6.0,0
2018,10,998,807,4,9,11.0,11.0,0
2018,10,998,839,10,9,10.0,10.0,0
2018,10,998,4,1,9,13.0,13.0,0
2018,10,998,825,210,9,7.0,7.0,0
2018,10,998,815,10,9,12.0,12.0,0
2018,10,998,838,1,9,17.0,17.0,0
2018,10,998,840,3,9,19.0,19.0,0
2018,10,998,842,5,9,14.0,14.0,0
2018,10,998,845,3,9,18.0,18.0,0
2018,10,998,843,5,9,0.0,20.0,0
2018,10,998,830,9,9,5.0,5.0,0
2018,10,998,154,210,9,8.0,8.0,0
2018,10,998,832,4,9,16.0,16.0,0
2018,10,998,828,15,9,15.0,15.0,0
2018,10,998,844,15,9,9.0,9.0,0
2018,11,999,1,131,10,14.0,14.0,1
2018,11,999,822,131,10,2.0,2.0,1
2018,11,999,8,6,10,3.0,3.0,1
2018,11,999,830,9,10,4.0,4.0,0
2018,11,999,807,4,10,7.0,7.0,0
2018,11,999,154,210,10,6.0,6.0,0
2018,11,999,815,10,10,10.0,10.0,0
2018,11,999,839,10,10,15.0,16.0,0
2018,11,999,828,15,10,13.0,13.0,0
2018,11,999,843,5,10,17.0,18.0,0
2018,11,999,825,210,10,5.0,5.0,0
2018,11,999,832,4,10,8.0,8.0,0
2018,11,999,838,1,10,19.0,20.0,0
2018,11,999,842,5,10,16.0,17.0,0
2018,11,999,844,15,10,9.0,9.0,0
2018,11,999,4,1,10,11.0,11.0,0
2018,11,999,840,3,10,18.0,19.0,0
2018,11,999,20,6,10,1.0,1.0,0
2018,11,999,845,3,10,12.0,12.0,0
2018,11,999,817,9,10,20.0,15.0,0
2018,12,1000,1,131,11,1.0,1.0,1
2018,12,1000,20,6,11,4.0,4.0,1
2018,12,1000,8,6,11,3.0,3.0,1
2018,12,1000,817,9,11,12.0,12.0,0
2018,12,1000,822,131,11,2.0,2.0,0
2018,12,1000,842,5,11,6.0,6.0,0
2018,12,1000,825,210,11,9.0,9.0,0
2018,12,1000,4,1,11,11.0,11.0,0
2018,12,1000,832,4,11,5.0,5.0,0
2018,12,1000,154,210,11,10.0,10.0,0
2018,12,1000,843,5,11,8.0,8.0,0
2018,12,1000,807,4,11,13.0,13.0,0
2018,12,1000,839,10,11,18.0,18.0,0
2018,12,1000,815,10,11,19.0,19.0,0
2018,12,1000,828,15,11,14.0,14.0,0
2018,12,1000,845,3,11,20.0,20.0,0
2018,12,1000,840,3,11,15.0,15.0,0
2018,12,1000,838,1,11,16.0,16.0,0
2018,12,1000,830,9,11,7.0,7.0,0
2018,12,1000,844,15,11,17.0,17.0,0
2018,13,1001,20,6,13,2.0,2.0,1
2018,13,1001,1,131,13,1.0,1.0,1
2018,13,1001,830,9,13,7.0,7.0,1
2018,13,1001,822,131,13,19.0,10.0,0
2018,13,1001,815,10,13,4.0,4.0,0
2018,13,1001,839,10,13,3.0,3.0,0
2018,13,1001,154,210,13,5.0,5.0,0
2018,13,1001,825,210,13,9.0,9.0,0
2018,13,1001,842,5,13,10.0,11.0,0
2018,13,1001,828,15,13,13.0,14.0,0
2018,13,1001,832,4,13,14.0,16.0,0
2018,13,1001,845,3,13,16.0,18.0,0
2018,13,1001,840,3,13,17.0,19.0,0
2018,13,1001,843,5,13,11.0,12.0,0
2018,13,1001,838,1,13,18.0,20.0,0
2018,13,1001,817,9,13,8.0,8.0,0
2018,13,1001,8,6,13,6.0,6.0,0
2018,13,1001,844,15,13,12.0,13.0,0
2018,13,1001,4,1,13,15.0,17.0,0
2018,13,1001,807,4,13,20.0,15.0,0
2018,14,1002,1,131,14,3.0,3.0,1
2018,14,1002,8,6,14,1.0,1.0,1
2018,14,1002,822,131,14,4.0,4.0,1
2018,14,1002,20,6,14,2.0,2.0,0
2018,14,1002,830,9,14,5.0,5.0,0
2018,14,1002,839,10,14,8.0,8.0,0
2018,14,1002,815,10,14,14.0,16.0,0
2018,14,1002,832,4,14,7.0,7.0,0
2018,14,1002,840,3,14,10.0,10.0,0
2018,14,1002,845,3,14,12.0,12.0,0
2018,14,1002,844,15,14,15.0,17.0,0
2018,14,1002,838,1,14,17.0,20.0,0
2018,14,1002,807,4,14,20.0,14.0,0
2018,14,1002,842,5,14,9.0,9.0,0
2018,14,1002,828,15,14,18.0,19.0,0
2018,14,1002,825,210,14,11.0,11.0,0
2018,14,1002,817,9,14,19.0,15.0,0
2018,14,1002,4,1,14,13.0,13.0,0
2018,14,1002,843,5,14,16.0,18.0,0
2018,14,1002,154,210,14,6.0,6.0,0
2018,15,1003,1,131,15,1.0,1.0,1
2018,15,1003,830,9,15,2.0,2.0,1
2018,15,1003,20,6,15,3.0,3.0,1
2018,15,1003,822,131,15,4.0,4.0,0
2018,15,1003,8,6,15,5.0,5.0,0
2018,15,1003,817,9,15,6.0,6.0,0
2018,15,1003,4,1,15,11.0,11.0,0
2018,15,1003,832,4,15,12.0,12.0,0
2018,15,1003,844,15,15,13.0,13.0,0
2018,15,1003,807,4,15,10.0,10.0,0
2018,15,1003,828,15,15,14.0,14.0,0
2018,15,1003,838,1,15,18.0,18.0,0
2018,15,1003,842,5,15,15.0,15.0,0
2018,15,1003,840,3,15,20.0,20.0,0
2018,15,1003,154,210,15,8.0,8.0,0
2018,15,1003,815,10,15,7.0,7.0,0
2018,15,1003,843,5,15,17.0,17.0,0
2018,15,1003,825,210,15,16.0,16.0,0
2018,15,1003,845,3,15,19.0,19.0,0
2018,15,1003,839,10,15,9.0,9.0,0
2018,16,1004,1,131,71,2.0,2.0,1
2018,16,1004,822,131,71,1.0,1.0,1
2018,16,1004,20,6,71,3.0,3.0,1
2018,16,1004,8,6,71,4.0,4.0,0
2018,16,1004,830,9,71,19.0,11.0,0
2018,16,1004,817,9,71,18.0,12.0,0
2018,16,1004,844,15,71,7.0,7.0,0
2018,16,1004,825,210,71,5.0,5.0,0
2018,16,1004,839,10,71,6.0,6.0,0
2018,16,1004,815,10,71,8.0,8.0,0
2018,16,1004,154,210,71,9.0,9.0,0
2018,16,1004,807,4,71,12.0,15.0,0
2018,16,1004,828,15,71,10.0,10.0,0
2018,16,1004,4,1,71,16.0,17.0,0
2018,16,1004,840,3,71,14.0,20.0,0
2018,16,1004,838,1,71,15.0,19.0,0
2018,16,1004,832,4,71,11.0,14.0,0
2018,16,1004,845,3,71,13.0,18.0,0
2018,16,1004,842,5,71,17.0,13.0,0
2018,16,1004,843,5,71,20.0,16.0,0
2018,17,1005,1,131,22,1.0,1.0,1
2018,17,1005,822,131,22,2.0,2.0,1
2018,17,1005,830,9,22,3.0,3.0,1
2018,17,1005,817,9,22,15.0,15.0,0
2018,17,1005,8,6,22,4.0,4.0,0
2018,17,1005,20,6,22,8.0,9.0,0
2018,17,1005,815,10,22,9.0,10.0,0
2018,17,1005,154,210,22,5.0,5.0,0
2018,17,1005,839,10,22,11.0,8.0,0
2018,17,1005,832,4,22,13.0,13.0,0
2018,17,1005,842,5,22,7.0,7.0,0
2018,17,1005,828,15,22,20.0,20.0,0
2018,17,1005,843,5,22,6.0,6.0,0
2018,17,1005,4,1,22,18.0,18.0,0
2018,17,1005,838,1,22,19.0,19.0,0
2018,17,1005,845,3,22,17.0,17.0,0
2018,17,1005,840,3,22,14.0,14.0,0
2018,17,1005,844,15,22,10.0,11.0,0
2018,17,1005,807,4,22,16.0,16.0,0
2018,17,1005,825,210,22,12.0,12.0,0
2018,18,1006,8,6,69,2.0,3.0,1
2018,18,1006,830,9,69,18.0,15.0,1
2018,18,1006,1,131,69,1.0,1.0,1
2018,18,1006,20,6,69,5.0,2.0,0
2018,18,1006,822,131,69,3.0,4.0,0
2018,18,1006,807,4,69,7.0,7.0,0
2018,18,1006,832,4,69,11.0,11.0,0
2018,18,1006,815,10,69,10.0,10.0,0
2018,18,1006,843,5,69,20.0,14.0,0
2018,18,1006,828,15,69,16.0,19.0,0
2018,18,1006,838,1,69,17.0,20.0,0
2018,18,1006,842,5,69,19.0,13.0,0
2018,18,1006,845,3,69,14.0,17.0,0
2018,18,1006,840,3,69,15.0,18.0,0
2018,18,1006,844,15,69,9.0,9.0,0
2018,18,1006,817,9,69,4.0,5.0,0
2018,18,1006,154,210,69,8.0,8.0,0
2018,18,1006,4,1,69,13.0,16.0,0
2018,18,1006,839,10,69,6.0,6.0,0
2018,18,1006,825,210,69,12.0,12.0,0
2018,19,1007,830,9,32,2.0,2.0,1
2018,19,1007,20,6,32,4.0,4.0,1
2018,19,1007,8,6,32,6.0,6.0,1
2018,19,1007,1,131,32,3.0,3.0,0
2018,19,1007,822,131,32,5.0,5.0,0
2018,19,1007,807,4,32,7.0,7.0,0
2018,19,1007,844,15,32,9.0,9.0,0
2018,19,1007,838,1,32,15.0,17.0,0
2018,19,1007,828,15,32,10.0,10.0,0
2018,19,1007,842,5,32,20.0,15.0,0
2018,19,1007,839,10,32,11.0,11.0,0
2018,19,1007,840,3,32,17.0,19.0,0
2018,19,1007,845,3,32,19.0,20.0,0
2018,19,1007,843,5,32,14.0,14.0,0
2018,19,1007,825,210,32,16.0,18.0,0
2018,19,1007,154,210,32,18.0,16.0,0
2018,19,1007,817,9,32,1.0,1.0,0
2018,19,1007,815,10,32,13.0,13.0,0
2018,19,1007,832,4,32,8.0,8.0,0
2018,19,1007,4,1,32,12.0,12.0,0
2018,20,1008,1,131,18,1.0,1.0,1
2018,20,1008,830,9,18,5.0,5.0,1
2018,20,1008,8,6,18,4.0,4.0,1
2018,20,1008,817,9,18,11.0,6.0,0
2018,20,1008,822,131,18,3.0,3.0,0
2018,20,1008,20,6,18,2.0,2.0,0
2018,20,1008,844,15,18,7.0,8.0,0
2018,20,1008,154,210,18,8.0,9.0,0
2018,20,1008,825,210,18,10.0,11.0,0
2018,20,1008,815,10,18,12.0,12.0,0
2018,20,1008,843,5,18,16.0,17.0,0
2018,20,1008,832,4,18,15.0,16.0,0
2018,20,1008,842,5,18,9.0,10.0,0
2018,20,1008,838,1,18,20.0,20.0,0
2018,20,1008,839,10,18,18.0,13.0,0
2018,20,1008,845,3,18,14.0,15.0,0
2018,20,1008,4,1,18,17.0,18.0,0
2018,20,1008,840,3,18,19.0,19.0,0
2018,20,1008,807,4,18,13.0,14.0,0
2018,20,1008,828,15,18,6.0,7.0,0
2018,21,1009,1,131,24,1.0,1.0,1
2018,21,1009,20,6,24,3.0,3.0,1
2018,21,1009,830,9,24,6.0,6.0,1
2018,21,1009,817,9,24,5.0,5.0,0
2018,21,1009,822,131,24,2.0,2.0,0
2018,21,1009,832,4,24,11.0,11.0,0
2018,21,1009,844,15,24,8.0,8.0,0
2018,21,1009,815,10,24,14.0,14.0,0
2018,21,1009,154,210,24,7.0,7.0,0
2018,21,1009,825,210,24,13.0,13.0,0
2018,21,1009,4,1,24,15.0,15.0,0
2018,21,1009,843,5,24,16.0,16.0,0
2018,21,1009,840,3,24,20.0,20.0,0
2018,21,1009,838,1,24,18.0,18.0,0
2018,21,1009,845,3,24,19.0,19.0,0
2018,21,1009,842,5,24,17.0,17.0,0
2018,21,1009,839,10,24,9.0,9.0,0
2018,21,1009,828,15,24,12.0,12.0,0
2018,21,1009,8,6,24,4.0,4.0,0
2018,21,1009,807,4,24,10.0,10.0,0
2019,1,1010,822,131,1,2.0,2.0,1
2019,1,1010,1,131,1,1.0,1.0,1
2019,1,1010,830,9,1,4.0,4.0,1
2019,1,1010,20,6,1,3.0,3.0,0
2019,1,1010,844,6,1,5.0,5.0,0
2019,1,1010,825,210,1,7.0,7.0,0
2019,1,1010,807,4,1,11.0,11.0,0
2019,1,1010,8,51,1,9.0,9.0,0
2019,1,1010,840,211,1,16.0,16.0,0
2019,1,1010,826,5,1,15.0,15.0,0
2019,1,1010,842,9,1,17.0,17.0,0
2019,1,1010,846,1,1,8.0,8.0,0
2019,1,1010,815,211,1,10.0,10.0,0
2019,1,1010,848,5,1,13.0,13.0,0
2019,1,1010,841,51,1,14.0,14.0,0
2019,1,1010,847,3,1,19.0,19.0,0
2019,1,1010,9,3,1,20.0,20.0,0
2019,1,1010,154,210,1,6.0,6.0,0
2019,1,1010,817,4,1,12.0,12.0,0
2019,1,1010,832,1,1,18.0,18.0,0
2019,2,1011,1,131,3,3.0,3.0,1
2019,2,1011,822,131,3,4.0,4.0,1
2019,2,1011,844,6,3,1.0,1.0,1
2019,2,1011,830,9,3,5.0,5.0,0
2019,2,1011,20,6,3,2.0,2.0,0
2019,2,1011,846,1,3,9.0,10.0,0
2019,2,1011,8,51,3,8.0,9.0,0
2019,2,1011,842,9,3,13.0,13.0,0
2019,2,1011,848,5,3,12.0,12.0,0
2019,2,1011,815,211,3,14.0,14.0,0
2019,2,1011,841,51,3,16.0,16.0,0
2019,2,1011,826,5,3,15.0,15.0,0
2019,2,1011,825,210,3,6.0,6.0,0
2019,2,1011,840,211,3,18.0,18.0,0
2019,2,1011,847,3,3,19.0,19.0,0
2019,2,1011,9,3,3,20.0,20.0,0
2019,2,1011,807,4,3,17.0,17.0,0
2019,2,1011,817,4,3,10.0,11.0,0
2019,2,1011,832,1,3,7.0,7.0,0
2019,2,1011,154,210,3,11.0,8.0,0
2019,3,1012,1,131,17,2.0,2.0,1
2019,3,1012,822,131,17,1.0,1.0,1
2019,3,1012,20,6,17,3.0,3.0,1
2019,3,1012,830,9,17,5.0,5.0,0
2019,3,1012,844,6,17,4.0,4.0,0
2019,3,1012,842,9,17,6.0,6.0,0
2019,3,1012,817,4,17,7.0,7.0,0
2019,3,1012,815,211,17,12.0,12.0,0
2019,3,1012,8,51,17,13.0,13.0,0
2019,3,1012,154,210,17,10.0,10.0,0
2019,3,1012,840,211,17,16.0,16.0,0
2019,3,1012,825,210,17,9.0,9.0,0
2019,3,1012,832,1,17,14.0,14.0,0
2019,3,1012,847,3,17,17.0,17.0,0
2019,3,1012,9,3,17,18.0,18.0,0
2019,3,1012,846,1,17,15.0,15.0,0
2019,3,1012,826,5,17,11.0,11.0,0
2019,3,1012,807,4,17,8.0,8.0,0
2019,4,1013,822,131,73,1.0,1.0,1
2019,4,1013,1,131,73,2.0,2.0,1
2019,4,1013,20,6,73,3.0,3.0,1
2019,4,1013,830,9,73,4.0,4.0,0
2019,4,1013,844,6,73,8.0,9.0,0
2019,4,1013,815,211,73,5.0,5.0,0
2019,4,1013,832,1,73,9.0,10.0,0
2019,4,1013,846,1,73,7.0,7.0,0
2019,4,1013,840,211,73,13.0,14.0,0
2019,4,1013,8,51,73,0.0,19.0,0
2019,4,1013,848,5,73,11.0,12.0,0
2019,4,1013,841,51,73,17.0,8.0,0
2019,4,1013,825,210,73,12.0,13.0,0
2019,4,1013,807,4,73,15.0,16.0,0
2019,4,1013,847,3,73,16.0,17.0,0
2019,4,1013,9,3,73,0.0,18.0,0
2019,4,1013,842,9,73,0.0,20.0,0
2019,4,1013,154,210,73,14.0,15.0,0
2019,4,1013,826,5,73,6.0,6.0,0
2019,4,1013,817,4,73,10.0,11.0,0
2019,5,1014,1,131,4,2.0,2.0,1
2019,5,1014,822,131,4,1.0,1.0,1
2019,5,1014,830,9,4,4.0,4.0,1
2019,5,1014,20,6,4,3.0,3.0,0
2019,5,1014,844,6,4,5.0,5.0,0
2019,5,1014,842,9,4,6.0,6.0,0
2019,5,1014,825,210,4,8.0,8.0,0
2019,5,1014,832,1,4,12.0,13.0,0
2019,5,1014,826,5,4,9.0,9.0,0
2019,5,1014,154,210,4,7.0,7.0,0
2019,5,1014,848,5,4,11.0,12.0,0
2019,5,1014,817,4,4,13.0,10.0,0
2019,5,1014,807,4,4,0.0,16.0,0
2019,5,1014,8,51,4,14.0,14.0,0
2019,5,1014,815,211,4,15.0,15.0,0
2019,5,1014,841,51,4,18.0,18.0,0
2019,5,1014,847,3,4,19.0,19.0,0
2019,5,1014,9,3,4,17.0,20.0,0
2019,5,1014,840,211,4,16.0,17.0,0
2019,5,1014,846,1,4,10.0,11.0,0
2019,6,1015,1,131,6,1.0,1.0,1
2019,6,1015,20,6,6,4.0,4.0,1
2019,6,1015,822,131,6,2.0,2.0,1
2019,6,1015,830,9,6,3.0,3.0,0
2019,6,1015,842,9,6,8.0,5.0,0
2019,6,1015,832,1,6,9.0,9.0,0
2019,6,1015,826,5,6,7.0,8.0,0
2019,6,1015,848,5,6,10.0,10.0,0
2019,6,1015,817,4,6,6.0,7.0,0
2019,6,1015,154,210,6,13.0,13.0,0
2019,6,1015,846,1,6,12.0,12.0,0
2019,6,1015,825,210,6,5.0,6.0,0
2019,6,1015,815,211,6,16.0,17.0,0
2019,6,1015,807,4,6,11.0,11.0,0
2019,6,1015,847,3,6,19.0,19.0,0
2019,6,1015,840,211,6,17.0,18.0,0
2019,6,1015,8,51,6,14.0,14.0,0
2019,6,1015,9,3,6,20.0,20.0,0
2019,6,1015,841,51,6,18.0,15.0,0
2019,6,1015,844,6,6,15.0,16.0,0
2019,7,1016,1,131,7,2.0,2.0,1
2019,7,1016,20,6,7,1.0,1.0,1
2019,7,1016,844,6,7,3.0,3.0,1
2019,7,1016,822,131,7,6.0,6.0,0
2019,7,1016,830,9,7,9.0,11.0,0
2019,7,1016,817,4,7,4.0,4.0,0
2019,7,1016,807,4,7,7.0,7.0,0
2019,7,1016,842,9,7,5.0,5.0,0
2019,7,1016,840,211,7,17.0,18.0,0
2019,7,1016,826,5,7,10.0,12.0,0
2019,7,1016,832,1,7,11.0,9.0,0
2019,7,1016,815,211,7,15.0,16.0,0
2019,7,1016,841,51,7,12.0,13.0,0
2019,7,1016,154,210,7,14.0,15.0,0
2019,7,1016,8,51,7,16.0,17.0,0
2019,7,1016,847,3,7,18.0,19.0,0
2019,7,1016,825,210,7,0.0,10.0,0
2019,7,1016,9,3,7,19.0,20.0,0
2019,7,1016,848,5,7,13.0,14.0,0
2019,7,1016,846,1,7,8.0,8.0,0
2019,8,1017,1,131,34,1.0,1.0,1
2019,8,1017,822,131,34,2.0,2.0,1
2019,8,1017,844,6,34,3.0,3.0,1
2019,8,1017,830,9,34,4.0,4.0,0
2019,8,1017,20,6,34,7.0,7.0,0
2019,8,1017,832,1,34,6.0,6.0,0
2019,8,1017,8,51,34,12.0,12.0,0
2019,8,1017,807,4,34,13.0,13.0,0
2019,8,1017,846,1,34,5.0,5.0,0
2019,8,1017,842,9,34,9.0,9.0,0
2019,8,1017,817,4,34,8.0,8.0,0
2019,8,1017,815,211,34,14.0,14.0,0
2019,8,1017,840,211,34,17.0,18.0,0
2019,8,1017,826,5,34,19.0,16.0,0
2019,8,1017,848,5,34,11.0,11.0,0
2019,8,1017,841,51,34,10.0,10.0,0
2019,8,1017,825,210,34,15.0,15.0,0
2019,8,1017,9,3,34,18.0,20.0,0
2019,8,1017,847,3,34,20.0,19.0,0
2019,8,1017,154,210,34,16.0,17.0,0
2019,9,1018,830,9,70,2.0,3.0,1
2019,9,1018,844,6,70,1.0,1.0,1
2019,9,1018,822,131,70,3.0,4.0,1
2019,9,1018,20,6,70,9.0,10.0,0
2019,9,1018,1,131,70,4.0,2.0,0
2019,9,1018,846,1,70,5.0,6.0,0
2019,9,1018,842,9,70,8.0,9.0,0
2019,9,1018,832,1,70,19.0,15.0,0
2019,9,1018,8,51,70,6.0,7.0,0
2019,9,1018,841,51,70,7.0,8.0,0
2019,9,1018,815,211,70,13.0,16.0,0
2019,9,1018,817,4,70,12.0,14.0,0
2019,9,1018,807,4,70,15.0,12.0,0
2019,9,1018,840,211,70,14.0,17.0,0
2019,9,1018,848,5,70,18.0,13.0,0
2019,9,1018,154,210,70,11.0,11.0,0
2019,9,1018,826,5,70,16.0,18.0,0
2019,9,1018,847,3,70,0.0,19.0,0
2019,9,1018,825,210,70,10.0,5.0,0
2019,9,1018,9,3,70,17.0,20.0,0
2019,10,1019,1,131,9,2.0,2.0,1
2019,10,1019,822,131,9,1.0,1.0,1
2019,10,1019,844,6,9,3.0,3.0,1
2019,10,1019,842,9,9,5.0,5.0,0
2019,10,1019,830,9,9,4.0,4.0,0
2019,10,1019,832,1,9,13.0,13.0,0
2019,10,1019,817,4,9,7.0,7.0,0
2019,10,1019,8,51,9,12.0,12.0,0
2019,10,1019,826,5,9,17.0,17.0,0
2019,10,1019,807,4,9,10.0,10.0,0
2019,10,1019,846,1,9,8.0,8.0,0
2019,10,1019,848,5,9,9.0,9.0,0
2019,10,1019,840,211,9,18.0,18.0,0
2019,10,1019,847,3,9,19.0,19.0,0
2019,10,1019,9,3,9,20.0,20.0,0
2019,10,1019,20,6,9,6.0,6.0,0
2019,10,1019,815,211,9,15.0,15.0,0
2019,10,1019,841,51,9,11.0,11.0,0
2019,10,1019,154,210,9,14.0,14.0,0
2019,10,1019,825,210,9,16.0,16.0,0
2019,11,1020,830,9,10,2.0,2.0,1
2019,11,1020,20,6,10,20.0,20.0,1
2019,11,1020,826,5,10,14.0,14.0,1
2019,11,1020,840,211,10,15.0,15.0,0
2019,11,1020,832,1,10,7.0,7.0,0
2019,11,1020,848,5,10,16.0,17.0,0
2019,11,1020,154,210,10,6.0,6.0,0
2019,11,1020,825,210,10,12.0,12.0,0
2019,11,1020,1,131,10,1.0,1.0,0
2019,11,1020,9,3,10,18.0,19.0,0
2019,11,1020,847,3,10,17.0,18.0,0
2019,11,1020,8,51,10,5.0,5.0,0
2019,11,1020,841,51,10,11.0,11.0,0
2019,11,1020,842,9,10,4.0,4.0,0
2019,11,1020,822,131,10,3.0,3.0,0
2019,11,1020,807,4,10,9.0,9.0,0
2019,11,1020,844,6,10,10.0,10.0,0
2019,11,1020,846,1,10,19.0,16.0,0
2019,11,1020,817,4,10,13.0,13.0,0
2019,11,1020,815,211,10,8.0,8.0,0
2019,12,1021,1,131,11,3.0,3.0,1
2019,12,1021,830,9,11,1.0,1.0,1
2019,12,1021,20,6,11,5.0,5.0,1
2019,12,1021,844,6,11,4.0,4.0,0
2019,12,1021,832,1,11,8.0,8.0,0
2019,12,1021,842,9,11,6.0,6.0,0
2019,12,1021,8,51,11,10.0,10.0,0
2019,12,1021,822,131,11,2.0,2.0,0
2019,12,1021,846,1,11,7.0,7.0,0
2019,12,1021,848,5,11,12.0,12.0,0
2019,12,1021,815,211,11,16.0,17.0,0
2019,12,1021,807,4,11,11.0,11.0,0
2019,12,1021,825,210,11,14.0,15.0,0
2019,12,1021,817,4,11,20.0,18.0,0
2019,12,1021,826,5,11,13.0,13.0,0
2019,12,1021,847,3,11,15.0,16.0,0
2019,12,1021,840,211,11,18.0,19.0,0
2019,12,1021,841,51,11,17.0,14.0,0
2019,12,1021,9,3,11,19.0,20.0,0
2019,12,1021,154,210,11,9.0,9.0,0
2019,13,1022,844,6,13,1.0,1.0,1
2019,13,1022,1,131,13,3.0,3.0,1
2019,13,1022,822,131,13,4.0,4.0,1
2019,13,1022,20,6,13,2.0,2.0,0
2019,13,1022,848,9,13,17.0,14.0,0
2019,13,1022,815,211,13,7.0,9.0,0
2019,13,1022,826,5,13,19.0,18.0,0
2019,13,1022,807,4,13,12.0,7.0,0
2019,13,1022,842,5,13,13.0,16.0,0
2019,13,1022,840,211,13,16.0,13.0,0
2019,13,1022,846,1,13,11.0,12.0,0
2019,13,1022,825,210,13,8.0,10.0,0
2019,13,1022,154,210,13,9.0,11.0,0
2019,13,1022,817,4,13,10.0,6.0,0
2019,13,1022,847,3,13,14.0,19.0,0
2019,13,1022,8,51,13,6.0,8.0,0
2019,13,1022,9,3,13,0.0,20.0,0
2019,13,1022,841,51,13,18.0,15.0,0
2019,13,1022,832,1,13,15.0,17.0,0
2019,13,1022,830,9,13,5.0,5.0,0
2019,14,1023,844,6,14,1.0,1.0,1
2019,14,1023,822,131,14,3.0,3.0,1
2019,14,1023,1,131,14,2.0,2.0,1
2019,14,1023,817,4,14,5.0,5.0,0
2019,14,1023,807,4,14,6.0,6.0,0
2019,14,1023,848,9,14,8.0,8.0,0
2019,14,1023,815,211,14,18.0,17.0,0
2019,14,1023,830,9,14,19.0,20.0,0
2019,14,1023,841,51,14,10.0,11.0,0
2019,14,1023,846,1,14,16.0,14.0,0
2019,14,1023,842,5,14,17.0,15.0,0
2019,14,1023,840,211,14,9.0,9.0,0
2019,14,1023,20,6,14,4.0,4.0,0
2019,14,1023,847,3,14,14.0,18.0,0
2019,14,1023,8,51,14,0.0,10.0,0
2019,14,1023,154,210,14,13.0,16.0,0
2019,14,1023,9,3,14,15.0,19.0,0
2019,14,1023,825,210,14,11.0,12.0,0
2019,14,1023,826,5,14,12.0,13.0,0
2019,14,1023,832,1,14,7.0,7.0,0
2019,15,1024,20,6,15,3.0,3.0,1
2019,15,1024,844,6,15,1.0,1.0,1
2019,15,1024,830,9,15,4.0,4.0,1
2019,15,1024,1,131,15,2.0,2.0,0
2019,15,1024,822,131,15,5.0,5.0,0
2019,15,1024,848,9,15,6.0,6.0,0
2019,15,1024,846,1,15,9.0,9.0,0
2019,15,1024,842,5,15,11.0,12.0,0
2019,15,1024,807,4,15,8.0,8.0,0
2019,15,1024,841,51,15,10.0,11.0,0
2019,15,1024,154,210,15,17.0,17.0,0
2019,15,1024,832,1,15,7.0,7.0,0
2019,15,1024,840,211,15,16.0,16.0,0
2019,15,1024,817,4,15,20.0,20.0,0
2019,15,1024,826,5,15,14.0,15.0,0
2019,15,1024,9,3,15,19.0,19.0,0
2019,15,1024,825,210,15,13.0,14.0,0
2019,15,1024,8,51,15,12.0,13.0,0
2019,15,1024,815,211,15,15.0,10.0,0
2019,15,1024,847,3,15,18.0,18.0,0
2019,16,1025,1,131,71,2.0,2.0,1
2019,16,1025,822,131,71,4.0,5.0,1
2019,16,1025,844,6,71,1.0,1.0,1
2019,16,1025,830,9,71,9.0,4.0,0
2019,16,1025,848,9,71,0.0,19.0,0
2019,16,1025,832,1,71,5.0,6.0,0
2019,16,1025,815,211,71,11.0,12.0,0
2019,16,1025,846,1,71,7.0,8.0,0
2019,16,1025,825,210,71,13.0,14.0,0
2019,16,1025,807,4,71,6.0,7.0,0
2019,16,1025,840,211,71,14.0,15.0,0
2019,16,1025,826,5,71,19.0,20.0,0
2019,16,1025,8,51,71,15.0,16.0,0
2019,16,1025,842,5,71,16.0,11.0,0
2019,16,1025,841,51,71,12.0,13.0,0
2019,16,1025,9,3,71,18.0,18.0,0
2019,16,1025,847,3,71,17.0,17.0,0
2019,16,1025,20,6,71,3.0,3.0,0
2019,16,1025,817,4,71,10.0,10.0,0
2019,16,1025,154,210,71,8.0,9.0,0
2019,17,1026,822,131,22,3.0,3.0,1
2019,17,1026,20,6,22,1.0,1.0,1
2019,17,1026,1,131,22,4.0,4.0,1
2019,17,1026,848,9,22,6.0,6.0,0
2019,17,1026,832,1,22,7.0,7.0,0
2019,17,1026,844,6,22,2.0,2.0,0
2019,17,1026,842,5,22,9.0,9.0,0
2019,17,1026,815,211,22,17.0,17.0,0
2019,17,1026,840,211,22,12.0,12.0,0
2019,17,1026,826,5,22,14.0,14.0,0
2019,17,1026,846,1,22,8.0,8.0,0
2019,17,1026,8,51,22,13.0,13.0,0
2019,17,1026,154,210,22,10.0,10.0,0
2019,17,1026,841,51,22,11.0,11.0,0
2019,17,1026,825,210,22,19.0,19.0,0
2019,17,1026,847,3,22,18.0,18.0,0
2019,17,1026,9,3,22,0.0,20.0,0
2019,17,1026,830,9,22,5.0,5.0,0
2019,17,1026,817,4,22,16.0,16.0,0
2019,17,1026,807,4,22,15.0,15.0,0
2019,18,1027,1,131,32,3.0,4.0,1
2019,18,1027,20,6,32,2.0,3.0,1
2019,18,1027,822,131,32,6.0,6.0,1
2019,18,1027,844,6,32,1.0,2.0,0
2019,18,1027,848,9,32,5.0,5.0,0
2019,18,1027,830,9,32,4.0,1.0,0
2019,18,1027,815,211,32,11.0,11.0,0
2019,18,1027,817,4,32,13.0,13.0,0
2019,18,1027,842,5,32,10.0,10.0,0
2019,18,1027,807,4,32,12.0,12.0,0
2019,18,1027,826,5,32,9.0,9.0,0
2019,18,1027,840,211,32,16.0,16.0,0
2019,18,1027,832,1,32,7.0,7.0,0
2019,18,1027,841,51,32,15.0,15.0,0
2019,18,1027,825,210,32,17.0,17.0,0
2019,18,1027,847,3,32,19.0,19.0,0
2019,18,1027,154,210,32,18.0,18.0,0
2019,18,1027,9,3,32,20.0,20.0,0
2019,18,1027,8,51,32,14.0,14.0,0
2019,18,1027,846,1,32,8.0,8.0,0
2020,1,1031,822,131,70,1.0,1.0,1
2019,19,1028,822,131,69,1.0,1.0,1
2019,19,1028,1,131,69,5.0,5.0,1
2019,19,1028,830,9,69,3.0,3.0,1
2019,19,1028,844,6,69,4.0,4.0,0
2019,19,1028,848,9,69,6.0,6.0,0
2019,19,1028,817,4,69,9.0,9.0,0
2019,19,1028,846,1,69,8.0,8.0,0
2019,19,1028,832,1,69,7.0,7.0,0
2019,19,1028,807,4,69,11.0,11.0,0
2019,19,1028,815,211,69,0.0,19.0,0
2019,19,1028,8,51,69,17.0,17.0,0
2019,19,1028,826,5,69,13.0,13.0,0
2019,19,1028,840,211,69,14.0,14.0,0
2019,19,1028,841,51,69,16.0,16.0,0
2019,19,1028,154,210,69,15.0,15.0,0
2019,19,1028,842,5,69,10.0,10.0,0
2019,19,1028,847,3,69,18.0,18.0,0
2019,19,1028,825,210,69,12.0,12.0,0
2019,19,1028,9,3,69,19.0,20.0,0
2019,19,1028,20,6,69,2.0,2.0,0
2019,20,1029,830,9,18,1.0,1.0,1
2019,20,1029,842,5,18,6.0,7.0,1
2019,20,1029,832,1,18,20.0,20.0,1
2019,20,1029,8,51,18,8.0,9.0,0
2019,20,1029,841,51,18,12.0,13.0,0
2019,20,1029,817,4,18,11.0,12.0,0
2019,20,1029,1,131,18,3.0,3.0,0
2019,20,1029,846,1,18,10.0,11.0,0
2019,20,1029,815,211,18,15.0,15.0,0
2019,20,1029,826,5,18,16.0,16.0,0
2019,20,1029,825,210,18,9.0,10.0,0
2019,20,1029,847,3,18,18.0,18.0,0
2019,20,1029,154,210,18,7.0,8.0,0
2019,20,1029,848,9,18,5.0,6.0,0
2019,20,1029,807,4,18,13.0,14.0,0
2019,20,1029,9,3,18,19.0,19.0,0
2019,20,1029,20,6,18,2.0,2.0,0
2019,20,1029,844,6,18,14.0,4.0,0
2019,20,1029,840,211,18,17.0,17.0,0
2019,20,1029,822,131,18,4.0,5.0,0
2019,21,1030,1,131,24,1.0,1.0,1
2019,21,1030,830,9,24,2.0,3.0,1
2019,21,1030,844,6,24,3.0,4.0,1
2019,21,1030,822,131,24,20.0,2.0,0
2019,21,1030,20,6,24,4.0,5.0,0
2019,21,1030,848,9,24,5.0,6.0,0
2019,21,1030,815,211,24,10.0,11.0,0
2019,21,1030,846,1,24,6.0,7.0,0
2019,21,1030,826,5,24,13.0,14.0,0
2019,21,1030,832,1,24,8.0,9.0,0
2019,21,1030,817,4,24,7.0,8.0,0
2019,21,1030,807,4,24,9.0,10.0,0
2019,21,1030,8,51,24,17.0,18.0,0
2019,21,1030,825,210,24,14.0,15.0,0
2019,21,1030,154,210,24,15.0,16.0,0
2019,21,1030,841,51,24,16.0,17.0,0
2019,21,1030,847,3,24,18.0,19.0,0
2019,21,1030,842,5,24,11.0,12.0,0
2019,21,1030,9,3,24,19.0,20.0,0
2019,21,1030,840,211,24,12.0,13.0,0
2020,1,1031,844,6,70,7.0,7.0,1
2020,1,1031,846,1,70,3.0,4.0,1
2020,1,1031,1,131,70,5.0,2.0,0
2020,1,1031,832,1,70,8.0,8.0,0
2020,1,1031,815,211,70,6.0,6.0,0
2020,1,1031,842,213,70,12.0,12.0,0
2020,1,1031,839,4,70,14.0,14.0,0
2020,1,1031,841,51,70,18.0,18.0,0
2020,1,1031,20,6,70,11.0,11.0,0
2020,1,1031,849,3,70,20.0,20.0,0
2020,1,1031,826,213,70,13.0,13.0,0
2020,1,1031,848,9,70,4.0,5.0,0
2020,1,1031,8,51,70,19.0,19.0,0
2020,1,1031,847,3,70,17.0,17.0,0
2020,1,1031,154,210,70,15.0,15.0,0
2020,1,1031,825,210,70,16.0,16.0,0
2020,1,1031,840,211,70,9.0,9.0,0
2020,1,1031,817,4,70,10.0,10.0,0
2020,1,1031,830,9,70,2.0,3.0,0
2020,2,1032,1,131,70,1.0,1.0,1
2020,2,1032,822,131,70,4.0,4.0,1
2020,2,1032,830,9,70,2.0,2.0,1
2020,2,1032,848,9,70,6.0,7.0,0
2020,2,1032,846,1,70,9.0,6.0,0
2020,2,1032,815,211,70,17.0,17.0,0
2020,2,1032,840,211,70,12.0,13.0,0
2020,2,1032,817,4,70,8.0,9.0,0
2020,2,1032,832,1,70,3.0,3.0,0
2020,2,1032,826,213,70,13.0,14.0,0
2020,2,1032,8,51,70,16.0,16.0,0
2020,2,1032,825,210,70,15.0,15.0,0
2020,2,1032,154,210,70,0.0,20.0,0
2020,2,1032,841,51,70,19.0,19.0,0
2020,2,1032,842,213,70,7.0,8.0,0
2020,2,1032,847,3,70,11.0,12.0,0
2020,2,1032,849,3,70,18.0,18.0,0
2020,2,1032,839,4,70,5.0,5.0,0
2020,2,1032,844,6,70,14.0,11.0,0
2020,2,1032,20,6,70,10.0,10.0,0
2020,3,1033,1,131,11,1.0,1.0,1
2020,3,1033,830,9,11,7.0,7.0,1
2020,3,1033,822,131,11,2.0,2.0,1
2020,3,1033,840,211,11,3.0,3.0,0
2020,3,1033,848,9,11,13.0,13.0,0
2020,3,1033,20,6,11,5.0,5.0,0
2020,3,1033,815,211,11,4.0,4.0,0
2020,3,1033,817,4,11,11.0,11.0,0
2020,3,1033,832,1,11,9.0,9.0,0
2020,3,1033,825,210,11,0.0,16.0,0
2020,3,1033,844,6,11,6.0,6.0,0
2020,3,1033,826,213,11,17.0,17.0,0
2020,3,1033,846,1,11,8.0,8.0,0
2020,3,1033,839,4,11,14.0,14.0,0
2020,3,1033,8,51,11,20.0,20.0,0
2020,3,1033,154,210,11,0.0,18.0,0
2020,3,1033,841,51,11,19.0,19.0,0
2020,3,1033,847,3,11,12.0,12.0,0
2020,3,1033,849,3,11,15.0,15.0,0
2020,3,1033,842,213,11,10.0,10.0,0
2020,4,1034,1,131,9,1.0,1.0,1
2020,4,1034,830,9,9,3.0,3.0,1
2020,4,1034,844,6,9,4.0,4.0,1
2020,4,1034,817,4,9,8.0,8.0,0
2020,4,1034,846,1,9,5.0,5.0,0
2020,4,1034,839,4,9,9.0,9.0,0
2020,4,1034,842,213,9,11.0,11.0,0
2020,4,1034,848,9,9,12.0,12.0,0
2020,4,1034,840,211,9,6.0,6.0,0
2020,4,1034,20,6,9,10.0,10.0,0
2020,4,1034,822,131,9,2.0,2.0,0
2020,4,1034,847,3,9,20.0,15.0,0
2020,4,1034,832,1,9,7.0,7.0,0
2020,4,1034,841,51,9,15.0,17.0,0
2020,4,1034,849,3,9,18.0,20.0,0
2020,4,1034,154,210,9,17.0,19.0,0
2020,4,1034,8,51,9,16.0,18.0,0
2020,4,1034,826,213,9,19.0,14.0,0
2020,4,1034,825,210,9,14.0,16.0,0
2020,4,1034,807,211,9,13.0,13.0,0
2020,5,1035,830,9,9,4.0,4.0,1
2020,5,1035,1,131,9,2.0,2.0,1
2020,5,1035,822,131,9,1.0,1.0,1
2020,5,1035,844,6,9,8.0,8.0,0
2020,5,1035,848,9,9,9.0,9.0,0
2020,5,1035,840,211,9,6.0,6.0,0
2020,5,1035,807,211,9,3.0,3.0,0
2020,5,1035,839,4,9,14.0,11.0,0
2020,5,1035,846,1,9,10.0,10.0,0
2020,5,1035,826,213,9,16.0,16.0,0
2020,5,1035,842,213,9,7.0,7.0,0
2020,5,1035,20,6,9,11.0,12.0,0
2020,5,1035,832,1,9,12.0,13.0,0
2020,5,1035,817,4,9,5.0,5.0,0
2020,5,1035,8,51,9,20.0,20.0,0
2020,5,1035,154,210,9,13.0,14.0,0
2020,5,1035,841,51,9,19.0,19.0,0
2020,5,1035,847,3,9,15.0,15.0,0
2020,5,1035,849,3,9,18.0,18.0,0
2020,5,1035,825,210,9,17.0,17.0,0
2020,6,1036,1,131,4,1.0,1.0,1
2020,6,1036,830,9,4,3.0,3.0,1
2020,6,1036,822,131,4,2.0,2.0,1
2020,6,1036,840,211,4,5.0,5.0,0
2020,6,1036,815,211,4,4.0,4.0,0
2020,6,1036,832,1,4,7.0,7.0,0
2020,6,1036,20,6,4,11.0,11.0,0
2020,6,1036,848,9,4,6.0,6.0,0
2020,6,1036,842,213,4,10.0,10.0,0
2020,6,1036,846,1,4,8.0,8.0,0
2020,6,1036,817,4,4,13.0,13.0,0
2020,6,1036,826,213,4,12.0,12.0,0
2020,6,1036,839,4,4,15.0,15.0,0
2020,6,1036,8,51,4,14.0,14.0,0
2020,6,1036,825,210,4,16.0,16.0,0
2020,6,1036,841,51,4,20.0,20.0,0
2020,6,1036,847,3,4,18.0,18.0,0
2020,6,1036,849,3,4,19.0,19.0,0
2020,6,1036,154,210,4,17.0,17.0,0
2020,6,1036,844,6,4,9.0,9.0,0
2020,7,1037,1,131,13,1.0,1.0,1
2020,7,1037,822,131,13,2.0,2.0,1
2020,7,1037,830,9,13,3.0,3.0,1
2020,7,1037,817,4,13,4.0,4.0,0
2020,7,1037,839,4,13,6.0,6.0,0
2020,7,1037,848,9,13,5.0,5.0,0
2020,7,1037,846,1,13,10.0,10.0,0
2020,7,1037,842,213,13,12.0,12.0,0
2020,7,1037,840,211,13,9.0,9.0,0
2020,7,1037,815,211,13,8.0,8.0,0
2020,7,1037,826,213,13,11.0,11.0,0
2020,7,1037,8,51,13,16.0,16.0,0
2020,7,1037,20,6,13,14.0,14.0,0
2020,7,1037,844,6,13,13.0,13.0,0
2020,7,1037,154,210,13,17.0,17.0,0
2020,7,1037,849,3,13,19.0,19.0,0
2020,7,1037,825,210,13,20.0,20.0,0
2020,7,1037,841,51,13,18.0,18.0,0
2020,7,1037,847,3,13,15.0,15.0,0
2020,7,1037,832,1,13,7.0,7.0,0
2020,8,1038,842,213,14,10.0,10.0,1
2020,8,1038,832,1,14,3.0,3.0,1
2020,8,1038,840,211,14,8.0,8.0,1
2020,8,1038,846,1,14,6.0,6.0,0
2020,8,1038,822,131,14,2.0,2.0,0
2020,8,1038,817,4,14,7.0,7.0,0
2020,8,1038,1,131,14,1.0,1.0,0
2020,8,1038,839,4,14,12.0,12.0,0
2020,8,1038,826,213,14,11.0,11.0,0
2020,8,1038,815,211,14,4.0,4.0,0
2020,8,1038,849,3,14,20.0,20.0,0
2020,8,1038,154,210,14,16.0,16.0,0
2020,8,1038,8,51,14,14.0,14.0,0
2020,8,1038,847,3,14,19.0,19.0,0
2020,8,1038,848,9,14,9.0,9.0,0
2020,8,1038,841,51,14,18.0,18.0,0
2020,8,1038,830,9,14,5.0,5.0,0
2020,8,1038,844,6,14,13.0,13.0,0
2020,8,1038,825,210,14,15.0,15.0,0
2020,8,1038,20,6,14,17.0,17.0,0
2020,9,1039,1,131,76,1.0,1.0,1
2020,9,1039,822,131,76,2.0,2.0,1
2020,9,1039,848,9,76,4.0,4.0,1
2020,9,1039,817,4,76,8.0,8.0,0
2020,9,1039,815,211,76,7.0,6.0,0
2020,9,1039,846,1,76,11.0,11.0,0
2020,9,1039,826,213,76,12.0,12.0,0
2020,9,1039,844,6,76,5.0,5.0,0
2020,9,1039,8,51,76,13.0,13.0,0
2020,9,1039,20,6,76,14.0,14.0,0
2020,9,1039,847,3,76,18.0,18.0,0
2020,9,1039,154,210,76,15.0,15.0,0
2020,9,1039,840,211,76,6.0,7.0,0
2020,9,1039,839,4,76,10.0,10.0,0
2020,9,1039,849,3,76,19.0,19.0,0
2020,9,1039,825,210,76,20.0,20.0,0
2020,9,1039,841,51,76,17.0,17.0,0
2020,9,1039,832,1,76,9.0,9.0,0
2020,9,1039,830,9,76,3.0,3.0,0
2020,9,1039,842,213,76,16.0,16.0,0
2020,10,1040,822,131,71,3.0,3.0,1
2020,10,1040,830,9,71,2.0,2.0,1
2020,10,1040,1,131,71,1.0,1.0,1
2020,10,1040,815,211,71,4.0,4.0,0
2020,10,1040,817,4,71,5.0,5.0,0
2020,10,1040,844,6,71,10.0,11.0,0
2020,10,1040,839,4,71,7.0,7.0,0
2020,10,1040,826,213,71,11.0,12.0,0
2020,10,1040,842,213,71,9.0,9.0,0
2020,10,1040,848,9,71,15.0,10.0,0
2020,10,1040,841,51,71,17.0,17.0,0
2020,10,1040,825,210,71,18.0,18.0,0
2020,10,1040,20,6,71,14.0,15.0,0
2020,10,1040,8,51,71,19.0,20.0,0
2020,10,1040,846,1,71,8.0,8.0,0
2020,10,1040,849,3,71,20.0,19.0,0
2020,10,1040,154,210,71,16.0,16.0,0
2020,10,1040,847,3,71,13.0,14.0,0
2020,10,1040,832,1,71,6.0,6.0,0
2020,10,1040,840,211,71,12.0,13.0,0
2020,11,1041,1,131,20,2.0,2.0,1
2020,11,1041,830,9,20,3.0,3.0,1
2020,11,1041,817,4,20,6.0,6.0,1
2020,11,1041,815,211,20,9.0,9.0,0
2020,11,1041,832,1,20,10.0,10.0,0
2020,11,1041,842,213,20,12.0,12.0,0
2020,11,1041,844,6,20,4.0,4.0,0
2020,11,1041,807,211,20,20.0,20.0,0
2020,11,1041,154,210,20,16.0,16.0,0
2020,11,1041,841,51,20,14.0,14.0,0
2020,11,1041,20,6,20,11.0,11.0,0
2020,11,1041,8,51,20,19.0,19.0,0
2020,11,1041,825,210,20,15.0,15.0,0
2020,11,1041,849,3,20,18.0,18.0,0
2020,11,1041,826,213,20,13.0,13.0,0
2020,11,1041,846,1,20,8.0,8.0,0
2020,11,1041,848,9,20,5.0,5.0,0
2020,11,1041,839,4,20,7.0,7.0,0
2020,11,1041,822,131,20,1.0,1.0,0
2020,11,1041,847,3,20,17.0,17.0,0
2020,12,1042,1,131,75,1.0,1.0,1
2020,12,1042,822,131,75,2.0,2.0,1
2020,12,1042,830,9,75,3.0,3.0,1
2020,12,1042,844,6,75,4.0,4.0,0
2020,12,1042,842,213,75,9.0,9.0,0
2020,12,1042,832,1,75,7.0,7.0,0
2020,12,1042,815,211,75,5.0,5.0,0
2020,12,1042,839,4,75,11.0,11.0,0
2020,12,1042,817,4,75,10.0,10.0,0
2020,12,1042,20,6,75,15.0,15.0,0
2020,12,1042,8,51,75,16.0,16.0,0
2020,12,1042,848,9,75,6.0,6.0,0
2020,12,1042,846,1,75,8.0,8.0,0
2020,12,1042,847,3,75,14.0,14.0,0
2020,12,1042,841,51,75,17.0,17.0,0
2020,12,1042,825,210,75,19.0,19.0,0
2020,12,1042,154,210,75,18.0,18.0,0
2020,12,1042,849,3,75,20.0,20.0,0
2020,12,1042,826,213,75,13.0,13.0,0
2020,12,1042,840,211,75,12.0,12.0,0
2020,13,1043,1,131,21,2.0,2.0,1
2020,13,1043,822,131,21,1.0,1.0,1
2020,13,1043,817,4,21,5.0,5.0,1
2020,13,1043,826,213,21,8.0,8.0,0
2020,13,1043,844,6,21,7.0,7.0,0
2020,13,1043,815,211,21,11.0,11.0,0
2020,13,1043,832,1,21,10.0,10.0,0
2020,13,1043,846,1,21,9.0,9.0,0
2020,13,1043,8,51,21,18.0,18.0,0
2020,13,1043,841,51,21,20.0,20.0,0
2020,13,1043,849,3,21,19.0,19.0,0
2020,13,1043,20,6,21,14.0,14.0,0
2020,13,1043,840,211,21,15.0,15.0,0
2020,13,1043,154,210,21,16.0,16.0,0
2020,13,1043,848,9,21,6.0,6.0,0
2020,13,1043,847,3,21,13.0,13.0,0
2020,13,1043,830,9,21,3.0,3.0,0
2020,13,1043,825,210,21,17.0,17.0,0
2020,13,1043,839,4,21,12.0,12.0,0
2020,13,1043,842,213,21,4.0,4.0,0
2020,14,1044,1,131,5,6.0,6.0,1
2020,14,1044,815,211,5,3.0,3.0,1
2020,14,1044,20,6,5,11.0,12.0,1
2020,14,1044,844,6,5,12.0,14.0,0
2020,14,1044,832,1,5,15.0,13.0,0
2020,14,1044,830,9,5,2.0,2.0,0
2020,14,1044,848,9,5,4.0,4.0,0
2020,14,1044,846,1,5,14.0,11.0,0
2020,14,1044,840,211,5,1.0,1.0,0
2020,14,1044,817,4,5,5.0,5.0,0
2020,14,1044,839,4,5,7.0,7.0,0
2020,14,1044,826,213,5,16.0,17.0,0
2020,14,1044,842,213,5,19.0,15.0,0
2020,14,1044,822,131,5,9.0,9.0,0
2020,14,1044,8,51,5,8.0,8.0,0
2020,14,1044,847,3,5,0.0,18.0,0
2020,14,1044,825,210,5,13.0,16.0,0
2020,14,1044,154,210,5,17.0,19.0,0
2020,14,1044,849,3,5,0.0,20.0,0
2020,14,1044,841,51,5,10.0,10.0,0
2020,15,1045,1,131,3,1.0,1.0,1
2020,15,1045,830,9,3,3.0,3.0,1
2020,15,1045,848,9,3,4.0,4.0,1
2020,15,1045,846,1,3,9.0,9.0,0
2020,15,1045,832,1,3,15.0,15.0,0
2020,15,1045,842,213,3,8.0,8.0,0
2020,15,1045,817,4,3,6.0,6.0,0
2020,15,1045,822,131,3,2.0,2.0,0
2020,15,1045,839,4,3,7.0,7.0,0
2020,15,1045,844,6,3,12.0,12.0,0
2020,15,1045,826,213,3,10.0,10.0,0
2020,15,1045,847,3,3,14.0,14.0,0
2020,15,1045,20,6,3,11.0,11.0,0
2020,15,1045,849,3,3,20.0,20.0,0
2020,15,1045,8,51,3,17.0,17.0,0
2020,15,1045,841,51,3,16.0,16.0,0
2020,15,1045,825,210,3,18.0,18.0,0
2020,15,1045,815,211,3,5.0,5.0,0
2020,15,1045,840,211,3,13.0,13.0,0
2020,15,1045,154,210,3,19.0,19.0,0
2020,16,1046,815,211,3,5.0,5.0,1
2020,16,1046,839,4,3,11.0,11.0,1
2020,16,1046,840,211,3,10.0,10.0,1
2020,16,1046,832,1,3,8.0,8.0,0
2020,16,1046,817,4,3,7.0,7.0,0
2020,16,1046,848,9,3,12.0,12.0,0
2020,16,1046,826,213,3,6.0,6.0,0
2020,16,1046,822,131,3,1.0,1.0,0
2020,16,1046,847,131,3,2.0,2.0,0
2020,16,1046,846,1,3,19.0,15.0,0
2020,16,1046,842,213,3,9.0,9.0,0
2020,16,1046,20,6,3,13.0,13.0,0
2020,16,1046,841,51,3,14.0,14.0,0
2020,16,1046,8,51,3,18.0,19.0,0
2020,16,1046,825,210,3,15.0,16.0,0
2020,16,1046,851,3,3,17.0,18.0,0
2020,16,1046,850,210,3,20.0,20.0,0
2020,16,1046,849,3,3,16.0,17.0,0
2020,16,1046,830,9,3,3.0,3.0,0
2020,16,1046,844,6,3,4.0,4.0,0
2020,17,1047,830,9,24,1.0,1.0,1
2020,17,1047,822,131,24,2.0,2.0,1
2020,17,1047,1,131,24,3.0,3.0,1
2020,17,1047,848,9,24,5.0,5.0,0
2020,17,1047,846,1,24,4.0,4.0,0
2020,17,1047,832,1,24,6.0,6.0,0
2020,17,1047,817,4,24,11.0,12.0,0
2020,17,1047,842,213,24,9.0,10.0,0
2020,17,1047,839,4,24,10.0,11.0,0
2020,17,1047,840,211,24,8.0,8.0,0
2020,17,1047,826,213,24,7.0,7.0,0
2020,17,1047,8,51,24,15.0,16.0,0
2020,17,1047,844,6,24,12.0,9.0,0
2020,17,1047,20,6,24,13.0,13.0,0
2020,17,1047,847,3,24,16.0,18.0,0
2020,17,1047,841,51,24,14.0,14.0,0
2020,17,1047,849,3,24,18.0,20.0,0
2020,17,1047,825,210,24,20.0,17.0,0
2020,17,1047,850,210,24,17.0,19.0,0
2020,17,1047,815,211,24,19.0,15.0,0
2021,1,1052,1,131,3,2.0,2.0,1
2021,1,1052,830,9,3,1.0,1.0,1
2021,1,1052,822,131,3,3.0,3.0,1
2021,1,1052,846,1,3,7.0,7.0,0
2021,1,1052,815,9,3,0.0,11.0,0
2021,1,1052,844,6,3,4.0,4.0,0
2021,1,1052,817,1,3,6.0,6.0,0
2021,1,1052,832,6,3,8.0,8.0,0
2021,1,1052,852,213,3,13.0,13.0,0
2021,1,1052,840,117,3,10.0,10.0,0
2021,1,1052,8,51,3,14.0,14.0,0
2021,1,1052,841,51,3,12.0,12.0,0
2021,1,1052,839,214,3,16.0,16.0,0
2021,1,1052,847,3,3,15.0,15.0,0
2021,1,1052,20,117,3,20.0,18.0,0
2021,1,1052,854,210,3,18.0,19.0,0
2021,1,1052,842,213,3,5.0,5.0,0
2021,1,1052,849,3,3,17.0,17.0,0
2021,1,1052,4,214,3,9.0,9.0,0
2021,1,1052,853,210,3,19.0,20.0,0
2021,2,1053,830,9,21,3.0,3.0,1
2021,2,1053,1,131,21,1.0,1.0,1
2021,2,1053,846,1,21,7.0,7.0,1
2021,2,1053,844,6,21,4.0,4.0,0
2021,2,1053,832,6,21,11.0,11.0,0
2021,2,1053,817,1,21,6.0,6.0,0
2021,2,1053,842,213,21,5.0,5.0,0
2021,2,1053,840,117,21,10.0,10.0,0
2021,2,1053,839,214,21,9.0,9.0,0
2021,2,1053,4,214,21,15.0,15.0,0
2021,2,1053,815,9,21,2.0,2.0,0
2021,2,1053,852,213,21,20.0,20.0,0
2021,2,1053,8,51,21,16.0,16.0,0
2021,2,1053,841,51,21,17.0,17.0,0
2021,2,1053,20,117,21,0.0,13.0,0
2021,2,1053,854,210,21,18.0,18.0,0
2021,2,1053,853,210,21,19.0,19.0,0
2021,2,1053,822,131,21,8.0,8.0,0
2021,2,1053,847,3,21,12.0,12.0,0
2021,2,1053,849,3,21,14.0,14.0,0
2021,3,1054,1,131,75,2.0,2.0,1
2021,3,1054,830,9,75,3.0,3.0,1
2021,3,1054,822,131,75,1.0,1.0,1
2021,3,1054,815,9,75,4.0,4.0,0
2021,3,1054,846,1,75,7.0,7.0,0
2021,3,1054,844,6,75,8.0,8.0,0
2021,3,1054,839,214,75,6.0,6.0,0
2021,3,1054,4,214,75,13.0,13.0,0
2021,3,1054,817,1,75,16.0,16.0,0
2021,3,1054,842,213,75,9.0,9.0,0
2021,3,1054,832,6,75,5.0,5.0,0
2021,3,1054,841,51,75,12.0,12.0,0
2021,3,1054,20,117,75,10.0,10.0,0
2021,3,1054,840,117,75,17.0,17.0,0
2021,3,1054,852,213,75,14.0,14.0,0
2021,3,1054,847,3,75,11.0,11.0,0
2021,3,1054,854,210,75,19.0,19.0,0
2021,3,1054,849,3,75,18.0,18.0,0
2021,3,1054,853,210,75,20.0,20.0,0
2021,3,1054,8,51,75,15.0,15.0,0
2021,4,1055,1,131,4,1.0,1.0,1
2021,4,1055,830,9,4,2.0,2.0,1
2021,4,1055,822,131,4,3.0,3.0,1
2021,4,1055,844,6,4,4.0,4.0,0
2021,4,1055,815,9,4,8.0,8.0,0
2021,4,1055,817,1,4,7.0,7.0,0
2021,4,1055,832,6,4,6.0,6.0,0
2021,4,1055,846,1,4,9.0,9.0,0
2021,4,1055,839,214,4,5.0,5.0,0
2021,4,1055,842,213,4,12.0,12.0,0
2021,4,1055,840,117,4,11.0,11.0,0
2021,4,1055,8,51,4,17.0,17.0,0
2021,4,1055,20,117,4,13.0,13.0,0
2021,4,1055,847,3,4,15.0,15.0,0
2021,4,1055,841,51,4,14.0,14.0,0
2021,4,1055,849,3,4,19.0,19.0,0
2021,4,1055,4,214,4,10.0,10.0,0
2021,4,1055,854,210,4,18.0,18.0,0
2021,4,1055,853,210,4,20.0,20.0,0
2021,4,1055,852,213,4,16.0,16.0,0
2021,5,1056,832,6,6,4.0,4.0,1
2021,5,1056,830,9,6,2.0,2.0,1
2021,5,1056,846,1,6,5.0,5.0,1
2021,5,1056,815,9,6,9.0,9.0,0
2021,5,1056,20,117,6,8.0,8.0,0
2021,5,1056,842,213,6,6.0,6.0,0
2021,5,1056,1,131,6,7.0,7.0,0
2021,5,1056,840,117,6,13.0,13.0,0
2021,5,1056,839,214,6,11.0,11.0,0
2021,5,1056,841,51,6,10.0,10.0,0
2021,5,1056,8,51,6,14.0,14.0,0
2021,5,1056,817,1,6,12.0,12.0,0
2021,5,1056,4,214,6,17.0,17.0,0
2021,5,1056,847,3,6,15.0,15.0,0
2021,5,1056,849,3,6,18.0,18.0,0
2021,5,1056,852,213,6,16.0,16.0,0
2021,5,1056,853,210,6,19.0,19.0,0
2021,5,1056,822,131,6,3.0,3.0,0
2021,5,1056,844,6,6,1.0,1.0,0
2021,6,1057,815,9,73,6.0,7.0,1
2021,6,1057,20,117,73,11.0,11.0,1
2021,6,1057,842,213,73,4.0,4.0,1
2021,6,1057,844,6,73,1.0,1.0,0
2021,6,1057,846,1,73,9.0,6.0,0
2021,6,1057,4,214,73,8.0,9.0,0
2021,6,1057,852,213,73,7.0,8.0,0
2021,6,1057,832,6,73,5.0,5.0,0
2021,6,1057,817,1,73,13.0,13.0,0
2021,6,1057,8,51,73,14.0,14.0,0
2021,6,1057,841,51,73,20.0,20.0,0
2021,6,1057,822,131,73,10.0,10.0,0
2021,6,1057,854,210,73,17.0,17.0,0
2021,6,1057,853,210,73,18.0,18.0,0
2021,6,1057,1,131,73,2.0,2.0,0
2021,6,1057,849,3,73,16.0,16.0,0
2021,6,1057,847,3,73,15.0,15.0,0
2021,6,1057,830,9,73,3.0,3.0,0
2021,6,1057,840,117,73,19.0,19.0,0
2021,6,1057,839,214,73,12.0,12.0,0
2021,7,1059,830,9,34,1.0,1.0,1
2021,7,1059,1,131,34,2.0,2.0,1
2021,7,1059,815,9,34,4.0,4.0,1
2021,7,1059,822,131,34,3.0,3.0,0
2021,7,1059,846,1,34,8.0,8.0,0
2021,7,1059,817,1,34,10.0,10.0,0
2021,7,1059,842,213,34,6.0,6.0,0
2021,7,1059,4,214,34,9.0,9.0,0
2021,7,1059,20,117,34,12.0,12.0,0
2021,7,1059,840,117,34,19.0,19.0,0
2021,7,1059,832,6,34,5.0,5.0,0
2021,7,1059,847,3,34,14.0,14.0,0
2021,7,1059,852,213,34,0.0,20.0,0
2021,7,1059,839,214,34,11.0,11.0,0
2021,7,1059,841,51,34,13.0,13.0,0
2021,7,1059,844,6,34,7.0,7.0,0
2021,7,1059,8,51,34,17.0,17.0,0
2021,7,1059,849,3,34,16.0,16.0,0
2021,7,1059,854,210,34,15.0,15.0,0
2021,7,1059,853,210,34,18.0,18.0,0
2021,8,1058,830,9,70,1.0,1.0,1
2021,8,1058,1,131,70,2.0,3.0,1
2021,8,1058,822,131,70,5.0,2.0,1
2021,8,1058,815,9,70,4.0,5.0,0
2021,8,1058,846,1,70,3.0,4.0,0
2021,8,1058,832,6,70,12.0,12.0,0
2021,8,1058,844,6,70,7.0,7.0,0
2021,8,1058,840,117,70,9.0,10.0,0
2021,8,1058,4,214,70,8.0,9.0,0
2021,8,1058,852,213,70,11.0,8.0,0
2021,8,1058,8,51,70,18.0,18.0,0
2021,8,1058,20,117,70,14.0,14.0,0
2021,8,1058,817,1,70,13.0,13.0,0
2021,8,1058,839,214,70,17.0,17.0,0
2021,8,1058,841,51,70,15.0,15.0,0
2021,8,1058,854,210,70,19.0,19.0,0
2021,8,1058,849,3,70,16.0,16.0,0
2021,8,1058,853,210,70,20.0,20.0,0
2021,8,1058,847,3,70,10.0,11.0,0
2021,8,1058,842,213,70,6.0,6.0,0
2021,9,1060,830,9,70,1.0,1.0,1
2021,9,1060,822,131,70,5.0,5.0,1
2021,9,1060,846,1,70,2.0,2.0,1
2021,9,1060,1,131,70,4.0,4.0,0
2021,9,1060,832,6,70,10.0,11.0,0
2021,9,1060,815,9,70,3.0,3.0,0
2021,9,1060,817,1,70,13.0,13.0,0
2021,9,1060,844,6,70,12.0,12.0,0
2021,9,1060,842,213,70,6.0,6.0,0
2021,9,1060,4,214,70,14.0,14.0,0
2021,9,1060,847,3,70,8.0,9.0,0
2021,9,1060,852,213,70,7.0,7.0,0
2021,9,1060,840,117,70,9.0,10.0,0
2021,9,1060,841,51,70,15.0,15.0,0
2021,9,1060,8,51,70,16.0,16.0,0
2021,9,1060,849,3,70,18.0,18.0,0
2021,9,1060,20,117,70,11.0,8.0,0
2021,9,1060,854,210,70,19.0,19.0,0
2021,9,1060,853,210,70,20.0,20.0,0
2021,9,1060,839,214,70,17.0,17.0,0
2021,10,1061,1,131,9,2.0,1.0,1
2021,10,1061,844,6,9,4.0,4.0,1
2021,10,1061,822,131,9,3.0,3.0,1
2021,10,1061,846,1,9,5.0,6.0,0
2021,10,1061,817,1,9,6.0,7.0,0
2021,10,1061,832,6,9,10.0,9.0,0
2021,10,1061,4,214,9,7.0,11.0,0
2021,10,1061,840,117,9,14.0,15.0,0
2021,10,1061,839,214,9,9.0,13.0,0
2021,10,1061,852,213,9,16.0,16.0,0
2021,10,1061,842,213,9,11.0,12.0,0
2021,10,1061,847,3,9,12.0,8.0,0
2021,10,1061,841,51,9,15.0,14.0,0
2021,10,1061,849,3,9,17.0,18.0,0
2021,10,1061,8,51,9,13.0,17.0,0
2021,10,1061,815,9,9,0.0,5.0,0
2021,10,1061,853,210,9,19.0,20.0,0
2021,10,1061,854,210,9,18.0,19.0,0
2021,10,1061,20,117,9,8.0,10.0,0
2021,10,1061,830,9,9,1.0,2.0,0
2021,11,1062,839,214,11,8.0,8.0,1
2021,11,1062,1,131,11,1.0,1.0,1
2021,11,1062,832,6,11,15.0,15.0,1
2021,11,1062,4,214,11,9.0,9.0,0
2021,11,1062,842,213,11,5.0,5.0,0
2021,11,1062,852,213,11,16.0,16.0,0
2021,11,1062,849,3,11,18.0,18.0,0
2021,11,1062,847,3,11,17.0,17.0,0
2021,11,1062,830,9,11,3.0,3.0,0
2021,11,1062,8,51,11,13.0,13.0,0
2021,11,1062,817,1,11,11.0,11.0,0
2021,11,1062,854,210,11,20.0,20.0,0
2021,11,1062,841,51,11,0.0,14.0,0
2021,11,1062,853,210,11,19.0,19.0,0
2021,11,1062,846,1,11,6.0,6.0,0
2021,11,1062,822,131,11,2.0,2.0,0
2021,11,1062,815,9,11,4.0,4.0,0
2021,11,1062,844,6,11,7.0,7.0,0
2021,11,1062,840,117,11,12.0,12.0,0
2021,11,1062,20,117,11,10.0,10.0,0
2021,12,1063,830,9,13,1.0,1.0,1
2021,12,1063,847,3,13,2.0,2.0,1
2021,12,1063,1,131,13,3.0,3.0,1
2021,12,1063,817,1,13,4.0,4.0,0
2021,12,1063,20,117,13,5.0,5.0,0
2021,12,1063,842,213,13,6.0,6.0,0
2021,12,1063,839,214,13,8.0,9.0,0
2021,12,1063,844,6,13,9.0,11.0,0
2021,12,1063,849,3,13,10.0,12.0,0
2021,12,1063,832,6,13,11.0,13.0,0
2021,12,1063,4,214,13,12.0,14.0,0
2021,12,1063,822,131,13,13.0,8.0,0
2021,12,1063,841,51,13,14.0,16.0,0
2021,12,1063,846,1,13,15.0,10.0,0
2021,12,1063,852,213,13,16.0,17.0,0
2021,12,1063,854,210,13,17.0,18.0,0
2021,12,1063,853,210,13,18.0,20.0,0
2021,12,1063,8,51,13,0.0,19.0,0
2021,12,1063,815,9,13,0.0,7.0,0
2021,12,1063,840,117,13,19.0,15.0,0
2021,13,1064,830,9,39,1.0,1.0,1
2021,13,1064,1,131,39,2.0,2.0,1
2021,13,1064,822,131,39,3.0,3.0,1
2021,13,1064,842,213,39,4.0,4.0,0
2021,13,1064,844,6,39,5.0,5.0,0
2021,13,1064,4,214,39,9.0,9.0,0
2021,13,1064,832,6,39,6.0,6.0,0
2021,13,1064,815,9,39,0.0,16.0,0
2021,13,1064,839,214,39,8.0,8.0,0
2021,13,1064,846,1,39,13.0,13.0,0
2021,13,1064,817,1,39,10.0,10.0,0
2021,13,1064,840,117,39,12.0,12.0,0
2021,13,1064,20,117,39,15.0,17.0,0
2021,13,1064,841,51,39,7.0,7.0,0
2021,13,1064,9,51,39,16.0,18.0,0
2021,13,1064,849,3,39,0.0,14.0,0
2021,13,1064,847,3,39,11.0,11.0,0
2021,13,1064,854,210,39,17.0,19.0,0
2021,13,1064,852,213,39,14.0,15.0,0
2021,13,1064,853,210,39,18.0,20.0,0
2021,14,1065,817,1,14,2.0,5.0,1
2021,14,1065,846,1,14,3.0,4.0,1
2021,14,1065,822,131,14,19.0,1.0,1
2021,14,1065,844,6,14,5.0,8.0,0
2021,14,1065,815,9,14,8.0,9.0,0
2021,14,1065,832,6,14,6.0,7.0,0
2021,14,1065,840,117,14,9.0,12.0,0
2021,14,1065,4,214,14,10.0,13.0,0
2021,14,1065,847,3,14,14.0,15.0,0
2021,14,1065,839,214,14,12.0,14.0,0
2021,14,1065,849,3,14,13.0,16.0,0
2021,14,1065,20,117,14,11.0,11.0,0
2021,14,1065,841,51,14,7.0,10.0,0
2021,14,1065,9,51,14,17.0,19.0,0
2021,14,1065,854,210,14,18.0,18.0,0
2021,14,1065,853,210,14,16.0,20.0,0
2021,14,1065,1,131,14,4.0,2.0,0
2021,14,1065,830,9,14,1.0,3.0,0
2021,14,1065,842,213,14,0.0,6.0,0
2021,14,1065,852,213,14,0.0,17.0,0
2021,15,1066,1,131,71,4.0,4.0,1
2021,15,1066,830,9,71,20.0,20.0,1
2021,15,1066,832,6,71,2.0,2.0,1
2021,15,1066,817,1,71,5.0,5.0,0
2021,15,1066,822,131,71,16.0,7.0,0
2021,15,1066,4,214,71,6.0,6.0,0
2021,15,1066,846,1,71,1.0,1.0,0
2021,15,1066,8,51,71,13.0,16.0,0
2021,15,1066,815,9,71,8.0,9.0,0
2021,15,1066,847,3,71,3.0,3.0,0
2021,15,1066,840,117,71,7.0,8.0,0
2021,15,1066,20,117,71,10.0,11.0,0
2021,15,1066,842,213,71,11.0,12.0,0
2021,15,1066,839,214,71,9.0,10.0,0
2021,15,1066,844,6,71,19.0,15.0,0
2021,15,1066,841,51,71,17.0,18.0,0
2021,15,1066,852,213,71,12.0,13.0,0
2021,15,1066,853,210,71,15.0,19.0,0
2021,15,1066,849,3,71,18.0,14.0,0
2021,15,1066,854,210,71,14.0,17.0,0
2021,16,1067,822,131,5,1.0,2.0,1
2021,16,1067,830,9,5,2.0,3.0,1
2021,16,1067,815,9,5,6.0,7.0,1
2021,16,1067,844,6,5,3.0,4.0,0
2021,16,1067,1,131,5,11.0,1.0,0
2021,16,1067,842,213,5,4.0,5.0,0
2021,16,1067,846,1,5,7.0,8.0,0
2021,16,1067,832,6,5,19.0,15.0,0
2021,16,1067,840,117,5,8.0,9.0,0
2021,16,1067,839,214,5,12.0,12.0,0
2021,16,1067,841,51,5,16.0,18.0,0
2021,16,1067,8,51,5,17.0,19.0,0
2021,16,1067,817,1,5,20.0,16.0,0
2021,16,1067,852,213,5,9.0,10.0,0
2021,16,1067,847,3,5,13.0,13.0,0
2021,16,1067,4,214,5,5.0,6.0,0
2021,16,1067,849,3,5,15.0,17.0,0
2021,16,1067,20,117,5,10.0,11.0,0
2021,16,1067,854,210,5,14.0,14.0,0
2021,16,1067,853,210,5,18.0,20.0,0
2021,17,1069,830,9,69,1.0,1.0,1
2021,17,1069,1,131,69,2.0,2.0,1
2021,17,1069,815,9,69,3.0,3.0,1
2021,17,1069,844,6,69,4.0,5.0,0
2021,17,1069,817,1,69,6.0,7.0,0
2021,17,1069,822,131,69,9.0,4.0,0
2021,17,1069,832,6,69,5.0,6.0,0
2021,17,1069,846,1,69,7.0,8.0,0
2021,17,1069,852,213,69,10.0,10.0,0
2021,17,1069,20,117,69,18.0,12.0,0
2021,17,1069,841,51,69,12.0,13.0,0
2021,17,1069,840,117,69,13.0,16.0,0
2021,17,1069,8,51,69,15.0,18.0,0
2021,17,1069,847,3,69,20.0,15.0,0
2021,17,1069,849,3,69,14.0,17.0,0
2021,17,1069,854,210,69,16.0,19.0,0
2021,17,1069,853,210,69,17.0,20.0,0
2021,17,1069,4,214,69,19.0,14.0,0
2021,17,1069,839,214,69,11.0,11.0,0
2021,17,1069,842,213,69,8.0,9.0,0
2021,18,1070,830,9,32,3.0,3.0,1
2021,18,1070,1,131,32,2.0,2.0,1
2021,18,1070,815,9,32,4.0,4.0,1
2021,18,1070,842,213,32,5.0,5.0,0
2021,18,1070,844,6,32,8.0,8.0,0
2021,18,1070,832,6,32,6.0,6.0,0
2021,18,1070,20,117,32,9.0,11.0,0
2021,18,1070,8,51,32,10.0,12.0,0
2021,18,1070,4,214,32,12.0,16.0,0
2021,18,1070,846,1,32,18.0,10.0,0
2021,18,1070,841,51,32,11.0,14.0,0
2021,18,1070,817,1,32,7.0,7.0,0
2021,18,1070,839,214,32,19.0,15.0,0
2021,18,1070,840,117,32,20.0,20.0,0
2021,18,1070,822,131,32,1.0,1.0,0
2021,18,1070,847,3,32,16.0,13.0,0
2021,18,1070,849,3,32,13.0,17.0,0
2021,18,1070,853,210,32,15.0,19.0,0
2021,18,1070,854,210,32,14.0,18.0,0
2021,18,1070,852,213,32,17.0,9.0,0
2021,19,1071,1,131,18,10.0,1.0,1
2021,19,1071,830,9,18,2.0,2.0,1
2021,19,1071,822,131,18,1.0,3.0,1
2021,19,1071,815,9,18,4.0,4.0,0
2021,19,1071,844,6,18,6.0,7.0,0
2021,19,1071,832,6,18,3.0,6.0,0
2021,19,1071,842,213,18,7.0,5.0,0
2021,19,1071,839,214,18,8.0,11.0,0
2021,19,1071,4,214,18,12.0,10.0,0
2021,19,1071,846,1,18,5.0,8.0,0
2021,19,1071,20,117,18,9.0,12.0,0
2021,19,1071,8,51,18,0.0,14.0,0
2021,19,1071,847,3,18,17.0,18.0,0
2021,19,1071,841,51,18,13.0,15.0,0
2021,19,1071,852,213,18,15.0,13.0,0
2021,19,1071,849,3,18,16.0,17.0,0
2021,19,1071,853,210,18,19.0,20.0,0
2021,19,1071,854,210,18,18.0,19.0,0
2021,19,1071,817,1,18,11.0,9.0,0
2021,19,1071,840,117,18,14.0,16.0,0
2021,20,1051,1,131,78,1.0,1.0,1
2021,20,1051,830,9,78,7.0,2.0,1
2021,20,1051,4,214,78,3.0,5.0,1
2021,20,1051,815,9,78,11.0,11.0,0
2021,20,1051,839,214,78,9.0,9.0,0
2021,20,1051,840,117,78,12.0,12.0,0
2021,20,1051,832,6,78,5.0,7.0,0
2021,20,1051,844,6,78,13.0,13.0,0
2021,20,1051,846,1,78,4.0,6.0,0
2021,20,1051,20,117,78,10.0,10.0,0
2021,20,1051,842,213,78,2.0,4.0,0
2021,20,1051,817,1,78,14.0,14.0,0
2021,20,1051,852,213,78,8.0,8.0,0
2021,20,1051,8,51,78,16.0,16.0,0
2021,20,1051,841,51,78,18.0,18.0,0
2021,20,1051,854,210,78,19.0,19.0,0
2021,20,1051,847,3,78,15.0,15.0,0
2021,20,1051,853,210,78,20.0,20.0,0
2021,20,1051,849,3,78,17.0,17.0,0
2021,20,1051,822,131,78,6.0,3.0,0
2021,21,1072,1,131,77,1.0,1.0,1
2021,21,1072,830,9,77,3.0,3.0,1
2021,21,1072,822,131,77,2.0,2.0,1
2021,21,1072,839,214,77,9.0,9.0,0
2021,21,1072,817,1,77,11.0,11.0,0
2021,21,1072,842,213,77,6.0,6.0,0
2021,21,1072,844,6,77,4.0,4.0,0
2021,21,1072,832,6,77,15.0,15.0,0
2021,21,1072,841,51,77,10.0,10.0,0
2021,21,1072,846,1,77,7.0,7.0,0
2021,21,1072,840,117,77,18.0,18.0,0
2021,21,1072,849,3,77,16.0,16.0,0
2021,21,1072,4,214,77,13.0,13.0,0
2021,21,1072,852,213,77,8.0,8.0,0
2021,21,1072,8,51,77,12.0,12.0,0
2021,21,1072,20,117,77,17.0,17.0,0
2021,21,1072,815,9,77,5.0,5.0,0
2021,21,1072,853,210,77,20.0,20.0,0
2021,21,1072,847,3,77,14.0,14.0,0
2021,21,1072,854,210,77,19.0,19.0,0
2021,22,1073,830,9,24,1.0,1.0,1
2021,22,1073,1,131,24,2.0,2.0,1
2021,22,1073,832,6,24,5.0,5.0,1
2021,22,1073,852,213,24,8.0,8.0,0
2021,22,1073,842,213,24,12.0,12.0,0
2021,22,1073,822,131,24,6.0,6.0,0
2021,22,1073,846,1,24,3.0,3.0,0
2021,22,1073,4,214,24,11.0,11.0,0
2021,22,1073,839,214,24,9.0,9.0,0
2021,22,1073,844,6,24,7.0,7.0,0
2021,22,1073,20,117,24,15.0,15.0,0
2021,22,1073,817,1,24,10.0,10.0,0
2021,22,1073,840,117,24,13.0,13.0,0
2021,22,1073,854,210,24,19.0,19.0,0
2021,22,1073,815,9,24,4.0,4.0,0
2021,22,1073,849,3,24,16.0,16.0,0
2021,22,1073,841,51,24,14.0,14.0,0
2021,22,1073,847,3,24,17.0,17.0,0
2021,22,1073,8,51,24,18.0,18.0,0
2021,22,1073,853,210,24,20.0,20.0,0
2022,1,1074,844,6,3,1.0,1.0,1
2022,1,1074,832,6,3,3.0,3.0,1
2022,1,1074,1,131,3,5.0,5.0,1
2022,1,1074,847,131,3,9.0,9.0,0
2022,1,1074,825,210,3,7.0,7.0,0
2022,1,1074,822,51,3,6.0,6.0,0
2022,1,1074,839,214,3,11.0,11.0,0
2022,1,1074,852,213,3,16.0,16.0,0
2022,1,1074,4,214,3,8.0,8.0,0
2022,1,1074,855,51,3,15.0,15.0,0
2022,1,1074,854,210,3,12.0,12.0,0
2022,1,1074,840,117,3,19.0,19.0,0
2022,1,1074,848,3,3,14.0,14.0,0
2022,1,1074,817,1,3,18.0,18.0,0
2022,1,1074,846,1,3,13.0,13.0,0
2022,1,1074,849,3,3,20.0,20.0,0
2022,1,1074,807,117,3,17.0,17.0,0
2022,1,1074,815,9,3,4.0,4.0,0
2022,1,1074,830,9,3,2.0,2.0,0
2022,1,1074,842,213,3,10.0,10.0,0
2022,2,1075,830,9,77,4.0,4.0,1
2022,2,1075,844,6,77,2.0,2.0,1
2022,2,1075,832,6,77,3.0,3.0,1
2022,2,1075,815,9,77,1.0,1.0,0
2022,2,1075,847,131,77,6.0,6.0,0
2022,2,1075,839,214,77,5.0,5.0,0
2022,2,1075,846,1,77,11.0,11.0,0
2022,2,1075,842,213,77,9.0,9.0,0
2022,2,1075,825,210,77,10.0,10.0,0
2022,2,1075,1,131,77,15.0,16.0,0
2022,2,1075,855,51,77,12.0,13.0,0
2022,2,1075,807,117,77,17.0,18.0,0
2022,2,1075,840,117,77,13.0,15.0,0
2022,2,1075,848,3,77,16.0,17.0,0
2022,2,1075,822,51,77,8.0,8.0,0
2022,2,1075,4,214,77,7.0,7.0,0
2022,2,1075,817,1,77,14.0,12.0,0
2022,2,1075,849,3,77,18.0,19.0,0
2022,2,1075,852,213,77,19.0,20.0,0
2022,2,1075,854,210,77,0.0,14.0,0
2022,3,1076,844,6,1,1.0,1.0,1
2022,3,1076,815,9,1,3.0,3.0,1
2022,3,1076,847,131,1,6.0,6.0,1
2022,3,1076,1,131,1,5.0,5.0,0
2022,3,1076,846,1,1,4.0,4.0,0
2022,3,1076,817,1,1,7.0,7.0,0
2022,3,1076,839,214,1,8.0,8.0,0
2022,3,1076,822,51,1,12.0,12.0,0
2022,3,1076,842,213,1,11.0,11.0,0
2022,3,1076,848,3,1,20.0,16.0,0
2022,3,1076,855,51,1,14.0,14.0,0
2022,3,1076,840,117,1,19.0,20.0,0
2022,3,1076,854,210,1,15.0,15.0,0
2022,3,1076,825,210,1,16.0,17.0,0
2022,3,1076,852,213,1,13.0,13.0,0
2022,3,1076,849,3,1,18.0,19.0,0
2022,3,1076,4,214,1,10.0,10.0,0
2022,3,1076,830,9,1,2.0,2.0,0
2022,3,1076,20,117,1,17.0,18.0,0
2022,3,1076,832,6,1,9.0,9.0,0
2022,4,1077,830,9,21,1.0,1.0,1
2022,4,1077,815,9,21,3.0,7.0,1
2022,4,1077,846,1,21,5.0,3.0,1
2022,4,1077,847,131,21,11.0,11.0,0
2022,4,1077,822,51,21,7.0,8.0,0
2022,4,1077,844,6,21,2.0,2.0,0
2022,4,1077,852,213,21,12.0,16.0,0
2022,4,1077,20,117,21,13.0,9.0,0
2022,4,1077,825,210,21,8.0,4.0,0
2022,4,1077,840,117,21,15.0,15.0,0
2022,4,1077,848,3,21,18.0,20.0,0
2022,4,1077,842,213,21,17.0,17.0,0
2022,4,1077,1,131,21,14.0,13.0,0
2022,4,1077,839,214,21,16.0,19.0,0
2022,4,1077,855,51,21,0.0,14.0,0
2022,4,1077,849,3,21,19.0,18.0,0
2022,4,1077,854,210,21,10.0,12.0,0
2022,4,1077,817,1,21,6.0,6.0,0
2022,4,1077,4,214,21,9.0,5.0,0
2022,4,1077,832,6,21,4.0,10.0,0
2022,5,1078,830,9,79,3.0,3.0,1
2022,5,1078,844,6,79,1.0,1.0,1
2022,5,1078,832,6,79,2.0,2.0,1
2022,5,1078,815,9,79,4.0,4.0,0
2022,5,1078,847,131,79,12.0,12.0,0
2022,5,1078,1,131,79,6.0,6.0,0
2022,5,1078,822,51,79,5.0,5.0,0
2022,5,1078,839,214,79,20.0,20.0,0
2022,5,1078,848,3,79,18.0,18.0,0
2022,5,1078,840,117,79,0.0,10.0,0
2022,5,1078,4,214,79,11.0,11.0,0
2022,5,1078,852,213,79,9.0,9.0,0
2022,5,1078,817,1,79,14.0,14.0,0
2022,5,1078,849,3,79,19.0,19.0,0
2022,5,1078,854,210,79,15.0,15.0,0
2022,5,1078,825,210,79,16.0,16.0,0
2022,5,1078,20,117,79,0.0,13.0,0
2022,5,1078,842,213,79,7.0,7.0,0
2022,5,1078,846,1,79,8.0,8.0,0
2022,5,1078,855,51,79,17.0,17.0,0
2022,6,1079,830,9,4,2.0,2.0,1
2022,6,1079,815,9,4,5.0,5.0,1
2022,6,1079,847,131,4,4.0,4.0,1
2022,6,1079,832,6,4,3.0,3.0,0
2022,6,1079,1,131,4,6.0,6.0,0
2022,6,1079,822,51,4,7.0,7.0,0
2022,6,1079,839,214,4,12.0,12.0,0
2022,6,1079,846,1,4,11.0,11.0,0
2022,6,1079,4,214,4,20.0,17.0,0
2022,6,1079,852,213,4,13.0,13.0,0
2022,6,1079,20,117,4,16.0,16.0,0
2022,6,1079,817,1,4,9.0,9.0,0
2022,6,1079,842,213,4,14.0,14.0,0
2022,6,1079,854,210,4,10.0,10.0,0
2022,6,1079,840,117,4,17.0,18.0,0
2022,6,1079,849,3,4,19.0,20.0,0
2022,6,1079,825,210,4,8.0,8.0,0
2022,6,1079,848,3,4,18.0,19.0,0
2022,6,1079,855,51,4,15.0,15.0,0
2022,6,1079,844,6,4,1.0,1.0,0
2022,7,1080,815,9,6,3.0,3.0,1
2022,7,1080,832,6,6,2.0,2.0,1
2022,7,1080,830,9,6,4.0,4.0,1
2022,7,1080,844,6,6,1.0,1.0,0
2022,7,1080,847,131,6,6.0,6.0,0
2022,7,1080,846,1,6,5.0,5.0,0
2022,7,1080,4,214,6,7.0,7.0,0
2022,7,1080,1,131,6,8.0,8.0,0
2022,7,1080,822,51,6,12.0,12.0,0
2022,7,1080,20,117,6,9.0,9.0,0
2022,7,1080,842,213,6,17.0,17.0,0
2022,7,1080,839,214,6,10.0,10.0,0
2022,7,1080,817,1,6,14.0,14.0,0
2022,7,1080,840,117,6,18.0,18.0,0
2022,7,1080,849,3,6,19.0,19.0,0
2022,7,1080,855,51,6,20.0,20.0,0
2022,7,1080,852,213,6,11.0,11.0,0
2022,7,1080,848,3,6,16.0,16.0,0
2022,7,1080,854,210,6,15.0,15.0,0
2022,7,1080,825,210,6,13.0,13.0,0
2022,8,1081,830,9,73,3.0,3.0,1
2022,8,1081,815,9,73,2.0,2.0,1
2022,8,1081,847,131,73,5.0,5.0,1
2022,8,1081,1,131,73,7.0,7.0,0
2022,8,1081,842,213,73,6.0,6.0,0
2022,8,1081,20,117,73,9.0,9.0,0
2022,8,1081,4,214,73,10.0,10.0,0
2022,8,1081,817,1,73,12.0,12.0,0
2022,8,1081,846,1,73,11.0,11.0,0
2022,8,1081,839,214,73,13.0,13.0,0
2022,8,1081,822,51,73,15.0,15.0,0
2022,8,1081,848,3,73,17.0,17.0,0
2022,8,1081,852,213,73,8.0,8.0,0
2022,8,1081,854,210,73,20.0,20.0,0
2022,8,1081,849,3,73,18.0,18.0,0
2022,8,1081,840,117,73,19.0,19.0,0
2022,8,1081,825,210,73,16.0,16.0,0
2022,8,1081,855,51,73,14.0,14.0,0
2022,8,1081,844,6,73,1.0,1.0,0
2022,8,1081,832,6,73,4.0,4.0,0
2022,9,1082,830,9,7,1.0,1.0,1
2022,9,1082,832,6,7,3.0,3.0,1
2022,9,1082,1,131,7,4.0,4.0,1
2022,9,1082,847,131,7,8.0,8.0,0
2022,9,1082,844,6,7,19.0,15.0,0
2022,9,1082,839,214,7,7.0,7.0,0
2022,9,1082,822,51,7,11.0,11.0,0
2022,9,1082,855,51,7,10.0,10.0,0
2022,9,1082,4,214,7,2.0,2.0,0
2022,9,1082,840,117,7,17.0,18.0,0
2022,9,1082,817,1,7,9.0,9.0,0
2022,9,1082,20,117,7,16.0,17.0,0
2022,9,1082,848,3,7,12.0,12.0,0
2022,9,1082,842,213,7,15.0,16.0,0
2022,9,1082,846,1,7,14.0,14.0,0
2022,9,1082,849,3,7,18.0,19.0,0
2022,9,1082,825,210,7,5.0,5.0,0
2022,9,1082,852,213,7,20.0,20.0,0
2022,9,1082,854,210,7,6.0,6.0,0
2022,9,1082,815,9,7,13.0,13.0,0
2022,10,1083,832,6,9,1.0,1.0,1
2022,10,1083,815,9,9,4.0,4.0,1
2022,10,1083,1,131,9,5.0,5.0,1
2022,10,1083,844,6,9,3.0,3.0,0
2022,10,1083,4,214,9,7.0,7.0,0
2022,10,1083,846,1,9,6.0,6.0,0
2022,10,1083,830,9,9,2.0,2.0,0
2022,10,1083,854,210,9,19.0,19.0,0
2022,10,1083,20,117,9,18.0,18.0,0
2022,10,1083,825,210,9,17.0,17.0,0
2022,10,1083,840,117,9,20.0,20.0,0
2022,10,1083,849,3,9,10.0,10.0,0
2022,10,1083,817,1,9,14.0,14.0,0
2022,10,1083,852,213,9,13.0,13.0,0
2022,10,1083,839,214,9,15.0,15.0,0
2022,10,1083,842,213,9,11.0,11.0,0
2022,10,1083,822,51,9,12.0,12.0,0
2022,10,1083,847,131,9,8.0,8.0,0
2022,10,1083,855,51,9,9.0,9.0,0
2022,10,1083,848,3,9,16.0,16.0,0
2022,11,1084,844,6,70,2.0,2.0,1
2022,11,1084,830,9,70,1.0,1.0,1
2022,11,1084,1,131,70,8.0,9.0,1
2022,11,1084,847,131,70,4.0,4.0,0
2022,11,1084,839,214,70,6.0,5.0,0
2022,11,1084,854,210,70,9.0,7.0,0
2022,11,1084,846,1,70,10.0,15.0,0
2022,11,1084,825,210,70,7.0,6.0,0
2022,11,1084,817,1,70,11.0,16.0,0
2022,11,1084,4,214,70,19.0,8.0,0
2022,11,1084,822,51,70,0.0,12.0,0
2022,11,1084,848,3,70,15.0,11.0,0
2022,11,1084,840,117,70,12.0,17.0,0
2022,11,1084,855,51,70,13.0,18.0,0
2022,11,1084,842,213,70,14.0,10.0,0
2022,11,1084,852,213,70,16.0,14.0,0
2022,11,1084,20,117,70,18.0,20.0,0
2022,11,1084,832,6,70,3.0,3.0,0
2022,11,1084,849,3,70,17.0,19.0,0
2022,11,1084,815,9,70,5.0,13.0,0
2022,12,1085,830,9,34,2.0,2.0,1
2022,12,1085,1,131,34,4.0,4.0,1
2022,12,1085,847,131,34,6.0,6.0,1
2022,12,1085,815,9,34,3.0,3.0,0
2022,12,1085,832,6,34,19.0,9.0,0
2022,12,1085,4,214,34,7.0,7.0,0
2022,12,1085,846,1,34,5.0,5.0,0
2022,12,1085,839,214,34,10.0,12.0,0
2022,12,1085,817,1,34,9.0,11.0,0
2022,12,1085,840,117,34,15.0,17.0,0
2022,12,1085,20,117,34,12.0,14.0,0
2022,12,1085,842,213,34,14.0,16.0,0
2022,12,1085,848,3,34,13.0,15.0,0
2022,12,1085,822,51,34,11.0,13.0,0
2022,12,1085,854,210,34,17.0,19.0,0
2022,12,1085,855,51,34,16.0,18.0,0
2022,12,1085,849,3,34,18.0,20.0,0
2022,12,1085,825,210,34,20.0,10.0,0
2022,12,1085,844,6,34,1.0,1.0,0
2022,12,1085,852,213,34,8.0,8.0,0
2022,13,1086,830,9,11,10.0,10.0,1
2022,13,1086,1,131,11,7.0,7.0,1
2022,13,1086,847,131,11,1.0,1.0,1
2022,13,1086,832,6,11,2.0,2.0,0
2022,13,1086,815,9,11,11.0,11.0,0
2022,13,1086,844,6,11,3.0,3.0,0
2022,13,1086,846,1,11,4.0,4.0,0
2022,13,1086,4,214,11,6.0,6.0,0
2022,13,1086,839,214,11,5.0,5.0,0
2022,13,1086,20,117,11,18.0,18.0,0
2022,13,1086,840,117,11,14.0,14.0,0
2022,13,1086,842,213,11,0.0,19.0,0
2022,13,1086,855,51,11,12.0,12.0,0
2022,13,1086,854,210,11,15.0,15.0,0
2022,13,1086,817,1,11,9.0,9.0,0
2022,13,1086,825,210,11,13.0,13.0,0
2022,13,1086,848,3,11,17.0,17.0,0
2022,13,1086,849,3,11,19.0,20.0,0
2022,13,1086,852,213,11,16.0,16.0,0
2022,13,1086,822,51,11,8.0,8.0,0
2022,14,1087,830,9,13,14.0,1.0,1
2022,14,1087,815,9,13,2.0,3.0,1
2022,14,1087,832,6,13,1.0,2.0,1
2022,14,1087,847,131,13,5.0,8.0,0
2022,14,1087,4,214,13,3.0,6.0,0
2022,14,1087,844,6,13,15.0,4.0,0
2022,14,1087,839,214,13,16.0,5.0,0
2022,14,1087,20,117,13,10.0,16.0,0
2022,14,1087,842,213,13,0.0,12.0,0
2022,14,1087,848,3,13,6.0,9.0,0
2022,14,1087,840,117,13,9.0,14.0,0
2022,14,1087,846,1,13,17.0,10.0,0
2022,14,1087,852,213,13,0.0,19.0,0
2022,14,1087,855,51,13,18.0,13.0,0
2022,14,1087,817,1,13,7.0,11.0,0
2022,14,1087,825,210,13,12.0,18.0,0
2022,14,1087,854,210,13,19.0,15.0,0
2022,14,1087,849,3,13,11.0,17.0,0
2022,14,1087,822,51,13,13.0,20.0,0
2022,14,1087,1,131,13,4.0,7.0,0
2022,15,1088,830,9,39,1.0,1.0,1
2022,15,1088,847,131,39,6.0,6.0,1
2022,15,1088,844,6,39,2.0,2.0,1
2022,15,1088,1,131,39,4.0,4.0,0
2022,15,1088,815,9,39,5.0,5.0,0
2022,15,1088,4,214,39,13.0,13.0,0
2022,15,1088,846,1,39,7.0,7.0,0
2022,15,1088,832,6,39,3.0,3.0,0
2022,15,1088,839,214,39,12.0,12.0,0
2022,15,1088,840,117,39,10.0,10.0,0
2022,15,1088,842,213,39,11.0,11.0,0
2022,15,1088,848,3,39,15.0,15.0,0
2022,15,1088,854,210,39,8.0,8.0,0
2022,15,1088,20,117,39,19.0,19.0,0
2022,15,1088,825,210,39,18.0,18.0,0
2022,15,1088,855,51,39,14.0,14.0,0
2022,15,1088,817,1,39,17.0,17.0,0
2022,15,1088,849,3,39,20.0,20.0,0
2022,15,1088,822,51,39,16.0,16.0,0
2022,15,1088,852,213,39,9.0,9.0,0
2022,16,1089,830,9,14,7.0,2.0,1
2022,16,1089,844,6,14,1.0,1.0,1
2022,16,1089,847,131,14,2.0,6.0,1
2022,16,1089,832,6,14,18.0,3.0,0
2022,16,1089,1,131,14,19.0,5.0,0
2022,16,1089,815,9,14,13.0,4.0,0
2022,16,1089,846,1,14,3.0,7.0,0
2022,16,1089,842,213,14,5.0,9.0,0
2022,16,1089,856,3,14,8.0,13.0,0
2022,16,1089,855,51,14,9.0,14.0,0
2022,16,1089,839,214,14,14.0,11.0,0
2022,16,1089,854,210,14,17.0,20.0,0
2022,16,1089,822,51,14,15.0,12.0,0
2022,16,1089,852,213,14,20.0,15.0,0
2022,16,1089,849,3,14,10.0,16.0,0
2022,16,1089,825,210,14,16.0,19.0,0
2022,16,1089,817,1,14,4.0,8.0,0
2022,16,1089,840,117,14,12.0,18.0,0
2022,16,1089,4,214,14,6.0,10.0,0
2022,16,1089,20,117,14,11.0,17.0,0
2022,17,1091,815,9,15,2.0,2.0,1
2022,17,1091,844,6,15,1.0,1.0,1
2022,17,1091,832,6,15,4.0,4.0,1
2022,17,1091,846,1,15,6.0,6.0,0
2022,17,1091,817,1,15,16.0,17.0,0
2022,17,1091,840,117,15,11.0,12.0,0
2022,17,1091,830,9,15,8.0,8.0,0
2022,17,1091,20,117,15,13.0,14.0,0
2022,17,1091,1,131,15,3.0,3.0,0
2022,17,1091,842,213,15,7.0,7.0,0
2022,17,1091,822,51,15,15.0,16.0,0
2022,17,1091,825,210,15,9.0,9.0,0
2022,17,1091,854,210,15,12.0,13.0,0
2022,17,1091,847,131,15,0.0,11.0,0
2022,17,1091,852,213,15,10.0,10.0,0
2022,17,1091,839,214,15,17.0,18.0,0
2022,17,1091,848,3,15,18.0,19.0,0
2022,17,1091,4,214,15,5.0,5.0,0
2022,17,1091,849,3,15,19.0,20.0,0
2022,17,1091,855,51,15,14.0,15.0,0
2022,18,1092,830,9,22,1.0,1.0,1
2022,18,1092,815,9,22,4.0,4.0,1
2022,18,1092,844,6,22,2.0,2.0,1
2022,18,1092,839,214,22,5.0,5.0,0
2022,18,1092,1,131,22,6.0,6.0,0
2022,18,1092,20,117,22,9.0,9.0,0
2022,18,1092,4,214,22,7.0,7.0,0
2022,18,1092,847,131,22,8.0,8.0,0
2022,18,1092,849,3,22,20.0,20.0,0
2022,18,1092,846,1,22,10.0,10.0,0
2022,18,1092,817,1,22,11.0,11.0,0
2022,18,1092,840,117,22,19.0,19.0,0
2022,18,1092,852,213,22,13.0,13.0,0
2022,18,1092,825,210,22,18.0,18.0,0
2022,18,1092,822,51,22,12.0,12.0,0
2022,18,1092,855,51,22,14.0,14.0,0
2022,18,1092,854,210,22,15.0,15.0,0
2022,18,1092,842,213,22,17.0,17.0,0
2022,18,1092,832,6,22,3.0,3.0,0
2022,18,1092,848,3,22,16.0,16.0,0
2022,19,1093,830,9,69,2.0,3.0,1
2022,19,1093,1,131,69,3.0,5.0,1
2022,19,1093,844,6,69,12.0,2.0,1
2022,19,1093,815,9,69,9.0,4.0,0
2022,19,1093,847,131,69,4.0,6.0,0
2022,19,1093,846,1,69,6.0,8.0,0
2022,19,1093,4,214,69,14.0,9.0,0
2022,19,1093,20,117,69,10.0,12.0,0
2022,19,1093,825,210,69,13.0,16.0,0
2022,19,1093,852,213,69,19.0,15.0,0
2022,19,1093,839,214,69,0.0,18.0,0
2022,19,1093,855,51,69,18.0,14.0,0
2022,19,1093,848,3,69,8.0,11.0,0
2022,19,1093,842,213,69,11.0,13.0,0
2022,19,1093,854,210,69,16.0,19.0,0
2022,19,1093,817,1,69,15.0,17.0,0
2022,19,1093,849,3,69,17.0,20.0,0
2022,19,1093,840,117,69,5.0,7.0,0
2022,19,1093,822,51,69,7.0,10.0,0
2022,19,1093,832,6,69,1.0,1.0,0
2022,20,1094,830,9,32,1.0,1.0,1
2022,20,1094,1,131,32,3.0,3.0,1
2022,20,1094,815,9,32,4.0,4.0,1
2022,20,1094,847,131,32,2.0,2.0,0
2022,20,1094,832,6,32,5.0,5.0,0
2022,20,1094,844,6,32,7.0,7.0,0
2022,20,1094,817,1,32,11.0,11.0,0
2022,20,1094,839,214,32,10.0,10.0,0
2022,20,1094,846,1,32,8.0,8.0,0
2022,20,1094,822,51,32,6.0,6.0,0
2022,20,1094,842,213,32,14.0,14.0,0
2022,20,1094,848,3,32,17.0,19.0,0
2022,20,1094,855,51,32,12.0,12.0,0
2022,20,1094,20,117,32,16.0,17.0,0
2022,20,1094,840,117,32,20.0,18.0,0
2022,20,1094,854,210,32,15.0,16.0,0
2022,20,1094,825,210,32,19.0,15.0,0
2022,20,1094,849,3,32,18.0,20.0,0
2022,20,1094,4,214,32,9.0,9.0,0
2022,20,1094,852,213,32,13.0,13.0,0
2022,21,1095,847,131,18,1.0,3.0,1
2022,21,1095,1,131,18,2.0,8.0,1
2022,21,1095,832,6,18,7.0,5.0,1
2022,21,1095,844,6,18,5.0,10.0,0
2022,21,1095,4,214,18,17.0,7.0,0
2022,21,1095,830,9,18,3.0,2.0,0
2022,21,1095,815,9,18,4.0,9.0,0
2022,21,1095,839,214,18,16.0,6.0,0
2022,21,1095,822,51,18,14.0,18.0,0
2022,21,1095,840,117,18,15.0,15.0,0
2022,21,1095,20,117,18,9.0,13.0,0
2022,21,1095,855,51,18,13.0,17.0,0
2022,21,1095,854,210,18,12.0,20.0,0
2022,21,1095,842,213,18,10.0,12.0,0
2022,21,1095,848,3,18,19.0,11.0,0
2022,21,1095,849,3,18,18.0,16.0,0
2022,21,1095,852,213,18,0.0,19.0,0
2022,21,1095,846,1,18,6.0,4.0,0
2022,21,1095,825,210,18,8.0,1.0,0
2022,21,1095,817,1,18,11.0,14.0,0
2022,22,1096,830,9,24,1.0,1.0,1
2022,22,1096,844,6,24,3.0,3.0,1
2022,22,1096,815,9,24,2.0,2.0,1
2022,22,1096,832,6,24,4.0,4.0,0
2022,22,1096,847,131,24,6.0,6.0,0
2022,22,1096,846,1,24,7.0,7.0,0
2022,22,1096,839,214,24,8.0,8.0,0
2022,22,1096,840,117,24,14.0,14.0,0
2022,22,1096,817,1,24,13.0,10.0,0
2022,22,1096,20,117,24,9.0,9.0,0
2022,22,1096,852,213,24,11.0,12.0,0
2022,22,1096,855,51,24,15.0,15.0,0
2022,22,1096,848,3,24,19.0,19.0,0
2022,22,1096,842,213,24,17.0,17.0,0
2022,22,1096,822,51,24,18.0,18.0,0
2022,22,1096,854,210,24,12.0,13.0,0
2022,22,1096,825,210,24,16.0,16.0,0
2022,22,1096,1,131,24,5.0,5.0,0
2022,22,1096,849,3,24,20.0,20.0,0
2022,22,1096,4,214,24,10.0,11.0,0
2023,1,1098,830,9,3,1.0,1.0,1
2023,1,1098,815,9,3,2.0,2.0,1
2023,1,1098,4,117,3,5.0,5.0,1
2023,1,1098,832,6,3,4.0,4.0,0
2023,1,1098,1,131,3,7.0,7.0,0
2023,1,1098,840,117,3,8.0,8.0,0
2023,1,1098,847,131,3,6.0,6.0,0
2023,1,1098,822,51,3,12.0,12.0,0
2023,1,1098,842,214,3,20.0,20.0,0
2023,1,1098,848,3,3,15.0,15.0,0
2023,1,1098,852,213,3,14.0,14.0,0
2023,1,1098,858,3,3,16.0,16.0,0
2023,1,1098,825,210,3,17.0,17.0,0
2023,1,1098,856,213,3,19.0,19.0,0
2023,1,1098,807,210,3,10.0,10.0,0
2023,1,1098,855,51,3,13.0,13.0,0
2023,1,1098,846,1,3,11.0,11.0,0
2023,1,1098,839,214,3,9.0,9.0,0
2023,1,1098,844,6,3,3.0,3.0,0
2023,1,1098,857,1,3,18.0,18.0,0
2023,2,1099,815,9,77,1.0,1.0,1
2023,2,1099,830,9,77,15.0,15.0,1
2023,2,1099,4,117,77,2.0,3.0,1
2023,2,1099,847,131,77,3.0,4.0,0
2023,2,1099,1,131,77,7.0,8.0,0
2023,2,1099,832,6,77,4.0,5.0,0
2023,2,1099,844,6,77,12.0,2.0,0
2023,2,1099,839,214,77,6.0,7.0,0
2023,2,1099,842,214,77,9.0,10.0,0
2023,2,1099,825,210,77,13.0,13.0,0
2023,2,1099,852,213,77,16.0,16.0,0
2023,2,1099,807,210,77,10.0,11.0,0
2023,2,1099,855,51,77,11.0,12.0,0
2023,2,1099,856,213,77,18.0,18.0,0
2023,2,1099,857,1,77,8.0,9.0,0
2023,2,1099,858,3,77,20.0,20.0,0
2023,2,1099,846,1,77,19.0,19.0,0
2023,2,1099,822,51,77,14.0,14.0,0
2023,2,1099,848,3,77,17.0,17.0,0
2023,2,1099,840,117,77,5.0,6.0,0
2023,3,1100,830,9,1,1.0,1.0,1
2023,3,1100,1,131,1,3.0,3.0,1
2023,3,1100,4,117,1,4.0,4.0,1
2023,3,1100,840,117,1,6.0,6.0,0
2023,3,1100,815,9,1,0.0,20.0,0
2023,3,1100,846,1,1,13.0,13.0,0
2023,3,1100,807,210,1,10.0,10.0,0
2023,3,1100,857,1,1,16.0,16.0,0
2023,3,1100,855,51,1,17.0,17.0,0
2023,3,1100,852,213,1,12.0,12.0,0
2023,3,1100,822,51,1,0.0,19.0,0
2023,3,1100,832,6,1,5.0,5.0,0
2023,3,1100,842,214,1,9.0,9.0,0
2023,3,1100,839,214,1,11.0,11.0,0
2023,3,1100,856,213,1,15.0,15.0,0
2023,3,1100,858,3,1,18.0,18.0,0
2023,3,1100,825,210,1,14.0,14.0,0
2023,3,1100,847,131,1,2.0,2.0,0
2023,3,1100,848,3,1,8.0,8.0,0
2023,3,1100,844,6,1,7.0,7.0,0
2023,4,1101,815,9,73,3.0,3.0,1
2023,4,1101,830,9,73,2.0,2.0,1
2023,4,1101,844,6,73,1.0,1.0,1
2023,4,1101,4,117,73,6.0,6.0,0
2023,4,1101,832,6,73,4.0,4.0,0
2023,4,1101,1,131,73,5.0,5.0,0
2023,4,1101,840,117,73,9.0,9.0,0
2023,4,1101,847,131,73,11.0,11.0,0
2023,4,1101,846,1,73,7.0,7.0,0
2023,4,1101,852,213,73,8.0,8.0,0
2023,4,1101,857,1,73,10.0,10.0,0
2023,4,1101,848,3,73,12.0,13.0,0
2023,4,1101,825,210,73,16.0,18.0,0
2023,4,1101,842,214,73,17.0,19.0,0
2023,4,1101,839,214,73,0.0,12.0,0
2023,4,1101,858,3,73,14.0,15.0,0
2023,4,1101,807,210,73,0.0,17.0,0
2023,4,1101,822,51,73,13.0,14.0,0
2023,4,1101,855,51,73,15.0,16.0,0
2023,4,1101,856,213,73,18.0,20.0,0
2023,5,1102,830,9,79,9.0,9.0,1
2023,5,1102,815,9,79,1.0,1.0,1
2023,5,1102,4,117,79,2.0,2.0,1
2023,5,1102,847,131,79,6.0,6.0,0
2023,5,1102,832,6,79,3.0,3.0,0
2023,5,1102,1,131,79,13.0,13.0,0
2023,5,1102,844,6,79,7.0,7.0,0
2023,5,1102,842,214,79,5.0,5.0,0
2023,5,1102,839,214,79,8.0,8.0,0
2023,5,1102,825,210,79,4.0,4.0,0
2023,5,1102,852,213,79,17.0,17.0,0
2023,5,1102,840,117,79,18.0,18.0,0
2023,5,1102,822,51,79,10.0,10.0,0
2023,5,1102,848,3,79,11.0,11.0,0
2023,5,1102,807,210,79,12.0,12.0,0
2023,5,1102,855,51,79,14.0,14.0,0
2023,5,1102,846,1,79,16.0,16.0,0
2023,5,1102,856,213,79,15.0,15.0,0
2023,5,1102,857,1,79,19.0,19.0,0
2023,5,1102,858,3,79,20.0,20.0,0
2023,6,1104,830,9,6,1.0,1.0,1
2023,6,1104,4,117,6,2.0,2.0,1
2023,6,1104,839,214,6,3.0,4.0,1
2023,6,1104,1,131,6,5.0,6.0,0
2023,6,1104,847,131,6,8.0,8.0,0
2023,6,1104,844,6,6,6.0,3.0,0
2023,6,1104,842,214,6,7.0,7.0,0
2023,6,1104,832,6,6,4.0,5.0,0
2023,6,1104,846,1,6,10.0,10.0,0
2023,6,1104,857,1,6,11.0,11.0,0
2023,6,1104,822,51,6,15.0,15.0,0
2023,6,1104,856,213,6,12.0,12.0,0
2023,6,1104,855,51,6,19.0,19.0,0
2023,6,1104,848,3,6,13.0,13.0,0
2023,6,1104,852,213,6,9.0,9.0,0
2023,6,1104,815,9,6,20.0,20.0,0
2023,6,1104,807,210,6,18.0,18.0,0
2023,6,1104,858,3,6,16.0,16.0,0
2023,6,1104,825,210,6,17.0,17.0,0
2023,6,1104,840,117,6,14.0,14.0,0
2023,7,1105,830,9,4,1.0,1.0,1
2023,7,1105,1,131,4,4.0,5.0,1
2023,7,1105,847,131,4,12.0,12.0,1
2023,7,1105,815,9,4,11.0,11.0,0
2023,7,1105,832,6,4,2.0,2.0,0
2023,7,1105,840,117,4,5.0,6.0,0
2023,7,1105,4,117,4,8.0,9.0,0
2023,7,1105,839,214,4,6.0,7.0,0
2023,7,1105,855,51,4,13.0,13.0,0
2023,7,1105,842,214,4,10.0,4.0,0
2023,7,1105,844,6,4,19.0,19.0,0
2023,7,1105,852,213,4,15.0,15.0,0
2023,7,1105,857,1,4,9.0,10.0,0
2023,7,1105,856,213,4,14.0,14.0,0
2023,7,1105,807,210,4,7.0,8.0,0
2023,7,1105,848,3,4,18.0,18.0,0
2023,7,1105,846,1,4,3.0,3.0,0
2023,7,1105,825,210,4,17.0,17.0,0
2023,7,1105,822,51,4,16.0,16.0,0
2023,7,1105,858,3,4,20.0,20.0,0
2023,8,1106,830,9,7,1.0,1.0,1
2023,8,1106,4,117,7,2.0,3.0,1
2023,8,1106,1,131,7,3.0,4.0,1
2023,8,1106,844,6,7,10.0,11.0,0
2023,8,1106,832,6,7,11.0,8.0,0
2023,8,1106,815,9,7,12.0,12.0,0
2023,8,1106,848,3,7,9.0,10.0,0
2023,8,1106,839,214,7,6.0,6.0,0
2023,8,1106,840,117,7,16.0,13.0,0
2023,8,1106,822,51,7,14.0,15.0,0
2023,8,1106,857,1,7,8.0,9.0,0
2023,8,1106,842,214,7,15.0,17.0,0
2023,8,1106,846,1,7,7.0,7.0,0
2023,8,1106,852,213,7,19.0,16.0,0
2023,8,1106,807,210,7,5.0,2.0,0
2023,8,1106,855,51,7,20.0,20.0,0
2023,8,1106,825,210,7,13.0,14.0,0
2023,8,1106,856,213,7,17.0,18.0,0
2023,8,1106,847,131,7,4.0,5.0,0
2023,8,1106,858,3,7,18.0,19.0,0
2023,9,1107,830,9,70,1.0,1.0,1
2023,9,1107,844,6,70,2.0,2.0,1
2023,9,1107,815,9,70,15.0,15.0,1
2023,9,1107,846,1,70,4.0,4.0,0
2023,9,1107,4,117,70,7.0,7.0,0
2023,9,1107,832,6,70,3.0,3.0,0
2023,9,1107,847,131,70,11.0,11.0,0
2023,9,1107,1,131,70,5.0,5.0,0
2023,9,1107,840,117,70,6.0,6.0,0
2023,9,1107,842,214,70,9.0,9.0,0
2023,9,1107,848,3,70,10.0,10.0,0
2023,9,1107,855,51,70,17.0,17.0,0
2023,9,1107,858,3,70,18.0,18.0,0
2023,9,1107,839,214,70,12.0,12.0,0
2023,9,1107,822,51,70,14.0,14.0,0
2023,9,1107,857,1,70,13.0,13.0,0
2023,9,1107,856,213,70,0.0,20.0,0
2023,9,1107,825,210,70,0.0,19.0,0
2023,9,1107,852,213,70,16.0,16.0,0
2023,9,1107,807,210,70,8.0,8.0,0
2023,10,1108,830,9,9,1.0,1.0,1
2023,10,1108,846,1,9,2.0,2.0,1
2023,10,1108,1,131,9,7.0,7.0,1
2023,10,1108,857,1,9,3.0,3.0,0
2023,10,1108,847,131,9,6.0,6.0,0
2023,10,1108,815,9,9,15.0,16.0,0
2023,10,1108,4,117,9,9.0,9.0,0
2023,10,1108,848,3,9,8.0,8.0,0
2023,10,1108,844,6,9,4.0,4.0,0
2023,10,1108,832,6,9,5.0,5.0,0
2023,10,1108,858,3,9,14.0,14.0,0
2023,10,1108,822,51,9,20.0,15.0,0
2023,10,1108,807,210,9,11.0,11.0,0
2023,10,1108,840,117,9,12.0,12.0,0
2023,10,1108,855,51,9,17.0,18.0,0
2023,10,1108,852,213,9,16.0,17.0,0
2023,10,1108,856,213,9,18.0,19.0,0
2023,10,1108,842,214,9,10.0,10.0,0
2023,10,1108,825,210,9,19.0,20.0,0
2023,10,1108,839,214,9,13.0,13.0,0
2023,11,1109,830,9,11,2.0,2.0,1
2023,11,1109,846,1,11,3.0,3.0,1
2023,11,1109,815,9,11,9.0,9.0,1
2023,11,1109,1,131,11,1.0,1.0,0
2023,11,1109,857,1,11,4.0,4.0,0
2023,11,1109,847,131,11,18.0,18.0,0
2023,11,1109,844,6,11,6.0,6.0,0
2023,11,1109,832,6,11,11.0,11.0,0
2023,11,1109,4,117,11,8.0,8.0,0
2023,11,1109,840,117,11,14.0,14.0,0
2023,11,1109,848,3,11,16.0,16.0,0
2023,11,1109,822,51,11,7.0,7.0,0
2023,11,1109,817,213,11,13.0,13.0,0
2023,11,1109,807,210,11,10.0,10.0,0
2023,11,1109,852,213,11,17.0,17.0,0
2023,11,1109,855,51,11,5.0,5.0,0
2023,11,1109,825,210,11,19.0,19.0,0
2023,11,1109,858,3,11,20.0,20.0,0
2023,11,1109,839,214,11,12.0,12.0,0
2023,11,1109,842,214,11,15.0,15.0,0
2023,12,1110,830,9,13,6.0,1.0,1
2023,12,1110,815,9,13,2.0,3.0,1
2023,12,1110,844,6,13,1.0,2.0,1
2023,12,1110,1,131,13,3.0,4.0,0
2023,12,1110,4,117,13,9.0,9.0,0
2023,12,1110,847,131,13,8.0,8.0,0
2023,12,1110,846,1,13,7.0,7.0,0
2023,12,1110,839,214,13,14.0,15.0,0
2023,12,1110,840,117,13,10.0,10.0,0
2023,12,1110,852,213,13,11.0,11.0,0
2023,12,1110,842,214,13,12.0,12.0,0
2023,12,1110,822,51,13,13.0,14.0,0
2023,12,1110,855,51,13,17.0,17.0,0
2023,12,1110,848,3,13,15.0,16.0,0
2023,12,1110,825,210,13,16.0,13.0,0
2023,12,1110,817,213,13,19.0,19.0,0
2023,12,1110,858,3,13,18.0,18.0,0
2023,12,1110,807,210,13,0.0,20.0,0
2023,12,1110,832,6,13,4.0,5.0,0
2023,12,1110,857,1,13,5.0,6.0,0
2023,13,1111,830,9,39,1.0,1.0,1
2023,13,1111,4,117,39,5.0,5.0,1
2023,13,1111,842,214,39,12.0,12.0,1
2023,13,1111,815,9,39,7.0,7.0,0
2023,13,1111,832,6,39,6.0,6.0,0
2023,13,1111,1,131,39,13.0,13.0,0
2023,13,1111,846,1,39,2.0,2.0,0
2023,13,1111,848,3,39,4.0,4.0,0
2023,13,1111,857,1,39,8.0,8.0,0
2023,13,1111,839,214,39,16.0,17.0,0
2023,13,1111,840,117,39,11.0,11.0,0
2023,13,1111,807,210,39,14.0,15.0,0
2023,13,1111,859,213,39,19.0,20.0,0
2023,13,1111,822,51,39,18.0,19.0,0
2023,13,1111,852,213,39,17.0,14.0,0
2023,13,1111,825,210,39,0.0,18.0,0
2023,13,1111,847,131,39,3.0,3.0,0
2023,13,1111,855,51,39,15.0,16.0,0
2023,13,1111,844,6,39,9.0,9.0,0
2023,13,1111,858,3,39,10.0,10.0,0
2023,14,1112,830,9,14,2.0,2.0,1
2023,14,1112,815,9,14,5.0,5.0,1
2023,14,1112,832,6,14,1.0,1.0,1
2023,14,1112,844,6,14,3.0,3.0,0
2023,14,1112,847,131,14,4.0,4.0,0
2023,14,1112,1,131,14,8.0,8.0,0
2023,14,1112,848,3,14,6.0,6.0,0
2023,14,1112,846,1,14,9.0,9.0,0
2023,14,1112,4,117,14,10.0,10.0,0
2023,14,1112,822,51,14,14.0,14.0,0
2023,14,1112,859,213,14,12.0,12.0,0
2023,14,1112,857,1,14,7.0,7.0,0
2023,14,1112,858,3,14,15.0,15.0,0
2023,14,1112,855,51,14,16.0,16.0,0
2023,14,1112,842,214,14,17.0,17.0,0
2023,14,1112,840,117,14,20.0,20.0,0
2023,14,1112,807,210,14,13.0,13.0,0
2023,14,1112,825,210,14,19.0,19.0,0
2023,14,1112,839,214,14,18.0,18.0,0
2023,14,1112,852,213,14,11.0,11.0,0
2023,15,1113,832,6,15,1.0,1.0,1
2023,15,1113,846,1,15,4.0,4.0,1
2023,15,1113,1,131,15,5.0,5.0,1
2023,15,1113,844,6,15,3.0,3.0,0
2023,15,1113,830,9,15,11.0,11.0,0
2023,15,1113,842,214,15,12.0,12.0,0
2023,15,1113,857,1,15,17.0,17.0,0
2023,15,1113,815,9,15,13.0,13.0,0
2023,15,1113,859,213,15,10.0,10.0,0
2023,15,1113,825,210,15,6.0,6.0,0
2023,15,1113,848,3,15,14.0,14.0,0
2023,15,1113,855,51,15,0.0,19.0,0
2023,15,1113,807,210,15,9.0,9.0,0
2023,15,1113,858,3,15,18.0,18.0,0
2023,15,1113,4,117,15,7.0,7.0,0
2023,15,1113,847,131,15,2.0,2.0,0
2023,15,1113,822,51,15,16.0,16.0,0
2023,15,1113,839,214,15,8.0,8.0,0
2023,15,1113,852,213,15,15.0,15.0,0
2023,15,1113,840,117,15,0.0,20.0,0
2023,16,1114,830,9,22,1.0,1.0,1
2023,16,1114,846,1,22,3.0,3.0,1
2023,16,1114,857,1,22,2.0,2.0,1
2023,16,1114,844,6,22,4.0,4.0,0
2023,16,1114,1,131,22,7.0,7.0,0
2023,16,1114,832,6,22,6.0,6.0,0
2023,16,1114,847,131,22,8.0,8.0,0
2023,16,1114,4,117,22,10.0,10.0,0
2023,16,1114,839,214,22,14.0,14.0,0
2023,16,1114,842,214,22,12.0,12.0,0
2023,16,1114,859,213,22,11.0,11.0,0
2023,16,1114,852,213,22,9.0,9.0,0
2023,16,1114,855,51,22,19.0,19.0,0
2023,16,1114,807,210,22,18.0,18.0,0
2023,16,1114,825,210,22,15.0,15.0,0
2023,16,1114,848,3,22,13.0,13.0,0
2023,16,1114,858,3,22,0.0,20.0,0
2023,16,1114,840,117,22,17.0,17.0,0
2023,16,1114,815,9,22,5.0,5.0,0
2023,16,1114,822,51,22,16.0,16.0,0
2023,17,1115,830,9,78,1.0,1.0,1
2023,17,1115,857,1,78,6.0,6.0,1
2023,17,1115,846,1,78,10.0,10.0,1
2023,17,1115,847,131,78,2.0,2.0,0
2023,17,1115,844,6,78,5.0,5.0,0
2023,17,1115,4,117,78,4.0,4.0,0
2023,17,1115,839,214,78,8.0,8.0,0
2023,17,1115,822,51,78,9.0,9.0,0
2023,17,1115,855,51,78,19.0,20.0,0
2023,17,1115,815,9,78,0.0,13.0,0
2023,17,1115,840,117,78,16.0,17.0,0
2023,17,1115,842,214,78,7.0,7.0,0
2023,17,1115,848,3,78,13.0,14.0,0
2023,17,1115,825,210,78,18.0,19.0,0
2023,17,1115,852,213,78,11.0,11.0,0
2023,17,1115,807,210,78,14.0,15.0,0
2023,17,1115,859,213,78,17.0,18.0,0
2023,17,1115,858,3,78,15.0,16.0,0
2023,17,1115,1,131,78,3.0,3.0,0
2023,17,1115,832,6,78,12.0,12.0,0
2023,18,1116,830,9,69,6.0,6.0,1
2023,18,1116,846,1,69,2.0,2.0,1
2023,18,1116,832,6,69,4.0,4.0,1
2023,18,1116,815,9,69,9.0,9.0,0
2023,18,1116,847,131,69,5.0,5.0,0
2023,18,1116,842,214,69,7.0,7.0,0
2023,18,1116,840,117,69,0.0,19.0,0
2023,18,1116,852,213,69,11.0,11.0,0
2023,18,1116,848,3,69,15.0,18.0,0
2023,18,1116,858,3,69,16.0,20.0,0
2023,18,1116,807,210,69,0.0,16.0,0
2023,18,1116,822,51,69,13.0,13.0,0
2023,18,1116,855,51,69,12.0,12.0,0
2023,18,1116,825,210,69,0.0,14.0,0
2023,18,1116,817,213,69,14.0,15.0,0
2023,18,1116,4,117,69,0.0,17.0,0
2023,18,1116,857,1,69,10.0,10.0,0
2023,18,1116,839,214,69,8.0,8.0,0
2023,18,1116,1,131,69,3.0,3.0,0
2023,18,1116,844,6,69,1.0,1.0,0
2023,19,1117,830,9,32,3.0,3.0,1
2023,19,1117,1,131,32,6.0,6.0,1
2023,19,1117,844,6,32,1.0,1.0,1
2023,19,1117,832,6,32,2.0,2.0,0
2023,19,1117,846,1,32,17.0,19.0,0
2023,19,1117,847,131,32,8.0,8.0,0
2023,19,1117,817,213,32,4.0,4.0,0
2023,19,1117,857,1,32,7.0,7.0,0
2023,19,1117,848,3,32,14.0,14.0,0
2023,19,1117,839,214,32,15.0,16.0,0
2023,19,1117,842,214,32,11.0,11.0,0
2023,19,1117,852,213,32,18.0,15.0,0
2023,19,1117,807,210,32,12.0,12.0,0
2023,19,1117,855,51,32,10.0,10.0,0
2023,19,1117,822,51,32,9.0,9.0,0
2023,19,1117,858,3,32,19.0,20.0,0
2023,19,1117,840,117,32,0.0,18.0,0
2023,19,1117,4,117,32,13.0,13.0,0
2023,19,1117,825,210,32,16.0,17.0,0
2023,19,1117,815,9,32,5.0,5.0,0
2023,20,1118,830,9,18,1.0,1.0,1
2023,20,1118,846,1,18,6.0,7.0,1
2023,20,1118,4,117,18,4.0,4.0,1
2023,20,1118,815,9,18,9.0,9.0,0
2023,20,1118,840,117,18,3.0,3.0,0
2023,20,1118,832,6,18,7.0,8.0,0
2023,20,1118,842,214,18,15.0,13.0,0
2023,20,1118,1,131,18,5.0,5.0,0
2023,20,1118,852,213,18,16.0,16.0,0
2023,20,1118,839,214,18,14.0,12.0,0
2023,20,1118,858,3,18,19.0,19.0,0
2023,20,1118,807,210,18,11.0,11.0,0
2023,20,1118,817,213,18,17.0,17.0,0
2023,20,1118,857,1,18,10.0,10.0,0
2023,20,1118,847,131,18,8.0,6.0,0
2023,20,1118,822,51,18,18.0,18.0,0
2023,20,1118,855,51,18,20.0,20.0,0
2023,20,1118,825,210,18,12.0,14.0,0
2023,20,1118,848,3,18,13.0,15.0,0
2023,20,1118,844,6,18,0.0,2.0,0
2023,21,1119,830,9,80,2.0,3.0,1
2023,21,1119,844,6,80,1.0,1.0,1
2023,21,1119,815,9,80,11.0,12.0,1
2023,21,1119,839,214,80,16.0,17.0,0
2023,21,1119,840,117,80,19.0,14.0,0
2023,21,1119,832,6,80,12.0,2.0,0
2023,21,1119,1,131,80,10.0,11.0,0
2023,21,1119,847,131,80,3.0,4.0,0
2023,21,1119,4,117,80,9.0,10.0,0
2023,21,1119,857,1,80,18.0,19.0,0
2023,21,1119,842,214,80,4.0,5.0,0
2023,21,1119,848,3,80,5.0,6.0,0
2023,21,1119,825,210,80,8.0,9.0,0
2023,21,1119,817,213,80,14.0,15.0,0
2023,21,1119,855,51,80,17.0,18.0,0
2023,21,1119,858,3,80,6.0,7.0,0
2023,21,1119,822,51,80,7.0,8.0,0
2023,21,1119,852,213,80,20.0,20.0,0
2023,21,1119,807,210,80,13.0,13.0,0
2023,21,1119,846,1,80,15.0,16.0,0
2023,22,1120,830,9,24,1.0,1.0,1
2023,22,1120,844,6,24,2.0,2.0,1
2023,22,1120,847,131,24,4.0,4.0,1
2023,22,1120,815,9,24,9.0,9.0,0
2023,22,1120,846,1,24,5.0,5.0,0
2023,22,1120,857,1,24,3.0,3.0,0
2023,22,1120,4,117,24,7.0,7.0,0
2023,22,1120,852,213,24,6.0,6.0,0
2023,22,1120,1,131,24,11.0,11.0,0
2023,22,1120,840,117,24,13.0,13.0,0
2023,22,1120,817,213,24,15.0,15.0,0
2023,22,1120,839,214,24,12.0,12.0,0
2023,22,1120,842,214,24,10.0,10.0,0
2023,22,1120,848,3,24,14.0,14.0,0
2023,22,1120,807,210,24,8.0,8.0,0
2023,22,1120,858,3,24,20.0,20.0,0
2023,22,1120,855,51,24,19.0,19.0,0
2023,22,1120,832,6,24,16.0,16.0,0
2023,22,1120,822,51,24,18.0,18.0,0
2023,22,1120,825,210,24,17.0,17.0,0
2024,1,1121,830,9,3,1.0,1.0,1
2024,1,1121,815,9,3,5.0,5.0,1
2024,1,1121,832,6,3,4.0,4.0,1
2024,1,1121,844,6,3,2.0,2.0,0
2024,1,1121,847,131,3,3.0,3.0,0
2024,1,1121,846,1,3,7.0,7.0,0
2024,1,1121,1,131,3,9.0,9.0,0
2024,1,1121,857,1,3,8.0,8.0,0
2024,1,1121,4,117,3,6.0,6.0,0
2024,1,1121,840,117,3,12.0,12.0,0
2024,1,1121,855,15,3,17.0,17.0,0
2024,1,1121,825,210,3,15.0,15.0,0
2024,1,1121,817,215,3,14.0,14.0,0
2024,1,1121,852,215,3,11.0,11.0,0
2024,1,1121,848,3,3,13.0,13.0,0
2024,1,1121,807,210,3,10.0,10.0,0
2024,1,1121,839,214,3,19.0,19.0,0
2024,1,1121,842,214,3,20.0,20.0,0
2024,1,1121,822,15,3,16.0,16.0,0
2024,1,1121,858,3,3,18.0,18.0,0
2024,2,1122,830,9,77,1.0,1.0,1
2024,2,1122,815,9,77,3.0,3.0,1
2024,2,1122,844,6,77,2.0,2.0,1
2024,2,1122,857,1,77,5.0,5.0,0
2024,2,1122,4,117,77,4.0,4.0,0
2024,2,1122,847,131,77,7.0,7.0,0
2024,2,1122,860,6,77,11.0,11.0,0
2024,2,1122,846,1,77,6.0,6.0,0
2024,2,1122,1,131,77,8.0,8.0,0
2024,2,1122,807,210,77,15.0,15.0,0
2024,2,1122,848,3,77,12.0,12.0,0
2024,2,1122,825,210,77,13.0,13.0,0
2024,2,1122,839,214,77,17.0,17.0,0
2024,2,1122,858,3,77,19.0,19.0,0
2024,2,1122,852,215,77,9.0,9.0,0
2024,2,1122,817,215,77,14.0,14.0,0
2024,2,1122,822,15,77,16.0,16.0,0
2024,2,1122,855,15,77,20.0,20.0,0
2024,2,1122,840,117,77,10.0,10.0,0
2024,2,1122,842,214,77,18.0,18.0,0
2024,3,1123,832,6,1,2.0,2.0,1
2024,3,1123,844,6,1,4.0,5.0,1
2024,3,1123,846,1,1,3.0,4.0,1
2024,3,1123,857,1,1,5.0,6.0,0
2024,3,1123,815,9,1,6.0,3.0,0
2024,3,1123,840,117,1,9.0,9.0,0
2024,3,1123,852,215,1,8.0,8.0,0
2024,3,1123,4,117,1,10.0,10.0,0
2024,3,1123,807,210,1,16.0,16.0,0
2024,3,1123,825,210,1,14.0,14.0,0
2024,3,1123,848,3,1,12.0,12.0,0
2024,3,1123,817,215,1,18.0,18.0,0
2024,3,1123,842,214,1,17.0,17.0,0
2024,3,1123,822,15,1,13.0,13.0,0
2024,3,1123,855,15,1,19.0,19.0,0
2024,3,1123,839,214,1,15.0,15.0,0
2024,3,1123,847,131,1,7.0,7.0,0
2024,3,1123,1,131,1,11.0,11.0,0
2024,3,1123,830,9,1,1.0,1.0,0
2024,4,1124,830,9,22,1.0,1.0,1
2024,4,1124,815,9,22,2.0,2.0,1
2024,4,1124,832,6,22,4.0,4.0,1
2024,4,1124,844,6,22,8.0,8.0,0
2024,4,1124,846,1,22,3.0,3.0,0
2024,4,1124,4,117,22,5.0,5.0,0
2024,4,1124,847,131,22,9.0,9.0,0
2024,4,1124,857,1,22,6.0,6.0,0
2024,4,1124,1,131,22,7.0,7.0,0
2024,4,1124,852,215,22,10.0,10.0,0
2024,4,1124,807,210,22,12.0,12.0,0
2024,4,1124,840,117,22,16.0,16.0,0
2024,4,1124,825,210,22,18.0,18.0,0
2024,4,1124,822,15,22,13.0,13.0,0
2024,4,1124,839,214,22,15.0,15.0,0
2024,4,1124,842,214,22,17.0,17.0,0
2024,4,1124,858,3,22,19.0,19.0,0
2024,4,1124,855,15,22,20.0,20.0,0
2024,4,1124,817,215,22,11.0,11.0,0
2024,4,1124,848,3,22,14.0,14.0,0
2024,5,1125,830,9,17,1.0,1.0,1
2024,5,1125,846,1,17,4.0,4.0,1
2024,5,1125,815,9,17,2.0,2.0,1
2024,5,1125,844,6,17,6.0,6.0,0
2024,5,1125,832,6,17,7.0,7.0,0
2024,5,1125,847,131,17,8.0,8.0,0
2024,5,1125,4,117,17,3.0,3.0,0
2024,5,1125,857,1,17,5.0,5.0,0
2024,5,1125,1,131,17,18.0,18.0,0
2024,5,1125,807,210,17,9.0,9.0,0
2024,5,1125,839,214,17,13.0,13.0,0
2024,5,1125,848,3,17,14.0,14.0,0
2024,5,1125,842,214,17,15.0,15.0,0
2024,5,1125,855,15,17,16.0,16.0,0
2024,5,1125,840,117,17,11.0,11.0,0
2024,5,1125,825,210,17,17.0,17.0,0
2024,5,1125,858,3,17,20.0,20.0,0
2024,5,1125,817,215,17,12.0,12.0,0
2024,5,1125,852,215,17,19.0,19.0,0
2024,5,1125,822,15,17,10.0,10.0,0
2024,6,1126,846,1,79,5.0,5.0,1
2024,6,1126,830,9,79,1.0,1.0,1
2024,6,1126,844,6,79,2.0,2.0,1
2024,6,1126,815,9,79,4.0,4.0,0
2024,6,1126,832,6,79,3.0,3.0,0
2024,6,1126,1,131,79,8.0,8.0,0
2024,6,1126,852,215,79,10.0,10.0,0
2024,6,1126,847,131,79,7.0,7.0,0
2024,6,1126,4,117,79,15.0,15.0,0
2024,6,1126,839,214,79,13.0,13.0,0
2024,6,1126,807,210,79,9.0,9.0,0
2024,6,1126,842,214,79,12.0,12.0,0
2024,6,1126,857,1,79,6.0,6.0,0
2024,6,1126,855,15,79,19.0,20.0,0
2024,6,1126,817,215,79,20.0,18.0,0
2024,6,1126,822,15,79,16.0,16.0,0
2024,6,1126,840,117,79,11.0,11.0,0
2024,6,1126,848,3,79,14.0,14.0,0
2024,6,1126,825,210,79,18.0,19.0,0
2024,6,1126,858,3,79,17.0,17.0,0
2024,7,1127,830,9,21,1.0,1.0,1
2024,7,1127,846,1,21,2.0,3.0,1
2024,7,1127,844,6,21,3.0,4.0,1
2024,7,1127,857,1,21,5.0,2.0,0
2024,7,1127,832,6,21,4.0,5.0,0
2024,7,1127,1,131,21,8.0,8.0,0
2024,7,1127,847,131,21,6.0,6.0,0
2024,7,1127,815,9,21,11.0,11.0,0
2024,7,1127,840,117,21,13.0,13.0,0
2024,7,1127,852,215,21,7.0,7.0,0
2024,7,1127,807,210,21,10.0,10.0,0
2024,7,1127,825,210,21,18.0,18.0,0
2024,7,1127,817,215,21,9.0,9.0,0
2024,7,1127,839,214,21,12.0,12.0,0
2024,7,1127,855,15,21,17.0,17.0,0
2024,7,1127,842,214,21,15.0,15.0,0
2024,7,1127,858,3,21,19.0,20.0,0
2024,7,1127,822,15,21,16.0,16.0,0
2024,7,1127,4,117,21,20.0,19.0,0
2024,7,1127,848,3,21,14.0,14.0,0
2024,8,1128,844,6,6,1.0,1.0,1
2024,8,1128,857,1,6,2.0,2.0,1
2024,8,1128,832,6,6,3.0,3.0,1
2024,8,1128,846,1,6,4.0,4.0,0
2024,8,1128,847,131,6,5.0,5.0,0
2024,8,1128,830,9,6,6.0,6.0,0
2024,8,1128,1,131,6,7.0,7.0,0
2024,8,1128,852,215,6,8.0,8.0,0
2024,8,1128,848,3,6,9.0,9.0,0
2024,8,1128,842,214,6,10.0,10.0,0
2024,8,1128,4,117,6,14.0,16.0,0
2024,8,1128,817,215,6,12.0,13.0,0
2024,8,1128,822,15,6,17.0,19.0,0
2024,8,1128,840,117,6,13.0,14.0,0
2024,8,1128,858,3,6,15.0,17.0,0
2024,8,1128,855,15,6,18.0,20.0,0
2024,8,1128,839,214,6,11.0,11.0,0
2024,8,1128,815,9,6,16.0,18.0,0
2024,8,1128,807,210,6,19.0,12.0,0
2024,8,1128,825,210,6,20.0,15.0,0
2024,9,1129,830,9,7,2.0,2.0,1
2024,9,1129,846,1,7,3.0,3.0,1
2024,9,1129,847,131,7,1.0,1.0,1
2024,9,1129,1,131,7,7.0,7.0,0
2024,9,1129,857,1,7,4.0,4.0,0
2024,9,1129,4,117,7,6.0,6.0,0
2024,9,1129,840,117,7,9.0,9.0,0
2024,9,1129,817,215,7,5.0,5.0,0
2024,9,1129,842,214,7,15.0,15.0,0
2024,9,1129,839,214,7,18.0,18.0,0
2024,9,1129,807,210,7,17.0,19.0,0
2024,9,1129,825,210,7,14.0,14.0,0
2024,9,1129,822,15,7,0.0,17.0,0
2024,9,1129,852,215,7,8.0,8.0,0
2024,9,1129,855,15,7,0.0,20.0,0
2024,9,1129,832,6,7,12.0,12.0,0
2024,9,1129,848,3,7,10.0,10.0,0
2024,9,1129,815,9,7,16.0,16.0,0
2024,9,1129,844,6,7,11.0,11.0,0
2024,9,1129,858,3,7,13.0,13.0,0
2024,10,1130,830,9,4,2.0,2.0,1
2024,10,1130,846,1,4,1.0,1.0,1
2024,10,1130,1,131,4,3.0,3.0,1
2024,10,1130,847,131,4,4.0,4.0,0
2024,10,1130,844,6,4,5.0,5.0,0
2024,10,1130,832,6,4,6.0,6.0,0
2024,10,1130,857,1,4,9.0,10.0,0
2024,10,1130,815,9,4,11.0,8.0,0
2024,10,1130,842,214,4,7.0,7.0,0
2024,10,1130,839,214,4,8.0,9.0,0
2024,10,1130,807,210,4,13.0,13.0,0
2024,10,1130,4,117,4,10.0,11.0,0
2024,10,1130,855,15,4,15.0,15.0,0
2024,10,1130,840,117,4,14.0,14.0,0
2024,10,1130,817,215,4,18.0,18.0,0
2024,10,1130,822,15,4,12.0,12.0,0
2024,10,1130,825,210,4,16.0,16.0,0
2024,10,1130,848,3,4,0.0,19.0,0
2024,10,1130,852,215,4,17.0,17.0,0
2024,10,1130,858,3,4,19.0,20.0,0
2024,11,1131,847,131,70,3.0,3.0,1
2024,11,1131,857,1,70,7.0,7.0,1
2024,11,1131,832,6,70,4.0,4.0,1
2024,11,1131,1,131,70,5.0,5.0,0
2024,11,1131,830,9,70,1.0,1.0,0
2024,11,1131,807,210,70,9.0,9.0,0
2024,11,1131,815,9,70,8.0,8.0,0
2024,11,1131,825,210,70,12.0,12.0,0
2024,11,1131,817,215,70,11.0,11.0,0
2024,11,1131,842,214,70,13.0,13.0,0
2024,11,1131,844,6,70,6.0,6.0,0
2024,11,1131,839,214,70,10.0,10.0,0
2024,11,1131,840,117,70,17.0,17.0,0
2024,11,1131,852,215,70,14.0,14.0,0
2024,11,1131,848,3,70,16.0,16.0,0
2024,11,1131,822,15,70,18.0,18.0,0
2024,11,1131,855,15,70,20.0,20.0,0
2024,11,1131,4,117,70,15.0,15.0,0
2024,11,1131,858,3,70,19.0,19.0,0
2024,11,1131,846,1,70,2.0,2.0,0
2024,12,1132,1,131,9,2.0,2.0,1
2024,12,1132,830,9,9,4.0,4.0,1
2024,12,1132,846,1,9,3.0,3.0,1
2024,12,1132,857,1,9,5.0,5.0,0
2024,12,1132,832,6,9,7.0,7.0,0
2024,12,1132,807,210,9,6.0,6.0,0
2024,12,1132,840,117,9,8.0,8.0,0
2024,12,1132,4,117,9,10.0,10.0,0
2024,12,1132,848,3,9,9.0,9.0,0
2024,12,1132,852,215,9,13.0,13.0,0
2024,12,1132,858,3,9,12.0,12.0,0
2024,12,1132,825,210,9,17.0,17.0,0
2024,12,1132,817,215,9,15.0,15.0,0
2024,12,1132,844,6,9,11.0,11.0,0
2024,12,1132,822,15,9,16.0,16.0,0
2024,12,1132,839,214,9,18.0,18.0,0
2024,12,1132,815,9,9,0.0,19.0,0
2024,12,1132,855,15,9,14.0,14.0,0
2024,12,1132,847,131,9,1.0,1.0,0
2024,12,1132,842,214,9,19.0,20.0,0
2024,13,1133,857,1,11,2.0,2.0,1
2024,13,1133,846,1,11,1.0,1.0,1
2024,13,1133,1,131,11,5.0,5.0,1
2024,13,1133,844,6,11,6.0,6.0,0
2024,13,1133,830,9,11,3.0,3.0,0
2024,13,1133,832,6,11,4.0,4.0,0
2024,13,1133,815,9,11,16.0,16.0,0
2024,13,1133,847,131,11,17.0,17.0,0
2024,13,1133,852,215,11,10.0,10.0,0
2024,13,1133,840,117,11,8.0,8.0,0
2024,13,1133,4,117,11,7.0,7.0,0
2024,13,1133,817,215,11,9.0,9.0,0
2024,13,1133,807,210,11,11.0,11.0,0
2024,13,1133,848,3,11,13.0,13.0,0
2024,13,1133,825,210,11,15.0,15.0,0
2024,13,1133,822,15,11,12.0,12.0,0
2024,13,1133,858,3,11,14.0,14.0,0
2024,13,1133,839,214,11,19.0,19.0,0
2024,13,1133,855,15,11,18.0,18.0,0
2024,13,1133,842,214,11,0.0,20.0,0
2024,14,1134,1,131,13,3.0,4.0,1
2024,14,1134,857,1,13,5.0,6.0,1
2024,14,1134,844,6,13,1.0,2.0,1
2024,14,1134,830,9,13,11.0,1.0,0
2024,14,1134,846,1,13,4.0,5.0,0
2024,14,1134,832,6,13,7.0,8.0,0
2024,14,1134,815,9,13,2.0,3.0,0
2024,14,1134,4,117,13,8.0,9.0,0
2024,14,1134,839,214,13,9.0,10.0,0
2024,14,1134,817,215,13,13.0,13.0,0
2024,14,1134,840,117,13,15.0,15.0,0
2024,14,1134,848,3,13,10.0,11.0,0
2024,14,1134,842,214,13,12.0,12.0,0
2024,14,1134,825,210,13,17.0,17.0,0
2024,14,1134,822,15,13,14.0,14.0,0
2024,14,1134,852,215,13,20.0,18.0,0
2024,14,1134,858,3,13,18.0,19.0,0
2024,14,1134,807,210,13,16.0,16.0,0
2024,14,1134,855,15,13,19.0,20.0,0
2024,14,1134,847,131,13,6.0,7.0,0
2024,15,1135,846,1,39,1.0,1.0,1
2024,15,1135,830,9,39,2.0,2.0,1
2024,15,1135,844,6,39,6.0,6.0,1
2024,15,1135,857,1,39,3.0,3.0,0
2024,15,1135,832,6,39,10.0,10.0,0
2024,15,1135,815,9,39,5.0,5.0,0
2024,15,1135,847,131,39,4.0,4.0,0
2024,15,1135,1,131,39,14.0,11.0,0
2024,15,1135,842,214,39,9.0,9.0,0
2024,15,1135,4,117,39,7.0,7.0,0
2024,15,1135,807,210,39,12.0,13.0,0
2024,15,1135,817,215,39,13.0,15.0,0
2024,15,1135,840,117,39,8.0,8.0,0
2024,15,1135,848,3,39,19.0,19.0,0
2024,15,1135,839,214,39,15.0,16.0,0
2024,15,1135,858,3,39,18.0,20.0,0
2024,15,1135,852,215,39,11.0,12.0,0
2024,15,1135,825,210,39,0.0,14.0,0
2024,15,1135,822,15,39,16.0,17.0,0
2024,15,1135,855,15,39,17.0,18.0,0
2024,16,1136,844,6,14,4.0,4.0,1
2024,16,1136,857,1,14,2.0,2.0,1
2024,16,1136,846,1,14,1.0,1.0,1
2024,16,1136,832,6,14,5.0,5.0,0
2024,16,1136,1,131,14,6.0,6.0,0
2024,16,1136,830,9,14,7.0,7.0,0
2024,16,1136,847,131,14,3.0,3.0,0
2024,16,1136,815,9,14,8.0,8.0,0
2024,16,1136,848,3,14,9.0,9.0,0
2024,16,1136,825,210,14,13.0,13.0,0
2024,16,1136,4,117,14,11.0,11.0,0
2024,16,1136,861,3,14,18.0,18.0,0
2024,16,1136,817,215,14,12.0,12.0,0
2024,16,1136,839,214,14,15.0,15.0,0
2024,16,1136,842,214,14,14.0,14.0,0
2024,16,1136,822,15,14,19.0,19.0,0
2024,16,1136,807,210,14,10.0,10.0,0
2024,16,1136,855,15,14,20.0,20.0,0
2024,16,1136,840,117,14,17.0,17.0,0
2024,16,1136,852,215,14,16.0,16.0,0
2024,17,1137,857,1,73,2.0,2.0,1
2024,17,1137,844,6,73,1.0,1.0,1
2024,17,1137,847,131,73,5.0,5.0,1
2024,17,1137,846,1,73,15.0,16.0,0
2024,17,1137,830,9,73,6.0,6.0,0
2024,17,1137,4,117,73,7.0,8.0,0
2024,17,1137,848,3,73,9.0,10.0,0
2024,17,1137,861,3,73,8.0,9.0,0
2024,17,1137,1,131,73,0.0,7.0,0
2024,17,1137,860,210,73,10.0,11.0,0
2024,17,1137,807,210,73,12.0,13.0,0
2024,17,1137,842,214,73,18.0,20.0,0
2024,17,1137,817,215,73,14.0,15.0,0
2024,17,1137,855,15,73,17.0,18.0,0
2024,17,1137,839,214,73,0.0,19.0,0
2024,17,1137,822,15,73,16.0,17.0,0
2024,17,1137,815,9,73,4.0,4.0,0
2024,17,1137,832,6,73,3.0,3.0,0
2024,17,1137,840,117,73,13.0,14.0,0
2024,17,1137,852,215,73,11.0,12.0,0
2024,18,1138,846,1,15,1.0,1.0,1
2024,18,1138,830,9,15,2.0,2.0,1
2024,18,1138,857,1,15,5.0,5.0,1
2024,18,1138,847,131,15,4.0,4.0,0
2024,18,1138,844,6,15,9.0,9.0,0
2024,18,1138,1,131,15,3.0,3.0,0
2024,18,1138,832,6,15,10.0,10.0,0
2024,18,1138,4,117,15,7.0,7.0,0
2024,18,1138,807,210,15,6.0,6.0,0
2024,18,1138,815,9,15,13.0,13.0,0
2024,18,1138,861,3,15,12.0,12.0,0
2024,18,1138,852,215,15,8.0,8.0,0
2024,18,1138,839,214,15,15.0,15.0,0
2024,18,1138,840,117,15,17.0,17.0,0
2024,18,1138,855,15,15,20.0,20.0,0
2024,18,1138,822,15,15,19.0,19.0,0
2024,18,1138,842,214,15,18.0,18.0,0
2024,18,1138,817,215,15,16.0,16.0,0
2024,18,1138,825,210,15,14.0,14.0,0
2024,18,1138,848,3,15,11.0,11.0,0
2024,19,1139,844,6,69,4.0,4.0,1
2024,19,1139,832,6,69,3.0,3.0,1
2024,19,1139,830,9,69,2.0,2.0,1
2024,19,1139,846,1,69,1.0,1.0,0
2024,19,1139,857,1,69,5.0,5.0,0
2024,19,1139,847,131,69,20.0,6.0,0
2024,19,1139,815,9,69,9.0,10.0,0
2024,19,1139,807,210,69,11.0,12.0,0
2024,19,1139,859,215,69,19.0,15.0,0
2024,19,1139,861,3,69,15.0,17.0,0
2024,19,1139,825,210,69,8.0,9.0,0
2024,19,1139,842,214,69,6.0,7.0,0
2024,19,1139,4,117,69,7.0,8.0,0
2024,19,1139,852,215,69,10.0,11.0,0
2024,19,1139,840,117,69,13.0,14.0,0
2024,19,1139,848,3,69,14.0,16.0,0
2024,19,1139,822,15,69,16.0,18.0,0
2024,19,1139,839,214,69,12.0,13.0,0
2024,19,1139,855,15,69,18.0,20.0,0
2024,19,1139,1,131,69,17.0,19.0,0
2024,20,1140,832,6,32,1.0,1.0,1
2024,20,1140,846,1,32,3.0,3.0,1
2024,20,1140,844,6,32,4.0,4.0,1
2024,20,1140,1,131,32,6.0,6.0,0
2024,20,1140,847,131,32,5.0,5.0,0
2024,20,1140,830,9,32,2.0,2.0,0
2024,20,1140,825,210,32,7.0,7.0,0
2024,20,1140,857,1,32,17.0,17.0,0
2024,20,1140,807,210,32,10.0,10.0,0
2024,20,1140,842,214,32,8.0,8.0,0
2024,20,1140,840,117,32,14.0,14.0,0
2024,20,1140,861,3,32,16.0,16.0,0
2024,20,1140,839,214,32,0.0,19.0,0
2024,20,1140,822,15,32,15.0,15.0,0
2024,20,1140,855,15,32,19.0,20.0,0
2024,20,1140,859,215,32,12.0,12.0,0
2024,20,1140,815,9,32,18.0,18.0,0
2024,20,1140,4,117,32,13.0,13.0,0
2024,20,1140,848,3,32,9.0,9.0,0
2024,20,1140,852,215,32,11.0,11.0,0
2024,21,1141,830,9,18,17.0,12.0,1
2024,21,1141,839,214,18,4.0,4.0,1
2024,21,1141,842,214,18,13.0,15.0,1
2024,21,1141,847,131,18,2.0,2.0,0
2024,21,1141,844,6,18,6.0,6.0,0
2024,21,1141,846,1,18,1.0,1.0,0
2024,21,1141,852,215,18,3.0,3.0,0
2024,21,1141,857,1,18,8.0,8.0,0
2024,21,1141,859,215,18,5.0,5.0,0
2024,21,1141,1,131,18,14.0,16.0,0
2024,21,1141,815,9,18,12.0,13.0,0
2024,21,1141,860,210,18,15.0,17.0,0
2024,21,1141,822,15,18,11.0,11.0,0
2024,21,1141,4,117,18,9.0,9.0,0
2024,21,1141,855,15,18,19.0,20.0,0
2024,21,1141,832,6,18,0.0,14.0,0
2024,21,1141,861,3,18,16.0,18.0,0
2024,21,1141,848,3,18,7.0,7.0,0
2024,21,1141,840,117,18,10.0,10.0,0
2024,21,1141,807,210,18,17.0,19.0,0
2024,22,1142,847,131,80,1.0,1.0,1
2024,22,1142,1,131,80,10.0,10.0,1
2024,22,1142,832,6,80,2.0,2.0,1
2024,22,1142,844,6,80,4.0,4.0,0
2024,22,1142,830,9,80,5.0,5.0,0
2024,22,1142,846,1,80,6.0,6.0,0
2024,22,1142,857,1,80,8.0,8.0,0
2024,22,1142,807,210,80,9.0,9.0,0
2024,22,1142,852,215,80,7.0,7.0,0
2024,22,1142,815,9,80,15.0,16.0,0
2024,22,1142,4,117,80,16.0,17.0,0
2024,22,1142,825,210,80,12.0,12.0,0
2024,22,1142,855,15,80,13.0,13.0,0
2024,22,1142,861,3,80,0.0,14.0,0
2024,22,1142,840,117,80,18.0,20.0,0
2024,22,1142,859,215,80,14.0,15.0,0
2024,22,1142,839,214,80,11.0,11.0,0
2024,22,1142,822,15,80,19.0,19.0,0
2024,22,1142,848,3,80,17.0,18.0,0
2024,22,1142,842,214,80,3.0,3.0,0
2024,23,1143,830,9,78,2.0,1.0,1
2024,23,1143,844,6,78,5.0,5.0,1
2024,23,1143,857,1,78,4.0,4.0,1
2024,23,1143,847,131,78,1.0,2.0,0
2024,23,1143,842,214,78,11.0,11.0,0
2024,23,1143,832,6,78,7.0,7.0,0
2024,23,1143,4,117,78,8.0,8.0,0
2024,23,1143,855,15,78,12.0,12.0,0
2024,23,1143,825,210,78,10.0,10.0,0
2024,23,1143,846,1,78,3.0,3.0,0
2024,23,1143,822,15,78,13.0,13.0,0
2024,23,1143,1,131,78,6.0,6.0,0
2024,23,1143,852,215,78,14.0,14.0,0
2024,23,1143,859,215,78,17.0,17.0,0
2024,23,1143,848,3,78,16.0,16.0,0
2024,23,1143,807,210,78,18.0,18.0,0
2024,23,1143,815,9,78,9.0,9.0,0
2024,23,1143,840,117,78,15.0,15.0,0
2024,23,1143,861,3,78,19.0,19.0,0
2024,23,1143,839,214,78,20.0,20.0,0
2024,24,1144,846,1,24,1.0,1.0,1
2024,24,1144,832,6,24,3.0,3.0,1
2024,24,1144,844,6,24,19.0,14.0,1
2024,24,1144,1,131,24,16.0,18.0,0
2024,24,1144,847,131,24,6.0,7.0,0
2024,24,1144,830,9,24,4.0,5.0,0
2024,24,1144,842,214,24,5.0,6.0,0
2024,24,1144,807,210,24,7.0,4.0,0
2024,24,1144,4,117,24,8.0,8.0,0
2024,24,1144,857,1,24,2.0,2.0,0
2024,24,1144,848,3,24,18.0,16.0,0
2024,24,1144,852,215,24,11.0,11.0,0
2024,24,1144,855,15,24,15.0,17.0,0
2024,24,1144,840,117,24,13.0,13.0,0
2024,24,1144,862,214,24,17.0,20.0,0
2024,24,1144,825,210,24,14.0,15.0,0
2024,24,1144,859,215,24,12.0,12.0,0
2024,24,1144,822,15,24,9.0,9.0,0
2024,24,1144,861,3,24,20.0,19.0,0
2024,24,1144,815,9,24,10.0,10.0,0
2025,1,1145,846,1,1,1.0,1.0,1
2025,1,1145,830,9,1,3.0,3.0,1
2025,1,1145,847,131,1,4.0,4.0,1
2025,1,1145,863,131,1,16.0,16.0,0
2025,1,1145,848,3,1,6.0,6.0,0
2025,1,1145,840,117,1,13.0,13.0,0
2025,1,1145,807,15,1,17.0,17.0,0
2025,1,1145,844,6,1,7.0,7.0,0
2025,1,1145,857,1,1,2.0,2.0,0
2025,1,1145,1,6,1,8.0,8.0,0
2025,1,1145,842,214,1,9.0,9.0,0
2025,1,1145,852,215,1,5.0,5.0,0
2025,1,1145,839,210,1,19.0,19.0,0
2025,1,1145,860,210,1,20.0,20.0,0
2025,1,1145,859,9,1,18.0,18.0,0
2025,1,1145,864,15,1,15.0,15.0,0
2025,1,1145,4,117,1,12.0,12.0,0
2025,1,1145,832,3,1,10.0,10.0,0
2025,1,1145,862,214,1,14.0,14.0,0
2025,1,1145,865,215,1,11.0,11.0,0
2025,2,1146,857,1,17,1.0,1.0,1
2025,2,1146,846,1,17,3.0,3.0,1
2025,2,1146,847,131,17,2.0,2.0,1
2025,2,1146,830,9,17,4.0,4.0,0
2025,2,1146,839,210,17,11.0,11.0,0
2025,2,1146,863,131,17,8.0,8.0,0
2025,2,1146,848,3,17,10.0,10.0,0
2025,2,1146,860,210,17,17.0,17.0,0
2025,2,1146,840,117,17,14.0,14.0,0
2025,2,1146,832,3,17,15.0,15.0,0
2025,2,1146,865,215,17,7.0,7.0,0
2025,2,1146,859,9,17,20.0,20.0,0
2025,2,1146,862,214,17,18.0,18.0,0
2025,2,1146,864,15,17,19.0,19.0,0
2025,2,1146,807,15,17,12.0,12.0,0
2025,2,1146,852,215,17,9.0,9.0,0
2025,2,1146,4,117,17,13.0,13.0,0
2025,2,1146,844,6,17,6.0,6.0,0
2025,2,1146,1,6,17,5.0,5.0,0
2025,2,1146,842,214,17,16.0,16.0,0
2025,3,1147,830,9,22,1.0,1.0,1
2025,3,1147,846,1,22,2.0,2.0,1
2025,3,1147,857,1,22,3.0,3.0,1
2025,3,1147,844,6,22,4.0,4.0,0
2025,3,1147,847,131,22,5.0,5.0,0
2025,3,1147,863,131,22,6.0,6.0,0
2025,3,1147,1,6,22,8.0,8.0,0
2025,3,1147,865,215,22,7.0,7.0,0
2025,3,1147,848,3,22,9.0,9.0,0
2025,3,1147,860,210,22,10.0,10.0,0
2025,3,1147,4,117,22,12.0,13.0,0
2025,3,1147,852,9,22,14.0,15.0,0
2025,3,1147,842,214,22,11.0,11.0,0
2025,3,1147,832,3,22,15.0,12.0,0
2025,3,1147,862,214,22,19.0,19.0,0
2025,3,1147,807,15,22,16.0,16.0,0
2025,3,1147,859,215,22,13.0,14.0,0
2025,3,1147,839,210,22,18.0,18.0,0
2025,3,1147,864,15,22,17.0,17.0,0
2025,3,1147,840,117,22,20.0,20.0,0
2025,4,1148,857,1,3,1.0,1.0,1
2025,4,1148,847,131,3,3.0,2.0,1
2025,4,1148,846,1,3,6.0,6.0,1
2025,4,1148,844,6,3,2.0,3.0,0
2025,4,1148,1,6,3,9.0,9.0,0
2025,4,1148,830,9,3,7.0,7.0,0
2025,4,1148,842,214,3,4.0,5.0,0
2025,4,1148,839,210,3,14.0,14.0,0
2025,4,1148,852,9,3,10.0,10.0,0
2025,4,1148,860,210,3,20.0,20.0,0
2025,4,1148,863,131,3,5.0,4.0,0
2025,4,1148,848,3,3,15.0,15.0,0
2025,4,1148,865,215,3,12.0,12.0,0
2025,4,1148,862,214,3,11.0,11.0,0
2025,4,1148,4,117,3,13.0,13.0,0
2025,4,1148,859,215,3,17.0,17.0,0
2025,4,1148,840,117,3,19.0,19.0,0
2025,4,1148,864,15,3,18.0,18.0,0
2025,4,1148,832,3,3,8.0,8.0,0
2025,4,1148,807,15,3,16.0,16.0,0
2025,5,1149,857,1,77,2.0,2.0,1
2025,5,1149,830,9,77,1.0,1.0,1
2025,5,1149,844,6,77,4.0,4.0,1
2025,5,1149,846,1,77,10.0,10.0,0
2025,5,1149,847,131,77,3.0,3.0,0
2025,5,1149,863,131,77,5.0,5.0,0
2025,5,1149,1,6,77,7.0,7.0,0
2025,5,1149,832,3,77,6.0,6.0,0
2025,5,1149,848,3,77,11.0,11.0,0
2025,5,1149,865,215,77,14.0,14.0,0
2025,5,1149,4,117,77,13.0,13.0,0
2025,5,1149,859,215,77,12.0,12.0,0
2025,5,1149,860,210,77,15.0,15.0,0
2025,5,1149,839,210,77,19.0,19.0,0
2025,5,1149,807,15,77,18.0,18.0,0
2025,5,1149,840,117,77,16.0,16.0,0
2025,5,1149,862,214,77,17.0,17.0,0
2025,5,1149,864,15,77,20.0,20.0,0
2025,5,1149,852,9,77,8.0,8.0,0
2025,5,1149,842,214,77,9.0,9.0,0
2025,6,1150,857,1,79,4.0,4.0,1
2025,6,1150,846,1,79,2.0,2.0,1
2025,6,1150,847,131,79,5.0,5.0,1
2025,6,1150,830,9,79,1.0,1.0,0
2025,6,1150,848,3,79,7.0,7.0,0
2025,6,1150,863,131,79,3.0,3.0,0
2025,6,1150,844,6,79,8.0,8.0,0
2025,6,1150,1,6,79,12.0,12.0,0
2025,6,1150,832,3,79,6.0,6.0,0
2025,6,1150,852,9,79,10.0,10.0,0
2025,6,1150,865,215,79,11.0,11.0,0
2025,6,1150,839,210,79,9.0,9.0,0
2025,6,1150,842,214,79,20.0,18.0,0
2025,6,1150,807,15,79,16.0,16.0,0
2025,6,1150,4,117,79,17.0,17.0,0
2025,6,1150,840,117,79,18.0,19.0,0
2025,6,1150,859,215,79,15.0,15.0,0
2025,6,1150,864,15,79,13.0,13.0,0
2025,6,1150,860,210,79,19.0,20.0,0
2025,6,1150,862,214,79,14.0,14.0,0
2025,7,1151,830,9,21,2.0,2.0,1
2025,7,1151,846,1,21,4.0,4.0,1
2025,7,1151,857,1,21,1.0,1.0,1
2025,7,1151,1,6,21,12.0,12.0,0
2025,7,1151,848,3,21,7.0,7.0,0
2025,7,1151,844,6,21,11.0,11.0,0
2025,7,1151,847,131,21,3.0,3.0,0
2025,7,1151,832,3,21,6.0,6.0,0
2025,7,1151,865,215,21,9.0,9.0,0
2025,7,1151,852,9,21,20.0,20.0,0
2025,7,1151,4,117,21,5.0,5.0,0
2025,7,1151,807,15,21,17.0,17.0,0
2025,7,1151,842,214,21,10.0,10.0,0
2025,7,1151,859,215,21,15.0,16.0,0
2025,7,1151,840,117,21,8.0,8.0,0
2025,7,1151,861,214,21,16.0,15.0,0
2025,7,1151,860,210,21,19.0,19.0,0
2025,7,1151,864,15,21,14.0,14.0,0
2025,7,1151,863,131,21,13.0,13.0,0
2025,7,1151,839,210,21,18.0,18.0,0
2025,8,1152,846,1,6,1.0,1.0,1
2025,8,1152,844,6,6,2.0,2.0,1
2025,8,1152,857,1,6,3.0,3.0,1
2025,8,1152,830,9,6,4.0,5.0,0
2025,8,1152,1,6,6,7.0,4.0,0
2025,8,1152,865,215,6,5.0,6.0,0
2025,8,1152,839,210,6,8.0,8.0,0
2025,8,1152,859,215,6,9.0,9.0,0
2025,8,1152,848,3,6,10.0,10.0,0
2025,8,1152,832,3,6,11.0,11.0,0
2025,8,1152,847,131,6,14.0,14.0,0
2025,8,1152,860,210,6,20.0,17.0,0
2025,8,1152,861,214,6,18.0,20.0,0
2025,8,1152,864,15,6,16.0,16.0,0
2025,8,1152,840,117,6,19.0,19.0,0
2025,8,1152,807,15,6,13.0,13.0,0
2025,8,1152,852,9,6,12.0,12.0,0
2025,8,1152,863,131,6,15.0,15.0,0
2025,8,1152,4,117,6,6.0,7.0,0
2025,8,1152,842,214,6,17.0,18.0,0
2025,9,1153,857,1,4,1.0,1.0,1
2025,9,1153,846,1,4,2.0,2.0,1
2025,9,1153,844,6,4,7.0,7.0,1
2025,9,1153,847,131,4,4.0,4.0,0
2025,9,1153,807,15,4,15.0,16.0,0
2025,9,1153,1,6,4,5.0,5.0,0
2025,9,1153,865,215,4,9.0,9.0,0
2025,9,1153,842,214,4,8.0,8.0,0
2025,9,1153,4,117,4,10.0,10.0,0
2025,9,1153,830,9,4,3.0,3.0,0
2025,9,1153,859,215,4,13.0,13.0,0
2025,9,1153,864,15,4,12.0,12.0,0
2025,9,1153,852,9,4,19.0,20.0,0
2025,9,1153,832,3,4,17.0,18.0,0
2025,9,1153,861,214,4,18.0,19.0,0
2025,9,1153,839,210,4,16.0,17.0,0
2025,9,1153,860,210,4,14.0,15.0,0
2025,9,1153,863,131,4,6.0,6.0,0
2025,9,1153,848,3,4,11.0,11.0,0
2025,10,1154,847,131,7,1.0,1.0,1
2025,10,1154,830,9,7,2.0,2.0,1
2025,10,1154,863,131,7,4.0,4.0,1
2025,10,1154,857,1,7,3.0,3.0,0
2025,10,1154,844,6,7,8.0,8.0,0
2025,10,1154,1,6,7,5.0,5.0,0
2025,10,1154,4,117,7,6.0,6.0,0
2025,10,1154,807,15,7,11.0,13.0,0
2025,10,1154,839,210,7,14.0,15.0,0
2025,10,1154,832,3,7,16.0,17.0,0
2025,10,1154,860,210,7,13.0,14.0,0
2025,10,1154,852,9,7,18.0,11.0,0
2025,10,1154,861,214,7,10.0,12.0,0
2025,10,1154,864,15,7,15.0,16.0,0
2025,10,1154,842,214,7,20.0,20.0,0
2025,10,1154,865,215,7,12.0,9.0,0
2025,10,1154,840,117,7,17.0,18.0,0
2025,10,1154,846,1,7,7.0,7.0,0
2025,10,1154,859,215,7,19.0,19.0,0
2025,10,1154,848,3,7,9.0,10.0,0
2025,11,1155,846,1,70,1.0,1.0,1
2025,11,1155,857,1,70,3.0,3.0,1
2025,11,1155,844,6,70,2.0,2.0,1
2025,11,1155,1,6,70,4.0,4.0,0
2025,11,1155,847,131,70,5.0,5.0,0
2025,11,1155,859,215,70,6.0,6.0,0
2025,11,1155,4,117,70,11.0,11.0,0
2025,11,1155,864,15,70,8.0,8.0,0
2025,11,1155,807,15,70,20.0,20.0,0
2025,11,1155,839,210,70,17.0,17.0,0
2025,11,1155,860,210,70,15.0,15.0,0
2025,11,1155,865,215,70,13.0,13.0,0
2025,11,1155,842,214,70,10.0,10.0,0
2025,11,1155,840,117,70,16.0,16.0,0
2025,11,1155,861,214,70,14.0,14.0,0
2025,11,1155,852,9,70,18.0,18.0,0
2025,11,1155,848,3,70,12.0,12.0,0
2025,11,1155,830,9,70,7.0,7.0,0
2025,11,1155,863,131,70,9.0,9.0,0
2025,11,1155,832,3,70,19.0,19.0,0
2025,12,1156,846,1,9,3.0,3.0,1
2025,12,1156,857,1,9,2.0,2.0,1
2025,12,1156,807,15,9,19.0,19.0,1
2025,12,1156,1,6,9,5.0,5.0,0
2025,12,1156,830,9,9,1.0,1.0,0
2025,12,1156,842,214,9,8.0,10.0,0
2025,12,1156,840,117,9,17.0,18.0,0
2025,12,1156,848,3,9,13.0,14.0,0
2025,12,1156,4,117,9,7.0,9.0,0
2025,12,1156,847,131,9,4.0,4.0,0
2025,12,1156,860,210,9,18.0,8.0,0
2025,12,1156,832,3,9,9.0,11.0,0
2025,12,1156,839,210,9,14.0,15.0,0
2025,12,1156,844,6,9,6.0,6.0,0
2025,12,1156,852,9,9,11.0,12.0,0
2025,12,1156,863,131,9,10.0,7.0,0
2025,12,1156,865,215,9,12.0,13.0,0
2025,12,1156,864,15,9,16.0,17.0,0
2025,12,1156,859,215,9,15.0,16.0,0
2025,12,1156,861,214,9,20.0,20.0,0
2025,13,1157,857,1,13,2.0,2.0,1
2025,13,1157,846,1,13,1.0,1.0,1
2025,13,1157,844,6,13,3.0,3.0,1
2025,13,1157,830,9,13,4.0,4.0,0
2025,13,1157,847,131,13,6.0,6.0,0
2025,13,1157,848,3,13,5.0,5.0,0
2025,13,1157,1,6,13,18.0,16.0,0
2025,13,1157,859,215,13,9.0,9.0,0
2025,13,1157,864,15,13,10.0,10.0,0
2025,13,1157,842,214,13,13.0,13.0,0
2025,13,1157,860,210,13,12.0,12.0,0
2025,13,1157,807,15,13,14.0,14.0,0
2025,13,1157,852,9,13,7.0,7.0,0
2025,13,1157,840,117,13,16.0,20.0,0
2025,13,1157,839,210,13,11.0,11.0,0
2025,13,1157,863,131,13,19.0,18.0,0
2025,13,1157,4,117,13,20.0,19.0,0
2025,13,1157,832,3,13,17.0,15.0,0
2025,13,1157,861,214,13,15.0,17.0,0
2025,13,1157,865,215,13,8.0,8.0,0
2025,14,1158,846,1,11,3.0,3.0,1
2025,14,1158,857,1,11,2.0,2.0,1
2025,14,1158,847,131,11,4.0,4.0,1
2025,14,1158,844,6,11,1.0,1.0,0
2025,14,1158,4,117,11,5.0,5.0,0
2025,14,1158,864,15,11,7.0,7.0,0
2025,14,1158,840,117,11,6.0,6.0,0
2025,14,1158,859,215,11,9.0,9.0,0
2025,14,1158,830,9,11,8.0,8.0,0
2025,14,1158,863,131,11,15.0,15.0,0
2025,14,1158,865,215,11,10.0,10.0,0
2025,14,1158,1,6,11,12.0,12.0,0
2025,14,1158,807,15,11,18.0,19.0,0
2025,14,1158,832,3,11,13.0,13.0,0
2025,14,1158,848,3,11,19.0,20.0,0
2025,14,1158,839,210,11,17.0,18.0,0
2025,14,1158,852,9,11,20.0,16.0,0
2025,14,1158,861,214,11,14.0,14.0,0
2025,14,1158,842,214,11,16.0,17.0,0
2025,14,1158,860,210,11,11.0,11.0,0
2025,15,1159,857,1,39,1.0,1.0,1
2025,15,1159,830,9,39,3.0,3.0,1
2025,15,1159,865,215,39,4.0,4.0,1
2025,15,1159,847,131,39,5.0,5.0,0
2025,15,1159,848,3,39,15.0,15.0,0
2025,15,1159,860,210,39,20.0,19.0,0
2025,15,1159,840,117,39,19.0,20.0,0
2025,15,1159,4,117,39,10.0,10.0,0
2025,15,1159,852,9,39,12.0,12.0,0
2025,15,1159,839,210,39,18.0,18.0,0
2025,15,1159,861,214,39,16.0,16.0,0
2025,15,1159,859,215,39,8.0,8.0,0
2025,15,1159,832,3,39,9.0,9.0,0
2025,15,1159,807,15,39,17.0,17.0,0
2025,15,1159,864,15,39,13.0,13.0,0
2025,15,1159,863,131,39,11.0,11.0,0
2025,15,1159,842,214,39,14.0,14.0,0
2025,15,1159,846,1,39,2.0,2.0,0
2025,15,1159,844,6,39,6.0,6.0,0
2025,15,1159,1,6,39,7.0,7.0,0
2025,16,1160,830,9,14,1.0,1.0,1
2025,16,1160,846,1,14,2.0,2.0,1
2025,16,1160,857,1,14,3.0,3.0,1
2025,16,1160,844,6,14,4.0,4.0,0
2025,16,1160,847,131,14,5.0,6.0,0
2025,16,1160,1,6,14,10.0,5.0,0
2025,16,1160,848,3,14,14.0,14.0,0
2025,16,1160,864,15,14,7.0,8.0,0
2025,16,1160,863,131,14,6.0,7.0,0
2025,16,1160,865,215,14,19.0,16.0,0
2025,16,1160,832,3,14,13.0,13.0,0
2025,16,1160,860,210,14,11.0,11.0,0
2025,16,1160,852,9,14,9.0,10.0,0
2025,16,1160,859,215,14,18.0,20.0,0
2025,16,1160,839,210,14,15.0,15.0,0
2025,16,1160,842,214,14,20.0,19.0,0
2025,16,1160,861,214,14,17.0,18.0,0
2025,16,1160,840,117,14,16.0,17.0,0
2025,16,1160,4,117,14,8.0,9.0,0
2025,16,1160,807,15,14,12.0,12.0,0
2025,17,1161,830,9,73,1.0,1.0,1
2025,17,1161,847,131,73,5.0,5.0,1
2025,17,1161,832,3,73,2.0,2.0,1
2025,17,1161,863,131,73,4.0,4.0,0
2025,17,1161,859,215,73,3.0,3.0,0
2025,17,1161,852,9,73,6.0,6.0,0
2025,17,1161,846,1,73,7.0,7.0,0
2025,17,1161,1,6,73,12.0,12.0,0
2025,17,1161,844,6,73,10.0,10.0,0
2025,17,1161,865,215,73,8.0,8.0,0
2025,17,1161,864,15,73,13.0,13.0,0
2025,17,1161,860,210,73,15.0,15.0,0
2025,17,1161,848,3,73,19.0,19.0,0
2025,17,1161,839,210,73,20.0,20.0,0
2025,17,1161,4,117,73,11.0,11.0,0
2025,17,1161,807,15,73,17.0,17.0,0
2025,17,1161,840,117,73,14.0,14.0,0
2025,17,1161,842,214,73,18.0,18.0,0
2025,17,1161,861,214,73,16.0,16.0,0
2025,17,1161,857,1,73,9.0,9.0,0
2025,18,1162,847,131,15,1.0,1.0,1
2025,18,1162,830,9,15,2.0,2.0,1
2025,18,1162,846,1,15,5.0,5.0,1
2025,18,1162,857,1,15,3.0,3.0,0
2025,18,1162,863,131,15,4.0,4.0,0
2025,18,1162,844,6,15,7.0,7.0,0
2025,18,1162,4,117,15,10.0,10.0,0
2025,18,1162,1,6,15,6.0,6.0,0
2025,18,1162,860,210,15,9.0,9.0,0
2025,18,1162,832,3,15,18.0,13.0,0
2025,18,1162,865,215,15,8.0,8.0,0
2025,18,1162,852,9,15,13.0,13.0,0
2025,18,1162,840,117,15,15.0,15.0,0
2025,18,1162,848,3,15,20.0,12.0,0
2025,18,1162,859,215,15,12.0,12.0,0
2025,18,1162,861,214,15,16.0,16.0,0
2025,18,1162,864,15,15,14.0,14.0,0
2025,18,1162,839,210,15,17.0,17.0,0
2025,18,1162,842,214,15,19.0,18.0,0
2025,18,1162,807,15,15,11.0,11.0,0
2025,19,1163,830,9,69,1.0,1.0,1
2025,19,1163,846,1,69,2.0,2.0,1
2025,19,1163,844,6,69,3.0,3.0,1
2025,19,1163,1,6,69,5.0,5.0,0
2025,19,1163,857,1,69,6.0,6.0,0
2025,19,1163,847,131,69,4.0,4.0,0
2025,19,1163,852,9,69,13.0,13.0,0
2025,19,1163,807,15,69,11.0,11.0,0
2025,19,1163,860,210,69,8.0,8.0,0
2025,19,1163,4,117,69,10.0,10.0,0
2025,19,1163,859,215,69,12.0,12.0,0
2025,19,1163,840,117,69,19.0,18.0,0
2025,19,1163,863,131,69,7.0,7.0,0
2025,19,1163,848,3,69,18.0,19.0,0
2025,19,1163,839,210,69,17.0,17.0,0
2025,19,1163,865,215,69,20.0,20.0,0
2025,19,1163,861,214,69,15.0,15.0,0
2025,19,1163,864,15,69,16.0,16.0,0
2025,19,1163,842,214,69,14.0,14.0,0
2025,19,1163,832,3,69,9.0,9.0,0
2025,20,1164,846,1,32,1.0,1.0,1
2025,20,1164,844,6,32,2.0,2.0,1
2025,20,1164,830,9,32,5.0,5.0,1
2025,20,1164,860,210,32,9.0,10.0,0
2025,20,1164,857,1,32,7.0,8.0,0
2025,20,1164,863,131,32,6.0,6.0,0
2025,20,1164,847,131,32,4.0,4.0,0
2025,20,1164,1,6,32,3.0,3.0,0
2025,20,1164,839,210,32,11.0,12.0,0
2025,20,1164,864,15,32,16.0,16.0,0
2025,20,1164,852,9,32,10.0,11.0,0
2025,20,1164,848,3,32,17.0,17.0,0
2025,20,1164,865,215,32,8.0,9.0,0
2025,20,1164,840,117,32,19.0,19.0,0
2025,20,1164,842,214,32,18.0,18.0,0
2025,20,1164,861,214,32,20.0,20.0,0
2025,20,1164,832,3,32,12.0,7.0,0
2025,20,1164,4,117,32,14.0,14.0,0
2025,20,1164,807,15,32,13.0,13.0,0
2025,20,1164,859,215,32,15.0,15.0,0
2025,21,1165,846,1,18,1.0,1.0,1
2025,21,1165,863,131,18,2.0,2.0,1
2025,21,1165,830,9,18,19.0,16.0,1
2025,21,1165,847,131,18,6.0,6.0,0
2025,21,1165,857,1,18,4.0,4.0,0
2025,21,1165,860,210,18,8.0,8.0,0
2025,21,1165,859,215,18,7.0,7.0,0
2025,21,1165,865,215,18,5.0,5.0,0
2025,21,1165,807,15,18,10.0,10.0,0
2025,21,1165,842,214,18,9.0,9.0,0
2025,21,1165,848,3,18,12.0,12.0,0
2025,21,1165,839,210,18,20.0,17.0,0
2025,21,1165,832,3,18,15.0,15.0,0
2025,21,1165,4,117,18,11.0,11.0,0
2025,21,1165,861,214,18,16.0,18.0,0
2025,21,1165,840,117,18,14.0,14.0,0
2025,21,1165,852,9,18,17.0,19.0,0
2025,21,1165,1,6,18,13.0,13.0,0
2025,21,1165,844,6,18,3.0,3.0,0
2025,22,1166,830,9,80,2.0,2.0,1
2025,22,1166,847,131,80,4.0,4.0,1
2025,22,1166,863,131,80,17.0,17.0,1
2025,22,1166,844,6,80,9.0,9.0,0
2025,22,1166,832,3,80,3.0,3.0,0
2025,22,1166,865,215,80,8.0,8.0,0
2025,22,1166,807,15,80,11.0,11.0,0
2025,22,1166,1,6,80,19.0,20.0,0
2025,22,1166,839,210,80,13.0,13.0,0
2025,22,1166,860,210,80,14.0,14.0,0
2025,22,1166,4,117,80,7.0,7.0,0
2025,22,1166,852,9,80,20.0,19.0,0
2025,22,1166,842,214,80,10.0,10.0,0
2025,22,1166,859,215,80,6.0,6.0,0
2025,22,1166,861,214,80,15.0,15.0,0
2025,22,1166,848,3,80,16.0,16.0,0
2025,22,1166,864,15,80,18.0,18.0,0
2025,22,1166,840,117,80,12.0,12.0,0
2025,22,1166,846,1,80,1.0,1.0,0
2025,22,1166,857,1,80,5.0,5.0,0
2025,24,1168,830,9,24,1.0,1.0,1
2025,24,1168,857,1,24,3.0,3.0,1
2025,24,1168,846,1,24,2.0,2.0,1
2025,24,1168,844,6,24,5.0,5.0,0
2025,24,1168,847,131,24,4.0,4.0,0
2025,24,1168,4,117,24,6.0,6.0,0
2025,24,1168,839,210,24,8.0,8.0,0
2025,24,1168,1,6,24,16.0,16.0,0
2025,24,1168,807,15,24,18.0,18.0,0
2025,24,1168,840,117,24,15.0,15.0,0
2025,24,1168,864,15,24,7.0,7.0,0
2025,24,1168,860,210,24,11.0,11.0,0
2025,24,1168,832,3,24,12.0,12.0,0
2025,24,1168,852,9,24,10.0,10.0,0
2025,24,1168,863,131,24,14.0,14.0,0
2025,24,1168,848,3,24,17.0,17.0,0
2025,24,1168,865,215,24,9.0,9.0,0
2025,24,1168,859,215,24,13.0,13.0,0
2025,24,1168,842,214,24,19.0,19.0,0
2025,24,1168,861,214,24,20.0,20.0,0
2026,1,1169,847,131,1,1.0,1.0,1
2026,1,1169,863,131,1,2.0,2.0,1
2026,1,1169,844,6,1,4.0,4.0,1
2026,1,1169,1,6,1,7.0,7.0,0
2026,1,1169,846,1,1,6.0,6.0,0
2026,1,1169,860,210,1,12.0,12.0,0
2026,1,1169,866,215,1,9.0,9.0,0
2026,1,1169,864,217,1,10.0,10.0,0
2026,1,1169,842,214,1,14.0,14.0,0
2026,1,1169,839,210,1,13.0,13.0,0
2026,1,1169,848,3,1,15.0,15.0,0
2026,1,1169,859,215,1,8.0,8.0,0
2026,1,1169,861,214,1,16.0,16.0,0
2026,1,1169,815,216,1,18.0,18.0,0
2026,1,1169,4,117,1,17.0,17.0,0
2026,1,1169,822,216,1,19.0,19.0,0
2026,1,1169,865,9,1,3.0,3.0,0
2026,1,1169,857,1,1,5.0,5.0,0
2026,1,1169,807,217,1,11.0,11.0,0
2026,2,1170,863,131,17,1.0,1.0,1
2026,2,1170,847,131,17,2.0,2.0,1
2026,2,1170,1,6,17,3.0,3.0,1
2026,2,1170,844,6,17,4.0,4.0,0
2026,2,1170,860,210,17,10.0,10.0,0
2026,2,1170,842,214,17,7.0,7.0,0
2026,2,1170,859,215,17,14.0,14.0,0
2026,2,1170,865,9,17,9.0,9.0,0
2026,2,1170,832,3,17,17.0,17.0,0
2026,2,1170,861,214,17,12.0,12.0,0
2026,2,1170,807,217,17,11.0,11.0,0
2026,2,1170,866,215,17,15.0,15.0,0
2026,2,1170,822,216,17,19.0,20.0,0
2026,2,1170,839,210,17,13.0,13.0,0
2026,2,1170,815,216,17,21.0,22.0,0
2026,2,1170,830,9,17,8.0,8.0,0
2026,2,1170,4,117,17,18.0,19.0,0
2026,2,1170,840,117,17,20.0,21.0,0
2026,2,1170,857,1,17,5.0,5.0,0
2026,2,1170,846,1,17,6.0,6.0,0
2026,2,1170,864,217,17,16.0,16.0,0
2026,2,1170,848,3,17,22.0,18.0,0
2026,3,1171,863,131,22,1.0,1.0,1
2026,3,1171,857,1,22,3.0,3.0,1
2026,3,1171,844,6,22,4.0,4.0,1
2026,3,1171,847,131,22,2.0,2.0,0
2026,3,1171,846,1,22,5.0,5.0,0
2026,3,1171,1,6,22,6.0,6.0,0
2026,3,1171,842,214,22,7.0,7.0,0
2026,3,1171,830,9,22,11.0,11.0,0
2026,3,1171,859,215,22,14.0,14.0,0
2026,3,1171,839,210,22,12.0,12.0,0
2026,3,1171,807,217,22,13.0,13.0,0
2026,3,1171,865,9,22,8.0,8.0,0
2026,3,1171,864,217,22,9.0,9.0,0
2026,3,1171,866,215,22,10.0,10.0,0
2026,3,1171,832,3,22,16.0,16.0,0
2026,3,1171,861,214,22,15.0,15.0,0
2026,3,1171,815,216,22,19.0,19.0,0
2026,3,1171,4,117,22,21.0,21.0,0
2026,3,1171,822,216,22,20.0,20.0,0
2026,3,1171,848,3,22,17.0,17.0,0
2026,3,1171,840,117,22,22.0,22.0,0
2026,3,1171,860,210,22,18.0,18.0,0
2026,4,1172,863,131,79,1.0,1.0,1
2026,4,1172,846,1,79,4.0,4.0,1
2026,4,1172,857,1,79,7.0,7.0,1
2026,4,1172,847,131,79,5.0,5.0,0
2026,4,1172,830,9,79,2.0,2.0,0
2026,4,1172,1,6,79,6.0,6.0,0
2026,4,1172,861,214,79,8.0,8.0,0
2026,4,1172,844,6,79,3.0,3.0,0
2026,4,1172,832,3,79,13.0,13.0,0
2026,4,1172,848,3,79,15.0,15.0,0
2026,4,1172,860,210,79,12.0,12.0,0
2026,4,1172,864,217,79,21.0,21.0,0
2026,4,1172,839,210,79,14.0,14.0,0
2026,4,1172,866,215,79,16.0,16.0,0
2026,4,1172,4,117,79,17.0,17.0,0
2026,4,1172,815,216,79,20.0,20.0,0
2026,4,1172,840,117,79,18.0,18.0,0
2026,4,1172,822,216,79,19.0,19.0,0
2026,4,1172,807,217,79,10.0,10.0,0
2026,4,1172,859,215,79,11.0,11.0,0
2026,4,1172,842,214,79,9.0,9.0,0
2026,4,1172,865,9,79,22.0,22.0,0
2026,5,1173,863,131,7,2.0,2.0,1
2026,5,1173,1,6,7,5.0,5.0,1
2026,5,1173,830,9,7,6.0,6.0,1
2026,5,1173,844,6,7,8.0,8.0,0
2026,5,1173,865,9,7,7.0,7.0,0
2026,5,1173,861,214,7,10.0,10.0,0
2026,5,1173,859,215,7,12.0,12.0,0
2026,5,1173,842,214,7,14.0,14.0,0
2026,5,1173,832,3,7,15.0,15.0,0
2026,5,1173,860,210,7,16.0,16.0,0
2026,5,1173,857,1,7,4.0,4.0,0
2026,5,1173,807,217,7,11.0,11.0,0
2026,5,1173,864,217,7,13.0,13.0,0
2026,5,1173,839,210,7,17.0,17.0,0
2026,5,1173,840,117,7,22.0,21.0,0
2026,5,1173,822,216,7,21.0,22.0,0
2026,5,1173,815,216,7,20.0,20.0,0
2026,5,1173,846,1,7,3.0,3.0,0
2026,5,1173,847,131,7,1.0,1.0,0
2026,5,1173,4,117,7,19.0,19.0,0
2026,5,1173,848,3,7,18.0,18.0,0
2026,5,1173,866,215,7,9.0,9.0,0
2026,6,1174,863,131,6,1.0,1.0,1
2026,6,1174,1,6,6,3.0,3.0,1
2026,6,1174,842,214,6,9.0,9.0,1
2026,6,1174,865,9,6,5.0,5.0,0
2026,6,1174,857,1,6,7.0,7.0,0
2026,6,1174,859,215,6,10.0,10.0,0
2026,6,1174,866,215,6,15.0,15.0,0
2026,6,1174,848,3,6,11.0,11.0,0
2026,6,1174,839,210,6,17.0,17.0,0
2026,6,1174,4,117,6,21.0,21.0,0
2026,6,1174,864,217,6,16.0,16.0,0
2026,6,1174,847,131,6,6.0,6.0,0
2026,6,1174,807,217,6,13.0,13.0,0
2026,6,1174,861,214,6,14.0,14.0,0
2026,6,1174,815,216,6,18.0,18.0,0
2026,6,1174,832,3,6,12.0,12.0,0
2026,6,1174,844,6,6,4.0,4.0,0
2026,6,1174,840,117,6,22.0,22.0,0
2026,6,1174,846,1,6,8.0,8.0,0
2026,6,1174,860,210,6,19.0,19.0,0
2026,6,1174,822,216,6,20.0,20.0,0
2026,6,1174,830,9,6,2.0,2.0,0
2026,7,1175,1,6,4,2.0,2.0,1
2026,7,1175,847,131,4,1.0,1.0,1
2026,7,1175,846,1,4,4.0,4.0,1
2026,7,1175,830,9,4,5.0,5.0,0
2026,7,1175,857,1,4,7.0,7.0,0
2026,7,1175,865,9,4,6.0,6.0,0
2026,7,1175,842,214,4,14.0,14.0,0
2026,7,1175,859,215,4,8.0,8.0,0
2026,7,1175,866,215,4,11.0,11.0,0
2026,7,1175,861,214,4,13.0,13.0,0
2026,7,1175,864,217,4,12.0,12.0,0
2026,7,1175,832,3,4,16.0,16.0,0
2026,7,1175,839,210,4,17.0,17.0,0
2026,7,1175,815,216,4,19.0,19.0,0
2026,7,1175,844,6,4,10.0,10.0,0
2026,7,1175,863,131,4,3.0,3.0,0
2026,7,1175,860,210,4,15.0,15.0,0
2026,7,1175,848,3,4,18.0,18.0,0
2026,7,1175,4,117,4,22.0,22.0,0
2026,7,1175,807,217,4,9.0,9.0,0
2026,7,1175,822,216,4,20.0,20.0,0
2026,7,1175,840,117,4,21.0,21.0,0
2026,8,1176,847,131,70,1.0,1.0,1
2026,8,1176,830,9,70,5.0,5.0,1
2026,8,1176,863,131,70,4.0,4.0,1
2026,8,1176,857,1,70,7.0,7.0,0
2026,8,1176,1,6,70,3.0,3.0,0
2026,8,1176,865,9,70,8.0,8.0,0
2026,8,1176,846,1,70,6.0,6.0,0
2026,8,1176,844,6,70,2.0,2.0,0
2026,8,1176,859,215,70,9.0,9.0,0
2026,8,1176,866,215,70,10.0,10.0,0
2026,8,1176,864,217,70,12.0,12.0,0
2026,8,1176,807,217,70,14.0,14.0,0
2026,8,1176,842,214,70,11.0,11.0,0
2026,8,1176,860,210,70,13.0,13.0,0
2026,8,1176,861,214,70,16.0,16.0,0
2026,8,1176,839,210,70,15.0,15.0,0
2026,8,1176,848,3,70,18.0,18.0,0
2026,8,1176,4,117,70,21.0,21.0,0
2026,8,1176,840,117,70,22.0,22.0,0
2026,8,1176,832,3,70,17.0,17.0,0
2026,8,1176,815,216,70,19.0,19.0,0
2026,8,1176,822,216,70,20.0,20.0,0
2026,9,1177,844,6,9,2.0,2.0,1
2026,9,1177,847,131,9,4.0,4.0,1
2026,9,1177,1,6,9,3.0,3.0,1
2026,9,1177,846,1,9,6.0,6.0,0
2026,9,1177,865,9,9,5.0,5.0,0
2026,9,1177,859,215,9,10.0,10.0,0
2026,9,1177,866,215,9,9.0,9.0,0
2026,9,1177,864,217,9,11.0,11.0,0
2026,9,1177,861,214,9,19.0,19.0,0
2026,9,1177,842,214,9,15.0,12.0,0
2026,9,1177,857,1,9,8.0,8.0,0
2026,9,1177,860,210,9,13.0,14.0,0
2026,9,1177,839,210,9,17.0,17.0,0
2026,9,1177,815,216,9,20.0,20.0,0
2026,9,1177,863,131,9,1.0,1.0,0
2026,9,1177,822,216,9,18.0,18.0,0
2026,9,1177,832,3,9,14.0,15.0,0
2026,9,1177,4,117,9,21.0,22.0,0
2026,9,1177,840,117,9,22.0,21.0,0
2026,9,1177,830,9,9,7.0,7.0,0
2026,9,1177,848,3,9,16.0,16.0,0
2026,9,1177,807,217,9,12.0,13.0,0
2026,10,1178,863,131,13,1.0,1.0,1
2026,10,1178,844,6,13,4.0,5.0,1
2026,10,1178,830,9,13,2.0,2.0,1
2026,10,1178,1,6,13,5.0,6.0,0
2026,10,1178,857,1,13,6.0,7.0,0
2026,10,1178,865,9,13,21.0,10.0,0
2026,10,1178,846,1,13,13.0,3.0,0
2026,10,1178,864,217,13,8.0,9.0,0
2026,10,1178,866,215,13,7.0,8.0,0
2026,10,1178,861,214,13,11.0,13.0,0
2026,10,1178,842,214,13,10.0,12.0,0
2026,10,1178,859,215,13,9.0,11.0,0
2026,10,1178,807,217,13,12.0,14.0,0
2026,10,1178,860,210,13,14.0,16.0,0
2026,10,1178,848,3,13,15.0,17.0,0
2026,10,1178,832,3,13,19.0,15.0,0
2026,10,1178,839,210,13,16.0,18.0,0
2026,10,1178,822,216,13,17.0,19.0,0
2026,10,1178,4,117,13,22.0,21.0,0
2026,10,1178,840,117,13,20.0,22.0,0
2026,10,1178,815,216,13,18.0,20.0,0
2026,10,1178,847,131,13,3.0,4.0,0
2026,11,1179,846,1,11,1.0,1.0,1
2026,11,1179,830,9,11,4.0,6.0,1
2026,11,1179,863,131,11,7.0,4.0,1
2026,11,1179,844,6,11,2.0,3.0,0
2026,11,1179,1,6,11,5.0,2.0,0
2026,11,1179,865,9,11,8.0,8.0,0
2026,11,1179,847,131,11,6.0,7.0,0
2026,11,1179,859,215,11,11.0,11.0,0
2026,11,1179,807,217,11,10.0,10.0,0
2026,11,1179,866,215,11,9.0,9.0,0
2026,11,1179,864,217,11,14.0,14.0,0
2026,11,1179,842,214,11,12.0,12.0,0
2026,11,1179,840,117,11,20.0,20.0,0
2026,11,1179,4,117,11,16.0,16.0,0
2026,11,1179,861,214,11,13.0,13.0,0
2026,11,1179,839,210,11,15.0,15.0,0
2026,11,1179,848,3,11,19.0,19.0,0
2026,11,1179,832,3,11,18.0,18.0,0
2026,11,1179,860,210,11,17.0,17.0,0
2026,11,1179,857,1,11,3.0,5.0,0
2026,11,1179,815,216,11,22.0,22.0,0
2026,11,1179,822,216,11,21.0,21.0,0
