year,round,driverId,constructorId,circuitId,laps,points,positionOrder,podium,race_performance,finishing_efficiency,strategy_success
2010,1,4,6,3,49,25.0,1,1,0.5102040816326531,1.0,1
2010,1,13,6,3,49,18.0,2,1,0.3673469387755102,0.5,1
2010,1,1,1,3,49,15.0,3,1,0.30612244897959184,0.3333333333333333,1
2010,1,20,9,3,49,12.0,4,0,0.24489795918367346,0.25,0
2010,1,3,131,3,49,10.0,5,0,0.20408163265306123,0.2,0
2010,1,30,131,3,49,8.0,6,0,0.16326530612244897,0.16666666666666666,0
2010,1,18,1,3,49,6.0,7,0,0.12244897959183673,0.14285714285714285,0
2010,1,17,9,3,49,4.0,8,0,0.08163265306122448,0.125,0
2010,1,24,10,3,49,2.0,9,0,0.04081632653061224,0.1111111111111111,0
2010,1,22,3,3,49,1.0,10,0,0.02040816326530612,0.1,0
2010,1,9,4,3,49,0.0,11,0,0.0,0.09090909090909091,0
2010,1,16,10,3,49,0.0,12,0,0.0,0.08333333333333333,0
2010,1,153,5,3,49,0.0,13,0,0.0,0.07692307692307693,0
2010,1,807,3,3,48,0.0,14,0,0.0,0.07142857142857142,0
2010,1,5,205,3,47,0.0,15,0,0.0,0.06666666666666667,0
2010,1,67,5,3,46,0.0,16,0,0.0,0.0625,0
2010,1,15,205,3,46,0.0,17,0,0.0,0.058823529411764705,0
2010,1,37,15,3,28,0.0,18,0,0.0,0.05555555555555555,0
2010,1,811,164,3,17,0.0,19,0,0.0,0.05263157894736842,0
2010,1,10,166,3,16,0.0,20,0,0.0,0.05,0
2010,1,808,4,3,13,0.0,21,0,0.0,0.047619047619047616,0
2010,1,155,15,3,11,0.0,22,0,0.0,0.045454545454545456,0
2010,1,810,166,3,2,0.0,23,0,0.0,0.043478260869565216,0
2010,1,812,164,3,1,0.0,24,0,0.0,0.041666666666666664,0
2010,2,18,1,1,58,25.0,1,1,0.43103448275862066,1.0,1
2010,2,9,4,1,58,18.0,2,1,0.3103448275862069,0.5,1
2010,2,13,6,1,58,15.0,3,1,0.25862068965517243,0.3333333333333333,1
2010,2,4,6,1,58,12.0,4,0,0.20689655172413793,0.25,0
2010,2,3,131,1,58,10.0,5,0,0.1724137931034483,0.2,0
2010,2,1,1,1,58,8.0,6,0,0.13793103448275862,0.16666666666666666,0
2010,2,24,10,1,58,6.0,7,0,0.10344827586206896,0.14285714285714285,0
2010,2,22,3,1,58,4.0,8,0,0.06896551724137931,0.125,0
2010,2,17,9,1,58,2.0,9,0,0.034482758620689655,0.1111111111111111,0
2010,2,30,131,1,58,1.0,10,0,0.017241379310344827,0.1,0
2010,2,153,5,1,58,0.0,11,0,0.0,0.09090909090909091,0
2010,2,37,15,1,58,0.0,12,0,0.0,0.08333333333333333,0
2010,2,5,205,1,56,0.0,13,0,0.0,0.07692307692307693,0
2010,2,812,164,1,53,0.0,14,0,0.0,0.07142857142857142,0
2010,2,10,166,1,41,0.0,15,0,0.0,0.06666666666666667,0
2010,2,810,166,1,26,0.0,16,0,0.0,0.0625,0
2010,2,20,9,1,25,0.0,17,0,0.0,0.058823529411764705,0
2010,2,16,10,1,9,0.0,18,0,0.0,0.05555555555555555,0
2010,2,808,4,1,9,0.0,19,0,0.0,0.05263157894736842,0
2010,2,811,164,1,4,0.0,20,0,0.0,0.05,0
2010,2,67,5,1,0,0.0,21,0,,0.047619047619047616,0
2010,2,807,3,1,0,0.0,22,0,,0.045454545454545456,0
2010,2,155,15,1,0,0.0,23,0,,0.043478260869565216,0
2010,2,15,205,1,0,0.0,24,0,,0.041666666666666664,0
2010,3,20,9,2,56,25.0,1,1,0.44642857142857145,1.0,1
2010,3,17,9,2,56,18.0,2,1,0.32142857142857145,0.5,1
2010,3,3,131,2,56,15.0,3,1,0.26785714285714285,0.3333333333333333,1
2010,3,9,4,2,56,12.0,4,0,0.21428571428571427,0.25,0
2010,3,16,10,2,56,10.0,5,0,0.17857142857142858,0.2,0
2010,3,1,1,2,56,8.0,6,0,0.14285714285714285,0.16666666666666666,0
2010,3,13,6,2,56,6.0,7,0,0.10714285714285714,0.14285714285714285,0
2010,3,18,1,2,56,4.0,8,0,0.07142857142857142,0.125,0
2010,3,153,5,2,56,2.0,9,0,0.03571428571428571,0.1111111111111111,0
2010,3,807,3,2,56,1.0,10,0,0.017857142857142856,0.1,0
2010,3,67,5,2,56,0.0,11,0,0.0,0.09090909090909091,0
2010,3,22,3,2,55,0.0,12,0,0.0,0.08333333333333333,0
2010,3,4,6,2,54,0.0,13,0,0.0,0.07692307692307693,0
2010,3,810,166,2,53,0.0,14,0,0.0,0.07142857142857142,0
2010,3,812,164,2,53,0.0,15,0,0.0,0.06666666666666667,0
2010,3,811,164,2,52,0.0,16,0,0.0,0.0625,0
2010,3,15,205,2,51,0.0,17,0,0.0,0.058823529411764705,0
2010,3,5,205,2,46,0.0,18,0,0.0,0.05555555555555555,0
2010,3,808,4,2,32,0.0,19,0,0.0,0.05263157894736842,0
2010,3,24,10,2,12,0.0,20,0,0.0,0.05,0
2010,3,30,131,2,9,0.0,21,0,0.0,0.047619047619047616,0
2010,3,155,15,2,8,0.0,22,0,0.0,0.045454545454545456,0
2010,3,10,166,2,2,0.0,23,0,0.0,0.043478260869565216,0
2010,3,37,15,2,0,0.0,24,0,,0.041666666666666664,0
2010,4,18,1,17,56,25.0,1,1,0.44642857142857145,1.0,1
2010,4,1,1,17,56,18.0,2,1,0.32142857142857145,0.5,1
2010,4,3,131,17,56,15.0,3,1,0.26785714285714285,0.3333333333333333,1
2010,4,4,6,17,56,12.0,4,0,0.21428571428571427,0.25,0
2010,4,9,4,17,56,10.0,5,0,0.17857142857142858,0.2,0
2010,4,20,9,17,56,8.0,6,0,0.14285714285714285,0.16666666666666666,0
2010,4,808,4,17,56,6.0,7,0,0.10714285714285714,0.14285714285714285,0
2010,4,17,9,17,56,4.0,8,0,0.07142857142857142,0.125,0
2010,4,13,6,17,56,2.0,9,0,0.03571428571428571,0.1111111111111111,0
2010,4,30,131,17,56,1.0,10,0,0.017857142857142856,0.1,0
2010,4,16,10,17,56,0.0,11,0,0.0,0.09090909090909091,0
2010,4,22,3,17,56,0.0,12,0,0.0,0.08333333333333333,0
2010,4,153,5,17,56,0.0,13,0,0.0,0.07692307692307693,0
2010,4,5,205,17,55,0.0,14,0,0.0,0.07142857142857142,0
2010,4,807,3,17,55,0.0,15,0,0.0,0.06666666666666667,0
2010,4,811,164,17,54,0.0,16,0,0.0,0.0625,0
2010,4,812,164,17,52,0.0,17,0,0.0,0.058823529411764705,0
2010,4,15,205,17,26,0.0,18,0,0.0,0.05555555555555555,0
2010,4,810,166,17,8,0.0,19,0,0.0,0.05263157894736842,0
2010,4,37,15,17,7,0.0,20,0,0.0,0.05,0
2010,4,67,5,17,0,0.0,21,0,,0.047619047619047616,0
2010,4,155,15,17,0,0.0,22,0,,0.045454545454545456,0
2010,4,24,10,17,0,0.0,23,0,,0.043478260869565216,0
2010,4,10,166,17,0,0.0,24,0,,0.041666666666666664,0
2010,5,17,9,4,66,25.0,1,1,0.3787878787878788,1.0,1
2010,5,4,6,4,66,18.0,2,1,0.2727272727272727,0.5,1
2010,5,20,9,4,66,15.0,3,1,0.22727272727272727,0.3333333333333333,1
2010,5,30,131,4,66,12.0,4,0,0.18181818181818182,0.25,0
2010,5,18,1,4,66,10.0,5,0,0.15151515151515152,0.2,0
2010,5,13,6,4,66,8.0,6,0,0.12121212121212122,0.16666666666666666,0
2010,5,16,10,4,66,6.0,7,0,0.09090909090909091,0.14285714285714285,0
2010,5,9,4,4,66,4.0,8,0,0.06060606060606061,0.125,0
2010,5,22,3,4,65,2.0,9,0,0.03076923076923077,0.1111111111111111,0
2010,5,153,5,4,65,1.0,10,0,0.015384615384615385,0.1,0
2010,5,808,4,4,65,0.0,11,0,0.0,0.09090909090909091,0
2010,5,155,15,4,65,0.0,12,0,0.0,0.08333333333333333,0
2010,5,3,131,4,65,0.0,13,0,0.0,0.07692307692307693,0
2010,5,1,1,4,64,0.0,14,0,0.0,0.07142857142857142,0
2010,5,24,10,4,64,0.0,15,0,0.0,0.06666666666666667,0
2010,5,807,3,4,64,0.0,16,0,0.0,0.0625,0
2010,5,15,205,4,63,0.0,17,0,0.0,0.058823529411764705,0
2010,5,10,166,4,63,0.0,18,0,0.0,0.05555555555555555,0
2010,5,810,166,4,62,0.0,19,0,0.0,0.05263157894736842,0
2010,5,67,5,4,42,0.0,20,0,0.0,0.05,0
2010,5,812,164,4,27,0.0,21,0,0.0,0.047619047619047616,0
2010,5,37,15,4,18,0.0,22,0,0.0,0.045454545454545456,0
2010,5,811,164,4,0,0.0,23,0,,0.043478260869565216,0
2010,5,5,205,4,0,0.0,24,0,,0.041666666666666664,0
2010,6,17,9,6,78,25.0,1,1,0.32051282051282054,1.0,1
2010,6,20,9,6,78,18.0,2,1,0.23076923076923078,0.5,1
2010,6,9,4,6,78,15.0,3,1,0.19230769230769232,0.3333333333333333,1
2010,6,13,6,6,78,12.0,4,0,0.15384615384615385,0.25,0
2010,6,1,1,6,78,10.0,5,0,0.1282051282051282,0.2,0
2010,6,4,6,6,78,8.0,6,0,0.10256410256410256,0.16666666666666666,0
2010,6,3,131,6,78,6.0,7,0,0.07692307692307693,0.14285714285714285,0
2010,6,16,10,6,78,4.0,8,0,0.05128205128205128,0.125,0
2010,6,24,10,6,78,2.0,9,0,0.02564102564102564,0.1111111111111111,0
2010,6,67,5,6,78,1.0,10,0,0.01282051282051282,0.1,0
2010,6,153,5,6,78,0.0,11,0,0.0,0.09090909090909091,0
2010,6,30,131,6,78,0.0,12,0,0.0,0.08333333333333333,0
2010,6,808,4,6,73,0.0,13,0,0.0,0.07692307692307693,0
2010,6,812,164,6,70,0.0,14,0,0.0,0.07142857142857142,0
2010,6,15,205,6,70,0.0,15,0,0.0,0.06666666666666667,0
2010,6,5,205,6,58,0.0,16,0,0.0,0.0625,0
2010,6,811,164,6,58,0.0,17,0,0.0,0.058823529411764705,0
2010,6,22,3,6,30,0.0,18,0,0.0,0.05555555555555555,0
2010,6,155,15,6,26,0.0,19,0,0.0,0.05263157894736842,0
2010,6,810,166,6,25,0.0,20,0,0.0,0.05,0
2010,6,10,166,6,22,0.0,21,0,0.0,0.047619047619047616,0
2010,6,37,15,6,21,0.0,22,0,0.0,0.045454545454545456,0
2010,6,18,1,6,2,0.0,23,0,0.0,0.043478260869565216,0
2010,6,807,3,6,0,0.0,24,0,,0.041666666666666664,0
2010,7,1,1,5,58,25.0,1,1,0.43103448275862066,1.0,1
2010,7,18,1,5,58,18.0,2,1,0.3103448275862069,0.5,1
2010,7,17,9,5,58,15.0,3,1,0.25862068965517243,0.3333333333333333,1
2010,7,30,131,5,58,12.0,4,0,0.20689655172413793,0.25,0
2010,7,3,131,5,58,10.0,5,0,0.1724137931034483,0.2,0
2010,7,9,4,5,58,8.0,6,0,0.13793103448275862,0.16666666666666666,0
2010,7,13,6,5,58,6.0,7,0,0.10344827586206896,0.14285714285714285,0
2010,7,4,6,5,58,4.0,8,0,0.06896551724137931,0.125,0
2010,7,16,10,5,58,2.0,9,0,0.034482758620689655,0.1111111111111111,0
2010,7,155,15,5,58,1.0,10,0,0.017241379310344827,0.1,0
2010,7,37,15,5,58,0.0,11,0,0.0,0.09090909090909091,0
2010,7,153,5,5,58,0.0,12,0,0.0,0.08333333333333333,0
2010,7,24,10,5,57,0.0,13,0,0.0,0.07692307692307693,0
2010,7,22,3,5,57,0.0,14,0,0.0,0.07142857142857142,0
2010,7,808,4,5,57,0.0,15,0,0.0,0.06666666666666667,0
2010,7,67,5,5,57,0.0,16,0,0.0,0.0625,0
2010,7,807,3,5,57,0.0,17,0,0.0,0.058823529411764705,0
2010,7,10,166,5,55,0.0,18,0,0.0,0.05555555555555555,0
2010,7,810,166,5,55,0.0,19,0,0.0,0.05263157894736842,0
2010,7,812,164,5,52,0.0,20,0,0.0,0.05,0
2010,7,811,164,5,46,0.0,21,0,0.0,0.047619047619047616,0
2010,7,20,9,5,39,0.0,22,0,0.0,0.045454545454545456,0
2010,7,5,205,5,33,0.0,23,0,0.0,0.043478260869565216,0
2010,7,15,205,5,32,0.0,24,0,0.0,0.041666666666666664,0
2010,8,1,1,7,70,25.0,1,1,0.35714285714285715,1.0,1
2010,8,18,1,7,70,18.0,2,1,0.2571428571428571,0.5,1
2010,8,4,6,7,70,15.0,3,1,0.21428571428571427,0.3333333333333333,1
2010,8,20,9,7,70,12.0,4,0,0.17142857142857143,0.25,0
2010,8,17,9,7,70,10.0,5,0,0.14285714285714285,0.2,0
2010,8,3,131,7,70,8.0,6,0,0.11428571428571428,0.16666666666666666,0
2010,8,9,4,7,70,6.0,7,0,0.08571428571428572,0.14285714285714285,0
2010,8,67,5,7,69,4.0,8,0,0.057971014492753624,0.125,0
2010,8,24,10,7,69,2.0,9,0,0.028985507246376812,0.1111111111111111,0
2010,8,16,10,7,69,1.0,10,0,0.014492753623188406,0.1,0
2010,8,30,131,7,69,0.0,11,0,0.0,0.09090909090909091,0
2010,8,153,5,7,69,0.0,12,0,0.0,0.08333333333333333,0
2010,8,807,3,7,69,0.0,13,0,0.0,0.07692307692307693,0
2010,8,22,3,7,69,0.0,14,0,0.0,0.07142857142857142,0
2010,8,13,6,7,69,0.0,15,0,0.0,0.06666666666666667,0
2010,8,5,205,7,68,0.0,16,0,0.0,0.0625,0
2010,8,808,4,7,68,0.0,17,0,0.0,0.058823529411764705,0
2010,8,812,164,7,66,0.0,18,0,0.0,0.05555555555555555,0
2010,8,810,166,7,65,0.0,19,0,0.0,0.05263157894736842,0
2010,8,10,166,7,55,0.0,20,0,0.0,0.05,0
2010,8,15,205,7,47,0.0,21,0,0.0,0.047619047619047616,0
2010,8,37,15,7,31,0.0,22,0,0.0,0.045454545454545456,0
2010,8,811,164,7,14,0.0,23,0,0.0,0.043478260869565216,0
2010,8,155,15,7,1,0.0,24,0,0.0,0.041666666666666664,0
2010,9,20,9,12,57,25.0,1,1,0.43859649122807015,1.0,1
2010,9,1,1,12,57,18.0,2,1,0.3157894736842105,0.5,1
2010,9,18,1,12,57,15.0,3,1,0.2631578947368421,0.3333333333333333,1
2010,9,22,3,12,57,12.0,4,0,0.21052631578947367,0.25,0
2010,9,9,4,12,57,10.0,5,0,0.17543859649122806,0.2,0
2010,9,16,10,12,57,8.0,6,0,0.14035087719298245,0.16666666666666666,0
2010,9,155,15,12,57,6.0,7,0,0.10526315789473684,0.14285714285714285,0
2010,9,4,6,12,57,4.0,8,0,0.07017543859649122,0.125,0
2010,9,67,5,12,57,2.0,9,0,0.03508771929824561,0.1111111111111111,0
2010,9,3,131,12,57,1.0,10,0,0.017543859649122806,0.1,0
2010,9,13,6,12,57,0.0,11,0,0.0,0.09090909090909091,0
2010,9,37,15,12,57,0.0,12,0,0.0,0.08333333333333333,0
2010,9,153,5,12,57,0.0,13,0,0.0,0.07692307692307693,0
2010,9,808,4,12,57,0.0,14,0,0.0,0.07142857142857142,0
2010,9,30,131,12,57,0.0,15,0,0.0,0.06666666666666667,0
2010,9,24,10,12,57,0.0,16,0,0.0,0.0625,0
2010,9,810,166,12,56,0.0,17,0,0.0,0.058823529411764705,0
2010,9,812,164,12,55,0.0,18,0,0.0,0.05555555555555555,0
2010,9,10,166,12,55,0.0,19,0,0.0,0.05263157894736842,0
2010,9,811,164,12,55,0.0,20,0,0.0,0.05,0
2010,9,15,205,12,53,0.0,21,0,0.0,0.047619047619047616,0
2010,9,807,3,12,49,0.0,22,0,0.0,0.045454545454545456,0
2010,9,5,205,12,8,0.0,23,0,0.0,0.043478260869565216,0
2010,9,17,9,12,8,0.0,24,0,0.0,0.041666666666666664,0
2010,10,17,9,9,52,25.0,1,1,0.4807692307692308,1.0,1
2010,10,1,1,9,52,18.0,2,1,0.34615384615384615,0.5,1
2010,10,3,131,9,52,15.0,3,1,0.28846153846153844,0.3333333333333333,1
2010,10,18,1,9,52,12.0,4,0,0.23076923076923078,0.25,0
2010,10,22,3,9,52,10.0,5,0,0.19230769230769232,0.2,0
2010,10,155,15,9,52,8.0,6,0,0.15384615384615385,0.16666666666666666,0
2010,10,20,9,9,52,6.0,7,0,0.11538461538461539,0.14285714285714285,0
2010,10,16,10,9,52,4.0,8,0,0.07692307692307693,0.125,0
2010,10,30,131,9,52,2.0,9,0,0.038461538461538464,0.1111111111111111,0
2010,10,807,3,9,52,1.0,10,0,0.019230769230769232,0.1,0
2010,10,24,10,9,52,0.0,11,0,0.0,0.09090909090909091,0
2010,10,67,5,9,52,0.0,12,0,0.0,0.08333333333333333,0
2010,10,808,4,9,52,0.0,13,0,0.0,0.07692307692307693,0
2010,10,4,6,9,52,0.0,14,0,0.0,0.07142857142857142,0
2010,10,13,6,9,52,0.0,15,0,0.0,0.06666666666666667,0
2010,10,15,205,9,51,0.0,16,0,0.0,0.0625,0
2010,10,5,205,9,51,0.0,17,0,0.0,0.058823529411764705,0
2010,10,10,166,9,50,0.0,18,0,0.0,0.05555555555555555,0
2010,10,812,164,9,50,0.0,19,0,0.0,0.05263157894736842,0
2010,10,29,164,9,50,0.0,20,0,0.0,0.05,0
2010,10,153,5,9,44,0.0,21,0,0.0,0.047619047619047616,0
2010,10,37,15,9,29,0.0,22,0,0.0,0.045454545454545456,0
2010,10,9,4,9,19,0.0,23,0,0.0,0.043478260869565216,0
2010,10,810,166,9,9,0.0,24,0,0.0,0.041666666666666664,0
2010,11,4,6,10,67,25.0,1,1,0.373134328358209,1.0,1
2010,11,13,6,10,67,18.0,2,1,0.26865671641791045,0.5,1
2010,11,20,9,10,67,15.0,3,1,0.22388059701492538,0.3333333333333333,1
2010,11,1,1,10,67,12.0,4,0,0.1791044776119403,0.25,0
2010,11,18,1,10,67,10.0,5,0,0.14925373134328357,0.2,0
2010,11,17,9,10,67,8.0,6,0,0.11940298507462686,0.16666666666666666,0
2010,11,9,4,10,66,6.0,7,0,0.09090909090909091,0.14285714285714285,0
2010,11,3,131,10,66,4.0,8,0,0.06060606060606061,0.125,0
2010,11,30,131,10,66,2.0,9,0,0.030303030303030304,0.1111111111111111,0
2010,11,808,4,10,66,1.0,10,0,0.015151515151515152,0.1,0
2010,11,155,15,10,66,0.0,11,0,0.0,0.09090909090909091,0
2010,11,22,3,10,66,0.0,12,0,0.0,0.08333333333333333,0
2010,11,807,3,10,66,0.0,13,0,0.0,0.07692307692307693,0
2010,11,37,15,10,66,0.0,14,0,0.0,0.07142857142857142,0
2010,11,153,5,10,66,0.0,15,0,0.0,0.06666666666666667,0
2010,11,24,10,10,65,0.0,16,0,0.0,0.0625,0
2010,11,16,10,10,65,0.0,17,0,0.0,0.058823529411764705,0
2010,11,10,166,10,64,0.0,18,0,0.0,0.05555555555555555,0
2010,11,811,164,10,63,0.0,19,0,0.0,0.05263157894736842,0
2010,11,5,205,10,56,0.0,20,0,0.0,0.05,0
2010,11,810,166,10,50,0.0,21,0,0.0,0.047619047619047616,0
2010,11,29,164,10,19,0.0,22,0,0.0,0.045454545454545456,0
2010,11,15,205,10,3,0.0,23,0,0.0,0.043478260869565216,0
2010,11,67,5,10,1,0.0,24,0,0.0,0.041666666666666664,0
2010,12,17,9,11,70,25.0,1,1,0.35714285714285715,1.0,1
2010,12,4,6,11,70,18.0,2,1,0.2571428571428571,0.5,1
2010,12,20,9,11,70,15.0,3,1,0.21428571428571427,0.3333333333333333,1
2010,12,13,6,11,70,12.0,4,0,0.17142857142857143,0.25,0
2010,12,808,4,11,70,10.0,5,0,0.14285714285714285,0.2,0
2010,12,807,3,11,70,8.0,6,0,0.11428571428571428,0.16666666666666666,0
2010,12,37,15,11,69,6.0,7,0,0.08695652173913043,0.14285714285714285,0
2010,12,18,1,11,69,4.0,8,0,0.057971014492753624,0.125,0
2010,12,155,15,11,69,2.0,9,0,0.028985507246376812,0.1111111111111111,0
2010,12,22,3,11,69,1.0,10,0,0.014492753623188406,0.1,0
2010,12,30,131,11,69,0.0,11,0,0.0,0.09090909090909091,0
2010,12,67,5,11,69,0.0,12,0,0.0,0.08333333333333333,0
2010,12,24,10,11,69,0.0,13,0,0.0,0.07692307692307693,0
2010,12,5,205,11,67,0.0,14,0,0.0,0.07142857142857142,0
2010,12,15,205,11,67,0.0,15,0,0.0,0.06666666666666667,0
2010,12,10,166,11,67,0.0,16,0,0.0,0.0625,0
2010,12,811,164,11,67,0.0,17,0,0.0,0.058823529411764705,0
2010,12,810,166,11,66,0.0,18,0,0.0,0.05555555555555555,0
2010,12,29,164,11,66,0.0,19,0,0.0,0.05263157894736842,0
2010,12,1,1,11,23,0.0,20,0,0.0,0.05,0
2010,12,9,4,11,23,0.0,21,0,0.0,0.047619047619047616,0
2010,12,3,131,11,15,0.0,22,0,0.0,0.045454545454545456,0
2010,12,16,10,11,15,0.0,23,0,0.0,0.043478260869565216,0
2010,12,153,5,11,1,0.0,24,0,0.0,0.041666666666666664,0
2010,13,1,1,13,44,25.0,1,1,0.5681818181818182,1.0,1
2010,13,17,9,13,44,18.0,2,1,0.4090909090909091,0.5,1
2010,13,9,4,13,44,15.0,3,1,0.3409090909090909,0.3333333333333333,1
2010,13,13,6,13,44,12.0,4,0,0.2727272727272727,0.25,0
2010,13,16,10,13,44,10.0,5,0,0.22727272727272727,0.2,0
2010,13,3,131,13,44,8.0,6,0,0.18181818181818182,0.16666666666666666,0
2010,13,30,131,13,44,6.0,7,0,0.13636363636363635,0.14285714285714285,0
2010,13,155,15,13,44,4.0,8,0,0.09090909090909091,0.125,0
2010,13,808,4,13,44,2.0,9,0,0.045454545454545456,0.1111111111111111,0
2010,13,24,10,13,44,1.0,10,0,0.022727272727272728,0.1,0
2010,13,37,15,13,44,0.0,11,0,0.0,0.09090909090909091,0
2010,13,67,5,13,44,0.0,12,0,0.0,0.08333333333333333,0
2010,13,153,5,13,44,0.0,13,0,0.0,0.07692307692307693,0
2010,13,807,3,13,43,0.0,14,0,0.0,0.07142857142857142,0
2010,13,20,9,13,43,0.0,15,0,0.0,0.06666666666666667,0
2010,13,5,205,13,43,0.0,16,0,0.0,0.0625,0
2010,13,810,166,13,43,0.0,17,0,0.0,0.058823529411764705,0
2010,13,10,166,13,43,0.0,18,0,0.0,0.05555555555555555,0
2010,13,15,205,13,43,0.0,19,0,0.0,0.05263157894736842,0
2010,13,29,164,13,42,0.0,20,0,0.0,0.05,0
2010,13,4,6,13,37,0.0,21,0,0.0,0.047619047619047616,0
2010,13,18,1,13,15,0.0,22,0,0.0,0.045454545454545456,0
2010,13,811,164,13,5,0.0,23,0,0.0,0.043478260869565216,0
2010,13,22,3,13,0,0.0,24,0,,0.041666666666666664,0
2010,14,4,6,14,53,25.0,1,1,0.4716981132075472,1.0,1
2010,14,18,1,14,53,18.0,2,1,0.33962264150943394,0.5,1
2010,14,13,6,14,53,15.0,3,1,0.2830188679245283,0.3333333333333333,1
2010,14,20,9,14,53,12.0,4,0,0.22641509433962265,0.25,0
2010,14,3,131,14,53,10.0,5,0,0.18867924528301888,0.2,0
2010,14,17,9,14,53,8.0,6,0,0.1509433962264151,0.16666666666666666,0
2010,14,807,3,14,53,6.0,7,0,0.11320754716981132,0.14285714285714285,0
2010,14,9,4,14,53,4.0,8,0,0.07547169811320754,0.125,0
2010,14,30,131,14,53,2.0,9,0,0.03773584905660377,0.1111111111111111,0
2010,14,22,3,14,53,1.0,10,0,0.018867924528301886,0.1,0
2010,14,67,5,14,53,0.0,11,0,0.0,0.09090909090909091,0
2010,14,24,10,14,53,0.0,12,0,0.0,0.08333333333333333,0
2010,14,808,4,14,53,0.0,13,0,0.0,0.07692307692307693,0
2010,14,37,15,14,52,0.0,14,0,0.0,0.07142857142857142,0
2010,14,153,5,14,52,0.0,15,0,0.0,0.06666666666666667,0
2010,14,16,10,14,52,0.0,16,0,0.0,0.0625,0
2010,14,10,166,14,51,0.0,17,0,0.0,0.058823529411764705,0
2010,14,5,205,14,51,0.0,18,0,0.0,0.05555555555555555,0
2010,14,29,164,14,51,0.0,19,0,0.0,0.05263157894736842,0
2010,14,810,166,14,50,0.0,20,0,0.0,0.05,0
2010,14,15,205,14,46,0.0,21,0,0.0,0.047619047619047616,0
2010,14,811,164,14,11,0.0,22,0,0.0,0.045454545454545456,0
2010,14,1,1,14,0,0.0,23,0,,0.043478260869565216,0
2010,14,155,15,14,0,0.0,24,0,,0.041666666666666664,0
2010,15,4,6,15,61,25.0,1,1,0.4098360655737705,1.0,1
2010,15,20,9,15,61,18.0,2,1,0.29508196721311475,0.5,1
2010,15,17,9,15,61,15.0,3,1,0.2459016393442623,0.3333333333333333,1
2010,15,18,1,15,61,12.0,4,0,0.19672131147540983,0.25,0
2010,15,3,131,15,61,10.0,5,0,0.16393442622950818,0.2,0
2010,15,22,3,15,61,8.0,6,0,0.13114754098360656,0.16666666666666666,0
2010,15,9,4,15,61,6.0,7,0,0.09836065573770492,0.14285714285714285,0
2010,15,13,6,15,61,4.0,8,0,0.06557377049180328,0.125,0
2010,15,16,10,15,61,2.0,9,0,0.03278688524590164,0.1111111111111111,0
2010,15,807,3,15,61,1.0,10,0,0.01639344262295082,0.1,0
2010,15,808,4,15,60,0.0,11,0,0.0,0.09090909090909091,0
2010,15,153,5,15,60,0.0,12,0,0.0,0.08333333333333333,0
2010,15,30,131,15,60,0.0,13,0,0.0,0.07692307692307693,0
2010,15,67,5,15,60,0.0,14,0,0.0,0.07142857142857142,0
2010,15,810,166,15,59,0.0,15,0,0.0,0.06666666666666667,0
2010,15,5,205,15,58,0.0,16,0,0.0,0.0625,0
2010,15,10,166,15,49,0.0,17,0,0.0,0.058823529411764705,0
2010,15,2,15,15,36,0.0,18,0,0.0,0.05555555555555555,0
2010,15,1,1,15,35,0.0,19,0,0.0,0.05263157894736842,0
2010,15,32,164,15,31,0.0,20,0,0.0,0.05,0
2010,15,155,15,15,30,0.0,21,0,0.0,0.047619047619047616,0
2010,15,811,164,15,29,0.0,22,0,0.0,0.045454545454545456,0
2010,15,15,205,15,27,0.0,23,0,0.0,0.043478260869565216,0
2010,15,24,10,15,1,0.0,24,0,0.0,0.041666666666666664,0
2010,16,20,9,22,53,25.0,1,1,0.4716981132075472,1.0,1
2010,16,17,9,22,53,18.0,2,1,0.33962264150943394,0.5,1
2010,16,4,6,22,53,15.0,3,1,0.2830188679245283,0.3333333333333333,1
2010,16,18,1,22,53,12.0,4,0,0.22641509433962265,0.25,0
2010,16,1,1,22,53,10.0,5,0,0.18867924528301888,0.2,0
2010,16,30,131,22,53,8.0,6,0,0.1509433962264151,0.16666666666666666,0
2010,16,155,15,22,53,6.0,7,0,0.11320754716981132,0.14285714285714285,0
2010,16,2,15,22,53,4.0,8,0,0.07547169811320754,0.125,0
2010,16,22,3,22,53,2.0,9,0,0.03773584905660377,0.1111111111111111,0
2010,16,67,5,22,53,1.0,10,0,0.018867924528301886,0.1,0
2010,16,153,5,22,52,0.0,11,0,0.0,0.09090909090909091,0
2010,16,5,205,22,52,0.0,12,0,0.0,0.08333333333333333,0
2010,16,15,205,22,51,0.0,13,0,0.0,0.07692307692307693,0
2010,16,10,166,22,51,0.0,14,0,0.0,0.07142857142857142,0
2010,16,811,164,22,51,0.0,15,0,0.0,0.06666666666666667,0
2010,16,29,164,22,50,0.0,16,0,0.0,0.0625,0
2010,16,3,131,22,47,0.0,17,0,0.0,0.058823529411764705,0
2010,16,16,10,22,44,0.0,18,0,0.0,0.05555555555555555,0
2010,16,9,4,22,2,0.0,19,0,0.0,0.05263157894736842,0
2010,16,807,3,22,0,0.0,20,0,,0.05,0
2010,16,13,6,22,0,0.0,21,0,,0.047619047619047616,0
2010,16,808,4,22,0,0.0,22,0,,0.045454545454545456,0
2010,16,24,10,22,0,0.0,23,0,,0.043478260869565216,0
2010,16,810,166,22,0,0.0,24,0,,0.041666666666666664,0
2010,17,4,6,35,55,25.0,1,1,0.45454545454545453,1.0,1
2010,17,1,1,35,55,18.0,2,1,0.32727272727272727,0.5,1
2010,17,13,6,35,55,15.0,3,1,0.2727272727272727,0.3333333333333333,1
2010,17,30,131,35,55,12.0,4,0,0.21818181818181817,0.25,0
2010,17,9,4,35,55,10.0,5,0,0.18181818181818182,0.2,0
2010,17,24,10,35,55,8.0,6,0,0.14545454545454545,0.16666666666666666,0
2010,17,22,3,35,55,6.0,7,0,0.10909090909090909,0.14285714285714285,0
2010,17,155,15,35,55,4.0,8,0,0.07272727272727272,0.125,0
2010,17,2,15,35,55,2.0,9,0,0.03636363636363636,0.1111111111111111,0
2010,17,807,3,35,55,1.0,10,0,0.01818181818181818,0.1,0
2010,17,153,5,35,55,0.0,11,0,0.0,0.09090909090909091,0
2010,17,18,1,35,55,0.0,12,0,0.0,0.08333333333333333,0
2010,17,5,205,35,54,0.0,13,0,0.0,0.07692307692307693,0
2010,17,811,164,35,53,0.0,14,0,0.0,0.07142857142857142,0
2010,17,29,164,35,53,0.0,15,0,0.0,0.06666666666666667,0
2010,17,16,10,35,46,0.0,16,0,0.0,0.0625,0
2010,17,20,9,35,45,0.0,17,0,0.0,0.058823529411764705,0
2010,17,808,4,35,39,0.0,18,0,0.0,0.05555555555555555,0
2010,17,10,166,35,31,0.0,19,0,0.0,0.05263157894736842,0
2010,17,67,5,35,30,0.0,20,0,0.0,0.05,0
2010,17,810,166,35,25,0.0,21,0,0.0,0.047619047619047616,0
2010,17,15,205,35,25,0.0,22,0,0.0,0.045454545454545456,0
2010,17,17,9,35,18,0.0,23,0,0.0,0.043478260869565216,0
2010,17,3,131,35,18,0.0,24,0,0.0,0.041666666666666664,0
2010,18,20,9,18,71,25.0,1,1,0.352112676056338,1.0,1
2010,18,17,9,18,71,18.0,2,1,0.2535211267605634,0.5,1
2010,18,4,6,18,71,15.0,3,1,0.2112676056338028,0.3333333333333333,1
2010,18,1,1,18,71,12.0,4,0,0.16901408450704225,0.25,0
2010,18,18,1,18,71,10.0,5,0,0.14084507042253522,0.2,0
2010,18,3,131,18,71,8.0,6,0,0.11267605633802817,0.16666666666666666,0
2010,18,30,131,18,71,6.0,7,0,0.08450704225352113,0.14285714285714285,0
2010,18,807,3,18,70,4.0,8,0,0.05714285714285714,0.125,0
2010,18,9,4,18,70,2.0,9,0,0.02857142857142857,0.1111111111111111,0
2010,18,155,15,18,70,1.0,10,0,0.014285714285714285,0.1,0
2010,18,153,5,18,70,0.0,11,0,0.0,0.09090909090909091,0
2010,18,16,10,18,70,0.0,12,0,0.0,0.08333333333333333,0
2010,18,67,5,18,70,0.0,13,0,0.0,0.07692307692307693,0
2010,18,22,3,18,70,0.0,14,0,0.0,0.07142857142857142,0
2010,18,13,6,18,70,0.0,15,0,0.0,0.06666666666666667,0
2010,18,808,4,18,70,0.0,16,0,0.0,0.0625,0
2010,18,2,15,18,70,0.0,17,0,0.0,0.058823529411764705,0
2010,18,5,205,18,69,0.0,18,0,0.0,0.05555555555555555,0
2010,18,15,205,18,69,0.0,19,0,0.0,0.05263157894736842,0
2010,18,10,166,18,69,0.0,20,0,0.0,0.05,0
2010,18,811,164,18,69,0.0,21,0,0.0,0.047619047619047616,0
2010,18,32,164,18,65,0.0,22,0,0.0,0.045454545454545456,0
2010,18,810,166,18,62,0.0,23,0,0.0,0.043478260869565216,0
2010,18,24,10,18,49,0.0,24,0,0.0,0.041666666666666664,0
2010,19,20,9,24,55,25.0,1,1,0.45454545454545453,1.0,1
2010,19,1,1,24,55,18.0,2,1,0.32727272727272727,0.5,1
2010,19,18,1,24,55,15.0,3,1,0.2727272727272727,0.3333333333333333,1
2010,19,3,131,24,55,12.0,4,0,0.21818181818181817,0.25,0
2010,19,9,4,24,55,10.0,5,0,0.18181818181818182,0.2,0
2010,19,808,4,24,55,8.0,6,0,0.14545454545454545,0.16666666666666666,0
2010,19,4,6,24,55,6.0,7,0,0.10909090909090909,0.14285714285714285,0
2010,19,17,9,24,55,4.0,8,0,0.07272727272727272,0.125,0
2010,19,153,5,24,55,2.0,9,0,0.03636363636363636,0.1111111111111111,0
2010,19,13,6,24,55,1.0,10,0,0.01818181818181818,0.1,0
2010,19,2,15,24,55,0.0,11,0,0.0,0.09090909090909091,0
2010,19,22,3,24,55,0.0,12,0,0.0,0.08333333333333333,0
2010,19,16,10,24,55,0.0,13,0,0.0,0.07692307692307693,0
2010,19,155,15,24,55,0.0,14,0,0.0,0.07142857142857142,0
2010,19,67,5,24,55,0.0,15,0,0.0,0.06666666666666667,0
2010,19,807,3,24,55,0.0,16,0,0.0,0.0625,0
2010,19,5,205,24,54,0.0,17,0,0.0,0.058823529411764705,0
2010,19,810,166,24,53,0.0,18,0,0.0,0.05555555555555555,0
2010,19,811,164,24,53,0.0,19,0,0.0,0.05263157894736842,0
2010,19,32,164,24,53,0.0,20,0,0.0,0.05,0
2010,19,15,205,24,51,0.0,21,0,0.0,0.047619047619047616,0
2010,19,10,166,24,43,0.0,22,0,0.0,0.045454545454545456,0
2010,19,30,131,24,0,0.0,23,0,,0.043478260869565216,0
2010,19,24,10,24,0,0.0,24,0,,0.041666666666666664,0
2011,1,20,9,1,58,25.0,1,1,0.43103448275862066,1.0,1
2011,1,1,1,1,58,18.0,2,1,0.3103448275862069,0.5,1
2011,1,808,4,1,58,15.0,3,1,0.25862068965517243,0.3333333333333333,1
2011,1,4,6,1,58,12.0,4,0,0.20689655172413793,0.25,0
2011,1,17,9,1,58,10.0,5,0,0.1724137931034483,0.2,0
2011,1,18,1,1,58,8.0,6,0,0.13793103448275862,0.16666666666666666,0
2011,1,13,6,1,58,6.0,7,0,0.10344827586206896,0.14285714285714285,0
2011,1,67,5,1,57,4.0,8,0,0.07017543859649122,0.125,0
2011,1,16,10,1,57,2.0,9,0,0.03508771929824561,0.1111111111111111,0
2011,1,814,10,1,57,1.0,10,0,0.017543859649122806,0.1,0
2011,1,153,5,1,57,0.0,11,0,0.0,0.09090909090909091,0
2011,1,2,4,1,57,0.0,12,0,0.0,0.08333333333333333,0
2011,1,15,205,1,56,0.0,13,0,0.0,0.07692307692307693,0
2011,1,816,166,1,54,0.0,14,0,0.0,0.07142857142857142,0
2011,1,10,166,1,49,0.0,15,0,0.0,0.06666666666666667,0
2011,1,22,3,1,48,0.0,16,0,0.0,0.0625,0
2011,1,3,131,1,22,0.0,17,0,0.0,0.058823529411764705,0
2011,1,5,205,1,19,0.0,18,0,0.0,0.05555555555555555,0
2011,1,30,131,1,19,0.0,19,0,0.0,0.05263157894736842,0
2011,1,813,3,1,9,0.0,20,0,0.0,0.05,0
2011,1,155,15,1,58,0.0,21,0,0.0,0.047619047619047616,0
2011,1,815,15,1,58,0.0,22,0,0.0,0.045454545454545456,0
2011,2,20,9,2,56,25.0,1,1,0.44642857142857145,1.0,1
2011,2,18,1,2,56,18.0,2,1,0.32142857142857145,0.5,1
2011,2,2,4,2,56,15.0,3,1,0.26785714285714285,0.3333333333333333,1
2011,2,17,9,2,56,12.0,4,0,0.21428571428571427,0.25,0
2011,2,13,6,2,56,10.0,5,0,0.17857142857142858,0.2,0
2011,2,4,6,2,56,8.0,6,0,0.14285714285714285,0.16666666666666666,0
2011,2,155,15,2,56,6.0,7,0,0.10714285714285714,0.14285714285714285,0
2011,2,1,1,2,56,4.0,8,0,0.07142857142857142,0.125,0
2011,2,30,131,2,56,2.0,9,0,0.03571428571428571,0.1111111111111111,0
2011,2,814,10,2,56,1.0,10,0,0.017857142857142856,0.1,0
2011,2,16,10,2,55,0.0,11,0,0.0,0.09090909090909091,0
2011,2,3,131,2,55,0.0,12,0,0.0,0.08333333333333333,0
2011,2,67,5,2,55,0.0,13,0,0.0,0.07692307692307693,0
2011,2,153,5,2,55,0.0,14,0,0.0,0.07142857142857142,0
2011,2,5,205,2,55,0.0,15,0,0.0,0.06666666666666667,0
2011,2,10,166,2,54,0.0,16,0,0.0,0.0625,0
2011,2,808,4,2,52,0.0,17,0,0.0,0.058823529411764705,0
2011,2,24,164,2,46,0.0,18,0,0.0,0.05555555555555555,0
2011,2,816,166,2,42,0.0,19,0,0.0,0.05263157894736842,0
2011,2,15,205,2,31,0.0,20,0,0.0,0.05,0
2011,2,815,15,2,23,0.0,21,0,0.0,0.047619047619047616,0
2011,2,22,3,2,22,0.0,22,0,0.0,0.045454545454545456,0
2011,2,39,164,2,14,0.0,23,0,0.0,0.043478260869565216,0
2011,2,813,3,2,8,0.0,24,0,0.0,0.041666666666666664,0
2011,3,1,1,17,56,25.0,1,1,0.44642857142857145,1.0,1
2011,3,20,9,17,56,18.0,2,1,0.32142857142857145,0.5,1
2011,3,17,9,17,56,15.0,3,1,0.26785714285714285,0.3333333333333333,1
2011,3,18,1,17,56,12.0,4,0,0.21428571428571427,0.25,0
2011,3,3,131,17,56,10.0,5,0,0.17857142857142858,0.2,0
2011,3,13,6,17,56,8.0,6,0,0.14285714285714285,0.16666666666666666,0
2011,3,4,6,17,56,6.0,7,0,0.10714285714285714,0.14285714285714285,0
2011,3,30,131,17,56,4.0,8,0,0.07142857142857142,0.125,0
2011,3,808,4,17,56,2.0,9,0,0.03571428571428571,0.1111111111111111,0
2011,3,155,15,17,56,1.0,10,0,0.017857142857142856,0.1,0
2011,3,814,10,17,56,0.0,11,0,0.0,0.09090909090909091,0
2011,3,2,4,17,56,0.0,12,0,0.0,0.08333333333333333,0
2011,3,22,3,17,56,0.0,13,0,0.0,0.07692307692307693,0
2011,3,67,5,17,56,0.0,14,0,0.0,0.07142857142857142,0
2011,3,16,10,17,55,0.0,15,0,0.0,0.06666666666666667,0
2011,3,5,205,17,55,0.0,16,0,0.0,0.0625,0
2011,3,815,15,17,55,0.0,17,0,0.0,0.058823529411764705,0
2011,3,813,3,17,55,0.0,18,0,0.0,0.05555555555555555,0
2011,3,15,205,17,55,0.0,19,0,0.0,0.05263157894736842,0
2011,3,816,166,17,54,0.0,20,0,0.0,0.05,0
2011,3,10,166,17,54,0.0,21,0,0.0,0.047619047619047616,0
2011,3,24,164,17,54,0.0,22,0,0.0,0.045454545454545456,0
2011,3,39,164,17,54,0.0,23,0,0.0,0.043478260869565216,0
2011,3,153,5,17,9,0.0,24,0,0.0,0.041666666666666664,0
2011,4,20,9,5,58,25.0,1,1,0.43103448275862066,1.0,1
2011,4,17,9,5,58,18.0,2,1,0.3103448275862069,0.5,1
2011,4,4,6,5,58,15.0,3,1,0.25862068965517243,0.3333333333333333,1
2011,4,1,1,5,58,12.0,4,0,0.20689655172413793,0.25,0
2011,4,3,131,5,58,10.0,5,0,0.1724137931034483,0.2,0
2011,4,18,1,5,58,8.0,6,0,0.13793103448275862,0.16666666666666666,0
2011,4,2,4,5,58,6.0,7,0,0.10344827586206896,0.14285714285714285,0
2011,4,808,4,5,58,4.0,8,0,0.06896551724137931,0.125,0
2011,4,67,5,5,58,2.0,9,0,0.034482758620689655,0.1111111111111111,0
2011,4,13,6,5,58,0.0,11,0,0.0,0.09090909090909091,0
2011,4,30,131,5,58,0.0,12,0,0.0,0.08333333333333333,0
2011,4,16,10,5,57,0.0,13,0,0.0,0.07692307692307693,0
2011,4,815,15,5,57,0.0,14,0,0.0,0.07142857142857142,0
2011,4,22,3,5,57,0.0,15,0,0.0,0.06666666666666667,0
2011,4,153,5,5,57,0.0,16,0,0.0,0.0625,0
2011,4,813,3,5,57,0.0,17,0,0.0,0.058823529411764705,0
2011,4,15,205,5,57,0.0,18,0,0.0,0.05555555555555555,0
2011,4,5,205,5,56,0.0,19,0,0.0,0.05263157894736842,0
2011,4,816,166,5,56,0.0,20,0,0.0,0.05,0
2011,4,39,164,5,55,0.0,21,0,0.0,0.047619047619047616,0
2011,4,24,164,5,53,0.0,22,0,0.0,0.045454545454545456,0
2011,4,814,10,5,44,0.0,23,0,0.0,0.043478260869565216,0
2011,4,10,166,5,0,0.0,24,0,,0.041666666666666664,0
2011,5,20,9,4,66,25.0,1,1,0.3787878787878788,1.0,1
2011,5,1,1,4,66,18.0,2,1,0.2727272727272727,0.5,1
2011,5,18,1,4,66,15.0,3,1,0.22727272727272727,0.3333333333333333,1
2011,5,17,9,4,66,12.0,4,0,0.18181818181818182,0.25,0
2011,5,4,6,4,65,10.0,5,0,0.15384615384615385,0.2,0
2011,5,30,131,4,65,8.0,6,0,0.12307692307692308,0.16666666666666666,0
2011,5,3,131,4,65,6.0,7,0,0.09230769230769231,0.14285714285714285,0
2011,5,815,15,4,65,2.0,9,0,0.03076923076923077,0.1111111111111111,0
2011,5,155,15,4,65,1.0,10,0,0.015384615384615385,0.1,0
2011,5,808,4,4,65,0.0,11,0,0.0,0.09090909090909091,0
2011,5,814,10,4,65,0.0,12,0,0.0,0.08333333333333333,0
2011,5,16,10,4,65,0.0,13,0,0.0,0.07692307692307693,0
2011,5,67,5,4,65,0.0,14,0,0.0,0.07142857142857142,0
2011,5,813,3,4,65,0.0,15,0,0.0,0.06666666666666667,0
2011,5,153,5,4,64,0.0,16,0,0.0,0.0625,0
2011,5,22,3,4,64,0.0,17,0,0.0,0.058823529411764705,0
2011,5,15,205,4,64,0.0,18,0,0.0,0.05555555555555555,0
2011,5,10,166,4,63,0.0,19,0,0.0,0.05263157894736842,0
2011,5,816,166,4,62,0.0,20,0,0.0,0.05,0
2011,5,39,164,4,61,0.0,21,0,0.0,0.047619047619047616,0
2011,5,13,6,4,58,0.0,22,0,0.0,0.045454545454545456,0
2011,5,5,205,4,48,0.0,23,0,0.0,0.043478260869565216,0
2011,5,24,164,4,28,0.0,24,0,0.0,0.041666666666666664,0
2011,6,20,9,6,78,25.0,1,1,0.32051282051282054,1.0,1
2011,6,4,6,6,78,18.0,2,1,0.23076923076923078,0.5,1
2011,6,18,1,6,78,15.0,3,1,0.19230769230769232,0.3333333333333333,1
2011,6,17,9,6,78,12.0,4,0,0.15384615384615385,0.25,0
2011,6,155,15,6,78,10.0,5,0,0.1282051282051282,0.2,0
2011,6,1,1,6,78,8.0,6,0,0.10256410256410256,0.16666666666666666,0
2011,6,16,10,6,77,6.0,7,0,0.07792207792207792,0.14285714285714285,0
2011,6,2,4,6,77,4.0,8,0,0.05194805194805195,0.125,0
2011,6,22,3,6,77,2.0,9,0,0.025974025974025976,0.1111111111111111,0
2011,6,67,5,6,77,1.0,10,0,0.012987012987012988,0.1,0
2011,6,3,131,6,76,0.0,11,0,0.0,0.09090909090909091,0
2011,6,814,10,6,76,0.0,12,0,0.0,0.08333333333333333,0
2011,6,15,205,6,76,0.0,13,0,0.0,0.07692307692307693,0
2011,6,5,205,6,76,0.0,14,0,0.0,0.07142857142857142,0
2011,6,816,166,6,75,0.0,15,0,0.0,0.06666666666666667,0
2011,6,24,164,6,75,0.0,16,0,0.0,0.0625,0
2011,6,39,164,6,74,0.0,17,0,0.0,0.058823529411764705,0
2011,6,813,3,6,73,0.0,18,0,0.0,0.05555555555555555,0
2011,6,808,4,6,67,0.0,19,0,0.0,0.05263157894736842,0
2011,6,153,5,6,66,0.0,20,0,0.0,0.05,0
2011,6,13,6,6,32,0.0,21,0,0.0,0.047619047619047616,0
2011,6,30,131,6,32,0.0,22,0,0.0,0.045454545454545456,0
2011,6,10,166,6,30,0.0,23,0,0.0,0.043478260869565216,0
2011,7,18,1,7,70,25.0,1,1,0.35714285714285715,1.0,1
2011,7,20,9,7,70,18.0,2,1,0.2571428571428571,0.5,1
2011,7,17,9,7,70,15.0,3,1,0.21428571428571427,0.3333333333333333,1
2011,7,30,131,7,70,12.0,4,0,0.17142857142857143,0.25,0
2011,7,808,4,7,70,10.0,5,0,0.14285714285714285,0.2,0
2011,7,13,6,7,70,8.0,6,0,0.11428571428571428,0.16666666666666666,0
2011,7,155,15,7,70,6.0,7,0,0.08571428571428572,0.14285714285714285,0
2011,7,153,5,7,70,4.0,8,0,0.05714285714285714,0.125,0
2011,7,22,3,7,70,2.0,9,0,0.02857142857142857,0.1111111111111111,0
2011,7,67,5,7,70,1.0,10,0,0.014285714285714285,0.1,0
2011,7,3,131,7,70,0.0,11,0,0.0,0.09090909090909091,0
2011,7,37,15,7,70,0.0,12,0,0.0,0.08333333333333333,0
2011,7,24,164,7,69,0.0,13,0,0.0,0.07692307692307693,0
2011,7,39,164,7,69,0.0,14,0,0.0,0.07142857142857142,0
2011,7,816,166,7,69,0.0,15,0,0.0,0.06666666666666667,0
2011,7,10,166,7,69,0.0,16,0,0.0,0.0625,0
2011,7,15,205,7,69,0.0,17,0,0.0,0.058823529411764705,0
2011,7,814,10,7,67,0.0,18,0,0.0,0.05555555555555555,0
2011,7,813,3,7,61,0.0,19,0,0.0,0.05263157894736842,0
2011,7,2,4,7,55,0.0,20,0,0.0,0.05,0
2011,7,16,10,7,49,0.0,21,0,0.0,0.047619047619047616,0
2011,7,4,6,7,36,0.0,22,0,0.0,0.045454545454545456,0
2011,7,5,205,7,28,0.0,23,0,0.0,0.043478260869565216,0
2011,7,1,1,7,7,0.0,24,0,0.0,0.041666666666666664,0
2011,8,20,9,12,57,25.0,1,1,0.43859649122807015,1.0,1
2011,8,4,6,12,57,18.0,2,1,0.3157894736842105,0.5,1
2011,8,17,9,12,57,15.0,3,1,0.2631578947368421,0.3333333333333333,1
2011,8,1,1,12,57,12.0,4,0,0.21052631578947367,0.25,0
2011,8,13,6,12,57,10.0,5,0,0.17543859649122806,0.2,0
2011,8,18,1,12,57,8.0,6,0,0.14035087719298245,0.16666666666666666,0
2011,8,3,131,12,57,6.0,7,0,0.10526315789473684,0.14285714285714285,0
2011,8,153,5,12,56,4.0,8,0,0.07142857142857142,0.125,0
2011,8,16,10,12,56,2.0,9,0,0.03571428571428571,0.1111111111111111,0
2011,8,2,4,12,56,1.0,10,0,0.017857142857142856,0.1,0
2011,8,815,15,12,56,0.0,11,0,0.0,0.09090909090909091,0
2011,8,22,3,12,56,0.0,12,0,0.0,0.08333333333333333,0
2011,8,67,5,12,56,0.0,13,0,0.0,0.07692307692307693,0
2011,8,814,10,12,56,0.0,14,0,0.0,0.07142857142857142,0
2011,8,808,4,12,56,0.0,15,0,0.0,0.06666666666666667,0
2011,8,155,15,12,56,0.0,16,0,0.0,0.0625,0
2011,8,30,131,12,56,0.0,17,0,0.0,0.058823529411764705,0
2011,8,813,3,12,56,0.0,18,0,0.0,0.05555555555555555,0
2011,8,5,205,12,55,0.0,19,0,0.0,0.05263157894736842,0
2011,8,15,205,12,55,0.0,20,0,0.0,0.05,0
2011,8,10,166,12,55,0.0,21,0,0.0,0.047619047619047616,0
2011,8,816,166,12,55,0.0,22,0,0.0,0.045454545454545456,0
2011,8,24,164,12,54,0.0,23,0,0.0,0.043478260869565216,0
2011,8,39,164,12,54,0.0,24,0,0.0,0.041666666666666664,0
2011,9,4,6,9,52,25.0,1,1,0.4807692307692308,1.0,1
2011,9,20,9,9,52,18.0,2,1,0.34615384615384615,0.5,1
2011,9,17,9,9,52,15.0,3,1,0.28846153846153844,0.3333333333333333,1
2011,9,1,1,9,52,12.0,4,0,0.23076923076923078,0.25,0
2011,9,13,6,9,52,10.0,5,0,0.19230769230769232,0.2,0
2011,9,3,131,9,52,8.0,6,0,0.15384615384615385,0.16666666666666666,0
2011,9,815,15,9,52,6.0,7,0,0.11538461538461539,0.14285714285714285,0
2011,9,2,4,9,52,4.0,8,0,0.07692307692307693,0.125,0
2011,9,30,131,9,52,2.0,9,0,0.038461538461538464,0.1111111111111111,0
2011,9,153,5,9,52,1.0,10,0,0.019230769230769232,0.1,0
2011,9,16,10,9,52,0.0,11,0,0.0,0.09090909090909091,0
2011,9,808,4,9,52,0.0,12,0,0.0,0.08333333333333333,0
2011,9,22,3,9,51,0.0,13,0,0.0,0.07692307692307693,0
2011,9,813,3,9,51,0.0,14,0,0.0,0.07142857142857142,0
2011,9,814,10,9,51,0.0,15,0,0.0,0.06666666666666667,0
2011,9,10,166,9,50,0.0,16,0,0.0,0.0625,0
2011,9,816,166,9,50,0.0,17,0,0.0,0.058823529411764705,0
2011,9,24,164,9,50,0.0,18,0,0.0,0.05555555555555555,0
2011,9,817,164,9,49,0.0,19,0,0.0,0.05263157894736842,0
2011,9,18,1,9,39,0.0,20,0,0.0,0.05,0
2011,9,67,5,9,25,0.0,21,0,0.0,0.047619047619047616,0
2011,9,155,15,9,23,0.0,22,0,0.0,0.045454545454545456,0
2011,9,15,205,9,10,0.0,23,0,0.0,0.043478260869565216,0
2011,9,5,205,9,2,0.0,24,0,0.0,0.041666666666666664,0
2011,10,1,1,20,60,25.0,1,1,0.4166666666666667,1.0,1
2011,10,4,6,20,60,18.0,2,1,0.3,0.5,1
2011,10,17,9,20,60,15.0,3,1,0.25,0.3333333333333333,1
2011,10,20,9,20,60,12.0,4,0,0.2,0.25,0
2011,10,13,6,20,60,10.0,5,0,0.16666666666666666,0.2,0
2011,10,16,10,20,60,8.0,6,0,0.13333333333333333,0.16666666666666666,0
2011,10,3,131,20,59,6.0,7,0,0.1016949152542373,0.14285714285714285,0
2011,10,30,131,20,59,4.0,8,0,0.06779661016949153,0.125,0
2011,10,155,15,20,59,2.0,9,0,0.03389830508474576,0.1111111111111111,0
2011,10,808,4,20,59,1.0,10,0,0.01694915254237288,0.1,0
2011,10,815,15,20,59,0.0,11,0,0.0,0.09090909090909091,0
2011,10,153,5,20,59,0.0,12,0,0.0,0.08333333333333333,0
2011,10,814,10,20,59,0.0,13,0,0.0,0.07692307692307693,0
2011,10,813,3,20,59,0.0,14,0,0.0,0.07142857142857142,0
2011,10,67,5,20,59,0.0,15,0,0.0,0.06666666666666667,0
2011,10,5,205,20,58,0.0,16,0,0.0,0.0625,0
2011,10,10,166,20,57,0.0,17,0,0.0,0.058823529411764705,0
2011,10,816,166,20,57,0.0,18,0,0.0,0.05555555555555555,0
2011,10,817,164,20,57,0.0,19,0,0.0,0.05263157894736842,0
2011,10,812,205,20,56,0.0,20,0,0.0,0.05,0
2011,10,24,164,20,37,0.0,21,0,0.0,0.047619047619047616,0
2011,10,18,1,20,35,0.0,22,0,0.0,0.045454545454545456,0
2011,10,22,3,20,16,0.0,23,0,0.0,0.043478260869565216,0
2011,10,2,4,20,9,0.0,24,0,0.0,0.041666666666666664,0
2011,11,18,1,11,70,25.0,1,1,0.35714285714285715,1.0,1
2011,11,20,9,11,70,18.0,2,1,0.2571428571428571,0.5,1
2011,11,4,6,11,70,15.0,3,1,0.21428571428571427,0.3333333333333333,1
2011,11,1,1,11,70,12.0,4,0,0.17142857142857143,0.25,0
2011,11,17,9,11,70,10.0,5,0,0.14285714285714285,0.2,0
2011,11,13,6,11,70,8.0,6,0,0.11428571428571428,0.16666666666666666,0
2011,11,814,10,11,69,6.0,7,0,0.08695652173913043,0.14285714285714285,0
2011,11,67,5,11,69,4.0,8,0,0.057971014492753624,0.125,0
2011,11,3,131,11,69,2.0,9,0,0.028985507246376812,0.1111111111111111,0
2011,11,153,5,11,69,1.0,10,0,0.014492753623188406,0.1,0
2011,11,155,15,11,69,0.0,11,0,0.0,0.09090909090909091,0
2011,11,808,4,11,69,0.0,12,0,0.0,0.08333333333333333,0
2011,11,22,3,11,68,0.0,13,0,0.0,0.07692307692307693,0
2011,11,16,10,11,68,0.0,14,0,0.0,0.07142857142857142,0
2011,11,815,15,11,68,0.0,15,0,0.0,0.06666666666666667,0
2011,11,813,3,11,68,0.0,16,0,0.0,0.0625,0
2011,11,10,166,11,66,0.0,17,0,0.0,0.058823529411764705,0
2011,11,817,164,11,66,0.0,18,0,0.0,0.05555555555555555,0
2011,11,816,166,11,65,0.0,19,0,0.0,0.05263157894736842,0
2011,11,24,164,11,65,0.0,20,0,0.0,0.05,0
2011,11,5,205,11,55,0.0,21,0,0.0,0.047619047619047616,0
2011,11,30,131,11,26,0.0,22,0,0.0,0.045454545454545456,0
2011,11,2,4,11,23,0.0,23,0,0.0,0.043478260869565216,0
2011,11,15,205,11,17,0.0,24,0,0.0,0.041666666666666664,0
2011,12,20,9,13,44,25.0,1,1,0.5681818181818182,1.0,1
2011,12,17,9,13,44,18.0,2,1,0.4090909090909091,0.5,1
2011,12,18,1,13,44,15.0,3,1,0.3409090909090909,0.3333333333333333,1
2011,12,4,6,13,44,12.0,4,0,0.2727272727272727,0.25,0
2011,12,3,131,13,44,8.0,6,0,0.18181818181818182,0.16666666666666666,0
2011,12,16,10,13,44,6.0,7,0,0.13636363636363635,0.14285714285714285,0
2011,12,13,6,13,44,4.0,8,0,0.09090909090909091,0.125,0
2011,12,808,4,13,44,2.0,9,0,0.045454545454545456,0.1111111111111111,0
2011,12,813,3,13,44,1.0,10,0,0.022727272727272728,0.1,0
2011,12,814,10,13,44,0.0,11,0,0.0,0.09090909090909091,0
2011,12,155,15,13,44,0.0,12,0,0.0,0.08333333333333333,0
2011,12,811,4,13,44,0.0,13,0,0.0,0.07692307692307693,0
2011,12,15,205,13,43,0.0,14,0,0.0,0.07142857142857142,0
2011,12,5,205,13,43,0.0,15,0,0.0,0.06666666666666667,0
2011,12,22,3,13,43,0.0,16,0,0.0,0.0625,0
2011,12,816,166,13,43,0.0,17,0,0.0,0.058823529411764705,0
2011,12,10,166,13,43,0.0,18,0,0.0,0.05555555555555555,0
2011,12,24,164,13,43,0.0,19,0,0.0,0.05263157894736842,0
2011,12,815,15,13,27,0.0,20,0,0.0,0.05,0
2011,12,817,164,13,13,0.0,21,0,0.0,0.047619047619047616,0
2011,12,1,1,13,12,0.0,22,0,0.0,0.045454545454545456,0
2011,12,67,5,13,6,0.0,23,0,0.0,0.043478260869565216,0
2011,12,153,5,13,0,0.0,24,0,,0.041666666666666664,0
2011,13,20,9,14,53,25.0,1,1,0.4716981132075472,1.0,1
2011,13,18,1,14,53,18.0,2,1,0.33962264150943394,0.5,1
2011,13,4,6,14,53,15.0,3,1,0.2830188679245283,0.3333333333333333,1
2011,13,1,1,14,53,12.0,4,0,0.22641509433962265,0.25,0
2011,13,30,131,14,53,10.0,5,0,0.18867924528301888,0.2,0
2011,13,13,6,14,53,8.0,6,0,0.1509433962264151,0.16666666666666666,0
2011,13,153,5,14,52,6.0,7,0,0.11538461538461539,0.14285714285714285,0
2011,13,814,10,14,52,4.0,8,0,0.07692307692307693,0.125,0
2011,13,811,4,14,52,2.0,9,0,0.038461538461538464,0.1111111111111111,0
2011,13,67,5,14,52,1.0,10,0,0.019230769230769232,0.1,0
2011,13,813,3,14,52,0.0,11,0,0.0,0.09090909090909091,0
2011,13,22,3,14,52,0.0,12,0,0.0,0.08333333333333333,0
2011,13,5,205,14,51,0.0,13,0,0.0,0.07692307692307693,0
2011,13,15,205,14,51,0.0,14,0,0.0,0.07142857142857142,0
2011,13,10,166,14,51,0.0,15,0,0.0,0.06666666666666667,0
2011,13,817,164,14,39,0.0,16,0,0.0,0.0625,0
2011,13,815,15,14,32,0.0,17,0,0.0,0.058823529411764705,0
2011,13,155,15,14,21,0.0,18,0,0.0,0.05555555555555555,0
2011,13,16,10,14,9,0.0,19,0,0.0,0.05263157894736842,0
2011,13,17,9,14,4,0.0,20,0,0.0,0.05,0
2011,13,816,166,14,1,0.0,21,0,0.0,0.047619047619047616,0
2011,13,808,4,14,0,0.0,22,0,,0.045454545454545456,0
2011,13,3,131,14,0,0.0,23,0,,0.043478260869565216,0
2011,13,24,164,14,0,0.0,24,0,,0.041666666666666664,0
2011,14,20,9,15,61,25.0,1,1,0.4098360655737705,1.0,1
2011,14,18,1,15,61,18.0,2,1,0.29508196721311475,0.5,1
2011,14,17,9,15,61,15.0,3,1,0.2459016393442623,0.3333333333333333,1
2011,14,4,6,15,61,12.0,4,0,0.19672131147540983,0.25,0
2011,14,1,1,15,61,10.0,5,0,0.16393442622950818,0.2,0
2011,14,814,10,15,61,8.0,6,0,0.13114754098360656,0.16666666666666666,0
2011,14,3,131,15,60,6.0,7,0,0.1,0.14285714285714285,0
2011,14,16,10,15,60,4.0,8,0,0.06666666666666667,0.125,0
2011,14,13,6,15,60,2.0,9,0,0.03333333333333333,0.1111111111111111,0
2011,14,815,15,15,60,1.0,10,0,0.016666666666666666,0.1,0
2011,14,813,3,15,60,0.0,11,0,0.0,0.09090909090909091,0
2011,14,67,5,15,60,0.0,12,0,0.0,0.08333333333333333,0
2011,14,22,3,15,60,0.0,13,0,0.0,0.07692307692307693,0
2011,14,155,15,15,59,0.0,14,0,0.0,0.07142857142857142,0
2011,14,811,4,15,59,0.0,15,0,0.0,0.06666666666666667,0
2011,14,5,205,15,59,0.0,16,0,0.0,0.0625,0
2011,14,808,4,15,59,0.0,17,0,0.0,0.058823529411764705,0
2011,14,816,166,15,59,0.0,18,0,0.0,0.05555555555555555,0
2011,14,817,164,15,57,0.0,19,0,0.0,0.05263157894736842,0
2011,14,24,164,15,57,0.0,20,0,0.0,0.05,0
2011,14,153,5,15,56,0.0,21,0,0.0,0.047619047619047616,0
2011,14,15,205,15,47,0.0,22,0,0.0,0.045454545454545456,0
2011,14,30,131,15,28,0.0,23,0,0.0,0.043478260869565216,0
2011,14,10,166,15,9,0.0,24,0,0.0,0.041666666666666664,0
2011,15,18,1,22,53,25.0,1,1,0.4716981132075472,1.0,1
2011,15,4,6,22,53,18.0,2,1,0.33962264150943394,0.5,1
2011,15,20,9,22,53,15.0,3,1,0.2830188679245283,0.3333333333333333,1
2011,15,17,9,22,53,12.0,4,0,0.22641509433962265,0.25,0
2011,15,1,1,22,53,10.0,5,0,0.18867924528301888,0.2,0
2011,15,30,131,22,53,8.0,6,0,0.1509433962264151,0.16666666666666666,0
2011,15,13,6,22,53,6.0,7,0,0.11320754716981132,0.14285714285714285,0
2011,15,815,15,22,53,4.0,8,0,0.07547169811320754,0.125,0
2011,15,808,4,22,53,2.0,9,0,0.03773584905660377,0.1111111111111111,0
2011,15,3,131,22,53,1.0,10,0,0.018867924528301886,0.1,0
2011,15,16,10,22,53,0.0,11,0,0.0,0.09090909090909091,0
2011,15,814,10,22,53,0.0,12,0,0.0,0.08333333333333333,0
2011,15,155,15,22,53,0.0,13,0,0.0,0.07692307692307693,0
2011,15,813,3,22,53,0.0,14,0,0.0,0.07142857142857142,0
2011,15,153,5,22,53,0.0,15,0,0.0,0.06666666666666667,0
2011,15,811,4,22,53,0.0,16,0,0.0,0.0625,0
2011,15,22,3,22,53,0.0,17,0,0.0,0.058823529411764705,0
2011,15,5,205,22,53,0.0,18,0,0.0,0.05555555555555555,0
2011,15,15,205,22,53,0.0,19,0,0.0,0.05263157894736842,0
2011,15,10,166,22,51,0.0,20,0,0.0,0.05,0
2011,15,816,166,22,51,0.0,21,0,0.0,0.047619047619047616,0
2011,15,817,164,22,51,0.0,22,0,0.0,0.045454545454545456,0
2011,15,24,164,22,50,0.0,23,0,0.0,0.043478260869565216,0
2011,15,67,5,22,11,0.0,24,0,0.0,0.041666666666666664,0
2011,16,20,9,35,55,25.0,1,1,0.45454545454545453,1.0,1
2011,16,1,1,35,55,18.0,2,1,0.32727272727272727,0.5,1
2011,16,17,9,35,55,15.0,3,1,0.2727272727272727,0.3333333333333333,1
2011,16,18,1,35,55,12.0,4,0,0.21818181818181817,0.25,0
2011,16,4,6,35,55,10.0,5,0,0.18181818181818182,0.2,0
2011,16,13,6,35,55,8.0,6,0,0.14545454545454545,0.16666666666666666,0
2011,16,153,5,35,55,6.0,7,0,0.10909090909090909,0.14285714285714285,0
2011,16,3,131,35,55,4.0,8,0,0.07272727272727272,0.125,0
2011,16,67,5,35,55,2.0,9,0,0.03636363636363636,0.1111111111111111,0
2011,16,814,10,35,55,1.0,10,0,0.01818181818181818,0.1,0
2011,16,16,10,35,55,0.0,11,0,0.0,0.09090909090909091,0
2011,16,22,3,35,55,0.0,12,0,0.0,0.08333333333333333,0
2011,16,811,4,35,54,0.0,13,0,0.0,0.07692307692307693,0
2011,16,5,205,35,54,0.0,14,0,0.0,0.07142857142857142,0
2011,16,155,15,35,54,0.0,15,0,0.0,0.06666666666666667,0
2011,16,815,15,35,54,0.0,16,0,0.0,0.0625,0
2011,16,15,205,35,54,0.0,17,0,0.0,0.058823529411764705,0
2011,16,10,166,35,54,0.0,18,0,0.0,0.05555555555555555,0
2011,16,817,164,35,54,0.0,19,0,0.0,0.05263157894736842,0
2011,16,816,166,35,54,0.0,20,0,0.0,0.05,0
2011,16,24,164,35,52,0.0,21,0,0.0,0.047619047619047616,0
2011,16,813,3,35,30,0.0,22,0,0.0,0.045454545454545456,0
2011,16,808,4,35,16,0.0,23,0,0.0,0.043478260869565216,0
2011,16,30,131,35,15,0.0,24,0,0.0,0.041666666666666664,0
2011,17,20,9,68,60,25.0,1,1,0.4166666666666667,1.0,1
2011,17,18,1,68,60,18.0,2,1,0.3,0.5,1
2011,17,4,6,68,60,15.0,3,1,0.25,0.3333333333333333,1
2011,17,17,9,68,60,12.0,4,0,0.2,0.25,0
2011,17,30,131,68,60,10.0,5,0,0.16666666666666666,0.2,0
2011,17,3,131,68,60,8.0,6,0,0.13333333333333333,0.16666666666666666,0
2011,17,1,1,68,60,6.0,7,0,0.1,0.14285714285714285,0
2011,17,153,5,68,59,4.0,8,0,0.06779661016949153,0.125,0
2011,17,16,10,68,59,2.0,9,0,0.03389830508474576,0.1111111111111111,0
2011,17,815,15,68,59,1.0,10,0,0.01694915254237288,0.1,0
2011,17,808,4,68,59,0.0,11,0,0.0,0.09090909090909091,0
2011,17,811,4,68,59,0.0,12,0,0.0,0.08333333333333333,0
2011,17,814,10,68,59,0.0,13,0,0.0,0.07692307692307693,0
2011,17,5,205,68,58,0.0,14,0,0.0,0.07142857142857142,0
2011,17,22,3,68,58,0.0,15,0,0.0,0.06666666666666667,0
2011,17,816,166,68,57,0.0,16,0,0.0,0.0625,0
2011,17,39,164,68,57,0.0,17,0,0.0,0.058823529411764705,0
2011,17,817,164,68,57,0.0,18,0,0.0,0.05555555555555555,0
2011,17,15,205,68,55,0.0,19,0,0.0,0.05263157894736842,0
2011,17,13,6,68,32,0.0,20,0,0.0,0.05,0
2011,17,67,5,68,24,0.0,21,0,0.0,0.047619047619047616,0
2011,17,813,3,68,12,0.0,22,0,0.0,0.045454545454545456,0
2011,17,10,166,68,2,0.0,23,0,0.0,0.043478260869565216,0
2011,17,155,15,68,0,0.0,24,0,,0.041666666666666664,0
2011,18,1,1,24,55,25.0,1,1,0.45454545454545453,1.0,1
2011,18,4,6,24,55,18.0,2,1,0.32727272727272727,0.5,1
2011,18,18,1,24,55,15.0,3,1,0.2727272727272727,0.3333333333333333,1
2011,18,17,9,24,55,12.0,4,0,0.21818181818181817,0.25,0
2011,18,13,6,24,55,10.0,5,0,0.18181818181818182,0.2,0
2011,18,3,131,24,55,8.0,6,0,0.14545454545454545,0.16666666666666666,0
2011,18,30,131,24,55,6.0,7,0,0.10909090909090909,0.14285714285714285,0
2011,18,16,10,24,55,4.0,8,0,0.07272727272727272,0.125,0
2011,18,814,10,24,55,2.0,9,0,0.03636363636363636,0.1111111111111111,0
2011,18,155,15,24,54,1.0,10,0,0.018518518518518517,0.1,0
2011,18,815,15,24,54,0.0,11,0,0.0,0.09090909090909091,0
2011,18,808,4,24,54,0.0,13,0,0.0,0.07692307692307693,0
2011,18,813,3,24,54,0.0,14,0,0.0,0.07142857142857142,0
2011,18,153,5,24,54,0.0,15,0,0.0,0.06666666666666667,0
2011,18,811,4,24,54,0.0,16,0,0.0,0.0625,0
2011,18,5,205,24,54,0.0,17,0,0.0,0.058823529411764705,0
2011,18,15,205,24,53,0.0,18,0,0.0,0.05555555555555555,0
2011,18,10,166,24,53,0.0,19,0,0.0,0.05263157894736842,0
2011,18,24,164,24,53,0.0,20,0,0.0,0.05,0
2011,18,817,164,24,48,0.0,21,0,0.0,0.047619047619047616,0
2011,18,67,5,24,19,0.0,22,0,0.0,0.045454545454545456,0
2011,18,816,166,24,18,0.0,23,0,0.0,0.043478260869565216,0
2011,18,20,9,24,1,0.0,24,0,0.0,0.041666666666666664,0
2011,19,17,9,18,71,25.0,1,1,0.352112676056338,1.0,1
2011,19,20,9,18,71,18.0,2,1,0.2535211267605634,0.5,1
2011,19,18,1,18,71,15.0,3,1,0.2112676056338028,0.3333333333333333,1
2011,19,4,6,18,71,12.0,4,0,0.16901408450704225,0.25,0
2011,19,13,6,18,71,10.0,5,0,0.14084507042253522,0.2,0
2011,19,16,10,18,70,8.0,6,0,0.11428571428571428,0.16666666666666666,0
2011,19,3,131,18,70,6.0,7,0,0.08571428571428572,0.14285714285714285,0
2011,19,814,10,18,70,4.0,8,0,0.05714285714285714,0.125,0
2011,19,155,15,18,70,2.0,9,0,0.02857142857142857,0.1111111111111111,0
2011,19,808,4,18,70,1.0,10,0,0.014285714285714285,0.1,0
2011,19,153,5,18,70,0.0,11,0,0.0,0.09090909090909091,0
2011,19,67,5,18,70,0.0,12,0,0.0,0.08333333333333333,0
2011,19,815,15,18,70,0.0,13,0,0.0,0.07692307692307693,0
2011,19,22,3,18,70,0.0,14,0,0.0,0.07142857142857142,0
2011,19,30,131,18,70,0.0,15,0,0.0,0.06666666666666667,0
2011,19,5,205,18,69,0.0,16,0,0.0,0.0625,0
2011,19,811,4,18,69,0.0,17,0,0.0,0.058823529411764705,0
2011,19,15,205,18,69,0.0,18,0,0.0,0.05555555555555555,0
2011,19,816,166,18,68,0.0,19,0,0.0,0.05263157894736842,0
2011,19,817,164,18,68,0.0,20,0,0.0,0.05,0
2011,19,24,164,18,61,0.0,21,0,0.0,0.047619047619047616,0
2011,19,1,1,18,46,0.0,22,0,0.0,0.045454545454545456,0
2011,19,813,3,18,26,0.0,23,0,0.0,0.043478260869565216,0
2011,19,10,166,18,21,0.0,24,0,0.0,0.041666666666666664,0
2012,1,18,1,1,58,25.0,1,1,0.43103448275862066,1.0,1
2012,1,20,9,1,58,18.0,2,1,0.3103448275862069,0.5,1
2012,1,1,1,1,58,15.0,3,1,0.25862068965517243,0.3333333333333333,1
2012,1,17,9,1,58,12.0,4,0,0.20689655172413793,0.25,0
2012,1,4,6,1,58,10.0,5,0,0.1724137931034483,0.2,0
2012,1,155,15,1,58,8.0,6,0,0.13793103448275862,0.16666666666666666,0
2012,1,8,208,1,58,6.0,7,0,0.10344827586206896,0.14285714285714285,0
2012,1,815,15,1,58,4.0,8,0,0.06896551724137931,0.125,0
2012,1,817,5,1,58,2.0,9,0,0.034482758620689655,0.1111111111111111,0
2012,1,814,10,1,58,1.0,10,0,0.017241379310344827,0.1,0
2012,1,818,5,1,58,0.0,11,0,0.0,0.09090909090909091,0
2012,1,3,131,1,58,0.0,12,0,0.0,0.08333333333333333,0
2012,1,813,3,1,57,0.0,13,0,0.0,0.07692307692307693,0
2012,1,10,206,1,57,0.0,14,0,0.0,0.07142857142857142,0
2012,1,819,206,1,53,0.0,15,0,0.0,0.06666666666666667,0
2012,1,811,3,1,52,0.0,16,0,0.0,0.0625,0
2012,1,13,6,1,46,0.0,17,0,0.0,0.058823529411764705,0
2012,1,5,207,1,38,0.0,18,0,0.0,0.05555555555555555,0
2012,1,808,207,1,34,0.0,19,0,0.0,0.05263157894736842,0
2012,1,30,131,1,10,0.0,20,0,0.0,0.05,0
2012,1,154,208,1,1,0.0,21,0,0.0,0.047619047619047616,0
2012,1,807,10,1,0,0.0,22,0,,0.045454545454545456,0
2012,1,37,164,1,0,0.0,23,0,,0.043478260869565216,0
2012,1,39,164,1,0,0.0,24,0,,0.041666666666666664,0
2012,2,4,6,2,56,25.0,1,1,0.44642857142857145,1.0,1
2012,2,815,15,2,56,18.0,2,1,0.32142857142857145,0.5,1
2012,2,1,1,2,56,15.0,3,1,0.26785714285714285,0.3333333333333333,1
2012,2,17,9,2,56,12.0,4,0,0.21428571428571427,0.25,0
2012,2,8,208,2,56,10.0,5,0,0.17857142857142858,0.2,0
2012,2,811,3,2,56,8.0,6,0,0.14285714285714285,0.16666666666666666,0
2012,2,814,10,2,56,6.0,7,0,0.10714285714285714,0.14285714285714285,0
2012,2,818,5,2,56,4.0,8,0,0.07142857142857142,0.125,0
2012,2,807,10,2,56,2.0,9,0,0.03571428571428571,0.1111111111111111,0
2012,2,30,131,2,56,1.0,10,0,0.017857142857142856,0.1,0
2012,2,20,9,2,56,0.0,11,0,0.0,0.09090909090909091,0
2012,2,817,5,2,56,0.0,12,0,0.0,0.08333333333333333,0
2012,2,3,131,2,56,0.0,13,0,0.0,0.07692307692307693,0
2012,2,18,1,2,56,0.0,14,0,0.0,0.07142857142857142,0
2012,2,13,6,2,56,0.0,15,0,0.0,0.06666666666666667,0
2012,2,808,207,2,55,0.0,16,0,0.0,0.0625,0
2012,2,10,206,2,55,0.0,17,0,0.0,0.058823529411764705,0
2012,2,5,207,2,55,0.0,18,0,0.0,0.05555555555555555,0
2012,2,813,3,2,54,0.0,19,0,0.0,0.05263157894736842,0
2012,2,819,206,2,54,0.0,20,0,0.0,0.05,0
2012,2,39,164,2,54,0.0,21,0,0.0,0.047619047619047616,0
2012,2,37,164,2,54,0.0,22,0,0.0,0.045454545454545456,0
2012,2,155,15,2,46,0.0,23,0,0.0,0.043478260869565216,0
2012,2,154,208,2,3,0.0,24,0,0.0,0.041666666666666664,0
2012,3,3,131,17,56,25.0,1,1,0.44642857142857145,1.0,1
2012,3,18,1,17,56,18.0,2,1,0.32142857142857145,0.5,1
2012,3,1,1,17,56,15.0,3,1,0.26785714285714285,0.3333333333333333,1
2012,3,17,9,17,56,12.0,4,0,0.21428571428571427,0.25,0
2012,3,20,9,17,56,10.0,5,0,0.17857142857142858,0.2,0
2012,3,154,208,17,56,8.0,6,0,0.14285714285714285,0.16666666666666666,0
2012,3,811,3,17,56,6.0,7,0,0.10714285714285714,0.14285714285714285,0
2012,3,813,3,17,56,4.0,8,0,0.07142857142857142,0.125,0
2012,3,4,6,17,56,2.0,9,0,0.03571428571428571,0.1111111111111111,0
2012,3,155,15,17,56,1.0,10,0,0.017857142857142856,0.1,0
2012,3,815,15,17,56,0.0,11,0,0.0,0.09090909090909091,0
2012,3,814,10,17,56,0.0,12,0,0.0,0.08333333333333333,0
2012,3,13,6,17,56,0.0,13,0,0.0,0.07692307692307693,0
2012,3,8,208,17,56,0.0,14,0,0.0,0.07142857142857142,0
2012,3,807,10,17,56,0.0,15,0,0.0,0.06666666666666667,0
2012,3,818,5,17,56,0.0,16,0,0.0,0.0625,0
2012,3,817,5,17,56,0.0,17,0,0.0,0.058823529411764705,0
2012,3,808,207,17,55,0.0,18,0,0.0,0.05555555555555555,0
2012,3,10,206,17,55,0.0,19,0,0.0,0.05263157894736842,0
2012,3,819,206,17,55,0.0,20,0,0.0,0.05,0
2012,3,37,164,17,55,0.0,21,0,0.0,0.047619047619047616,0
2012,3,39,164,17,54,0.0,22,0,0.0,0.045454545454545456,0
2012,3,5,207,17,53,0.0,23,0,0.0,0.043478260869565216,0
2012,3,30,131,17,12,0.0,24,0,0.0,0.041666666666666664,0
2012,4,20,9,3,57,25.0,1,1,0.43859649122807015,1.0,1
2012,4,8,208,3,57,18.0,2,1,0.3157894736842105,0.5,1
2012,4,154,208,3,57,15.0,3,1,0.2631578947368421,0.3333333333333333,1
2012,4,17,9,3,57,12.0,4,0,0.21052631578947367,0.25,0
2012,4,3,131,3,57,10.0,5,0,0.17543859649122806,0.2,0
2012,4,814,10,3,57,8.0,6,0,0.14035087719298245,0.16666666666666666,0
2012,4,4,6,3,57,6.0,7,0,0.10526315789473684,0.14285714285714285,0
2012,4,1,1,3,57,4.0,8,0,0.07017543859649122,0.125,0
2012,4,13,6,3,57,2.0,9,0,0.03508771929824561,0.1111111111111111,0
2012,4,30,131,3,57,1.0,10,0,0.017543859649122806,0.1,0
2012,4,815,15,3,57,0.0,11,0,0.0,0.09090909090909091,0
2012,4,807,10,3,57,0.0,12,0,0.0,0.08333333333333333,0
2012,4,155,15,3,57,0.0,13,0,0.0,0.07692307692307693,0
2012,4,818,5,3,57,0.0,14,0,0.0,0.07142857142857142,0
2012,4,817,5,3,56,0.0,15,0,0.0,0.06666666666666667,0
2012,4,808,207,3,56,0.0,16,0,0.0,0.0625,0
2012,4,5,207,3,56,0.0,17,0,0.0,0.058823529411764705,0
2012,4,18,1,3,55,0.0,18,0,0.0,0.05555555555555555,0
2012,4,10,206,3,55,0.0,19,0,0.0,0.05263157894736842,0
2012,4,37,164,3,55,0.0,20,0,0.0,0.05,0
2012,4,39,164,3,55,0.0,21,0,0.0,0.047619047619047616,0
2012,4,811,3,3,54,0.0,22,0,0.0,0.045454545454545456,0
2012,4,813,3,3,25,0.0,23,0,0.0,0.043478260869565216,0
2012,4,819,206,3,24,0.0,24,0,0.0,0.041666666666666664,0
2012,5,813,3,4,66,25.0,1,1,0.3787878787878788,1.0,1
2012,5,4,6,4,66,18.0,2,1,0.2727272727272727,0.5,1
2012,5,8,208,4,66,15.0,3,1,0.22727272727272727,0.3333333333333333,1
2012,5,154,208,4,66,12.0,4,0,0.18181818181818182,0.25,0
2012,5,155,15,4,66,10.0,5,0,0.15151515151515152,0.2,0
2012,5,20,9,4,66,8.0,6,0,0.12121212121212122,0.16666666666666666,0
2012,5,3,131,4,66,6.0,7,0,0.09090909090909091,0.14285714285714285,0
2012,5,1,1,4,66,4.0,8,0,0.06060606060606061,0.125,0
2012,5,18,1,4,66,2.0,9,0,0.030303030303030304,0.1111111111111111,0
2012,5,807,10,4,65,1.0,10,0,0.015384615384615385,0.1,0
2012,5,17,9,4,65,0.0,11,0,0.0,0.09090909090909091,0
2012,5,818,5,4,65,0.0,12,0,0.0,0.08333333333333333,0
2012,5,817,5,4,65,0.0,13,0,0.0,0.07692307692307693,0
2012,5,814,10,4,65,0.0,14,0,0.0,0.07142857142857142,0
2012,5,13,6,4,65,0.0,15,0,0.0,0.06666666666666667,0
2012,5,5,207,4,65,0.0,16,0,0.0,0.0625,0
2012,5,808,207,4,65,0.0,17,0,0.0,0.058823529411764705,0
2012,5,10,206,4,64,0.0,18,0,0.0,0.05555555555555555,0
2012,5,37,164,4,63,0.0,19,0,0.0,0.05263157894736842,0
2012,5,815,15,4,37,0.0,20,0,0.0,0.05,0
2012,5,819,206,4,35,0.0,21,0,0.0,0.047619047619047616,0
2012,5,39,164,4,22,0.0,22,0,0.0,0.045454545454545456,0
2012,5,811,3,4,12,0.0,23,0,0.0,0.043478260869565216,0
2012,5,30,131,4,12,0.0,24,0,0.0,0.041666666666666664,0
2012,6,17,9,6,78,25.0,1,1,0.32051282051282054,1.0,1
2012,6,3,131,6,78,18.0,2,1,0.23076923076923078,0.5,1
2012,6,4,6,6,78,15.0,3,1,0.19230769230769232,0.3333333333333333,1
2012,6,20,9,6,78,12.0,4,0,0.15384615384615385,0.25,0
2012,6,1,1,6,78,10.0,5,0,0.1282051282051282,0.2,0
2012,6,13,6,6,78,8.0,6,0,0.10256410256410256,0.16666666666666666,0
2012,6,814,10,6,78,6.0,7,0,0.07692307692307693,0.14285714285714285,0
2012,6,807,10,6,78,4.0,8,0,0.05128205128205128,0.125,0
2012,6,8,208,6,78,2.0,9,0,0.02564102564102564,0.1111111111111111,0
2012,6,811,3,6,78,1.0,10,0,0.01282051282051282,0.1,0
2012,6,818,5,6,77,0.0,12,0,0.0,0.08333333333333333,0
2012,6,5,207,6,77,0.0,13,0,0.0,0.07692307692307693,0
2012,6,10,206,6,77,0.0,14,0,0.0,0.07142857142857142,0
2012,6,39,164,6,76,0.0,15,0,0.0,0.06666666666666667,0
2012,6,18,1,6,70,0.0,16,0,0.0,0.0625,0
2012,6,817,5,6,65,0.0,17,0,0.0,0.058823529411764705,0
2012,6,819,206,6,64,0.0,18,0,0.0,0.05555555555555555,0
2012,6,30,131,6,63,0.0,19,0,0.0,0.05263157894736842,0
2012,6,808,207,6,15,0.0,20,0,0.0,0.05,0
2012,6,155,15,6,5,0.0,21,0,0.0,0.047619047619047616,0
2012,6,37,164,6,0,0.0,22,0,,0.045454545454545456,0
2012,6,813,3,6,0,0.0,23,0,,0.043478260869565216,0
2012,6,154,208,6,0,0.0,24,0,,0.041666666666666664,0
2012,7,1,1,7,70,25.0,1,1,0.35714285714285715,1.0,1
2012,7,154,208,7,70,18.0,2,1,0.2571428571428571,0.5,1
2012,7,815,15,7,70,15.0,3,1,0.21428571428571427,0.3333333333333333,1
2012,7,20,9,7,70,12.0,4,0,0.17142857142857143,0.25,0
2012,7,4,6,7,70,10.0,5,0,0.14285714285714285,0.2,0
2012,7,3,131,7,70,8.0,6,0,0.11428571428571428,0.16666666666666666,0
2012,7,17,9,7,70,6.0,7,0,0.08571428571428572,0.14285714285714285,0
2012,7,8,208,7,70,4.0,8,0,0.05714285714285714,0.125,0
2012,7,155,15,7,70,2.0,9,0,0.02857142857142857,0.1111111111111111,0
2012,7,13,6,7,70,1.0,10,0,0.014285714285714285,0.1,0
2012,7,814,10,7,70,0.0,11,0,0.0,0.09090909090909091,0
2012,7,807,10,7,70,0.0,12,0,0.0,0.08333333333333333,0
2012,7,813,3,7,70,0.0,13,0,0.0,0.07692307692307693,0
2012,7,817,5,7,70,0.0,14,0,0.0,0.07142857142857142,0
2012,7,818,5,7,69,0.0,15,0,0.0,0.06666666666666667,0
2012,7,18,1,7,69,0.0,16,0,0.0,0.0625,0
2012,7,811,3,7,69,0.0,17,0,0.0,0.058823529411764705,0
2012,7,5,207,7,69,0.0,18,0,0.0,0.05555555555555555,0
2012,7,808,207,7,69,0.0,19,0,0.0,0.05263157894736842,0
2012,7,819,206,7,69,0.0,20,0,0.0,0.05,0
2012,7,10,206,7,56,0.0,21,0,0.0,0.047619047619047616,0
2012,7,30,131,7,43,0.0,22,0,0.0,0.045454545454545456,0
2012,7,37,164,7,24,0.0,23,0,0.0,0.043478260869565216,0
2012,7,39,164,7,22,0.0,24,0,0.0,0.041666666666666664,0
2012,8,4,6,12,57,25.0,1,1,0.43859649122807015,1.0,1
2012,8,8,208,12,57,18.0,2,1,0.3157894736842105,0.5,1
2012,8,30,131,12,57,15.0,3,1,0.2631578947368421,0.3333333333333333,1
2012,8,17,9,12,57,12.0,4,0,0.21052631578947367,0.25,0
2012,8,807,10,12,57,10.0,5,0,0.17543859649122806,0.2,0
2012,8,3,131,12,57,8.0,6,0,0.14035087719298245,0.16666666666666666,0
2012,8,814,10,12,57,6.0,7,0,0.10526315789473684,0.14285714285714285,0
2012,8,18,1,12,57,4.0,8,0,0.07017543859649122,0.125,0
2012,8,815,15,12,57,2.0,9,0,0.03508771929824561,0.1111111111111111,0
2012,8,811,3,12,57,1.0,10,0,0.017543859649122806,0.1,0
2012,8,817,5,12,57,0.0,11,0,0.0,0.09090909090909091,0
2012,8,813,3,12,57,0.0,12,0,0.0,0.08333333333333333,0
2012,8,808,207,12,57,0.0,13,0,0.0,0.07692307692307693,0
2012,8,5,207,12,57,0.0,14,0,0.0,0.07142857142857142,0
2012,8,819,206,12,57,0.0,15,0,0.0,0.06666666666666667,0
2012,8,13,6,12,56,0.0,16,0,0.0,0.0625,0
2012,8,37,164,12,56,0.0,17,0,0.0,0.058823529411764705,0
2012,8,39,164,12,56,0.0,18,0,0.0,0.05555555555555555,0
2012,8,1,1,12,55,0.0,19,0,0.0,0.05263157894736842,0
2012,8,154,208,12,40,0.0,20,0,0.0,0.05,0
2012,8,20,9,12,33,0.0,21,0,0.0,0.047619047619047616,0
2012,8,155,15,12,33,0.0,22,0,0.0,0.045454545454545456,0
2012,8,818,5,12,26,0.0,23,0,0.0,0.043478260869565216,0
2012,9,17,9,9,52,25.0,1,1,0.4807692307692308,1.0,1
2012,9,4,6,9,52,18.0,2,1,0.34615384615384615,0.5,1
2012,9,20,9,9,52,15.0,3,1,0.28846153846153844,0.3333333333333333,1
2012,9,13,6,9,52,12.0,4,0,0.23076923076923078,0.25,0
2012,9,8,208,9,52,10.0,5,0,0.19230769230769232,0.2,0
2012,9,154,208,9,52,8.0,6,0,0.15384615384615385,0.16666666666666666,0
2012,9,30,131,9,52,6.0,7,0,0.11538461538461539,0.14285714285714285,0
2012,9,1,1,9,52,4.0,8,0,0.07692307692307693,0.125,0
2012,9,811,3,9,52,2.0,9,0,0.038461538461538464,0.1111111111111111,0
2012,9,18,1,9,52,1.0,10,0,0.019230769230769232,0.1,0
2012,9,155,15,9,52,0.0,11,0,0.0,0.09090909090909091,0
2012,9,807,10,9,52,0.0,12,0,0.0,0.08333333333333333,0
2012,9,817,5,9,52,0.0,13,0,0.0,0.07692307692307693,0
2012,9,818,5,9,52,0.0,14,0,0.0,0.07142857142857142,0
2012,9,3,131,9,52,0.0,15,0,0.0,0.06666666666666667,0
2012,9,813,3,9,51,0.0,16,0,0.0,0.0625,0
2012,9,5,207,9,51,0.0,17,0,0.0,0.058823529411764705,0
2012,9,10,206,9,51,0.0,18,0,0.0,0.05555555555555555,0
2012,9,819,206,9,51,0.0,19,0,0.0,0.05263157894736842,0
2012,9,37,164,9,50,0.0,20,0,0.0,0.05,0
2012,9,39,164,9,50,0.0,21,0,0.0,0.047619047619047616,0
2012,9,815,15,9,11,0.0,22,0,0.0,0.045454545454545456,0
2012,9,814,10,9,2,0.0,23,0,0.0,0.043478260869565216,0
2012,9,808,207,9,0,0.0,24,0,,0.041666666666666664,0
2012,10,4,6,10,67,25.0,1,1,0.373134328358209,1.0,1
2012,10,18,1,10,67,18.0,2,1,0.26865671641791045,0.5,1
2012,10,8,208,10,67,15.0,3,1,0.22388059701492538,0.3333333333333333,1
2012,10,155,15,10,67,12.0,4,0,0.1791044776119403,0.25,0
2012,10,20,9,10,67,10.0,5,0,0.14925373134328357,0.2,0
2012,10,815,15,10,67,8.0,6,0,0.11940298507462686,0.16666666666666666,0
2012,10,30,131,10,67,6.0,7,0,0.08955223880597014,0.14285714285714285,0
2012,10,17,9,10,67,4.0,8,0,0.05970149253731343,0.125,0
2012,10,807,10,10,67,2.0,9,0,0.029850746268656716,0.1111111111111111,0
2012,10,3,131,10,67,1.0,10,0,0.014925373134328358,0.1,0
2012,10,814,10,10,67,0.0,11,0,0.0,0.09090909090909091,0
2012,10,13,6,10,67,0.0,12,0,0.0,0.08333333333333333,0
2012,10,817,5,10,67,0.0,13,0,0.0,0.07692307692307693,0
2012,10,818,5,10,67,0.0,14,0,0.0,0.07142857142857142,0
2012,10,813,3,10,66,0.0,15,0,0.0,0.06666666666666667,0
2012,10,808,207,10,66,0.0,16,0,0.0,0.0625,0
2012,10,811,3,10,66,0.0,17,0,0.0,0.058823529411764705,0
2012,10,154,208,10,66,0.0,18,0,0.0,0.05555555555555555,0
2012,10,5,207,10,65,0.0,19,0,0.0,0.05263157894736842,0
2012,10,819,206,10,65,0.0,20,0,0.0,0.05,0
2012,10,37,164,10,64,0.0,21,0,0.0,0.047619047619047616,0
2012,10,10,206,10,64,0.0,22,0,0.0,0.045454545454545456,0
2012,10,39,164,10,64,0.0,23,0,0.0,0.043478260869565216,0
2012,10,1,1,10,56,0.0,24,0,0.0,0.041666666666666664,0
2012,11,1,1,11,69,25.0,1,1,0.36231884057971014,1.0,1
2012,11,8,208,11,69,18.0,2,1,0.2608695652173913,0.5,1
2012,11,154,208,11,69,15.0,3,1,0.21739130434782608,0.3333333333333333,1
2012,11,20,9,11,69,12.0,4,0,0.17391304347826086,0.25,0
2012,11,4,6,11,69,10.0,5,0,0.14492753623188406,0.2,0
2012,11,18,1,11,69,8.0,6,0,0.11594202898550725,0.16666666666666666,0
2012,11,811,3,11,69,6.0,7,0,0.08695652173913043,0.14285714285714285,0
2012,11,17,9,11,69,4.0,8,0,0.057971014492753624,0.125,0
2012,11,13,6,11,69,2.0,9,0,0.028985507246376812,0.1111111111111111,0
2012,11,3,131,11,69,1.0,10,0,0.014492753623188406,0.1,0
2012,11,807,10,11,69,0.0,11,0,0.0,0.09090909090909091,0
2012,11,814,10,11,69,0.0,12,0,0.0,0.08333333333333333,0
2012,11,813,3,11,69,0.0,13,0,0.0,0.07692307692307693,0
2012,11,815,15,11,69,0.0,14,0,0.0,0.07142857142857142,0
2012,11,817,5,11,68,0.0,15,0,0.0,0.06666666666666667,0
2012,11,818,5,11,68,0.0,16,0,0.0,0.0625,0
2012,11,5,207,11,68,0.0,17,0,0.0,0.058823529411764705,0
2012,11,155,15,11,67,0.0,18,0,0.0,0.05555555555555555,0
2012,11,808,207,11,67,0.0,19,0,0.0,0.05263157894736842,0
2012,11,819,206,11,67,0.0,20,0,0.0,0.05,0
2012,11,10,206,11,66,0.0,21,0,0.0,0.047619047619047616,0
2012,11,37,164,11,66,0.0,22,0,0.0,0.045454545454545456,0
2012,11,39,164,11,60,0.0,23,0,0.0,0.043478260869565216,0
2012,11,30,131,11,58,0.0,24,0,0.0,0.041666666666666664,0
2012,12,18,1,13,44,25.0,1,1,0.5681818181818182,1.0,1
2012,12,20,9,13,44,18.0,2,1,0.4090909090909091,0.5,1
2012,12,8,208,13,44,15.0,3,1,0.3409090909090909,0.3333333333333333,1
2012,12,807,10,13,44,12.0,4,0,0.2727272727272727,0.25,0
2012,12,13,6,13,44,10.0,5,0,0.22727272727272727,0.2,0
2012,12,17,9,13,44,8.0,6,0,0.18181818181818182,0.16666666666666666,0
2012,12,30,131,13,44,6.0,7,0,0.13636363636363635,0.14285714285714285,0
2012,12,818,5,13,44,4.0,8,0,0.09090909090909091,0.125,0
2012,12,817,5,13,44,2.0,9,0,0.045454545454545456,0.1111111111111111,0
2012,12,814,10,13,44,1.0,10,0,0.022727272727272728,0.1,0
2012,12,3,131,13,44,0.0,11,0,0.0,0.09090909090909091,0
2012,12,811,3,13,44,0.0,12,0,0.0,0.08333333333333333,0
2012,12,155,15,13,44,0.0,13,0,0.0,0.07692307692307693,0
2012,12,808,207,13,43,0.0,14,0,0.0,0.07142857142857142,0
2012,12,10,206,13,43,0.0,15,0,0.0,0.06666666666666667,0
2012,12,819,206,13,43,0.0,16,0,0.0,0.0625,0
2012,12,5,207,13,43,0.0,17,0,0.0,0.058823529411764705,0
2012,12,37,164,13,43,0.0,18,0,0.0,0.05555555555555555,0
2012,12,39,164,13,29,0.0,19,0,0.0,0.05263157894736842,0
2012,12,813,3,13,4,0.0,20,0,0.0,0.05,0
2012,12,815,15,13,0,0.0,21,0,,0.047619047619047616,0
2012,12,4,6,13,0,0.0,22,0,,0.045454545454545456,0
2012,12,1,1,13,0,0.0,23,0,,0.043478260869565216,0
2012,12,154,208,13,0,0.0,24,0,,0.041666666666666664,0
2012,13,1,1,14,53,25.0,1,1,0.4716981132075472,1.0,1
2012,13,815,15,14,53,18.0,2,1,0.33962264150943394,0.5,1
2012,13,4,6,14,53,15.0,3,1,0.2830188679245283,0.3333333333333333,1
2012,13,13,6,14,53,12.0,4,0,0.22641509433962265,0.25,0
2012,13,8,208,14,53,10.0,5,0,0.18867924528301888,0.2,0
2012,13,30,131,14,53,8.0,6,0,0.1509433962264151,0.16666666666666666,0
2012,13,3,131,14,53,6.0,7,0,0.11320754716981132,0.14285714285714285,0
2012,13,814,10,14,53,4.0,8,0,0.07547169811320754,0.125,0
2012,13,155,15,14,53,2.0,9,0,0.03773584905660377,0.1111111111111111,0
2012,13,811,3,14,53,1.0,10,0,0.018867924528301886,0.1,0
2012,13,813,3,14,53,0.0,11,0,0.0,0.09090909090909091,0
2012,13,817,5,14,53,0.0,12,0,0.0,0.08333333333333333,0
2012,13,816,208,14,53,0.0,13,0,0.0,0.07692307692307693,0
2012,13,5,207,14,52,0.0,14,0,0.0,0.07142857142857142,0
2012,13,808,207,14,52,0.0,15,0,0.0,0.06666666666666667,0
2012,13,819,206,14,52,0.0,16,0,0.0,0.0625,0
2012,13,10,206,14,52,0.0,17,0,0.0,0.058823529411764705,0
2012,13,37,164,14,52,0.0,18,0,0.0,0.05555555555555555,0
2012,13,39,164,14,52,0.0,19,0,0.0,0.05263157894736842,0
2012,13,17,9,14,51,0.0,20,0,0.0,0.05,0
2012,13,20,9,14,47,0.0,22,0,0.0,0.045454545454545456,0
2012,13,18,1,14,32,0.0,23,0,0.0,0.043478260869565216,0
2012,13,818,5,14,8,0.0,24,0,0.0,0.041666666666666664,0
2012,14,20,9,15,59,25.0,1,1,0.423728813559322,1.0,1
2012,14,18,1,15,59,18.0,2,1,0.3050847457627119,0.5,1
2012,14,4,6,15,59,15.0,3,1,0.2542372881355932,0.3333333333333333,1
2012,14,814,10,15,59,12.0,4,0,0.2033898305084746,0.25,0
2012,14,3,131,15,59,10.0,5,0,0.1694915254237288,0.2,0
2012,14,8,208,15,59,8.0,6,0,0.13559322033898305,0.16666666666666666,0
2012,14,154,208,15,59,6.0,7,0,0.1016949152542373,0.14285714285714285,0
2012,14,13,6,15,59,4.0,8,0,0.06779661016949153,0.125,0
2012,14,817,5,15,59,2.0,9,0,0.03389830508474576,0.1111111111111111,0
2012,14,815,15,15,59,1.0,10,0,0.01694915254237288,0.1,0
2012,14,17,9,15,59,0.0,11,0,0.0,0.09090909090909091,0
2012,14,10,206,15,59,0.0,12,0,0.0,0.08333333333333333,0
2012,14,155,15,15,59,0.0,13,0,0.0,0.07692307692307693,0
2012,14,807,10,15,59,0.0,14,0,0.0,0.07142857142857142,0
2012,14,5,207,15,59,0.0,15,0,0.0,0.06666666666666667,0
2012,14,819,206,15,59,0.0,16,0,0.0,0.0625,0
2012,14,37,164,15,58,0.0,17,0,0.0,0.058823529411764705,0
2012,14,811,3,15,57,0.0,18,0,0.0,0.05555555555555555,0
2012,14,808,207,15,57,0.0,19,0,0.0,0.05263157894736842,0
2012,14,818,5,15,38,0.0,20,0,0.0,0.05,0
2012,14,30,131,15,38,0.0,21,0,0.0,0.047619047619047616,0
2012,14,813,3,15,36,0.0,22,0,0.0,0.045454545454545456,0
2012,14,39,164,15,30,0.0,23,0,0.0,0.043478260869565216,0
2012,14,1,1,15,22,0.0,24,0,0.0,0.041666666666666664,0
2012,15,20,9,22,53,25.0,1,1,0.4716981132075472,1.0,1
2012,15,13,6,22,53,18.0,2,1,0.33962264150943394,0.5,1
2012,15,155,15,22,53,15.0,3,1,0.2830188679245283,0.3333333333333333,1
2012,15,18,1,22,53,12.0,4,0,0.22641509433962265,0.25,0
2012,15,1,1,22,53,10.0,5,0,0.18867924528301888,0.2,0
2012,15,8,208,22,53,8.0,6,0,0.1509433962264151,0.16666666666666666,0
2012,15,807,10,22,53,6.0,7,0,0.11320754716981132,0.14285714285714285,0
2012,15,813,3,22,53,4.0,8,0,0.07547169811320754,0.125,0
2012,15,17,9,22,53,2.0,9,0,0.03773584905660377,0.1111111111111111,0
2012,15,817,5,22,53,1.0,10,0,0.018867924528301886,0.1,0
2012,15,30,131,22,53,0.0,11,0,0.0,0.09090909090909091,0
2012,15,814,10,22,53,0.0,12,0,0.0,0.08333333333333333,0
2012,15,818,5,22,53,0.0,13,0,0.0,0.07692307692307693,0
2012,15,811,3,22,53,0.0,14,0,0.0,0.07142857142857142,0
2012,15,5,207,22,52,0.0,15,0,0.0,0.06666666666666667,0
2012,15,10,206,22,52,0.0,16,0,0.0,0.0625,0
2012,15,808,207,22,52,0.0,17,0,0.0,0.058823529411764705,0
2012,15,37,164,22,52,0.0,18,0,0.0,0.05555555555555555,0
2012,15,154,208,22,51,0.0,19,0,0.0,0.05263157894736842,0
2012,15,819,206,22,37,0.0,20,0,0.0,0.05,0
2012,15,39,164,22,32,0.0,21,0,0.0,0.047619047619047616,0
2012,15,815,15,22,18,0.0,22,0,0.0,0.045454545454545456,0
2012,15,4,6,22,0,0.0,23,0,,0.043478260869565216,0
2012,15,3,131,22,0,0.0,24,0,,0.041666666666666664,0
2012,16,20,9,35,55,25.0,1,1,0.45454545454545453,1.0,1
2012,16,17,9,35,55,18.0,2,1,0.32727272727272727,0.5,1
2012,16,4,6,35,55,15.0,3,1,0.2727272727272727,0.3333333333333333,1
2012,16,13,6,35,55,12.0,4,0,0.21818181818181817,0.25,0
2012,16,8,208,35,55,10.0,5,0,0.18181818181818182,0.2,0
2012,16,807,10,35,55,8.0,6,0,0.14545454545454545,0.16666666666666666,0
2012,16,154,208,35,55,6.0,7,0,0.10909090909090909,0.14285714285714285,0
2012,16,818,5,35,55,4.0,8,0,0.07272727272727272,0.125,0
2012,16,817,5,35,55,2.0,9,0,0.03636363636363636,0.1111111111111111,0
2012,16,1,1,35,55,1.0,10,0,0.01818181818181818,0.1,0
2012,16,815,15,35,55,0.0,11,0,0.0,0.09090909090909091,0
2012,16,814,10,35,55,0.0,12,0,0.0,0.08333333333333333,0
2012,16,30,131,35,55,0.0,13,0,0.0,0.07692307692307693,0
2012,16,813,3,35,55,0.0,14,0,0.0,0.07142857142857142,0
2012,16,811,3,35,55,0.0,15,0,0.0,0.06666666666666667,0
2012,16,808,207,35,54,0.0,16,0,0.0,0.0625,0
2012,16,5,207,35,54,0.0,17,0,0.0,0.058823529411764705,0
2012,16,10,206,35,54,0.0,18,0,0.0,0.05555555555555555,0
2012,16,819,206,35,53,0.0,19,0,0.0,0.05263157894736842,0
2012,16,37,164,35,16,0.0,21,0,0.0,0.047619047619047616,0
2012,16,155,15,35,16,0.0,22,0,0.0,0.045454545454545456,0
2012,16,3,131,35,1,0.0,23,0,0.0,0.043478260869565216,0
2012,16,18,1,35,0,0.0,24,0,,0.041666666666666664,0
2012,17,20,9,68,60,25.0,1,1,0.4166666666666667,1.0,1
2012,17,4,6,68,60,18.0,2,1,0.3,0.5,1
2012,17,17,9,68,60,15.0,3,1,0.25,0.3333333333333333,1
2012,17,1,1,68,60,12.0,4,0,0.2,0.25,0
2012,17,18,1,68,60,10.0,5,0,0.16666666666666666,0.2,0
2012,17,13,6,68,60,8.0,6,0,0.13333333333333333,0.16666666666666666,0
2012,17,8,208,68,60,6.0,7,0,0.1,0.14285714285714285,0
2012,17,807,10,68,60,4.0,8,0,0.06666666666666667,0.125,0
2012,17,154,208,68,60,2.0,9,0,0.03333333333333333,0.1111111111111111,0
2012,17,811,3,68,60,1.0,10,0,0.016666666666666666,0.1,0
2012,17,3,131,68,60,0.0,11,0,0.0,0.09090909090909091,0
2012,17,814,10,68,60,0.0,12,0,0.0,0.08333333333333333,0
2012,17,817,5,68,60,0.0,13,0,0.0,0.07692307692307693,0
2012,17,155,15,68,60,0.0,14,0,0.0,0.07142857142857142,0
2012,17,818,5,68,59,0.0,15,0,0.0,0.06666666666666667,0
2012,17,813,3,68,59,0.0,16,0,0.0,0.0625,0
2012,17,808,207,68,59,0.0,17,0,0.0,0.058823529411764705,0
2012,17,5,207,68,59,0.0,18,0,0.0,0.05555555555555555,0
2012,17,819,206,68,59,0.0,19,0,0.0,0.05263157894736842,0
2012,17,10,206,68,58,0.0,20,0,0.0,0.05,0
2012,17,39,164,68,58,0.0,21,0,0.0,0.047619047619047616,0
2012,17,30,131,68,55,0.0,22,0,0.0,0.045454545454545456,0
2012,17,37,164,68,43,0.0,23,0,0.0,0.043478260869565216,0
2012,17,815,15,68,21,0.0,24,0,0.0,0.041666666666666664,0
2012,18,8,208,24,55,25.0,1,1,0.45454545454545453,1.0,1
2012,18,4,6,24,55,18.0,2,1,0.32727272727272727,0.5,1
2012,18,20,9,24,55,15.0,3,1,0.2727272727272727,0.3333333333333333,1
2012,18,18,1,24,55,12.0,4,0,0.21818181818181817,0.25,0
2012,18,813,3,24,55,10.0,5,0,0.18181818181818182,0.2,0
2012,18,155,15,24,55,8.0,6,0,0.14545454545454545,0.16666666666666666,0
2012,18,13,6,24,55,6.0,7,0,0.10909090909090909,0.14285714285714285,0
2012,18,811,3,24,55,4.0,8,0,0.07272727272727272,0.125,0
2012,18,814,10,24,55,2.0,9,0,0.03636363636363636,0.1111111111111111,0
2012,18,817,5,24,55,1.0,10,0,0.01818181818181818,0.1,0
2012,18,30,131,24,55,0.0,11,0,0.0,0.09090909090909091,0
2012,18,818,5,24,55,0.0,12,0,0.0,0.08333333333333333,0
2012,18,5,207,24,55,0.0,13,0,0.0,0.07692307692307693,0
2012,18,10,206,24,55,0.0,14,0,0.0,0.07142857142857142,0
2012,18,815,15,24,55,0.0,15,0,0.0,0.06666666666666667,0
2012,18,808,207,24,55,0.0,16,0,0.0,0.0625,0
2012,18,37,164,24,55,0.0,17,0,0.0,0.058823529411764705,0
2012,18,819,206,24,41,0.0,18,0,0.0,0.05555555555555555,0
2012,18,154,208,24,37,0.0,19,0,0.0,0.05263157894736842,0
2012,18,17,9,24,37,0.0,20,0,0.0,0.05,0
2012,18,1,1,24,19,0.0,21,0,0.0,0.047619047619047616,0
2012,18,39,164,24,7,0.0,22,0,0.0,0.045454545454545456,0
2012,18,3,131,24,7,0.0,23,0,0.0,0.043478260869565216,0
2012,18,807,10,24,0,0.0,24,0,,0.041666666666666664,0
2012,19,1,1,69,56,25.0,1,1,0.44642857142857145,1.0,1
2012,19,20,9,69,56,18.0,2,1,0.32142857142857145,0.5,1
2012,19,4,6,69,56,15.0,3,1,0.26785714285714285,0.3333333333333333,1
2012,19,13,6,69,56,12.0,4,0,0.21428571428571427,0.25,0
2012,19,18,1,69,56,10.0,5,0,0.17857142857142858,0.2,0
2012,19,8,208,69,56,8.0,6,0,0.14285714285714285,0.16666666666666666,0
2012,19,154,208,69,56,6.0,7,0,0.10714285714285714,0.14285714285714285,0
2012,19,807,10,69,56,4.0,8,0,0.07142857142857142,0.125,0
2012,19,813,3,69,56,2.0,9,0,0.03571428571428571,0.1111111111111111,0
2012,19,811,3,69,56,1.0,10,0,0.017857142857142856,0.1,0
2012,19,815,15,69,56,0.0,11,0,0.0,0.09090909090909091,0
2012,19,817,5,69,56,0.0,12,0,0.0,0.08333333333333333,0
2012,19,3,131,69,56,0.0,13,0,0.0,0.07692307692307693,0
2012,19,155,15,69,55,0.0,14,0,0.0,0.07142857142857142,0
2012,19,814,10,69,55,0.0,15,0,0.0,0.06666666666666667,0
2012,19,30,131,69,55,0.0,16,0,0.0,0.0625,0
2012,19,808,207,69,55,0.0,17,0,0.0,0.058823529411764705,0
2012,19,5,207,69,55,0.0,18,0,0.0,0.05555555555555555,0
2012,19,10,206,69,55,0.0,19,0,0.0,0.05263157894736842,0
2012,19,819,206,69,54,0.0,20,0,0.0,0.05,0
2012,19,37,164,69,54,0.0,21,0,0.0,0.047619047619047616,0
2012,19,39,164,69,54,0.0,22,0,0.0,0.045454545454545456,0
2012,19,17,9,69,16,0.0,23,0,0.0,0.043478260869565216,0
2012,19,818,5,69,14,0.0,24,0,0.0,0.041666666666666664,0
2012,20,18,1,18,71,25.0,1,1,0.352112676056338,1.0,1
2012,20,4,6,18,71,18.0,2,1,0.2535211267605634,0.5,1
2012,20,13,6,18,71,15.0,3,1,0.2112676056338028,0.3333333333333333,1
2012,20,17,9,18,71,12.0,4,0,0.16901408450704225,0.25,0
2012,20,807,10,18,71,10.0,5,0,0.14084507042253522,0.2,0
2012,20,20,9,18,71,8.0,6,0,0.11267605633802817,0.16666666666666666,0
2012,20,30,131,18,71,6.0,7,0,0.08450704225352113,0.14285714285714285,0
2012,20,818,5,18,71,4.0,8,0,0.056338028169014086,0.125,0
2012,20,155,15,18,71,2.0,9,0,0.028169014084507043,0.1111111111111111,0
2012,20,8,208,18,70,1.0,10,0,0.014285714285714285,0.1,0
2012,20,808,207,18,70,0.0,11,0,0.0,0.09090909090909091,0
2012,20,819,206,18,70,0.0,12,0,0.0,0.08333333333333333,0
2012,20,817,5,18,70,0.0,13,0,0.0,0.07692307692307693,0
2012,20,5,207,18,70,0.0,14,0,0.0,0.07142857142857142,0
2012,20,3,131,18,70,0.0,15,0,0.0,0.06666666666666667,0
2012,20,10,206,18,70,0.0,16,0,0.0,0.0625,0
2012,20,37,164,18,69,0.0,17,0,0.0,0.058823529411764705,0
2012,20,39,164,18,69,0.0,18,0,0.0,0.05555555555555555,0
2012,20,814,10,18,68,0.0,19,0,0.0,0.05263157894736842,0
2012,20,1,1,18,54,0.0,20,0,0.0,0.05,0
2012,20,154,208,18,5,0.0,21,0,0.0,0.047619047619047616,0
2012,20,813,3,18,1,0.0,22,0,0.0,0.045454545454545456,0
2012,20,811,3,18,0,0.0,23,0,,0.043478260869565216,0
2012,20,815,15,18,0,0.0,24,0,,0.041666666666666664,0
2013,1,8,208,1,58,25.0,1,1,0.43103448275862066,1.0,1
2013,1,4,6,1,58,18.0,2,1,0.3103448275862069,0.5,1
2013,1,20,9,1,58,15.0,3,1,0.25862068965517243,0.3333333333333333,1
2013,1,13,6,1,58,12.0,4,0,0.20689655172413793,0.25,0
2013,1,1,131,1,58,10.0,5,0,0.1724137931034483,0.2,0
2013,1,17,9,1,58,8.0,6,0,0.13793103448275862,0.16666666666666666,0
2013,1,16,10,1,58,6.0,7,0,0.10344827586206896,0.14285714285714285,0
2013,1,814,10,1,58,4.0,8,0,0.06896551724137931,0.125,0
2013,1,18,1,1,58,2.0,9,0,0.034482758620689655,0.1111111111111111,0
2013,1,154,208,1,58,1.0,10,0,0.017241379310344827,0.1,0
2013,1,815,1,1,58,0.0,11,0,0.0,0.09090909090909091,0
2013,1,818,5,1,58,0.0,12,0,0.0,0.08333333333333333,0
2013,1,821,15,1,57,0.0,13,0,0.0,0.07692307692307693,0
2013,1,822,3,1,57,0.0,14,0,0.0,0.07142857142857142,0
2013,1,824,206,1,57,0.0,15,0,0.0,0.06666666666666667,0
2013,1,819,207,1,56,0.0,16,0,0.0,0.0625,0
2013,1,820,206,1,56,0.0,17,0,0.0,0.058823529411764705,0
2013,1,823,207,1,56,0.0,18,0,0.0,0.05555555555555555,0
2013,1,817,5,1,39,0.0,19,0,0.0,0.05263157894736842,0
2013,1,3,131,1,26,0.0,20,0,0.0,0.05,0
2013,1,813,3,1,24,0.0,21,0,0.0,0.047619047619047616,0
2013,1,807,15,1,0,0.0,22,0,,0.045454545454545456,0
2013,2,20,9,2,56,25.0,1,1,0.44642857142857145,1.0,1
2013,2,17,9,2,56,18.0,2,1,0.32142857142857145,0.5,1
2013,2,1,131,2,56,15.0,3,1,0.26785714285714285,0.3333333333333333,1
2013,2,3,131,2,56,12.0,4,0,0.21428571428571427,0.25,0
2013,2,13,6,2,56,10.0,5,0,0.17857142857142858,0.2,0
2013,2,154,208,2,56,8.0,6,0,0.14285714285714285,0.16666666666666666,0
2013,2,8,208,2,56,6.0,7,0,0.10714285714285714,0.14285714285714285,0
2013,2,807,15,2,56,4.0,8,0,0.07142857142857142,0.125,0
2013,2,815,1,2,56,2.0,9,0,0.03571428571428571,0.1111111111111111,0
2013,2,818,5,2,56,1.0,10,0,0.017857142857142856,0.1,0
2013,2,822,3,2,56,0.0,11,0,0.0,0.09090909090909091,0
2013,2,821,15,2,55,0.0,12,0,0.0,0.08333333333333333,0
2013,2,824,206,2,55,0.0,13,0,0.0,0.07692307692307693,0
2013,2,819,207,2,55,0.0,14,0,0.0,0.07142857142857142,0
2013,2,823,207,2,55,0.0,15,0,0.0,0.06666666666666667,0
2013,2,820,206,2,54,0.0,16,0,0.0,0.0625,0
2013,2,18,1,2,53,0.0,17,0,0.0,0.058823529411764705,0
2013,2,817,5,2,51,0.0,18,0,0.0,0.05555555555555555,0
2013,2,813,3,2,45,0.0,19,0,0.0,0.05263157894736842,0
2013,2,16,10,2,27,0.0,20,0,0.0,0.05,0
2013,2,814,10,2,22,0.0,21,0,0.0,0.047619047619047616,0
2013,2,4,6,2,1,0.0,22,0,0.0,0.045454545454545456,0
2013,3,4,6,17,56,25.0,1,1,0.44642857142857145,1.0,1
2013,3,8,208,17,56,18.0,2,1,0.32142857142857145,0.5,1
2013,3,1,131,17,56,15.0,3,1,0.26785714285714285,0.3333333333333333,1
2013,3,20,9,17,56,12.0,4,0,0.21428571428571427,0.25,0
2013,3,18,1,17,56,10.0,5,0,0.17857142857142858,0.2,0
2013,3,13,6,17,56,8.0,6,0,0.14285714285714285,0.16666666666666666,0
2013,3,817,5,17,56,6.0,7,0,0.10714285714285714,0.14285714285714285,0
2013,3,814,10,17,56,4.0,8,0,0.07142857142857142,0.125,0
2013,3,154,208,17,56,2.0,9,0,0.03571428571428571,0.1111111111111111,0
2013,3,807,15,17,56,1.0,10,0,0.017857142857142856,0.1,0
2013,3,815,1,17,56,0.0,11,0,0.0,0.09090909090909091,0
2013,3,818,5,17,56,0.0,12,0,0.0,0.08333333333333333,0
2013,3,822,3,17,56,0.0,13,0,0.0,0.07692307692307693,0
2013,3,813,3,17,56,0.0,14,0,0.0,0.07142857142857142,0
2013,3,824,206,17,55,0.0,15,0,0.0,0.06666666666666667,0
2013,3,819,207,17,55,0.0,16,0,0.0,0.0625,0
2013,3,820,206,17,55,0.0,17,0,0.0,0.058823529411764705,0
2013,3,823,207,17,55,0.0,18,0,0.0,0.05555555555555555,0
2013,3,3,131,17,21,0.0,19,0,0.0,0.05263157894736842,0
2013,3,17,9,17,15,0.0,20,0,0.0,0.05,0
2013,3,16,10,17,5,0.0,21,0,0.0,0.047619047619047616,0
2013,3,821,15,17,4,0.0,22,0,0.0,0.045454545454545456,0
2013,4,20,9,3,57,25.0,1,1,0.43859649122807015,1.0,1
2013,4,8,208,3,57,18.0,2,1,0.3157894736842105,0.5,1
2013,4,154,208,3,57,15.0,3,1,0.2631578947368421,0.3333333333333333,1
2013,4,814,10,3,57,12.0,4,0,0.21052631578947367,0.25,0
2013,4,1,131,3,57,10.0,5,0,0.17543859649122806,0.2,0
2013,4,815,1,3,57,8.0,6,0,0.14035087719298245,0.16666666666666666,0
2013,4,17,9,3,57,6.0,7,0,0.10526315789473684,0.14285714285714285,0
2013,4,4,6,3,57,4.0,8,0,0.07017543859649122,0.125,0
2013,4,3,131,3,57,2.0,9,0,0.03508771929824561,0.1111111111111111,0
2013,4,18,1,3,57,1.0,10,0,0.017543859649122806,0.1,0
2013,4,813,3,3,57,0.0,11,0,0.0,0.09090909090909091,0
2013,4,807,15,3,57,0.0,12,0,0.0,0.08333333333333333,0
2013,4,16,10,3,57,0.0,13,0,0.0,0.07692307692307693,0
2013,4,822,3,3,57,0.0,14,0,0.0,0.07142857142857142,0
2013,4,13,6,3,57,0.0,15,0,0.0,0.06666666666666667,0
2013,4,817,5,3,56,0.0,16,0,0.0,0.0625,0
2013,4,819,207,3,56,0.0,17,0,0.0,0.058823529411764705,0
2013,4,821,15,3,56,0.0,18,0,0.0,0.05555555555555555,0
2013,4,824,206,3,56,0.0,19,0,0.0,0.05263157894736842,0
2013,4,820,206,3,56,0.0,20,0,0.0,0.05,0
2013,4,823,207,3,55,0.0,21,0,0.0,0.047619047619047616,0
2013,4,818,5,3,16,0.0,22,0,0.0,0.045454545454545456,0
2013,5,4,6,4,66,25.0,1,1,0.3787878787878788,1.0,1
2013,5,8,208,4,66,18.0,2,1,0.2727272727272727,0.5,1
2013,5,13,6,4,66,15.0,3,1,0.22727272727272727,0.3333333333333333,1
2013,5,20,9,4,66,12.0,4,0,0.18181818181818182,0.25,0
2013,5,17,9,4,66,10.0,5,0,0.15151515151515152,0.2,0
2013,5,3,131,4,66,8.0,6,0,0.12121212121212122,0.16666666666666666,0
2013,5,814,10,4,66,6.0,7,0,0.09090909090909091,0.14285714285714285,0
2013,5,18,1,4,66,4.0,8,0,0.06060606060606061,0.125,0
2013,5,815,1,4,66,2.0,9,0,0.030303030303030304,0.1111111111111111,0
2013,5,817,5,4,65,1.0,10,0,0.015384615384615385,0.1,0
2013,5,821,15,4,65,0.0,11,0,0.0,0.09090909090909091,0
2013,5,1,131,4,65,0.0,12,0,0.0,0.08333333333333333,0
2013,5,16,10,4,65,0.0,13,0,0.0,0.07692307692307693,0
2013,5,813,3,4,65,0.0,14,0,0.0,0.07142857142857142,0
2013,5,807,15,4,65,0.0,15,0,0.0,0.06666666666666667,0
2013,5,822,3,4,65,0.0,16,0,0.0,0.0625,0
2013,5,819,207,4,65,0.0,17,0,0.0,0.058823529411764705,0
2013,5,824,206,4,64,0.0,18,0,0.0,0.05555555555555555,0
2013,5,820,206,4,64,0.0,19,0,0.0,0.05263157894736842,0
2013,5,818,5,4,52,0.0,20,0,0.0,0.05,0
2013,5,823,207,4,21,0.0,21,0,0.0,0.047619047619047616,0
2013,5,154,208,4,8,0.0,22,0,0.0,0.045454545454545456,0
2013,6,3,131,6,78,25.0,1,1,0.32051282051282054,1.0,1
2013,6,20,9,6,78,18.0,2,1,0.23076923076923078,0.5,1
2013,6,17,9,6,78,15.0,3,1,0.19230769230769232,0.3333333333333333,1
2013,6,1,131,6,78,12.0,4,0,0.15384615384615385,0.25,0
2013,6,16,10,6,78,10.0,5,0,0.1282051282051282,0.2,0
2013,6,18,1,6,78,8.0,6,0,0.10256410256410256,0.16666666666666666,0
2013,6,4,6,6,78,6.0,7,0,0.07692307692307693,0.14285714285714285,0
2013,6,818,5,6,78,4.0,8,0,0.05128205128205128,0.125,0
2013,6,814,10,6,78,2.0,9,0,0.02564102564102564,0.1111111111111111,0
2013,6,8,208,6,78,1.0,10,0,0.01282051282051282,0.1,0
2013,6,807,15,6,78,0.0,11,0,0.0,0.09090909090909091,0
2013,6,822,3,6,78,0.0,12,0,0.0,0.08333333333333333,0
2013,6,821,15,6,78,0.0,13,0,0.0,0.07692307692307693,0
2013,6,820,206,6,78,0.0,14,0,0.0,0.07142857142857142,0
2013,6,823,207,6,78,0.0,15,0,0.0,0.06666666666666667,0
2013,6,815,1,6,72,0.0,16,0,0.0,0.0625,0
2013,6,154,208,6,63,0.0,17,0,0.0,0.058823529411764705,0
2013,6,817,5,6,61,0.0,18,0,0.0,0.05555555555555555,0
2013,6,824,206,6,58,0.0,19,0,0.0,0.05263157894736842,0
2013,6,813,3,6,44,0.0,20,0,0.0,0.05,0
2013,6,13,6,6,28,0.0,21,0,0.0,0.047619047619047616,0
2013,6,819,207,6,7,0.0,22,0,0.0,0.045454545454545456,0
2013,7,20,9,7,70,25.0,1,1,0.35714285714285715,1.0,1
2013,7,4,6,7,70,18.0,2,1,0.2571428571428571,0.5,1
2013,7,1,131,7,70,15.0,3,1,0.21428571428571427,0.3333333333333333,1
2013,7,17,9,7,70,12.0,4,0,0.17142857142857143,0.25,0
2013,7,3,131,7,70,10.0,5,0,0.14285714285714285,0.2,0
2013,7,818,5,7,69,8.0,6,0,0.11594202898550725,0.16666666666666666,0
2013,7,814,10,7,69,6.0,7,0,0.08695652173913043,0.14285714285714285,0
2013,7,13,6,7,69,4.0,8,0,0.057971014492753624,0.125,0
2013,7,8,208,7,69,2.0,9,0,0.028985507246376812,0.1111111111111111,0
2013,7,16,10,7,69,1.0,10,0,0.014492753623188406,0.1,0
2013,7,815,1,7,69,0.0,11,0,0.0,0.09090909090909091,0
2013,7,18,1,7,69,0.0,12,0,0.0,0.08333333333333333,0
2013,7,154,208,7,69,0.0,13,0,0.0,0.07692307692307693,0
2013,7,822,3,7,69,0.0,14,0,0.0,0.07142857142857142,0
2013,7,817,5,7,68,0.0,15,0,0.0,0.06666666666666667,0
2013,7,813,3,7,68,0.0,16,0,0.0,0.0625,0
2013,7,824,206,7,68,0.0,17,0,0.0,0.058823529411764705,0
2013,7,819,207,7,67,0.0,18,0,0.0,0.05555555555555555,0
2013,7,820,206,7,67,0.0,19,0,0.0,0.05263157894736842,0
2013,7,821,15,7,63,0.0,20,0,0.0,0.05,0
2013,7,807,15,7,45,0.0,21,0,0.0,0.047619047619047616,0
2013,7,823,207,7,43,0.0,22,0,0.0,0.045454545454545456,0
2013,8,3,131,9,52,25.0,1,1,0.4807692307692308,1.0,1
2013,8,17,9,9,52,18.0,2,1,0.34615384615384615,0.5,1
2013,8,4,6,9,52,15.0,3,1,0.28846153846153844,0.3333333333333333,1
2013,8,1,131,9,52,12.0,4,0,0.23076923076923078,0.25,0
2013,8,8,208,9,52,10.0,5,0,0.19230769230769232,0.2,0
2013,8,13,6,9,52,8.0,6,0,0.15384615384615385,0.16666666666666666,0
2013,8,16,10,9,52,6.0,7,0,0.11538461538461539,0.14285714285714285,0
2013,8,817,5,9,52,4.0,8,0,0.07692307692307693,0.125,0
2013,8,814,10,9,52,2.0,9,0,0.038461538461538464,0.1111111111111111,0
2013,8,807,15,9,52,1.0,10,0,0.019230769230769232,0.1,0
2013,8,813,3,9,52,0.0,11,0,0.0,0.09090909090909091,0
2013,8,822,3,9,52,0.0,12,0,0.0,0.08333333333333333,0
2013,8,18,1,9,52,0.0,13,0,0.0,0.07692307692307693,0
2013,8,821,15,9,52,0.0,14,0,0.0,0.07142857142857142,0
2013,8,819,207,9,52,0.0,15,0,0.0,0.06666666666666667,0
2013,8,824,206,9,52,0.0,16,0,0.0,0.0625,0
2013,8,820,206,9,52,0.0,17,0,0.0,0.058823529411764705,0
2013,8,823,207,9,52,0.0,18,0,0.0,0.05555555555555555,0
2013,8,154,208,9,51,0.0,19,0,0.0,0.05263157894736842,0
2013,8,815,1,9,46,0.0,20,0,0.0,0.05,0
2013,8,20,9,9,41,0.0,21,0,0.0,0.047619047619047616,0
2013,8,818,5,9,35,0.0,22,0,0.0,0.045454545454545456,0
2013,9,20,9,20,60,25.0,1,1,0.4166666666666667,1.0,1
2013,9,8,208,20,60,18.0,2,1,0.3,0.5,1
2013,9,154,208,20,60,15.0,3,1,0.25,0.3333333333333333,1
2013,9,4,6,20,60,12.0,4,0,0.2,0.25,0
2013,9,1,131,20,60,10.0,5,0,0.16666666666666666,0.2,0
2013,9,18,1,20,60,8.0,6,0,0.13333333333333333,0.16666666666666666,0
2013,9,17,9,20,60,6.0,7,0,0.1,0.14285714285714285,0
2013,9,815,1,20,60,4.0,8,0,0.06666666666666667,0.125,0
2013,9,3,131,20,60,2.0,9,0,0.03333333333333333,0.1111111111111111,0
2013,9,807,15,20,60,1.0,10,0,0.016666666666666666,0.1,0
2013,9,814,10,20,60,0.0,11,0,0.0,0.09090909090909091,0
2013,9,817,5,20,60,0.0,12,0,0.0,0.08333333333333333,0
2013,9,16,10,20,60,0.0,13,0,0.0,0.07692307692307693,0
2013,9,821,15,20,60,0.0,14,0,0.0,0.07142857142857142,0
2013,9,813,3,20,60,0.0,15,0,0.0,0.06666666666666667,0
2013,9,822,3,20,59,0.0,16,0,0.0,0.0625,0
2013,9,819,207,20,59,0.0,17,0,0.0,0.058823529411764705,0
2013,9,823,207,20,59,0.0,18,0,0.0,0.05555555555555555,0
2013,9,820,206,20,59,0.0,19,0,0.0,0.05263157894736842,0
2013,9,818,5,20,22,0.0,20,0,0.0,0.05,0
2013,9,824,206,20,21,0.0,21,0,0.0,0.047619047619047616,0
2013,9,13,6,20,3,0.0,22,0,0.0,0.045454545454545456,0
2013,10,1,131,11,70,25.0,1,1,0.35714285714285715,1.0,1
2013,10,8,208,11,70,18.0,2,1,0.2571428571428571,0.5,1
2013,10,20,9,11,70,15.0,3,1,0.21428571428571427,0.3333333333333333,1
2013,10,17,9,11,70,12.0,4,0,0.17142857142857143,0.25,0
2013,10,4,6,11,70,10.0,5,0,0.14285714285714285,0.2,0
2013,10,154,208,11,70,8.0,6,0,0.11428571428571428,0.16666666666666666,0
2013,10,18,1,11,70,6.0,7,0,0.08571428571428572,0.14285714285714285,0
2013,10,13,6,11,70,4.0,8,0,0.05714285714285714,0.125,0
2013,10,815,1,11,69,2.0,9,0,0.028985507246376812,0.1111111111111111,0
2013,10,813,3,11,69,1.0,10,0,0.014492753623188406,0.1,0
2013,10,807,15,11,69,0.0,11,0,0.0,0.09090909090909091,0
2013,10,818,5,11,69,0.0,12,0,0.0,0.08333333333333333,0
2013,10,817,5,11,69,0.0,13,0,0.0,0.07692307692307693,0
2013,10,823,207,11,68,0.0,14,0,0.0,0.07142857142857142,0
2013,10,819,207,11,68,0.0,15,0,0.0,0.06666666666666667,0
2013,10,824,206,11,67,0.0,16,0,0.0,0.0625,0
2013,10,820,206,11,67,0.0,17,0,0.0,0.058823529411764705,0
2013,10,814,10,11,66,0.0,18,0,0.0,0.05555555555555555,0
2013,10,3,131,11,64,0.0,19,0,0.0,0.05263157894736842,0
2013,10,822,3,11,42,0.0,20,0,0.0,0.05,0
2013,10,821,15,11,28,0.0,21,0,0.0,0.047619047619047616,0
2013,10,16,10,11,19,0.0,22,0,0.0,0.045454545454545456,0
2013,11,20,9,13,44,25.0,1,1,0.5681818181818182,1.0,1
2013,11,4,6,13,44,18.0,2,1,0.4090909090909091,0.5,1
2013,11,1,131,13,44,15.0,3,1,0.3409090909090909,0.3333333333333333,1
2013,11,3,131,13,44,12.0,4,0,0.2727272727272727,0.25,0
2013,11,17,9,13,44,10.0,5,0,0.22727272727272727,0.2,0
2013,11,18,1,13,44,8.0,6,0,0.18181818181818182,0.16666666666666666,0
2013,11,13,6,13,44,6.0,7,0,0.13636363636363635,0.14285714285714285,0
2013,11,154,208,13,44,4.0,8,0,0.09090909090909091,0.125,0
2013,11,16,10,13,44,2.0,9,0,0.045454545454545456,0.1111111111111111,0
2013,11,817,5,13,44,1.0,10,0,0.022727272727272728,0.1,0
2013,11,815,1,13,44,0.0,11,0,0.0,0.09090909090909091,0
2013,11,818,5,13,44,0.0,12,0,0.0,0.08333333333333333,0
2013,11,807,15,13,44,0.0,13,0,0.0,0.07692307692307693,0
2013,11,821,15,13,44,0.0,14,0,0.0,0.07142857142857142,0
2013,11,822,3,13,44,0.0,15,0,0.0,0.06666666666666667,0
2013,11,823,207,13,43,0.0,16,0,0.0,0.0625,0
2013,11,813,3,13,43,0.0,17,0,0.0,0.058823529411764705,0
2013,11,824,206,13,43,0.0,18,0,0.0,0.05555555555555555,0
2013,11,820,206,13,42,0.0,19,0,0.0,0.05263157894736842,0
2013,11,814,10,13,26,0.0,20,0,0.0,0.05,0
2013,11,8,208,13,25,0.0,21,0,0.0,0.047619047619047616,0
2013,11,819,207,13,8,0.0,22,0,0.0,0.045454545454545456,0
2013,12,20,9,14,53,25.0,1,1,0.4716981132075472,1.0,1
2013,12,4,6,14,53,18.0,2,1,0.33962264150943394,0.5,1
2013,12,17,9,14,53,15.0,3,1,0.2830188679245283,0.3333333333333333,1
2013,12,13,6,14,53,12.0,4,0,0.22641509433962265,0.25,0
2013,12,807,15,14,53,10.0,5,0,0.18867924528301888,0.2,0
2013,12,3,131,14,53,8.0,6,0,0.1509433962264151,0.16666666666666666,0
2013,12,817,5,14,53,6.0,7,0,0.11320754716981132,0.14285714285714285,0
2013,12,154,208,14,53,4.0,8,0,0.07547169811320754,0.125,0
2013,12,1,131,14,53,2.0,9,0,0.03773584905660377,0.1111111111111111,0
2013,12,18,1,14,53,1.0,10,0,0.018867924528301886,0.1,0
2013,12,8,208,14,53,0.0,11,0,0.0,0.09090909090909091,0
2013,12,815,1,14,53,0.0,12,0,0.0,0.08333333333333333,0
2013,12,821,15,14,53,0.0,13,0,0.0,0.07692307692307693,0
2013,12,813,3,14,53,0.0,14,0,0.0,0.07142857142857142,0
2013,12,822,3,14,53,0.0,15,0,0.0,0.06666666666666667,0
2013,12,16,10,14,52,0.0,16,0,0.0,0.0625,0
2013,12,819,207,14,52,0.0,17,0,0.0,0.058823529411764705,0
2013,12,823,207,14,52,0.0,18,0,0.0,0.05555555555555555,0
2013,12,824,206,14,52,0.0,19,0,0.0,0.05263157894736842,0
2013,12,820,206,14,52,0.0,20,0,0.0,0.05,0
2013,12,818,5,14,14,0.0,21,0,0.0,0.047619047619047616,0
2013,12,814,10,14,0,0.0,22,0,,0.045454545454545456,0
2013,13,20,9,15,61,25.0,1,1,0.4098360655737705,1.0,1
2013,13,4,6,15,61,18.0,2,1,0.29508196721311475,0.5,1
2013,13,8,208,15,61,15.0,3,1,0.2459016393442623,0.3333333333333333,1
2013,13,3,131,15,61,12.0,4,0,0.19672131147540983,0.25,0
2013,13,1,131,15,61,10.0,5,0,0.16393442622950818,0.2,0
2013,13,13,6,15,61,8.0,6,0,0.13114754098360656,0.16666666666666666,0
2013,13,18,1,15,61,6.0,7,0,0.09836065573770492,0.14285714285714285,0
2013,13,815,1,15,61,4.0,8,0,0.06557377049180328,0.125,0
2013,13,807,15,15,61,2.0,9,0,0.03278688524590164,0.1111111111111111,0
2013,13,16,10,15,61,1.0,10,0,0.01639344262295082,0.1,0
2013,13,813,3,15,61,0.0,11,0,0.0,0.09090909090909091,0
2013,13,821,15,15,61,0.0,12,0,0.0,0.08333333333333333,0
2013,13,822,3,15,61,0.0,13,0,0.0,0.07692307692307693,0
2013,13,818,5,15,61,0.0,14,0,0.0,0.07142857142857142,0
2013,13,17,9,15,60,0.0,15,0,0.0,0.06666666666666667,0
2013,13,823,207,15,60,0.0,16,0,0.0,0.0625,0
2013,13,820,206,15,60,0.0,17,0,0.0,0.058823529411764705,0
2013,13,824,206,15,60,0.0,18,0,0.0,0.05555555555555555,0
2013,13,819,207,15,60,0.0,19,0,0.0,0.05263157894736842,0
2013,13,814,10,15,54,0.0,20,0,0.0,0.05,0
2013,13,154,208,15,37,0.0,21,0,0.0,0.047619047619047616,0
2013,13,817,5,15,23,0.0,22,0,0.0,0.045454545454545456,0
2013,14,20,9,35,55,25.0,1,1,0.45454545454545453,1.0,1
2013,14,8,208,35,55,18.0,2,1,0.32727272727272727,0.5,1
2013,14,154,208,35,55,15.0,3,1,0.2727272727272727,0.3333333333333333,1
2013,14,807,15,35,55,12.0,4,0,0.21818181818181817,0.25,0
2013,14,1,131,35,55,10.0,5,0,0.18181818181818182,0.2,0
2013,14,4,6,35,55,8.0,6,0,0.14545454545454545,0.16666666666666666,0
2013,14,3,131,35,55,6.0,7,0,0.10909090909090909,0.14285714285714285,0
2013,14,18,1,35,55,4.0,8,0,0.07272727272727272,0.125,0
2013,14,13,6,35,55,2.0,9,0,0.03636363636363636,0.1111111111111111,0
2013,14,815,1,35,55,1.0,10,0,0.01818181818181818,0.1,0
2013,14,821,15,35,55,0.0,11,0,0.0,0.09090909090909091,0
2013,14,822,3,35,55,0.0,12,0,0.0,0.08333333333333333,0
2013,14,813,3,35,55,0.0,13,0,0.0,0.07692307692307693,0
2013,14,819,207,35,55,0.0,14,0,0.0,0.07142857142857142,0
2013,14,823,207,35,55,0.0,15,0,0.0,0.06666666666666667,0
2013,14,824,206,35,55,0.0,16,0,0.0,0.0625,0
2013,14,820,206,35,55,0.0,17,0,0.0,0.058823529411764705,0
2013,14,818,5,35,53,0.0,18,0,0.0,0.05555555555555555,0
2013,14,817,5,35,52,0.0,19,0,0.0,0.05263157894736842,0
2013,14,16,10,35,50,0.0,20,0,0.0,0.05,0
2013,14,17,9,35,36,0.0,21,0,0.0,0.047619047619047616,0
2013,14,814,10,35,24,0.0,22,0,0.0,0.045454545454545456,0
2013,15,20,9,22,53,25.0,1,1,0.4716981132075472,1.0,1
2013,15,17,9,22,53,18.0,2,1,0.33962264150943394,0.5,1
2013,15,154,208,22,53,15.0,3,1,0.2830188679245283,0.3333333333333333,1
2013,15,4,6,22,53,12.0,4,0,0.22641509433962265,0.25,0
2013,15,8,208,22,53,10.0,5,0,0.18867924528301888,0.2,0
2013,15,807,15,22,53,8.0,6,0,0.1509433962264151,0.16666666666666666,0
2013,15,821,15,22,53,6.0,7,0,0.11320754716981132,0.14285714285714285,0
2013,15,3,131,22,53,4.0,8,0,0.07547169811320754,0.125,0
2013,15,18,1,22,53,2.0,9,0,0.03773584905660377,0.1111111111111111,0
2013,15,13,6,22,53,1.0,10,0,0.018867924528301886,0.1,0
2013,15,814,10,22,53,0.0,11,0,0.0,0.09090909090909091,0
2013,15,818,5,22,52,0.0,12,0,0.0,0.08333333333333333,0
2013,15,817,5,22,52,0.0,13,0,0.0,0.07692307692307693,0
2013,15,16,10,22,52,0.0,14,0,0.0,0.07142857142857142,0
2013,15,815,1,22,52,0.0,15,0,0.0,0.06666666666666667,0
2013,15,813,3,22,52,0.0,16,0,0.0,0.0625,0
2013,15,822,3,22,52,0.0,17,0,0.0,0.058823529411764705,0
2013,15,819,207,22,52,0.0,18,0,0.0,0.05555555555555555,0
2013,15,820,206,22,52,0.0,19,0,0.0,0.05263157894736842,0
2013,15,1,131,22,7,0.0,20,0,0.0,0.05,0
2013,15,823,207,22,0,0.0,21,0,,0.047619047619047616,0
2013,15,824,206,22,0,0.0,22,0,,0.045454545454545456,0
2013,16,20,9,68,60,25.0,1,1,0.4166666666666667,1.0,1
2013,16,3,131,68,60,18.0,2,1,0.3,0.5,1
2013,16,154,208,68,60,15.0,3,1,0.25,0.3333333333333333,1
2013,16,13,6,68,60,12.0,4,0,0.2,0.25,0
2013,16,815,1,68,60,10.0,5,0,0.16666666666666666,0.2,0
2013,16,1,131,68,60,8.0,6,0,0.13333333333333333,0.16666666666666666,0
2013,16,8,208,68,60,6.0,7,0,0.1,0.14285714285714285,0
2013,16,814,10,68,60,4.0,8,0,0.06666666666666667,0.125,0
2013,16,16,10,68,60,2.0,9,0,0.03333333333333333,0.1111111111111111,0
2013,16,817,5,68,60,1.0,10,0,0.016666666666666666,0.1,0
2013,16,4,6,68,60,0.0,11,0,0.0,0.09090909090909091,0
2013,16,813,3,68,60,0.0,12,0,0.0,0.08333333333333333,0
2013,16,818,5,68,59,0.0,13,0,0.0,0.07692307692307693,0
2013,16,18,1,68,59,0.0,14,0,0.0,0.07142857142857142,0
2013,16,821,15,68,59,0.0,15,0,0.0,0.06666666666666667,0
2013,16,822,3,68,59,0.0,16,0,0.0,0.0625,0
2013,16,820,206,68,58,0.0,17,0,0.0,0.058823529411764705,0
2013,16,824,206,68,58,0.0,18,0,0.0,0.05555555555555555,0
2013,16,807,15,68,54,0.0,19,0,0.0,0.05263157894736842,0
2013,16,17,9,68,39,0.0,20,0,0.0,0.05,0
2013,16,819,207,68,35,0.0,21,0,0.0,0.047619047619047616,0
2013,16,823,207,68,1,0.0,22,0,0.0,0.045454545454545456,0
2013,17,20,9,24,55,25.0,1,1,0.45454545454545453,1.0,1
2013,17,17,9,24,55,18.0,2,1,0.32727272727272727,0.5,1
2013,17,3,131,24,55,15.0,3,1,0.2727272727272727,0.3333333333333333,1
2013,17,154,208,24,55,12.0,4,0,0.21818181818181817,0.25,0
2013,17,4,6,24,55,10.0,5,0,0.18181818181818182,0.2,0
2013,17,814,10,24,55,8.0,6,0,0.14545454545454545,0.16666666666666666,0
2013,17,1,131,24,55,6.0,7,0,0.10909090909090909,0.14285714285714285,0
2013,17,13,6,24,55,4.0,8,0,0.07272727272727272,0.125,0
2013,17,815,1,24,55,2.0,9,0,0.03636363636363636,0.1111111111111111,0
2013,17,16,10,24,55,1.0,10,0,0.01818181818181818,0.1,0
2013,17,813,3,24,55,0.0,11,0,0.0,0.09090909090909091,0
2013,17,18,1,24,55,0.0,12,0,0.0,0.08333333333333333,0
2013,17,821,15,24,55,0.0,13,0,0.0,0.07692307692307693,0
2013,17,807,15,24,54,0.0,14,0,0.0,0.07142857142857142,0
2013,17,822,3,24,54,0.0,15,0,0.0,0.06666666666666667,0
2013,17,817,5,24,54,0.0,16,0,0.0,0.0625,0
2013,17,818,5,24,54,0.0,17,0,0.0,0.058823529411764705,0
2013,17,823,207,24,54,0.0,18,0,0.0,0.05555555555555555,0
2013,17,819,207,24,54,0.0,19,0,0.0,0.05263157894736842,0
2013,17,824,206,24,53,0.0,20,0,0.0,0.05,0
2013,17,820,206,24,53,0.0,21,0,0.0,0.047619047619047616,0
2013,17,8,208,24,0,0.0,22,0,,0.045454545454545456,0
2013,18,20,9,69,56,25.0,1,1,0.44642857142857145,1.0,1
2013,18,154,208,69,56,18.0,2,1,0.32142857142857145,0.5,1
2013,18,17,9,69,56,15.0,3,1,0.26785714285714285,0.3333333333333333,1
2013,18,1,131,69,56,12.0,4,0,0.21428571428571427,0.25,0
2013,18,4,6,69,56,10.0,5,0,0.17857142857142858,0.2,0
2013,18,807,15,69,56,8.0,6,0,0.14285714285714285,0.16666666666666666,0
2013,18,815,1,69,56,6.0,7,0,0.10714285714285714,0.14285714285714285,0
2013,18,822,3,69,56,4.0,8,0,0.07142857142857142,0.125,0
2013,18,3,131,69,56,2.0,9,0,0.03571428571428571,0.1111111111111111,0
2013,18,18,1,69,56,1.0,10,0,0.017857142857142856,0.1,0
2013,18,817,5,69,56,0.0,11,0,0.0,0.09090909090909091,0
2013,18,818,5,69,56,0.0,12,0,0.0,0.08333333333333333,0
2013,18,13,6,69,56,0.0,13,0,0.0,0.07692307692307693,0
2013,18,821,15,69,56,0.0,14,0,0.0,0.07142857142857142,0
2013,18,5,208,69,56,0.0,15,0,0.0,0.06666666666666667,0
2013,18,814,10,69,56,0.0,16,0,0.0,0.0625,0
2013,18,813,3,69,55,0.0,17,0,0.0,0.058823529411764705,0
2013,18,824,206,69,55,0.0,18,0,0.0,0.05555555555555555,0
2013,18,823,207,69,55,0.0,19,0,0.0,0.05263157894736842,0
2013,18,819,207,69,55,0.0,20,0,0.0,0.05,0
2013,18,820,206,69,54,0.0,21,0,0.0,0.047619047619047616,0
2013,18,16,10,69,0,0.0,22,0,,0.045454545454545456,0
2013,19,20,9,18,71,25.0,1,1,0.352112676056338,1.0,1
2013,19,17,9,18,71,18.0,2,1,0.2535211267605634,0.5,1
2013,19,4,6,18,71,15.0,3,1,0.2112676056338028,0.3333333333333333,1
2013,19,18,1,18,71,12.0,4,0,0.16901408450704225,0.25,0
2013,19,3,131,18,71,10.0,5,0,0.14084507042253522,0.2,0
2013,19,815,1,18,71,8.0,6,0,0.11267605633802817,0.16666666666666666,0
2013,19,13,6,18,71,6.0,7,0,0.08450704225352113,0.14285714285714285,0
2013,19,807,15,18,71,4.0,8,0,0.056338028169014086,0.125,0
2013,19,1,131,18,71,2.0,9,0,0.028169014084507043,0.1111111111111111,0
2013,19,817,5,18,70,1.0,10,0,0.014285714285714285,0.1,0
2013,19,814,10,18,70,0.0,11,0,0.0,0.09090909090909091,0
2013,19,821,15,18,70,0.0,12,0,0.0,0.08333333333333333,0
2013,19,16,10,18,70,0.0,13,0,0.0,0.07692307692307693,0
2013,19,5,208,18,70,0.0,14,0,0.0,0.07142857142857142,0
2013,19,818,5,18,70,0.0,15,0,0.0,0.06666666666666667,0
2013,19,813,3,18,70,0.0,16,0,0.0,0.0625,0
2013,19,824,206,18,69,0.0,17,0,0.0,0.058823529411764705,0
2013,19,823,207,18,69,0.0,18,0,0.0,0.05555555555555555,0
2013,19,820,206,18,69,0.0,19,0,0.0,0.05263157894736842,0
2013,19,819,207,18,58,0.0,20,0,0.0,0.05,0
2013,19,822,3,18,45,0.0,21,0,0.0,0.047619047619047616,0
2013,19,154,208,18,2,0.0,22,0,0.0,0.045454545454545456,0
2014,1,3,131,1,57,25.0,1,1,0.43859649122807015,1.0,1
2014,1,825,1,1,57,18.0,2,1,0.3157894736842105,0.5,1
2014,1,18,1,1,57,15.0,3,1,0.2631578947368421,0.3333333333333333,1
2014,1,4,6,1,57,12.0,4,0,0.21052631578947367,0.25,0
2014,1,822,3,1,57,10.0,5,0,0.17543859649122806,0.2,0
2014,1,807,10,1,57,8.0,6,0,0.14035087719298245,0.16666666666666666,0
2014,1,8,6,1,57,6.0,7,0,0.10526315789473684,0.14285714285714285,0
2014,1,818,5,1,57,4.0,8,0,0.07017543859649122,0.125,0
2014,1,826,5,1,57,2.0,9,0,0.03508771929824561,0.1111111111111111,0
2014,1,815,10,1,57,1.0,10,0,0.017543859649122806,0.1,0
2014,1,16,15,1,56,0.0,11,0,0.0,0.09090909090909091,0
2014,1,821,15,1,56,0.0,12,0,0.0,0.08333333333333333,0
2014,1,820,206,1,55,0.0,13,0,0.0,0.07692307692307693,0
2014,1,824,206,1,49,0.0,14,0,0.0,0.07142857142857142,0
2014,1,154,208,1,43,0.0,15,0,0.0,0.06666666666666667,0
2014,1,813,208,1,29,0.0,16,0,0.0,0.0625,0
2014,1,828,207,1,27,0.0,17,0,0.0,0.058823529411764705,0
2014,1,20,9,1,3,0.0,18,0,0.0,0.05555555555555555,0
2014,1,1,131,1,2,0.0,19,0,0.0,0.05263157894736842,0
2014,1,13,3,1,0,0.0,20,0,,0.05,0
2014,1,155,207,1,0,0.0,21,0,,0.047619047619047616,0
2014,1,817,9,1,57,0.0,22,0,0.0,0.045454545454545456,0
2014,2,1,131,2,56,25.0,1,1,0.44642857142857145,1.0,1
2014,2,3,131,2,56,18.0,2,1,0.32142857142857145,0.5,1
2014,2,20,9,2,56,15.0,3,1,0.26785714285714285,0.3333333333333333,1
2014,2,4,6,2,56,12.0,4,0,0.21428571428571427,0.25,0
2014,2,807,10,2,56,10.0,5,0,0.17857142857142858,0.2,0
2014,2,18,1,2,56,8.0,6,0,0.14285714285714285,0.16666666666666666,0
2014,2,13,3,2,56,6.0,7,0,0.10714285714285714,0.14285714285714285,0
2014,2,822,3,2,56,4.0,8,0,0.07142857142857142,0.125,0
2014,2,825,1,2,55,2.0,9,0,0.03636363636363636,0.1111111111111111,0
2014,2,826,5,2,55,1.0,10,0,0.01818181818181818,0.1,0
2014,2,154,208,2,55,0.0,11,0,0.0,0.09090909090909091,0
2014,2,8,6,2,55,0.0,12,0,0.0,0.08333333333333333,0
2014,2,155,207,2,55,0.0,13,0,0.0,0.07692307692307693,0
2014,2,828,207,2,54,0.0,14,0,0.0,0.07142857142857142,0
2014,2,820,206,2,54,0.0,15,0,0.0,0.06666666666666667,0
2014,2,817,9,2,49,0.0,16,0,0.0,0.0625,0
2014,2,821,15,2,35,0.0,17,0,0.0,0.058823529411764705,0
2014,2,16,15,2,32,0.0,18,0,0.0,0.05555555555555555,0
2014,2,818,5,2,18,0.0,19,0,0.0,0.05263157894736842,0
2014,2,824,206,2,8,0.0,20,0,0.0,0.05,0
2014,2,813,208,2,7,0.0,21,0,0.0,0.047619047619047616,0
2014,2,815,10,2,0,0.0,22,0,,0.045454545454545456,0
2014,3,1,131,3,57,25.0,1,1,0.43859649122807015,1.0,1
2014,3,3,131,3,57,18.0,2,1,0.3157894736842105,0.5,1
2014,3,815,10,3,57,15.0,3,1,0.2631578947368421,0.3333333333333333,1
2014,3,817,9,3,57,12.0,4,0,0.21052631578947367,0.25,0
2014,3,807,10,3,57,10.0,5,0,0.17543859649122806,0.2,0
2014,3,20,9,3,57,8.0,6,0,0.14035087719298245,0.16666666666666666,0
2014,3,13,3,3,57,6.0,7,0,0.10526315789473684,0.14285714285714285,0
2014,3,822,3,3,57,4.0,8,0,0.07017543859649122,0.125,0
2014,3,4,6,3,57,2.0,9,0,0.03508771929824561,0.1111111111111111,0
2014,3,8,6,3,57,1.0,10,0,0.017543859649122806,0.1,0
2014,3,826,5,3,57,0.0,11,0,0.0,0.09090909090909091,0
2014,3,154,208,3,57,0.0,12,0,0.0,0.08333333333333333,0
2014,3,820,206,3,57,0.0,13,0,0.0,0.07692307692307693,0
2014,3,813,208,3,57,0.0,14,0,0.0,0.07142857142857142,0
2014,3,155,207,3,57,0.0,15,0,0.0,0.06666666666666667,0
2014,3,824,206,3,56,0.0,16,0,0.0,0.0625,0
2014,3,18,1,3,55,0.0,17,0,0.0,0.058823529411764705,0
2014,3,825,1,3,40,0.0,18,0,0.0,0.05555555555555555,0
2014,3,821,15,3,39,0.0,19,0,0.0,0.05263157894736842,0
2014,3,828,207,3,33,0.0,20,0,0.0,0.05,0
2014,3,818,5,3,18,0.0,21,0,0.0,0.047619047619047616,0
2014,3,16,15,3,17,0.0,22,0,0.0,0.045454545454545456,0
2014,4,1,131,17,54,25.0,1,1,0.46296296296296297,1.0,1
2014,4,3,131,17,54,18.0,2,1,0.3333333333333333,0.5,1
2014,4,4,6,17,54,15.0,3,1,0.2777777777777778,0.3333333333333333,1
2014,4,817,9,17,54,12.0,4,0,0.2222222222222222,0.25,0
2014,4,20,9,17,54,10.0,5,0,0.18518518518518517,0.2,0
2014,4,807,10,17,54,8.0,6,0,0.14814814814814814,0.16666666666666666,0
2014,4,822,3,17,54,6.0,7,0,0.1111111111111111,0.14285714285714285,0
2014,4,8,6,17,54,4.0,8,0,0.07407407407407407,0.125,0
2014,4,815,10,17,54,2.0,9,0,0.037037037037037035,0.1111111111111111,0
2014,4,826,5,17,53,1.0,10,0,0.018867924528301886,0.1,0
2014,4,18,1,17,53,0.0,11,0,0.0,0.09090909090909091,0
2014,4,818,5,17,53,0.0,12,0,0.0,0.08333333333333333,0
2014,4,825,1,17,53,0.0,13,0,0.0,0.07692307692307693,0
2014,4,813,208,17,53,0.0,14,0,0.0,0.07142857142857142,0
2014,4,13,3,17,53,0.0,15,0,0.0,0.06666666666666667,0
2014,4,821,15,17,53,0.0,16,0,0.0,0.0625,0
2014,4,824,206,17,53,0.0,17,0,0.0,0.058823529411764705,0
2014,4,155,207,17,53,0.0,18,0,0.0,0.05555555555555555,0
2014,4,820,206,17,52,0.0,19,0,0.0,0.05263157894736842,0
2014,4,828,207,17,52,0.0,20,0,0.0,0.05,0
2014,4,154,208,17,28,0.0,21,0,0.0,0.047619047619047616,0
2014,4,16,15,17,5,0.0,22,0,0.0,0.045454545454545456,0
2014,5,1,131,4,66,25.0,1,1,0.3787878787878788,1.0,1
2014,5,3,131,4,66,18.0,2,1,0.2727272727272727,0.5,1
2014,5,817,9,4,66,15.0,3,1,0.22727272727272727,0.3333333333333333,1
2014,5,20,9,4,66,12.0,4,0,0.18181818181818182,0.25,0
2014,5,822,3,4,66,10.0,5,0,0.15151515151515152,0.2,0
2014,5,4,6,4,66,8.0,6,0,0.12121212121212122,0.16666666666666666,0
2014,5,8,6,4,65,6.0,7,0,0.09230769230769231,0.14285714285714285,0
2014,5,154,208,4,65,4.0,8,0,0.06153846153846154,0.125,0
2014,5,815,10,4,65,2.0,9,0,0.03076923076923077,0.1111111111111111,0
2014,5,807,10,4,65,1.0,10,0,0.015384615384615385,0.1,0
2014,5,18,1,4,65,0.0,11,0,0.0,0.09090909090909091,0
2014,5,825,1,4,65,0.0,12,0,0.0,0.08333333333333333,0
2014,5,13,3,4,65,0.0,13,0,0.0,0.07692307692307693,0
2014,5,826,5,4,65,0.0,14,0,0.0,0.07142857142857142,0
2014,5,813,208,4,65,0.0,15,0,0.0,0.06666666666666667,0
2014,5,821,15,4,65,0.0,16,0,0.0,0.0625,0
2014,5,16,15,4,65,0.0,17,0,0.0,0.058823529411764705,0
2014,5,824,206,4,64,0.0,18,0,0.0,0.05555555555555555,0
2014,5,820,206,4,64,0.0,19,0,0.0,0.05263157894736842,0
2014,5,828,207,4,64,0.0,20,0,0.0,0.05,0
2014,5,155,207,4,34,0.0,21,0,0.0,0.047619047619047616,0
2014,5,818,5,4,24,0.0,22,0,0.0,0.045454545454545456,0
2014,6,3,131,6,78,25.0,1,1,0.32051282051282054,1.0,1
2014,6,1,131,6,78,18.0,2,1,0.23076923076923078,0.5,1
2014,6,817,9,6,78,15.0,3,1,0.19230769230769232,0.3333333333333333,1
2014,6,4,6,6,78,12.0,4,0,0.15384615384615385,0.25,0
2014,6,807,10,6,77,10.0,5,0,0.12987012987012986,0.2,0
2014,6,18,1,6,77,8.0,6,0,0.1038961038961039,0.16666666666666666,0
2014,6,13,3,6,77,6.0,7,0,0.07792207792207792,0.14285714285714285,0
2014,6,154,208,6,77,4.0,8,0,0.05194805194805195,0.125,0
2014,6,824,206,6,77,2.0,9,0,0.025974025974025976,0.1111111111111111,0
2014,6,825,1,6,77,1.0,10,0,0.012987012987012988,0.1,0
2014,6,828,207,6,77,0.0,11,0,0.0,0.09090909090909091,0
2014,6,8,6,6,77,0.0,12,0,0.0,0.08333333333333333,0
2014,6,155,207,6,75,0.0,13,0,0.0,0.07692307692307693,0
2014,6,820,206,6,75,0.0,14,0,0.0,0.07142857142857142,0
2014,6,821,15,6,59,0.0,15,0,0.0,0.06666666666666667,0
2014,6,822,3,6,55,0.0,16,0,0.0,0.0625,0
2014,6,818,5,6,50,0.0,17,0,0.0,0.058823529411764705,0
2014,6,16,15,6,23,0.0,18,0,0.0,0.05555555555555555,0
2014,6,826,5,6,10,0.0,19,0,0.0,0.05263157894736842,0
2014,6,20,9,6,5,0.0,20,0,0.0,0.05,0
2014,6,815,10,6,0,0.0,21,0,,0.047619047619047616,0
2014,6,813,208,6,0,0.0,22,0,,0.045454545454545456,0
2014,7,817,9,7,70,25.0,1,1,0.35714285714285715,1.0,1
2014,7,3,131,7,70,18.0,2,1,0.2571428571428571,0.5,1
2014,7,20,9,7,70,15.0,3,1,0.21428571428571427,0.3333333333333333,1
2014,7,18,1,7,70,12.0,4,0,0.17142857142857143,0.25,0
2014,7,807,10,7,70,10.0,5,0,0.14285714285714285,0.2,0
2014,7,4,6,7,70,8.0,6,0,0.11428571428571428,0.16666666666666666,0
2014,7,822,3,7,70,6.0,7,0,0.08571428571428572,0.14285714285714285,0
2014,7,818,5,7,70,4.0,8,0,0.05714285714285714,0.125,0
2014,7,825,1,7,70,2.0,9,0,0.02857142857142857,0.1111111111111111,0
2014,7,8,6,7,70,1.0,10,0,0.014285714285714285,0.1,0
2014,7,815,10,7,69,0.0,11,0,0.0,0.09090909090909091,0
2014,7,13,3,7,69,0.0,12,0,0.0,0.08333333333333333,0
2014,7,16,15,7,69,0.0,13,0,0.0,0.07692307692307693,0
2014,7,821,15,7,64,0.0,14,0,0.0,0.07142857142857142,0
2014,7,154,208,7,59,0.0,15,0,0.0,0.06666666666666667,0
2014,7,826,5,7,47,0.0,16,0,0.0,0.0625,0
2014,7,1,131,7,46,0.0,17,0,0.0,0.058823529411764705,0
2014,7,155,207,7,23,0.0,18,0,0.0,0.05555555555555555,0
2014,7,813,208,7,21,0.0,19,0,0.0,0.05263157894736842,0
2014,7,828,207,7,7,0.0,20,0,0.0,0.05,0
2014,7,820,206,7,0,0.0,21,0,,0.047619047619047616,0
2014,7,824,206,7,0,0.0,22,0,,0.045454545454545456,0
2014,8,3,131,70,71,25.0,1,1,0.352112676056338,1.0,1
2014,8,1,131,70,71,18.0,2,1,0.2535211267605634,0.5,1
2014,8,822,3,70,71,15.0,3,1,0.2112676056338028,0.3333333333333333,1
2014,8,13,3,70,71,12.0,4,0,0.16901408450704225,0.25,0
2014,8,4,6,70,71,10.0,5,0,0.14084507042253522,0.2,0
2014,8,815,10,70,71,8.0,6,0,0.11267605633802817,0.16666666666666666,0
2014,8,825,1,70,71,6.0,7,0,0.08450704225352113,0.14285714285714285,0
2014,8,817,9,70,71,4.0,8,0,0.056338028169014086,0.125,0
2014,8,807,10,70,71,2.0,9,0,0.028169014084507043,0.1111111111111111,0
2014,8,8,6,70,71,1.0,10,0,0.014084507042253521,0.1,0
2014,8,18,1,70,71,0.0,11,0,0.0,0.09090909090909091,0
2014,8,813,208,70,70,0.0,12,0,0.0,0.08333333333333333,0
2014,8,16,15,70,70,0.0,13,0,0.0,0.07692307692307693,0
2014,8,154,208,70,70,0.0,14,0,0.0,0.07142857142857142,0
2014,8,824,206,70,69,0.0,15,0,0.0,0.06666666666666667,0
2014,8,155,207,70,69,0.0,16,0,0.0,0.0625,0
2014,8,820,206,70,69,0.0,17,0,0.0,0.058823529411764705,0
2014,8,828,207,70,69,0.0,18,0,0.0,0.05555555555555555,0
2014,8,821,15,70,69,0.0,19,0,0.0,0.05263157894736842,0
2014,8,818,5,70,59,0.0,20,0,0.0,0.05,0
2014,8,20,9,70,34,0.0,21,0,0.0,0.047619047619047616,0
2014,8,826,5,70,24,0.0,22,0,0.0,0.045454545454545456,0
2014,9,1,131,9,52,25.0,1,1,0.4807692307692308,1.0,1
2014,9,822,3,9,52,18.0,2,1,0.34615384615384615,0.5,1
2014,9,817,9,9,52,15.0,3,1,0.28846153846153844,0.3333333333333333,1
2014,9,18,1,9,52,12.0,4,0,0.23076923076923078,0.25,0
2014,9,20,9,9,52,10.0,5,0,0.19230769230769232,0.2,0
2014,9,4,6,9,52,8.0,6,0,0.15384615384615385,0.16666666666666666,0
2014,9,825,1,9,52,6.0,7,0,0.11538461538461539,0.14285714285714285,0
2014,9,807,10,9,52,4.0,8,0,0.07692307692307693,0.125,0
2014,9,826,5,9,52,2.0,9,0,0.038461538461538464,0.1111111111111111,0
2014,9,818,5,9,51,1.0,10,0,0.0196078431372549,0.1,0
2014,9,815,10,9,51,0.0,11,0,0.0,0.09090909090909091,0
2014,9,154,208,9,51,0.0,12,0,0.0,0.08333333333333333,0
2014,9,16,15,9,51,0.0,13,0,0.0,0.07692307692307693,0
2014,9,824,206,9,51,0.0,14,0,0.0,0.07142857142857142,0
2014,9,155,207,9,50,0.0,15,0,0.0,0.06666666666666667,0
2014,9,820,206,9,50,0.0,16,0,0.0,0.0625,0
2014,9,813,208,9,49,0.0,17,0,0.0,0.058823529411764705,0
2014,9,3,131,9,28,0.0,18,0,0.0,0.05555555555555555,0
2014,9,828,207,9,11,0.0,19,0,0.0,0.05263157894736842,0
2014,9,821,15,9,9,0.0,20,0,0.0,0.05,0
2014,9,13,3,9,0,0.0,21,0,,0.047619047619047616,0
2014,9,8,6,9,0,0.0,22,0,,0.045454545454545456,0
2014,10,3,131,10,67,25.0,1,1,0.373134328358209,1.0,1
2014,10,822,3,10,67,18.0,2,1,0.26865671641791045,0.5,1
2014,10,1,131,10,67,15.0,3,1,0.22388059701492538,0.3333333333333333,1
2014,10,20,9,10,67,12.0,4,0,0.1791044776119403,0.25,0
2014,10,4,6,10,67,10.0,5,0,0.14925373134328357,0.2,0
2014,10,817,9,10,67,8.0,6,0,0.11940298507462686,0.16666666666666666,0
2014,10,807,10,10,67,6.0,7,0,0.08955223880597014,0.14285714285714285,0
2014,10,18,1,10,67,4.0,8,0,0.05970149253731343,0.125,0
2014,10,825,1,10,66,2.0,9,0,0.030303030303030304,0.1111111111111111,0
2014,10,815,10,10,66,1.0,10,0,0.015151515151515152,0.1,0
2014,10,8,6,10,66,0.0,11,0,0.0,0.09090909090909091,0
2014,10,813,208,10,66,0.0,12,0,0.0,0.08333333333333333,0
2014,10,818,5,10,66,0.0,13,0,0.0,0.07692307692307693,0
2014,10,821,15,10,66,0.0,14,0,0.0,0.07142857142857142,0
2014,10,824,206,10,66,0.0,15,0,0.0,0.06666666666666667,0
2014,10,155,207,10,65,0.0,16,0,0.0,0.0625,0
2014,10,820,206,10,65,0.0,17,0,0.0,0.058823529411764705,0
2014,10,828,207,10,65,0.0,18,0,0.0,0.05555555555555555,0
2014,10,16,15,10,47,0.0,19,0,0.0,0.05263157894736842,0
2014,10,826,5,10,44,0.0,20,0,0.0,0.05,0
2014,10,154,208,10,26,0.0,21,0,0.0,0.047619047619047616,0
2014,10,13,3,10,0,0.0,22,0,,0.045454545454545456,0
2014,11,817,9,11,70,25.0,1,1,0.35714285714285715,1.0,1
2014,11,4,6,11,70,18.0,2,1,0.2571428571428571,0.5,1
2014,11,1,131,11,70,15.0,3,1,0.21428571428571427,0.3333333333333333,1
2014,11,3,131,11,70,12.0,4,0,0.17142857142857143,0.25,0
2014,11,13,3,11,70,10.0,5,0,0.14285714285714285,0.2,0
2014,11,8,6,11,70,8.0,6,0,0.11428571428571428,0.16666666666666666,0
2014,11,20,9,11,70,6.0,7,0,0.08571428571428572,0.14285714285714285,0
2014,11,822,3,11,70,4.0,8,0,0.05714285714285714,0.125,0
2014,11,818,5,11,70,2.0,9,0,0.02857142857142857,0.1111111111111111,0
2014,11,18,1,11,70,1.0,10,0,0.014285714285714285,0.1,0
2014,11,16,15,11,70,0.0,11,0,0.0,0.09090909090909091,0
2014,11,825,1,11,70,0.0,12,0,0.0,0.08333333333333333,0
2014,11,813,208,11,70,0.0,13,0,0.0,0.07692307692307693,0
2014,11,826,5,11,69,0.0,14,0,0.0,0.07142857142857142,0
2014,11,824,206,11,69,0.0,15,0,0.0,0.06666666666666667,0
2014,11,820,206,11,69,0.0,16,0,0.0,0.0625,0
2014,11,821,15,11,33,0.0,17,0,0.0,0.058823529411764705,0
2014,11,155,207,11,26,0.0,18,0,0.0,0.05555555555555555,0
2014,11,815,10,11,23,0.0,19,0,0.0,0.05263157894736842,0
2014,11,807,10,11,16,0.0,20,0,0.0,0.05,0
2014,11,154,208,11,11,0.0,21,0,0.0,0.047619047619047616,0
2014,11,828,207,11,8,0.0,22,0,0.0,0.045454545454545456,0
2014,12,817,9,13,44,25.0,1,1,0.5681818181818182,1.0,1
2014,12,3,131,13,44,18.0,2,1,0.4090909090909091,0.5,1
2014,12,822,3,13,44,15.0,3,1,0.3409090909090909,0.3333333333333333,1
2014,12,8,6,13,44,12.0,4,0,0.2727272727272727,0.25,0
2014,12,20,9,13,44,10.0,5,0,0.22727272727272727,0.2,0
2014,12,18,1,13,44,8.0,6,0,0.18181818181818182,0.16666666666666666,0
2014,12,4,6,13,44,6.0,7,0,0.13636363636363635,0.14285714285714285,0
2014,12,815,10,13,44,4.0,8,0,0.09090909090909091,0.125,0
2014,12,826,5,13,44,2.0,9,0,0.045454545454545456,0.1111111111111111,0
2014,12,807,10,13,44,1.0,10,0,0.022727272727272728,0.1,0
2014,12,818,5,13,44,0.0,11,0,0.0,0.09090909090909091,0
2014,12,825,1,13,44,0.0,12,0,0.0,0.08333333333333333,0
2014,12,13,3,13,44,0.0,13,0,0.0,0.07692307692307693,0
2014,12,16,15,13,44,0.0,14,0,0.0,0.07142857142857142,0
2014,12,821,15,13,44,0.0,15,0,0.0,0.06666666666666667,0
2014,12,820,206,13,43,0.0,16,0,0.0,0.0625,0
2014,12,828,207,13,43,0.0,17,0,0.0,0.058823529411764705,0
2014,12,824,206,13,39,0.0,18,0,0.0,0.05555555555555555,0
2014,12,1,131,13,38,0.0,19,0,0.0,0.05263157894736842,0
2014,12,154,208,13,33,0.0,20,0,0.0,0.05,0
2014,12,813,208,13,1,0.0,21,0,0.0,0.047619047619047616,0
2014,12,827,207,13,1,0.0,22,0,0.0,0.045454545454545456,0
2014,13,1,131,14,53,25.0,1,1,0.4716981132075472,1.0,1
2014,13,3,131,14,53,18.0,2,1,0.33962264150943394,0.5,1
2014,13,13,3,14,53,15.0,3,1,0.2830188679245283,0.3333333333333333,1
2014,13,822,3,14,53,12.0,4,0,0.22641509433962265,0.25,0
2014,13,817,9,14,53,10.0,5,0,0.18867924528301888,0.2,0
2014,13,20,9,14,53,8.0,6,0,0.1509433962264151,0.16666666666666666,0
2014,13,815,10,14,53,6.0,7,0,0.11320754716981132,0.14285714285714285,0
2014,13,18,1,14,53,4.0,8,0,0.07547169811320754,0.125,0
2014,13,8,6,14,53,2.0,9,0,0.03773584905660377,0.1111111111111111,0
2014,13,825,1,14,53,1.0,10,0,0.018867924528301886,0.1,0
2014,13,826,5,14,53,0.0,11,0,0.0,0.09090909090909091,0
2014,13,807,10,14,53,0.0,12,0,0.0,0.08333333333333333,0
2014,13,818,5,14,53,0.0,13,0,0.0,0.07692307692307693,0
2014,13,813,208,14,52,0.0,14,0,0.0,0.07142857142857142,0
2014,13,16,15,14,52,0.0,15,0,0.0,0.06666666666666667,0
2014,13,154,208,14,52,0.0,16,0,0.0,0.0625,0
2014,13,155,207,14,52,0.0,17,0,0.0,0.058823529411764705,0
2014,13,824,206,14,52,0.0,18,0,0.0,0.05555555555555555,0
2014,13,821,15,14,51,0.0,19,0,0.0,0.05263157894736842,0
2014,13,828,207,14,51,0.0,20,0,0.0,0.05,0
2014,13,4,6,14,28,0.0,21,0,0.0,0.047619047619047616,0
2014,13,820,206,14,5,0.0,22,0,0.0,0.045454545454545456,0
2014,14,1,131,15,60,25.0,1,1,0.4166666666666667,1.0,1
2014,14,20,9,15,60,18.0,2,1,0.3,0.5,1
2014,14,817,9,15,60,15.0,3,1,0.25,0.3333333333333333,1
2014,14,4,6,15,60,12.0,4,0,0.2,0.25,0
2014,14,13,3,15,60,10.0,5,0,0.16666666666666666,0.2,0
2014,14,818,5,15,60,8.0,6,0,0.13333333333333333,0.16666666666666666,0
2014,14,815,10,15,60,6.0,7,0,0.1,0.14285714285714285,0
2014,14,8,6,15,60,4.0,8,0,0.06666666666666667,0.125,0
2014,14,807,10,15,60,2.0,9,0,0.03333333333333333,0.1111111111111111,0
2014,14,825,1,15,60,1.0,10,0,0.016666666666666666,0.1,0
2014,14,822,3,15,60,0.0,11,0,0.0,0.09090909090909091,0
2014,14,813,208,15,60,0.0,12,0,0.0,0.08333333333333333,0
2014,14,154,208,15,60,0.0,13,0,0.0,0.07692307692307693,0
2014,14,826,5,15,60,0.0,14,0,0.0,0.07142857142857142,0
2014,14,828,207,15,60,0.0,15,0,0.0,0.06666666666666667,0
2014,14,824,206,15,60,0.0,16,0,0.0,0.0625,0
2014,14,820,206,15,59,0.0,17,0,0.0,0.058823529411764705,0
2014,14,18,1,15,52,0.0,18,0,0.0,0.05555555555555555,0
2014,14,16,15,15,40,0.0,19,0,0.0,0.05263157894736842,0
2014,14,821,15,15,17,0.0,20,0,0.0,0.05,0
2014,14,3,131,15,13,0.0,21,0,0.0,0.047619047619047616,0
2014,14,155,207,15,0,0.0,22,0,,0.045454545454545456,0
2014,15,1,131,22,44,25.0,1,1,0.5681818181818182,1.0,1
2014,15,3,131,22,44,18.0,2,1,0.4090909090909091,0.5,1
2014,15,20,9,22,44,15.0,3,1,0.3409090909090909,0.3333333333333333,1
2014,15,817,9,22,44,12.0,4,0,0.2727272727272727,0.25,0
2014,15,18,1,22,44,10.0,5,0,0.22727272727272727,0.2,0
2014,15,822,3,22,44,8.0,6,0,0.18181818181818182,0.16666666666666666,0
2014,15,13,3,22,44,6.0,7,0,0.13636363636363635,0.14285714285714285,0
2014,15,807,10,22,44,4.0,8,0,0.09090909090909091,0.125,0
2014,15,818,5,22,44,2.0,9,0,0.045454545454545456,0.1111111111111111,0
2014,15,815,10,22,43,1.0,10,0,0.023255813953488372,0.1,0
2014,15,826,5,22,43,0.0,11,0,0.0,0.09090909090909091,0
2014,15,8,6,22,43,0.0,12,0,0.0,0.08333333333333333,0
2014,15,821,15,22,43,0.0,13,0,0.0,0.07692307692307693,0
2014,15,825,1,22,43,0.0,14,0,0.0,0.07142857142857142,0
2014,15,154,208,22,43,0.0,15,0,0.0,0.06666666666666667,0
2014,15,813,208,22,43,0.0,16,0,0.0,0.0625,0
2014,15,828,207,22,43,0.0,17,0,0.0,0.058823529411764705,0
2014,15,820,206,22,43,0.0,18,0,0.0,0.05555555555555555,0
2014,15,155,207,22,43,0.0,19,0,0.0,0.05263157894736842,0
2014,15,824,206,22,41,0.0,20,0,0.0,0.05,0
2014,15,16,15,22,40,0.0,21,0,0.0,0.047619047619047616,0
2014,15,4,6,22,2,0.0,22,0,0.0,0.045454545454545456,0
2014,16,1,131,71,53,25.0,1,1,0.4716981132075472,1.0,1
2014,16,3,131,71,53,18.0,2,1,0.33962264150943394,0.5,1
2014,16,822,3,71,53,15.0,3,1,0.2830188679245283,0.3333333333333333,1
2014,16,18,1,71,53,12.0,4,0,0.22641509433962265,0.25,0
2014,16,825,1,71,53,10.0,5,0,0.18867924528301888,0.2,0
2014,16,4,6,71,53,8.0,6,0,0.1509433962264151,0.16666666666666666,0
2014,16,817,9,71,53,6.0,7,0,0.11320754716981132,0.14285714285714285,0
2014,16,20,9,71,53,4.0,8,0,0.07547169811320754,0.125,0
2014,16,8,6,71,53,2.0,9,0,0.03773584905660377,0.1111111111111111,0
2014,16,815,10,71,53,1.0,10,0,0.018867924528301886,0.1,0
2014,16,13,3,71,53,0.0,11,0,0.0,0.09090909090909091,0
2014,16,807,10,71,53,0.0,12,0,0.0,0.08333333333333333,0
2014,16,818,5,71,53,0.0,13,0,0.0,0.07692307692307693,0
2014,16,826,5,71,52,0.0,14,0,0.0,0.07142857142857142,0
2014,16,821,15,71,52,0.0,15,0,0.0,0.06666666666666667,0
2014,16,16,15,71,52,0.0,16,0,0.0,0.0625,0
2014,16,154,208,71,52,0.0,17,0,0.0,0.058823529411764705,0
2014,16,813,208,71,52,0.0,18,0,0.0,0.05555555555555555,0
2014,16,828,207,71,51,0.0,19,0,0.0,0.05263157894736842,0
2014,16,155,207,71,21,0.0,20,0,0.0,0.05,0
2014,16,820,206,71,9,0.0,21,0,0.0,0.047619047619047616,0
2014,17,1,131,69,56,25.0,1,1,0.44642857142857145,1.0,1
2014,17,3,131,69,56,18.0,2,1,0.32142857142857145,0.5,1
2014,17,817,9,69,56,15.0,3,1,0.26785714285714285,0.3333333333333333,1
2014,17,13,3,69,56,12.0,4,0,0.21428571428571427,0.25,0
2014,17,822,3,69,56,10.0,5,0,0.17857142857142858,0.2,0
2014,17,4,6,69,56,8.0,6,0,0.14285714285714285,0.16666666666666666,0
2014,17,20,9,69,56,6.0,7,0,0.10714285714285714,0.14285714285714285,0
2014,17,825,1,69,56,4.0,8,0,0.07142857142857142,0.125,0
2014,17,818,5,69,56,1.0,10,0,0.017857142857142856,0.1,0
2014,17,813,208,69,56,2.0,9,0,0.03571428571428571,0.1111111111111111,0
2014,17,154,208,69,55,0.0,11,0,0.0,0.09090909090909091,0
2014,17,18,1,69,55,0.0,12,0,0.0,0.08333333333333333,0
2014,17,8,6,69,55,0.0,13,0,0.0,0.07692307692307693,0
2014,17,821,15,69,55,0.0,14,0,0.0,0.07142857142857142,0
2014,17,826,5,69,55,0.0,15,0,0.0,0.06666666666666667,0
2014,17,807,10,69,16,0.0,16,0,0.0,0.0625,0
2014,17,815,10,69,1,0.0,17,0,0.0,0.058823529411764705,0
2014,17,16,15,69,0,0.0,18,0,,0.05555555555555555,0
2014,18,3,131,18,71,25.0,1,1,0.352112676056338,1.0,1
2014,18,1,131,18,71,18.0,2,1,0.2535211267605634,0.5,1
2014,18,13,3,18,71,15.0,3,1,0.2112676056338028,0.3333333333333333,1
2014,18,18,1,18,71,12.0,4,0,0.16901408450704225,0.25,0
2014,18,20,9,18,71,10.0,5,0,0.14084507042253522,0.2,0
2014,18,4,6,18,71,8.0,6,0,0.11267605633802817,0.16666666666666666,0
2014,18,8,6,18,71,6.0,7,0,0.08450704225352113,0.14285714285714285,0
2014,18,807,10,18,71,4.0,8,0,0.056338028169014086,0.125,0
2014,18,825,1,18,71,2.0,9,0,0.028169014084507043,0.1111111111111111,0
2014,18,822,3,18,70,1.0,10,0,0.014285714285714285,0.1,0
2014,18,826,5,18,70,0.0,11,0,0.0,0.09090909090909091,0
2014,18,813,208,18,70,0.0,12,0,0.0,0.08333333333333333,0
2014,18,818,5,18,70,0.0,13,0,0.0,0.07692307692307693,0
2014,18,821,15,18,70,0.0,14,0,0.0,0.07142857142857142,0
2014,18,815,10,18,70,0.0,15,0,0.0,0.06666666666666667,0
2014,18,16,15,18,70,0.0,16,0,0.0,0.0625,0
2014,18,154,208,18,63,0.0,17,0,0.0,0.058823529411764705,0
2014,18,817,9,18,39,0.0,18,0,0.0,0.05555555555555555,0
2014,19,1,131,24,55,50.0,1,1,0.9090909090909091,1.0,1
2014,19,13,3,24,55,36.0,2,1,0.6545454545454545,0.5,1
2014,19,822,3,24,55,30.0,3,1,0.5454545454545454,0.3333333333333333,1
2014,19,18,1,24,55,20.0,5,0,0.36363636363636365,0.2,0
2014,19,807,10,24,55,16.0,6,0,0.2909090909090909,0.16666666666666666,0
2014,19,815,10,24,55,12.0,7,0,0.21818181818181817,0.14285714285714285,0
2014,19,4,6,24,55,4.0,9,0,0.07272727272727272,0.1111111111111111,0
2014,19,8,6,24,55,2.0,10,0,0.03636363636363636,0.1,0
2014,19,825,1,24,55,0.0,11,0,0.0,0.09090909090909091,0
2014,19,818,5,24,55,0.0,12,0,0.0,0.08333333333333333,0
2014,19,154,208,24,54,0.0,13,0,0.0,0.07692307692307693,0
2014,19,3,131,24,54,0.0,14,0,0.0,0.07142857142857142,0
2014,19,821,15,24,54,0.0,15,0,0.0,0.06666666666666667,0
2014,19,16,15,24,54,0.0,16,0,0.0,0.0625,0
2014,19,829,207,24,54,0.0,17,0,0.0,0.058823529411764705,0
2014,19,155,207,24,42,0.0,18,0,0.0,0.05555555555555555,0
2014,19,813,208,24,26,0.0,19,0,0.0,0.05263157894736842,0
2014,19,826,5,24,14,0.0,20,0,0.0,0.05,0
2015,1,1,131,1,58,25.0,1,1,0.43103448275862066,1.0,1
2015,1,3,131,1,58,18.0,2,1,0.3103448275862069,0.5,1
2015,1,20,6,1,58,15.0,3,1,0.25862068965517243,0.3333333333333333,1
2015,1,13,3,1,58,12.0,4,0,0.20689655172413793,0.25,0
2015,1,831,15,1,58,10.0,5,0,0.1724137931034483,0.2,0
2015,1,817,9,1,57,8.0,6,0,0.14035087719298245,0.16666666666666666,0
2015,1,807,10,1,57,6.0,7,0,0.10526315789473684,0.14285714285714285,0
2015,1,828,15,1,57,4.0,8,0,0.07017543859649122,0.125,0
2015,1,832,5,1,57,2.0,9,0,0.03508771929824561,0.1111111111111111,0
2015,1,815,10,1,57,1.0,10,0,0.017543859649122806,0.1,0
2015,1,18,1,1,56,0.0,11,0,0.0,0.09090909090909091,0
2015,1,8,6,1,40,0.0,12,0,0.0,0.08333333333333333,0
2015,1,830,5,1,32,0.0,13,0,0.0,0.07692307692307693,0
2015,1,154,208,1,0,0.0,14,0,,0.07142857142857142,0
2015,1,813,208,1,0,0.0,15,0,,0.06666666666666667,0
2015,1,826,9,1,0,0.0,16,0,,0.0625,0
2015,1,825,1,1,0,0.0,17,0,,0.058823529411764705,0
2015,1,822,3,1,0,0.0,18,0,,0.05555555555555555,0
2015,2,20,6,2,56,25.0,1,1,0.44642857142857145,1.0,1
2015,2,1,131,2,56,18.0,2,1,0.32142857142857145,0.5,1
2015,2,3,131,2,56,15.0,3,1,0.26785714285714285,0.3333333333333333,1
2015,2,8,6,2,56,12.0,4,0,0.21428571428571427,0.25,0
2015,2,822,3,2,56,10.0,5,0,0.17857142857142858,0.2,0
2015,2,13,3,2,56,8.0,6,0,0.14285714285714285,0.16666666666666666,0
2015,2,830,5,2,56,6.0,7,0,0.10714285714285714,0.14285714285714285,0
2015,2,832,5,2,55,4.0,8,0,0.07272727272727272,0.125,0
2015,2,826,9,2,55,2.0,9,0,0.03636363636363636,0.1111111111111111,0
2015,2,817,9,2,55,1.0,10,0,0.01818181818181818,0.1,0
2015,2,154,208,2,55,0.0,11,0,0.0,0.09090909090909091,0
2015,2,831,15,2,55,0.0,12,0,0.0,0.08333333333333333,0
2015,2,815,10,2,55,0.0,13,0,0.0,0.07692307692307693,0
2015,2,807,10,2,55,0.0,14,0,0.0,0.07142857142857142,0
2015,2,833,209,2,53,0.0,15,0,0.0,0.06666666666666667,0
2015,2,813,208,2,47,0.0,16,0,0.0,0.0625,0
2015,2,18,1,2,41,0.0,17,0,0.0,0.058823529411764705,0
2015,2,4,1,2,21,0.0,18,0,0.0,0.05555555555555555,0
2015,2,828,15,2,3,0.0,19,0,0.0,0.05263157894736842,0
2015,3,1,131,17,56,25.0,1,1,0.44642857142857145,1.0,1
2015,3,3,131,17,56,18.0,2,1,0.32142857142857145,0.5,1
2015,3,20,6,17,56,15.0,3,1,0.26785714285714285,0.3333333333333333,1
2015,3,8,6,17,56,12.0,4,0,0.21428571428571427,0.25,0
2015,3,13,3,17,56,10.0,5,0,0.17857142857142858,0.2,0
2015,3,822,3,17,56,8.0,6,0,0.14285714285714285,0.16666666666666666,0
2015,3,154,208,17,56,6.0,7,0,0.10714285714285714,0.14285714285714285,0
2015,3,831,15,17,56,4.0,8,0,0.07142857142857142,0.125,0
2015,3,817,9,17,56,2.0,9,0,0.03571428571428571,0.1111111111111111,0
2015,3,828,15,17,55,1.0,10,0,0.01818181818181818,0.1,0
2015,3,815,10,17,55,0.0,11,0,0.0,0.09090909090909091,0
2015,3,4,1,17,55,0.0,12,0,0.0,0.08333333333333333,0
2015,3,832,5,17,55,0.0,13,0,0.0,0.07692307692307693,0
2015,3,18,1,17,55,0.0,14,0,0.0,0.07142857142857142,0
2015,3,829,209,17,54,0.0,15,0,0.0,0.06666666666666667,0
2015,3,833,209,17,54,0.0,16,0,0.0,0.0625,0
2015,3,830,5,17,52,0.0,17,0,0.0,0.058823529411764705,0
2015,3,813,208,17,49,0.0,18,0,0.0,0.05555555555555555,0
2015,3,826,9,17,15,0.0,19,0,0.0,0.05263157894736842,0
2015,3,807,10,17,9,0.0,20,0,0.0,0.05,0
2015,4,1,131,3,57,25.0,1,1,0.43859649122807015,1.0,1
2015,4,8,6,3,57,18.0,2,1,0.3157894736842105,0.5,1
2015,4,3,131,3,57,15.0,3,1,0.2631578947368421,0.3333333333333333,1
2015,4,822,3,3,57,12.0,4,0,0.21052631578947367,0.25,0
2015,4,20,6,3,57,10.0,5,0,0.17543859649122806,0.2,0
2015,4,817,9,3,57,8.0,6,0,0.14035087719298245,0.16666666666666666,0
2015,4,154,208,3,57,6.0,7,0,0.10526315789473684,0.14285714285714285,0
2015,4,815,10,3,56,4.0,8,0,0.07142857142857142,0.125,0
2015,4,826,9,3,56,2.0,9,0,0.03571428571428571,0.1111111111111111,0
2015,4,13,3,3,56,1.0,10,0,0.017857142857142856,0.1,0
2015,4,4,1,3,56,0.0,11,0,0.0,0.09090909090909091,0
2015,4,831,15,3,56,0.0,12,0,0.0,0.08333333333333333,0
2015,4,807,10,3,56,0.0,13,0,0.0,0.07692307692307693,0
2015,4,828,15,3,56,0.0,14,0,0.0,0.07142857142857142,0
2015,4,813,208,3,56,0.0,15,0,0.0,0.06666666666666667,0
2015,4,829,209,3,55,0.0,16,0,0.0,0.0625,0
2015,4,833,209,3,54,0.0,17,0,0.0,0.058823529411764705,0
2015,4,830,5,3,34,0.0,18,0,0.0,0.05555555555555555,0
2015,4,832,5,3,29,0.0,19,0,0.0,0.05263157894736842,0
2015,5,3,131,4,66,25.0,1,1,0.3787878787878788,1.0,1
2015,5,1,131,4,66,18.0,2,1,0.2727272727272727,0.5,1
2015,5,20,6,4,66,15.0,3,1,0.22727272727272727,0.3333333333333333,1
2015,5,822,3,4,66,12.0,4,0,0.18181818181818182,0.25,0
2015,5,8,6,4,66,10.0,5,0,0.15151515151515152,0.2,0
2015,5,13,3,4,66,8.0,6,0,0.12121212121212122,0.16666666666666666,0
2015,5,817,9,4,65,6.0,7,0,0.09230769230769231,0.14285714285714285,0
2015,5,154,208,4,65,4.0,8,0,0.06153846153846154,0.125,0
2015,5,832,5,4,65,2.0,9,0,0.03076923076923077,0.1111111111111111,0
2015,5,826,9,4,65,1.0,10,0,0.015384615384615385,0.1,0
2015,5,830,5,4,65,0.0,11,0,0.0,0.09090909090909091,0
2015,5,831,15,4,65,0.0,12,0,0.0,0.08333333333333333,0
2015,5,815,10,4,65,0.0,13,0,0.0,0.07692307692307693,0
2015,5,828,15,4,65,0.0,14,0,0.0,0.07142857142857142,0
2015,5,807,10,4,65,0.0,15,0,0.0,0.06666666666666667,0
2015,5,18,1,4,65,0.0,16,0,0.0,0.0625,0
2015,5,829,209,4,63,0.0,17,0,0.0,0.058823529411764705,0
2015,5,833,209,4,62,0.0,18,0,0.0,0.05555555555555555,0
2015,5,813,208,4,45,0.0,19,0,0.0,0.05263157894736842,0
2015,5,4,1,4,26,0.0,20,0,0.0,0.05,0
2015,6,3,131,6,78,25.0,1,1,0.32051282051282054,1.0,1
2015,6,20,6,6,78,18.0,2,1,0.23076923076923078,0.5,1
2015,6,1,131,6,78,15.0,3,1,0.19230769230769232,0.3333333333333333,1
2015,6,826,9,6,78,12.0,4,0,0.15384615384615385,0.25,0
2015,6,817,9,6,78,10.0,5,0,0.1282051282051282,0.2,0
2015,6,8,6,6,78,8.0,6,0,0.10256410256410256,0.16666666666666666,0
2015,6,815,10,6,78,6.0,7,0,0.07692307692307693,0.14285714285714285,0
2015,6,18,1,6,78,4.0,8,0,0.05128205128205128,0.125,0
2015,6,831,15,6,78,2.0,9,0,0.02564102564102564,0.1111111111111111,0
2015,6,832,5,6,78,1.0,10,0,0.01282051282051282,0.1,0
2015,6,807,10,6,78,0.0,11,0,0.0,0.09090909090909091,0
2015,6,154,208,6,78,0.0,12,0,0.0,0.08333333333333333,0
2015,6,828,15,6,78,0.0,13,0,0.0,0.07692307692307693,0
2015,6,822,3,6,78,0.0,14,0,0.0,0.07142857142857142,0
2015,6,13,3,6,77,0.0,15,0,0.0,0.06666666666666667,0
2015,6,833,209,6,76,0.0,16,0,0.0,0.0625,0
2015,6,829,209,6,76,0.0,17,0,0.0,0.058823529411764705,0
2015,6,830,5,6,62,0.0,18,0,0.0,0.05555555555555555,0
2015,6,4,1,6,41,0.0,19,0,0.0,0.05263157894736842,0
2015,6,813,208,6,5,0.0,20,0,0.0,0.05,0
2015,7,1,131,7,70,25.0,1,1,0.35714285714285715,1.0,1
2015,7,3,131,7,70,18.0,2,1,0.2571428571428571,0.5,1
2015,7,822,3,7,70,15.0,3,1,0.21428571428571427,0.3333333333333333,1
2015,7,8,6,7,70,12.0,4,0,0.17142857142857143,0.25,0
2015,7,20,6,7,70,10.0,5,0,0.14285714285714285,0.2,0
2015,7,13,3,7,70,8.0,6,0,0.11428571428571428,0.16666666666666666,0
2015,7,813,208,7,70,6.0,7,0,0.08571428571428572,0.14285714285714285,0
2015,7,807,10,7,69,4.0,8,0,0.057971014492753624,0.125,0
2015,7,826,9,7,69,2.0,9,0,0.028985507246376812,0.1111111111111111,0
2015,7,154,208,7,69,1.0,10,0,0.014492753623188406,0.1,0
2015,7,815,10,7,69,0.0,11,0,0.0,0.09090909090909091,0
2015,7,832,5,7,69,0.0,12,0,0.0,0.08333333333333333,0
2015,7,817,9,7,69,0.0,13,0,0.0,0.07692307692307693,0
2015,7,828,15,7,69,0.0,14,0,0.0,0.07142857142857142,0
2015,7,830,5,7,69,0.0,15,0,0.0,0.06666666666666667,0
2015,7,831,15,7,68,0.0,16,0,0.0,0.0625,0
2015,7,829,209,7,66,0.0,17,0,0.0,0.058823529411764705,0
2015,7,833,209,7,57,0.0,18,0,0.0,0.05555555555555555,0
2015,7,4,1,7,44,0.0,20,0,0.0,0.05,0
2015,8,3,131,70,71,25.0,1,1,0.352112676056338,1.0,1
2015,8,1,131,70,71,18.0,2,1,0.2535211267605634,0.5,1
2015,8,13,3,70,71,15.0,3,1,0.2112676056338028,0.3333333333333333,1
2015,8,20,6,70,71,12.0,4,0,0.16901408450704225,0.25,0
2015,8,822,3,70,71,10.0,5,0,0.14084507042253522,0.2,0
2015,8,807,10,70,71,8.0,6,0,0.11267605633802817,0.16666666666666666,0
2015,8,813,208,70,70,6.0,7,0,0.08571428571428572,0.14285714285714285,0
2015,8,830,5,70,70,4.0,8,0,0.05714285714285714,0.125,0
2015,8,815,10,70,70,2.0,9,0,0.02857142857142857,0.1111111111111111,0
2015,8,817,9,70,70,1.0,10,0,0.014285714285714285,0.1,0
2015,8,831,15,70,70,0.0,11,0,0.0,0.09090909090909091,0
2015,8,826,9,70,70,0.0,12,0,0.0,0.08333333333333333,0
2015,8,828,15,70,69,0.0,13,0,0.0,0.07692307692307693,0
2015,8,833,209,70,68,0.0,14,0,0.0,0.07142857142857142,0
2015,8,154,208,70,35,0.0,15,0,0.0,0.06666666666666667,0
2015,8,832,5,70,35,0.0,16,0,0.0,0.0625,0
2015,8,18,1,70,8,0.0,17,0,0.0,0.058823529411764705,0
2015,8,829,209,70,1,0.0,18,0,0.0,0.05555555555555555,0
2015,8,8,6,70,0,0.0,19,0,,0.05263157894736842,0
2015,8,4,1,70,0,0.0,20,0,,0.05,0
2015,9,1,131,9,52,25.0,1,1,0.4807692307692308,1.0,1
2015,9,3,131,9,52,18.0,2,1,0.34615384615384615,0.5,1
2015,9,20,6,9,52,15.0,3,1,0.28846153846153844,0.3333333333333333,1
2015,9,13,3,9,52,12.0,4,0,0.23076923076923078,0.25,0
2015,9,822,3,9,52,10.0,5,0,0.19230769230769232,0.2,0
2015,9,826,9,9,52,8.0,6,0,0.15384615384615385,0.16666666666666666,0
2015,9,807,10,9,52,6.0,7,0,0.11538461538461539,0.14285714285714285,0
2015,9,8,6,9,51,4.0,8,0,0.0784313725490196,0.125,0
2015,9,815,10,9,51,2.0,9,0,0.0392156862745098,0.1111111111111111,0
2015,9,4,1,9,51,1.0,10,0,0.0196078431372549,0.1,0
2015,9,828,15,9,51,0.0,11,0,0.0,0.09090909090909091,0
2015,9,833,209,9,49,0.0,12,0,0.0,0.08333333333333333,0
2015,9,829,209,9,49,0.0,13,0,0.0,0.07692307692307693,0
2015,9,832,5,9,31,0.0,14,0,0.0,0.07142857142857142,0
2015,9,817,9,9,21,0.0,15,0,0.0,0.06666666666666667,0
2015,9,830,5,9,3,0.0,16,0,0.0,0.0625,0
2015,9,813,208,9,0,0.0,18,0,,0.05555555555555555,0
2015,9,18,1,9,0,0.0,19,0,,0.05263157894736842,0
2015,9,154,208,9,0,0.0,17,0,,0.058823529411764705,0
2015,9,831,15,9,0,0.0,20,0,,0.05,0
2015,10,20,6,11,69,25.0,1,1,0.36231884057971014,1.0,1
2015,10,826,9,11,69,18.0,2,1,0.2608695652173913,0.5,1
2015,10,817,9,11,69,15.0,3,1,0.21739130434782608,0.3333333333333333,1
2015,10,830,5,11,69,12.0,4,0,0.17391304347826086,0.25,0
2015,10,4,1,11,69,10.0,5,0,0.14492753623188406,0.2,0
2015,10,1,131,11,69,8.0,6,0,0.11594202898550725,0.16666666666666666,0
2015,10,154,208,11,69,6.0,7,0,0.08695652173913043,0.14285714285714285,0
2015,10,3,131,11,69,4.0,8,0,0.057971014492753624,0.125,0
2015,10,18,1,11,69,2.0,9,0,0.028985507246376812,0.1111111111111111,0
2015,10,828,15,11,69,1.0,10,0,0.014492753623188406,0.1,0
2015,10,831,15,11,69,0.0,11,0,0.0,0.09090909090909091,0
2015,10,13,3,11,69,0.0,12,0,0.0,0.08333333333333333,0
2015,10,822,3,11,69,0.0,13,0,0.0,0.07692307692307693,0
2015,10,813,208,11,69,0.0,14,0,0.0,0.07142857142857142,0
2015,10,833,209,11,67,0.0,15,0,0.0,0.06666666666666667,0
2015,10,829,209,11,65,0.0,16,0,0.0,0.0625,0
2015,10,832,5,11,60,0.0,17,0,0.0,0.058823529411764705,0
2015,10,8,6,11,55,0.0,18,0,0.0,0.05555555555555555,0
2015,10,815,10,11,53,0.0,19,0,0.0,0.05263157894736842,0
2015,10,807,10,11,41,0.0,20,0,0.0,0.05,0
2015,11,1,131,13,43,25.0,1,1,0.5813953488372093,1.0,1
2015,11,3,131,13,43,18.0,2,1,0.4186046511627907,0.5,1
2015,11,154,208,13,43,15.0,3,1,0.3488372093023256,0.3333333333333333,1
2015,11,826,9,13,43,12.0,4,0,0.27906976744186046,0.25,0
2015,11,815,10,13,43,10.0,5,0,0.23255813953488372,0.2,0
2015,11,13,3,13,43,8.0,6,0,0.18604651162790697,0.16666666666666666,0
2015,11,8,6,13,43,6.0,7,0,0.13953488372093023,0.14285714285714285,0
2015,11,830,5,13,43,4.0,8,0,0.09302325581395349,0.125,0
2015,11,822,3,13,43,2.0,9,0,0.046511627906976744,0.1111111111111111,0
2015,11,828,15,13,43,1.0,10,0,0.023255813953488372,0.1,0
2015,11,831,15,13,43,0.0,11,0,0.0,0.09090909090909091,0
2015,11,20,6,13,42,0.0,12,0,0.0,0.08333333333333333,0
2015,11,4,1,13,42,0.0,13,0,0.0,0.07692307692307693,0
2015,11,18,1,13,42,0.0,14,0,0.0,0.07142857142857142,0
2015,11,833,209,13,42,0.0,15,0,0.0,0.06666666666666667,0
2015,11,829,209,13,42,0.0,16,0,0.0,0.0625,0
2015,11,832,5,13,32,0.0,17,0,0.0,0.058823529411764705,0
2015,11,817,9,13,19,0.0,18,0,0.0,0.05555555555555555,0
2015,11,813,208,13,2,0.0,19,0,0.0,0.05263157894736842,0
2015,11,807,10,13,0,0.0,20,0,,0.05,0
2015,12,1,131,14,53,25.0,1,1,0.4716981132075472,1.0,1
2015,12,20,6,14,53,18.0,2,1,0.33962264150943394,0.5,1
2015,12,13,3,14,53,15.0,3,1,0.2830188679245283,0.3333333333333333,1
2015,12,822,3,14,53,12.0,4,0,0.22641509433962265,0.25,0
2015,12,8,6,14,53,10.0,5,0,0.18867924528301888,0.2,0
2015,12,815,10,14,53,8.0,6,0,0.1509433962264151,0.16666666666666666,0
2015,12,807,10,14,52,6.0,7,0,0.11538461538461539,0.14285714285714285,0
2015,12,817,9,14,52,4.0,8,0,0.07692307692307693,0.125,0
2015,12,828,15,14,52,2.0,9,0,0.038461538461538464,0.1111111111111111,0
2015,12,826,9,14,52,1.0,10,0,0.019230769230769232,0.1,0
2015,12,832,5,14,52,0.0,11,0,0.0,0.09090909090909091,0
2015,12,830,5,14,52,0.0,12,0,0.0,0.08333333333333333,0
2015,12,831,15,14,52,0.0,13,0,0.0,0.07692307692307693,0
2015,12,18,1,14,52,0.0,14,0,0.0,0.07142857142857142,0
2015,12,829,209,14,51,0.0,15,0,0.0,0.06666666666666667,0
2015,12,833,209,14,51,0.0,16,0,0.0,0.0625,0
2015,12,3,131,14,50,0.0,17,0,0.0,0.058823529411764705,0
2015,12,4,1,14,47,0.0,18,0,0.0,0.05555555555555555,0
2015,12,154,208,14,1,0.0,19,0,0.0,0.05263157894736842,0
2015,12,813,208,14,1,0.0,20,0,0.0,0.05,0
2015,13,20,6,15,61,25.0,1,1,0.4098360655737705,1.0,1
2015,13,817,9,15,61,18.0,2,1,0.29508196721311475,0.5,1
2015,13,8,6,15,61,15.0,3,1,0.2459016393442623,0.3333333333333333,1
2015,13,3,131,15,61,12.0,4,0,0.19672131147540983,0.25,0
2015,13,822,3,15,61,10.0,5,0,0.16393442622950818,0.2,0
2015,13,826,9,15,61,8.0,6,0,0.13114754098360656,0.16666666666666666,0
2015,13,815,10,15,61,6.0,7,0,0.09836065573770492,0.14285714285714285,0
2015,13,830,5,15,61,4.0,8,0,0.06557377049180328,0.125,0
2015,13,832,5,15,61,2.0,9,0,0.03278688524590164,0.1111111111111111,0
2015,13,831,15,15,61,1.0,10,0,0.01639344262295082,0.1,0
2015,13,828,15,15,61,0.0,11,0,0.0,0.09090909090909091,0
2015,13,813,208,15,61,0.0,12,0,0.0,0.08333333333333333,0
2015,13,154,208,15,59,0.0,13,0,0.0,0.07692307692307693,0
2015,13,834,209,15,59,0.0,14,0,0.0,0.07142857142857142,0
2015,13,829,209,15,59,0.0,15,0,0.0,0.06666666666666667,0
2015,13,18,1,15,52,0.0,16,0,0.0,0.0625,0
2015,13,4,1,15,33,0.0,17,0,0.0,0.058823529411764705,0
2015,13,1,131,15,32,0.0,18,0,0.0,0.05555555555555555,0
2015,13,13,3,15,30,0.0,19,0,0.0,0.05263157894736842,0
2015,13,807,10,15,12,0.0,20,0,0.0,0.05,0
2015,14,1,131,22,53,25.0,1,1,0.4716981132075472,1.0,1
2015,14,3,131,22,53,18.0,2,1,0.33962264150943394,0.5,1
2015,14,20,6,22,53,15.0,3,1,0.2830188679245283,0.3333333333333333,1
2015,14,8,6,22,53,12.0,4,0,0.22641509433962265,0.25,0
2015,14,822,3,22,53,10.0,5,0,0.18867924528301888,0.2,0
2015,14,807,10,22,53,8.0,6,0,0.1509433962264151,0.16666666666666666,0
2015,14,154,208,22,53,6.0,7,0,0.11320754716981132,0.14285714285714285,0
2015,14,813,208,22,53,4.0,8,0,0.07547169811320754,0.125,0
2015,14,830,5,22,53,2.0,9,0,0.03773584905660377,0.1111111111111111,0
2015,14,832,5,22,52,1.0,10,0,0.019230769230769232,0.1,0
2015,14,4,1,22,52,0.0,11,0,0.0,0.09090909090909091,0
2015,14,815,10,22,52,0.0,12,0,0.0,0.08333333333333333,0
2015,14,826,9,22,52,0.0,13,0,0.0,0.07692307692307693,0
2015,14,828,15,22,52,0.0,14,0,0.0,0.07142857142857142,0
2015,14,817,9,22,52,0.0,15,0,0.0,0.06666666666666667,0
2015,14,18,1,22,52,0.0,16,0,0.0,0.0625,0
2015,14,13,3,22,51,0.0,17,0,0.0,0.058823529411764705,0
2015,14,834,209,22,51,0.0,18,0,0.0,0.05555555555555555,0
2015,14,829,209,22,50,0.0,19,0,0.0,0.05263157894736842,0
2015,14,831,15,22,49,0.0,20,0,0.0,0.05,0
2015,15,1,131,71,53,25.0,1,1,0.4716981132075472,1.0,1
2015,15,20,6,71,53,18.0,2,1,0.33962264150943394,0.5,1
2015,15,815,10,71,53,15.0,3,1,0.2830188679245283,0.3333333333333333,1
2015,15,13,3,71,53,12.0,4,0,0.22641509433962265,0.25,0
2015,15,8,6,71,53,4.0,8,0,0.07547169811320754,0.125,0
2015,15,831,15,71,53,8.0,6,0,0.1509433962264151,0.16666666666666666,0
2015,15,813,208,71,53,6.0,7,0,0.11320754716981132,0.14285714285714285,0
2015,15,18,1,71,53,2.0,9,0,0.03773584905660377,0.1111111111111111,0
2015,15,830,5,71,53,1.0,10,0,0.018867924528301886,0.1,0
2015,15,4,1,71,53,0.0,11,0,0.0,0.09090909090909091,0
2015,15,822,3,71,52,0.0,12,0,0.0,0.08333333333333333,0
2015,15,833,209,71,52,0.0,13,0,0.0,0.07692307692307693,0
2015,15,829,209,71,51,0.0,14,0,0.0,0.07142857142857142,0
2015,15,817,9,71,47,0.0,15,0,0.0,0.06666666666666667,0
2015,15,154,208,71,11,0.0,17,0,0.0,0.058823529411764705,0
2015,15,3,131,71,7,0.0,18,0,0.0,0.05555555555555555,0
2015,15,807,10,71,0,0.0,19,0,,0.05263157894736842,0
2015,15,828,15,71,0,0.0,20,0,,0.05,0
2015,16,1,131,69,56,25.0,1,1,0.44642857142857145,1.0,1
2015,15,826,9,71,53,10.0,5,0,0.18867924528301888,0.2,0
2015,16,3,131,69,56,18.0,2,1,0.32142857142857145,0.5,1
2015,16,20,6,69,56,15.0,3,1,0.26785714285714285,0.3333333333333333,1
2015,16,830,5,69,56,12.0,4,0,0.21428571428571427,0.25,0
2015,16,815,10,69,56,10.0,5,0,0.17857142857142858,0.2,0
2015,16,18,1,69,56,8.0,6,0,0.14285714285714285,0.16666666666666666,0
2015,16,832,5,69,56,6.0,7,0,0.10714285714285714,0.14285714285714285,0
2015,16,813,208,69,56,4.0,8,0,0.07142857142857142,0.125,0
2015,16,831,15,69,56,2.0,9,0,0.03571428571428571,0.1111111111111111,0
2015,16,817,9,69,56,1.0,10,0,0.017857142857142856,0.1,0
2015,16,4,1,69,56,0.0,11,0,0.0,0.09090909090909091,0
2015,16,834,209,69,56,0.0,12,0,0.0,0.08333333333333333,0
2015,16,826,9,69,41,0.0,13,0,0.0,0.07692307692307693,0
2015,16,807,10,69,35,0.0,14,0,0.0,0.07142857142857142,0
2015,16,828,15,69,25,0.0,15,0,0.0,0.06666666666666667,0
2015,16,8,6,69,25,0.0,16,0,0.0,0.0625,0
2015,16,13,3,69,23,0.0,17,0,0.0,0.058823529411764705,0
2015,16,154,208,69,10,0.0,18,0,0.0,0.05555555555555555,0
2015,16,822,3,69,5,0.0,19,0,0.0,0.05263157894736842,0
2015,16,829,209,69,1,0.0,20,0,0.0,0.05,0
2015,17,3,131,32,71,25.0,1,1,0.352112676056338,1.0,1
2015,17,1,131,32,71,18.0,2,1,0.2535211267605634,0.5,1
2015,17,822,3,32,71,15.0,3,1,0.2112676056338028,0.3333333333333333,1
2015,17,826,9,32,71,12.0,4,0,0.16901408450704225,0.25,0
2015,17,817,9,32,71,10.0,5,0,0.14084507042253522,0.2,0
2015,17,13,3,32,71,8.0,6,0,0.11267605633802817,0.16666666666666666,0
2015,17,807,10,32,71,6.0,7,0,0.08450704225352113,0.14285714285714285,0
2015,17,815,10,32,71,4.0,8,0,0.056338028169014086,0.125,0
2015,17,830,5,32,71,2.0,9,0,0.028169014084507043,0.1111111111111111,0
2015,17,154,208,32,71,1.0,10,0,0.014084507042253521,0.1,0
2015,17,813,208,32,71,0.0,11,0,0.0,0.09090909090909091,0
2015,17,828,15,32,71,0.0,12,0,0.0,0.08333333333333333,0
2015,17,832,5,32,71,0.0,13,0,0.0,0.07692307692307693,0
2015,17,18,1,32,71,0.0,14,0,0.0,0.07142857142857142,0
2015,17,834,209,32,69,0.0,15,0,0.0,0.06666666666666667,0
2015,17,829,209,32,69,0.0,16,0,0.0,0.0625,0
2015,17,831,15,32,57,0.0,17,0,0.0,0.058823529411764705,0
2015,17,20,6,32,50,0.0,18,0,0.0,0.05555555555555555,0
2015,17,8,6,32,21,0.0,19,0,0.0,0.05263157894736842,0
2015,17,4,1,32,1,0.0,20,0,0.0,0.05,0
2015,18,3,131,18,71,25.0,1,1,0.352112676056338,1.0,1
2015,18,1,131,18,71,18.0,2,1,0.2535211267605634,0.5,1
2015,18,20,6,18,71,15.0,3,1,0.2112676056338028,0.3333333333333333,1
2015,18,8,6,18,71,12.0,4,0,0.16901408450704225,0.25,0
2015,18,822,3,18,70,10.0,5,0,0.14285714285714285,0.2,0
2015,18,807,10,18,70,8.0,6,0,0.11428571428571428,0.16666666666666666,0
2015,18,826,9,18,70,6.0,7,0,0.08571428571428572,0.14285714285714285,0
2015,18,154,208,18,70,4.0,8,0,0.05714285714285714,0.125,0
2015,18,830,5,18,70,2.0,9,0,0.02857142857142857,0.1111111111111111,0
2015,18,813,208,18,70,1.0,10,0,0.014285714285714285,0.1,0
2015,18,817,9,18,70,0.0,11,0,0.0,0.09090909090909091,0
2015,18,815,10,18,70,0.0,12,0,0.0,0.08333333333333333,0
2015,18,831,15,18,70,0.0,13,0,0.0,0.07692307692307693,0
2015,18,18,1,18,70,0.0,14,0,0.0,0.07142857142857142,0
2015,18,4,1,18,70,0.0,15,0,0.0,0.06666666666666667,0
2015,18,828,15,18,69,0.0,16,0,0.0,0.0625,0
2015,18,829,209,18,67,0.0,17,0,0.0,0.058823529411764705,0
2015,18,834,209,18,67,0.0,18,0,0.0,0.05555555555555555,0
2015,18,832,5,18,0,0.0,19,0,,0.05263157894736842,0
2015,18,13,3,18,70,0.0,20,0,0.0,0.05,0
2015,19,3,131,24,55,25.0,1,1,0.45454545454545453,1.0,1
2015,19,1,131,24,55,18.0,2,1,0.32727272727272727,0.5,1
2015,19,8,6,24,55,15.0,3,1,0.2727272727272727,0.3333333333333333,1
2015,19,20,6,24,55,12.0,4,0,0.21818181818181817,0.25,0
2015,19,815,10,24,55,10.0,5,0,0.18181818181818182,0.2,0
2015,19,817,9,24,55,8.0,6,0,0.14545454545454545,0.16666666666666666,0
2015,19,807,10,24,55,6.0,7,0,0.10909090909090909,0.14285714285714285,0
2015,19,13,3,24,55,4.0,8,0,0.07272727272727272,0.125,0
2015,19,154,208,24,55,2.0,9,0,0.03636363636363636,0.1111111111111111,0
2015,19,826,9,24,55,1.0,10,0,0.01818181818181818,0.1,0
2015,19,832,5,24,55,0.0,11,0,0.0,0.09090909090909091,0
2015,19,18,1,24,54,0.0,12,0,0.0,0.08333333333333333,0
2015,19,822,3,24,54,0.0,13,0,0.0,0.07692307692307693,0
2015,19,828,15,24,54,0.0,14,0,0.0,0.07142857142857142,0
2015,19,831,15,24,54,0.0,15,0,0.0,0.06666666666666667,0
2015,19,830,5,24,54,0.0,16,0,0.0,0.0625,0
2015,19,4,1,24,53,0.0,17,0,0.0,0.058823529411764705,0
2015,19,829,209,24,53,0.0,18,0,0.0,0.05555555555555555,0
2015,19,833,209,24,52,0.0,19,0,0.0,0.05263157894736842,0
2015,19,813,208,24,0,0.0,20,0,,0.05,0
2016,1,3,131,1,57,25.0,1,1,0.43859649122807015,1.0,1
2016,1,1,131,1,57,18.0,2,1,0.3157894736842105,0.5,1
2016,1,20,6,1,57,15.0,3,1,0.2631578947368421,0.3333333333333333,1
2016,1,817,9,1,57,12.0,4,0,0.21052631578947367,0.25,0
2016,1,13,3,1,57,10.0,5,0,0.17543859649122806,0.2,0
2016,1,154,210,1,57,8.0,6,0,0.14035087719298245,0.16666666666666666,0
2016,1,807,10,1,57,6.0,7,0,0.10526315789473684,0.14285714285714285,0
2016,1,822,3,1,57,4.0,8,0,0.07017543859649122,0.125,0
2016,1,832,5,1,57,2.0,9,0,0.03508771929824561,0.1111111111111111,0
2016,1,830,5,1,57,1.0,10,0,0.017543859649122806,0.1,0
2016,1,835,4,1,57,0.0,11,0,0.0,0.09090909090909091,0
2016,1,825,4,1,57,0.0,12,0,0.0,0.08333333333333333,0
2016,1,815,10,1,57,0.0,13,0,0.0,0.07692307692307693,0
2016,1,18,1,1,56,0.0,14,0,0.0,0.07142857142857142,0
2016,1,831,15,1,56,0.0,15,0,0.0,0.06666666666666667,0
2016,1,836,209,1,56,0.0,16,0,0.0,0.0625,0
2016,1,828,15,1,38,0.0,17,0,0.0,0.058823529411764705,0
2016,1,8,6,1,21,0.0,18,0,0.0,0.05555555555555555,0
2016,1,837,209,1,17,0.0,19,0,0.0,0.05263157894736842,0
2016,1,821,210,1,16,0.0,20,0,0.0,0.05,0
2016,1,4,1,1,16,0.0,21,0,0.0,0.047619047619047616,0
2016,1,826,9,1,0,0.0,22,0,,0.045454545454545456,0
2016,2,3,131,3,57,25.0,1,1,0.43859649122807015,1.0,1
2016,2,8,6,3,57,18.0,2,1,0.3157894736842105,0.5,1
2016,2,1,131,3,57,15.0,3,1,0.2631578947368421,0.3333333333333333,1
2016,2,817,9,3,57,12.0,4,0,0.21052631578947367,0.25,0
2016,2,154,210,3,57,10.0,5,0,0.17543859649122806,0.2,0
2016,2,830,5,3,57,8.0,6,0,0.14035087719298245,0.16666666666666666,0
2016,2,826,9,3,56,6.0,7,0,0.10714285714285714,0.14285714285714285,0
2016,2,13,3,3,56,4.0,8,0,0.07142857142857142,0.125,0
2016,2,822,3,3,56,2.0,9,0,0.03571428571428571,0.1111111111111111,0
2016,2,838,1,3,56,1.0,10,0,0.017857142857142856,0.1,0
2016,2,825,4,3,56,0.0,11,0,0.0,0.09090909090909091,0
2016,2,828,15,3,56,0.0,12,0,0.0,0.08333333333333333,0
2016,2,836,209,3,56,0.0,13,0,0.0,0.07692307692307693,0
2016,2,831,15,3,56,0.0,14,0,0.0,0.07142857142857142,0
2016,2,807,10,3,56,0.0,15,0,0.0,0.06666666666666667,0
2016,2,815,10,3,56,0.0,16,0,0.0,0.0625,0
2016,2,837,209,3,56,0.0,17,0,0.0,0.058823529411764705,0
2016,2,832,5,3,29,0.0,18,0,0.0,0.05555555555555555,0
2016,2,821,210,3,9,0.0,19,0,0.0,0.05263157894736842,0
2016,2,18,1,3,6,0.0,20,0,0.0,0.05,0
2016,2,20,6,3,0,0.0,21,0,,0.047619047619047616,0
2016,2,835,4,3,0,0.0,22,0,,0.045454545454545456,0
2016,3,3,131,17,56,25.0,1,1,0.44642857142857145,1.0,1
2016,3,20,6,17,56,18.0,2,1,0.32142857142857145,0.5,1
2016,3,826,9,17,56,15.0,3,1,0.26785714285714285,0.3333333333333333,1
2016,3,817,9,17,56,12.0,4,0,0.21428571428571427,0.25,0
2016,3,8,6,17,56,10.0,5,0,0.17857142857142858,0.2,0
2016,3,13,3,17,56,8.0,6,0,0.14285714285714285,0.16666666666666666,0
2016,3,1,131,17,56,6.0,7,0,0.10714285714285714,0.14285714285714285,0
2016,3,830,5,17,56,4.0,8,0,0.07142857142857142,0.125,0
2016,3,832,5,17,56,2.0,9,0,0.03571428571428571,0.1111111111111111,0
2016,3,822,3,17,56,1.0,10,0,0.017857142857142856,0.1,0
2016,3,815,10,17,56,0.0,11,0,0.0,0.09090909090909091,0
2016,3,4,1,17,56,0.0,12,0,0.0,0.08333333333333333,0
2016,3,18,1,17,56,0.0,13,0,0.0,0.07692307692307693,0
2016,3,821,210,17,55,0.0,14,0,0.0,0.07142857142857142,0
2016,3,807,10,17,55,0.0,15,0,0.0,0.06666666666666667,0
2016,3,828,15,17,55,0.0,16,0,0.0,0.0625,0
2016,3,825,4,17,55,0.0,17,0,0.0,0.058823529411764705,0
2016,3,836,209,17,55,0.0,18,0,0.0,0.05555555555555555,0
2016,3,154,210,17,55,0.0,19,0,0.0,0.05263157894736842,0
2016,3,831,15,17,55,0.0,20,0,0.0,0.05,0
2016,3,837,209,17,55,0.0,21,0,0.0,0.047619047619047616,0
2016,3,835,4,17,55,0.0,22,0,0.0,0.045454545454545456,0
2016,4,3,131,71,53,25.0,1,1,0.4716981132075472,1.0,1
2016,4,1,131,71,53,18.0,2,1,0.33962264150943394,0.5,1
2016,4,8,6,71,53,15.0,3,1,0.2830188679245283,0.3333333333333333,1
2016,4,822,3,71,53,12.0,4,0,0.22641509433962265,0.25,0
2016,4,13,3,71,53,10.0,5,0,0.18867924528301888,0.2,0
2016,4,4,1,71,52,8.0,6,0,0.15384615384615385,0.16666666666666666,0
2016,4,825,4,71,52,6.0,7,0,0.11538461538461539,0.14285714285714285,0
2016,4,154,210,71,52,4.0,8,0,0.07692307692307693,0.125,0
2016,4,815,10,71,52,2.0,9,0,0.038461538461538464,0.1111111111111111,0
2016,4,18,1,71,52,1.0,10,0,0.019230769230769232,0.1,0
2016,4,817,9,71,52,0.0,11,0,0.0,0.09090909090909091,0
2016,4,832,5,71,52,0.0,12,0,0.0,0.08333333333333333,0
2016,4,835,4,71,52,0.0,13,0,0.0,0.07692307692307693,0
2016,4,828,15,71,52,0.0,14,0,0.0,0.07142857142857142,0
2016,4,826,9,71,52,0.0,15,0,0.0,0.06666666666666667,0
2016,4,831,15,71,52,0.0,16,0,0.0,0.0625,0
2016,4,821,210,71,52,0.0,17,0,0.0,0.058823529411764705,0
2016,4,836,209,71,51,0.0,18,0,0.0,0.05555555555555555,0
2016,4,830,5,71,33,0.0,19,0,0.0,0.05263157894736842,0
2016,4,20,6,71,0,0.0,20,0,,0.05,0
2016,4,807,10,71,0,0.0,21,0,,0.047619047619047616,0
2016,4,837,209,71,0,0.0,22,0,,0.045454545454545456,0
2016,5,830,9,4,66,25.0,1,1,0.3787878787878788,1.0,1
2016,5,8,6,4,66,18.0,2,1,0.2727272727272727,0.5,1
2016,5,20,6,4,66,15.0,3,1,0.22727272727272727,0.3333333333333333,1
2016,5,817,9,4,66,12.0,4,0,0.18181818181818182,0.25,0
2016,5,822,3,4,66,10.0,5,0,0.15151515151515152,0.2,0
2016,5,832,5,4,66,8.0,6,0,0.12121212121212122,0.16666666666666666,0
2016,5,815,10,4,66,6.0,7,0,0.09090909090909091,0.14285714285714285,0
2016,5,13,3,4,66,4.0,8,0,0.06060606060606061,0.125,0
2016,5,18,1,4,65,2.0,9,0,0.03076923076923077,0.1111111111111111,0
2016,5,826,5,4,65,1.0,10,0,0.015384615384615385,0.1,0
2016,5,821,210,4,65,0.0,11,0,0.0,0.09090909090909091,0
2016,5,828,15,4,65,0.0,12,0,0.0,0.08333333333333333,0
2016,5,835,4,4,65,0.0,13,0,0.0,0.07692307692307693,0
2016,5,825,4,4,65,0.0,14,0,0.0,0.07142857142857142,0
2016,5,831,15,4,65,0.0,15,0,0.0,0.06666666666666667,0
2016,5,836,209,4,65,0.0,16,0,0.0,0.0625,0
2016,5,837,209,4,65,0.0,17,0,0.0,0.058823529411764705,0
2016,5,154,210,4,56,0.0,18,0,0.0,0.05555555555555555,0
2016,5,4,1,4,45,0.0,19,0,0.0,0.05263157894736842,0
2016,5,807,10,4,20,0.0,20,0,0.0,0.05,0
2016,5,1,131,4,0,0.0,21,0,,0.047619047619047616,0
2016,5,3,131,4,0,0.0,22,0,,0.045454545454545456,0
2016,6,1,131,6,78,25.0,1,1,0.32051282051282054,1.0,1
2016,6,817,9,6,78,18.0,2,1,0.23076923076923078,0.5,1
2016,6,815,10,6,78,15.0,3,1,0.19230769230769232,0.3333333333333333,1
2016,6,20,6,6,78,12.0,4,0,0.15384615384615385,0.25,0
2016,6,4,1,6,78,10.0,5,0,0.1282051282051282,0.2,0
2016,6,807,10,6,78,8.0,6,0,0.10256410256410256,0.16666666666666666,0
2016,6,3,131,6,78,6.0,7,0,0.07692307692307693,0.14285714285714285,0
2016,6,832,5,6,77,4.0,8,0,0.05194805194805195,0.125,0
2016,6,18,1,6,77,2.0,9,0,0.025974025974025976,0.1111111111111111,0
2016,6,13,3,6,77,1.0,10,0,0.012987012987012988,0.1,0
2016,6,821,210,6,77,0.0,11,0,0.0,0.09090909090909091,0
2016,6,822,3,6,77,0.0,12,0,0.0,0.08333333333333333,0
2016,6,154,210,6,76,0.0,13,0,0.0,0.07692307692307693,0
2016,6,836,209,6,76,0.0,14,0,0.0,0.07142857142857142,0
2016,6,837,209,6,74,0.0,15,0,0.0,0.06666666666666667,0
2016,6,828,15,6,51,0.0,16,0,0.0,0.0625,0
2016,6,831,15,6,48,0.0,17,0,0.0,0.058823529411764705,0
2016,6,830,9,6,34,0.0,18,0,0.0,0.05555555555555555,0
2016,6,825,4,6,32,0.0,19,0,0.0,0.05263157894736842,0
2016,6,826,5,6,18,0.0,20,0,0.0,0.05,0
2016,6,8,6,6,10,0.0,21,0,0.0,0.047619047619047616,0
2016,6,835,4,6,7,0.0,22,0,0.0,0.045454545454545456,0
2016,7,1,131,7,70,25.0,1,1,0.35714285714285715,1.0,1
2016,7,20,6,7,70,18.0,2,1,0.2571428571428571,0.5,1
2016,7,822,3,7,70,15.0,3,1,0.21428571428571427,0.3333333333333333,1
2016,7,830,9,7,70,12.0,4,0,0.17142857142857143,0.25,0
2016,7,3,131,7,70,10.0,5,0,0.14285714285714285,0.2,0
2016,7,8,6,7,70,8.0,6,0,0.11428571428571428,0.16666666666666666,0
2016,7,817,9,7,70,6.0,7,0,0.08571428571428572,0.14285714285714285,0
2016,7,807,10,7,69,4.0,8,0,0.057971014492753624,0.125,0
2016,7,832,5,7,69,2.0,9,0,0.028985507246376812,0.1111111111111111,0
2016,7,815,10,7,69,1.0,10,0,0.014492753623188406,0.1,0
2016,7,4,1,7,69,0.0,11,0,0.0,0.09090909090909091,0
2016,7,826,5,7,69,0.0,12,0,0.0,0.08333333333333333,0
2016,7,821,210,7,68,0.0,13,0,0.0,0.07692307692307693,0
2016,7,154,210,7,68,0.0,14,0,0.0,0.07142857142857142,0
2016,7,828,15,7,68,0.0,15,0,0.0,0.06666666666666667,0
2016,7,836,209,7,68,0.0,17,0,0.0,0.058823529411764705,0
2016,7,831,15,7,68,0.0,18,0,0.0,0.05555555555555555,0
2016,7,837,209,7,68,0.0,19,0,0.0,0.05263157894736842,0
2016,7,13,3,7,35,0.0,20,0,0.0,0.05,0
2016,7,835,4,7,16,0.0,21,0,0.0,0.047619047619047616,0
2016,7,18,1,7,9,0.0,22,0,0.0,0.045454545454545456,0
2016,8,3,131,73,51,25.0,1,1,0.49019607843137253,1.0,1
2016,8,20,6,73,51,18.0,2,1,0.35294117647058826,0.5,1
2016,8,815,10,73,51,15.0,3,1,0.29411764705882354,0.3333333333333333,1
2016,8,8,6,73,51,12.0,4,0,0.23529411764705882,0.25,0
2016,8,1,131,73,51,10.0,5,0,0.19607843137254902,0.2,0
2016,8,822,3,73,51,8.0,6,0,0.1568627450980392,0.16666666666666666,0
2016,8,817,9,73,51,6.0,7,0,0.11764705882352941,0.14285714285714285,0
2016,8,830,9,73,51,4.0,8,0,0.0784313725490196,0.125,0
2016,8,807,10,73,51,2.0,9,0,0.0392156862745098,0.1111111111111111,0
2016,8,13,3,73,51,1.0,10,0,0.0196078431372549,0.1,0
2016,8,18,1,73,51,0.0,11,0,0.0,0.09090909090909091,0
2016,8,831,15,73,50,0.0,12,0,0.0,0.08333333333333333,0
2016,8,154,210,73,50,0.0,13,0,0.0,0.07692307692307693,0
2016,8,825,4,73,50,0.0,14,0,0.0,0.07142857142857142,0
2016,8,835,4,73,50,0.0,15,0,0.0,0.06666666666666667,0
2016,8,821,210,73,50,0.0,16,0,0.0,0.0625,0
2016,8,828,15,73,50,0.0,17,0,0.0,0.058823529411764705,0
2016,8,837,209,73,49,0.0,18,0,0.0,0.05555555555555555,0
2016,8,4,1,73,42,0.0,19,0,0.0,0.05263157894736842,0
2016,8,836,209,73,39,0.0,20,0,0.0,0.05,0
2016,8,832,5,73,31,0.0,21,0,0.0,0.047619047619047616,0
2016,8,826,5,73,6,0.0,22,0,0.0,0.045454545454545456,0
2016,9,1,131,70,71,25.0,1,1,0.352112676056338,1.0,1
2016,9,830,9,70,71,18.0,2,1,0.2535211267605634,0.5,1
2016,9,8,6,70,71,15.0,3,1,0.2112676056338028,0.3333333333333333,1
2016,9,3,131,70,71,12.0,4,0,0.16901408450704225,0.25,0
2016,9,817,9,70,71,10.0,5,0,0.14084507042253522,0.2,0
2016,9,18,1,70,71,8.0,6,0,0.11267605633802817,0.16666666666666666,0
2016,9,154,210,70,71,6.0,7,0,0.08450704225352113,0.14285714285714285,0
2016,9,832,5,70,71,4.0,8,0,0.056338028169014086,0.125,0
2016,9,822,3,70,70,2.0,9,0,0.02857142857142857,0.1111111111111111,0
2016,9,836,209,70,70,1.0,10,0,0.014285714285714285,0.1,0
2016,9,821,210,70,70,0.0,11,0,0.0,0.09090909090909091,0
2016,9,835,4,70,70,0.0,12,0,0.0,0.08333333333333333,0
2016,9,831,15,70,70,0.0,13,0,0.0,0.07692307692307693,0
2016,9,825,4,70,70,0.0,14,0,0.0,0.07142857142857142,0
2016,9,828,15,70,70,0.0,15,0,0.0,0.06666666666666667,0
2016,9,837,209,70,70,0.0,16,0,0.0,0.0625,0
2016,9,815,10,70,69,0.0,17,0,0.0,0.058823529411764705,0
2016,9,4,1,70,64,0.0,18,0,0.0,0.05555555555555555,0
2016,9,807,10,70,64,0.0,19,0,0.0,0.05263157894736842,0
2016,9,13,3,70,63,0.0,20,0,0.0,0.05,0
2016,9,20,6,70,26,0.0,21,0,0.0,0.047619047619047616,0
2016,9,826,5,70,2,0.0,22,0,0.0,0.045454545454545456,0
2016,10,1,131,9,52,25.0,1,1,0.4807692307692308,1.0,1
2016,10,830,9,9,52,18.0,2,1,0.34615384615384615,0.5,1
2016,10,3,131,9,52,15.0,3,1,0.28846153846153844,0.3333333333333333,1
2016,10,817,9,9,52,12.0,4,0,0.23076923076923078,0.25,0
2016,10,8,6,9,52,10.0,5,0,0.19230769230769232,0.2,0
2016,10,815,10,9,52,8.0,6,0,0.15384615384615385,0.16666666666666666,0
2016,10,807,10,9,52,6.0,7,0,0.11538461538461539,0.14285714285714285,0
2016,10,832,5,9,52,4.0,8,0,0.07692307692307693,0.125,0
2016,10,20,6,9,52,2.0,9,0,0.038461538461538464,0.1111111111111111,0
2016,10,826,5,9,52,1.0,10,0,0.019230769230769232,0.1,0
2016,10,13,3,9,51,0.0,11,0,0.0,0.09090909090909091,0
2016,10,18,1,9,51,0.0,12,0,0.0,0.08333333333333333,0
2016,10,4,1,9,51,0.0,13,0,0.0,0.07692307692307693,0
2016,10,822,3,9,51,0.0,14,0,0.0,0.07142857142857142,0
2016,10,831,15,9,51,0.0,15,0,0.0,0.06666666666666667,0
2016,10,821,210,9,51,0.0,16,0,0.0,0.0625,0
2016,10,825,4,9,49,0.0,17,0,0.0,0.058823529411764705,0
2016,10,835,4,9,37,0.0,18,0,0.0,0.05555555555555555,0
2016,10,837,209,9,24,0.0,19,0,0.0,0.05263157894736842,0
2016,10,154,210,9,17,0.0,20,0,0.0,0.05,0
2016,10,836,209,9,6,0.0,22,0,0.0,0.045454545454545456,0
2016,11,1,131,11,70,25.0,1,1,0.35714285714285715,1.0,1
2016,11,3,131,11,70,18.0,2,1,0.2571428571428571,0.5,1
2016,11,817,9,11,70,15.0,3,1,0.21428571428571427,0.3333333333333333,1
2016,11,20,6,11,70,12.0,4,0,0.17142857142857143,0.25,0
2016,11,830,9,11,70,10.0,5,0,0.14285714285714285,0.2,0
2016,11,8,6,11,70,8.0,6,0,0.11428571428571428,0.16666666666666666,0
2016,11,4,1,11,69,6.0,7,0,0.08695652173913043,0.14285714285714285,0
2016,11,832,5,11,69,4.0,8,0,0.057971014492753624,0.125,0
2016,11,822,3,11,69,2.0,9,0,0.028985507246376812,0.1111111111111111,0
2016,11,807,10,11,69,1.0,10,0,0.014492753623188406,0.1,0
2016,11,815,10,11,69,0.0,11,0,0.0,0.09090909090909091,0
2016,11,835,4,11,69,0.0,12,0,0.0,0.08333333333333333,0
2016,11,821,210,11,69,0.0,13,0,0.0,0.07692307692307693,0
2016,11,154,210,11,69,0.0,14,0,0.0,0.07142857142857142,0
2016,11,825,4,11,69,0.0,15,0,0.0,0.06666666666666667,0
2016,11,826,5,11,69,0.0,16,0,0.0,0.0625,0
2016,11,831,15,11,69,0.0,17,0,0.0,0.058823529411764705,0
2016,11,13,3,11,68,0.0,18,0,0.0,0.05555555555555555,0
2016,11,836,209,11,68,0.0,19,0,0.0,0.05263157894736842,0
2016,11,828,15,11,68,0.0,20,0,0.0,0.05,0
2016,11,837,209,11,68,0.0,21,0,0.0,0.047619047619047616,0
2016,11,18,1,11,60,0.0,22,0,0.0,0.045454545454545456,0
2016,12,1,131,10,67,25.0,1,1,0.373134328358209,1.0,1
2016,12,817,9,10,67,18.0,2,1,0.26865671641791045,0.5,1
2016,12,830,9,10,67,15.0,3,1,0.22388059701492538,0.3333333333333333,1
2016,12,3,131,10,67,12.0,4,0,0.1791044776119403,0.25,0
2016,12,20,6,10,67,10.0,5,0,0.14925373134328357,0.2,0
2016,12,8,6,10,67,8.0,6,0,0.11940298507462686,0.16666666666666666,0
2016,12,807,10,10,67,6.0,7,0,0.08955223880597014,0.14285714285714285,0
2016,12,18,1,10,66,4.0,8,0,0.06060606060606061,0.125,0
2016,12,822,3,10,66,2.0,9,0,0.030303030303030304,0.1111111111111111,0
2016,12,815,10,10,66,1.0,10,0,0.015151515151515152,0.1,0
2016,12,821,210,10,66,0.0,11,0,0.0,0.09090909090909091,0
2016,12,4,1,10,66,0.0,12,0,0.0,0.08333333333333333,0
2016,12,154,210,10,66,0.0,13,0,0.0,0.07692307692307693,0
2016,12,832,5,10,66,0.0,14,0,0.0,0.07142857142857142,0
2016,12,826,5,10,66,0.0,15,0,0.0,0.06666666666666667,0
2016,12,825,4,10,66,0.0,16,0,0.0,0.0625,0
2016,12,836,209,10,65,0.0,17,0,0.0,0.058823529411764705,0
2016,12,828,15,10,65,0.0,18,0,0.0,0.05555555555555555,0
2016,12,835,4,10,65,0.0,19,0,0.0,0.05263157894736842,0
2016,12,837,209,10,65,0.0,20,0,0.0,0.05,0
2016,12,831,15,10,57,0.0,21,0,0.0,0.047619047619047616,0
2016,12,13,3,10,36,0.0,22,0,0.0,0.045454545454545456,0
2016,13,3,131,13,44,25.0,1,1,0.5681818181818182,1.0,1
2016,13,817,9,13,44,18.0,2,1,0.4090909090909091,0.5,1
2016,13,1,131,13,44,15.0,3,1,0.3409090909090909,0.3333333333333333,1
2016,13,807,10,13,44,12.0,4,0,0.2727272727272727,0.25,0
2016,13,815,10,13,44,10.0,5,0,0.22727272727272727,0.2,0
2016,13,20,6,13,44,8.0,6,0,0.18181818181818182,0.16666666666666666,0
2016,13,822,3,13,44,4.0,8,0,0.09090909090909091,0.125,0
2016,13,8,6,13,44,2.0,9,0,0.045454545454545456,0.1111111111111111,0
2016,13,13,3,13,44,1.0,10,0,0.022727272727272728,0.1,0
2016,13,830,9,13,44,0.0,11,0,0.0,0.09090909090909091,0
2016,13,821,210,13,44,0.0,12,0,0.0,0.08333333333333333,0
2016,13,154,210,13,44,0.0,13,0,0.0,0.07692307692307693,0
2016,13,826,5,13,44,0.0,14,0,0.0,0.07142857142857142,0
2016,13,835,4,13,44,0.0,15,0,0.0,0.06666666666666667,0
2016,13,839,209,13,43,0.0,16,0,0.0,0.0625,0
2016,13,831,15,13,43,0.0,17,0,0.0,0.058823529411764705,0
2016,13,825,4,13,5,0.0,18,0,0.0,0.05555555555555555,0
2016,13,828,15,13,3,0.0,19,0,0.0,0.05263157894736842,0
2016,13,832,5,13,1,0.0,20,0,0.0,0.05,0
2016,13,18,1,13,1,0.0,21,0,0.0,0.047619047619047616,0
2016,13,836,209,13,0,0.0,22,0,,0.045454545454545456,0
2016,14,3,131,14,53,25.0,1,1,0.4716981132075472,1.0,1
2016,14,1,131,14,53,18.0,2,1,0.33962264150943394,0.5,1
2016,14,20,6,14,53,15.0,3,1,0.2830188679245283,0.3333333333333333,1
2016,14,8,6,14,53,12.0,4,0,0.22641509433962265,0.25,0
2016,14,817,9,14,53,10.0,5,0,0.18867924528301888,0.2,0
2016,14,822,3,14,53,8.0,6,0,0.1509433962264151,0.16666666666666666,0
2016,14,830,9,14,53,6.0,7,0,0.11320754716981132,0.14285714285714285,0
2016,14,815,10,14,53,4.0,8,0,0.07547169811320754,0.125,0
2016,14,13,3,14,53,2.0,9,0,0.03773584905660377,0.1111111111111111,0
2016,14,807,10,14,53,1.0,10,0,0.018867924528301886,0.1,0
2016,14,154,210,14,52,0.0,11,0,0.0,0.09090909090909091,0
2016,14,18,1,14,52,0.0,12,0,0.0,0.08333333333333333,0
2016,14,821,210,14,52,0.0,13,0,0.0,0.07692307692307693,0
2016,14,4,1,14,52,0.0,14,0,0.0,0.07142857142857142,0
2016,14,832,5,14,52,0.0,15,0,0.0,0.06666666666666667,0
2016,14,828,15,14,52,0.0,16,0,0.0,0.0625,0
2016,14,825,4,14,52,0.0,17,0,0.0,0.058823529411764705,0
2016,14,826,5,14,36,0.0,19,0,0.0,0.05263157894736842,0
2016,14,836,209,14,26,0.0,20,0,0.0,0.05,0
2016,14,835,4,14,7,0.0,21,0,0.0,0.047619047619047616,0
2016,14,831,15,14,6,0.0,22,0,0.0,0.045454545454545456,0
2016,15,3,131,15,61,25.0,1,1,0.4098360655737705,1.0,1
2016,15,817,9,15,61,18.0,2,1,0.29508196721311475,0.5,1
2016,15,1,131,15,61,15.0,3,1,0.2459016393442623,0.3333333333333333,1
2016,15,8,6,15,61,12.0,4,0,0.19672131147540983,0.25,0
2016,15,20,6,15,61,10.0,5,0,0.16393442622950818,0.2,0
2016,15,830,9,15,61,8.0,6,0,0.13114754098360656,0.16666666666666666,0
2016,15,4,1,15,61,6.0,7,0,0.09836065573770492,0.14285714285714285,0
2016,15,815,10,15,61,4.0,8,0,0.06557377049180328,0.125,0
2016,15,826,5,15,61,2.0,9,0,0.03278688524590164,0.1111111111111111,0
2016,15,825,4,15,61,1.0,10,0,0.01639344262295082,0.1,0
2016,15,821,210,15,60,0.0,11,0,0.0,0.09090909090909091,0
2016,15,13,3,15,60,0.0,12,0,0.0,0.08333333333333333,0
2016,15,831,15,15,60,0.0,13,0,0.0,0.07692307692307693,0
2016,15,832,5,15,60,0.0,14,0,0.0,0.07142857142857142,0
2016,15,835,4,15,60,0.0,15,0,0.0,0.06666666666666667,0
2016,15,836,209,15,60,0.0,16,0,0.0,0.0625,0
2016,15,828,15,15,60,0.0,17,0,0.0,0.058823529411764705,0
2016,15,839,209,15,59,0.0,18,0,0.0,0.05555555555555555,0
2016,15,18,1,15,43,0.0,19,0,0.0,0.05263157894736842,0
2016,15,822,3,15,35,0.0,20,0,0.0,0.05,0
2016,15,807,10,15,0,0.0,21,0,,0.047619047619047616,0
2016,15,154,210,15,0,0.0,22,0,,0.045454545454545456,0
2016,16,817,9,2,56,25.0,1,1,0.44642857142857145,1.0,1
2016,16,830,9,2,56,18.0,2,1,0.32142857142857145,0.5,1
2016,16,3,131,2,56,15.0,3,1,0.26785714285714285,0.3333333333333333,1
2016,16,8,6,2,56,12.0,4,0,0.21428571428571427,0.25,0
2016,16,822,3,2,56,10.0,5,0,0.17857142857142858,0.2,0
2016,16,815,10,2,56,8.0,6,0,0.14285714285714285,0.16666666666666666,0
2016,16,4,1,2,56,6.0,7,0,0.10714285714285714,0.14285714285714285,0
2016,16,807,10,2,56,4.0,8,0,0.07142857142857142,0.125,0
2016,16,18,1,2,56,2.0,9,0,0.03571428571428571,0.1111111111111111,0
2016,16,835,4,2,56,1.0,10,0,0.017857142857142856,0.1,0
2016,16,832,5,2,56,0.0,11,0,0.0,0.09090909090909091,0
2016,16,828,15,2,55,0.0,12,0,0.0,0.08333333333333333,0
2016,16,13,3,2,55,0.0,13,0,0.0,0.07692307692307693,0
2016,16,826,5,2,55,0.0,14,0,0.0,0.07142857142857142,0
2016,16,836,209,2,55,0.0,15,0,0.0,0.06666666666666667,0
2016,16,839,209,2,55,0.0,16,0,0.0,0.0625,0
2016,16,831,15,2,46,0.0,17,0,0.0,0.058823529411764705,0
2016,16,1,131,2,40,0.0,18,0,0.0,0.05555555555555555,0
2016,16,821,210,2,39,0.0,19,0,0.0,0.05263157894736842,0
2016,16,825,4,2,17,0.0,20,0,0.0,0.05,0
2016,16,154,210,2,7,0.0,21,0,0.0,0.047619047619047616,0
2016,16,20,6,2,0,0.0,22,0,,0.045454545454545456,0
2016,17,3,131,22,53,25.0,1,1,0.4716981132075472,1.0,1
2016,17,830,9,22,53,18.0,2,1,0.33962264150943394,0.5,1
2016,17,1,131,22,53,15.0,3,1,0.2830188679245283,0.3333333333333333,1
2016,17,20,6,22,53,12.0,4,0,0.22641509433962265,0.25,0
2016,17,8,6,22,53,10.0,5,0,0.18867924528301888,0.2,0
2016,17,817,9,22,53,8.0,6,0,0.1509433962264151,0.16666666666666666,0
2016,17,815,10,22,53,6.0,7,0,0.11320754716981132,0.14285714285714285,0
2016,17,807,10,22,53,4.0,8,0,0.07547169811320754,0.125,0
2016,17,13,3,22,53,2.0,9,0,0.03773584905660377,0.1111111111111111,0
2016,17,822,3,22,53,1.0,10,0,0.018867924528301886,0.1,0
2016,17,154,210,22,53,0.0,11,0,0.0,0.09090909090909091,0
2016,17,835,4,22,52,0.0,12,0,0.0,0.08333333333333333,0
2016,17,826,5,22,52,0.0,13,0,0.0,0.07692307692307693,0
2016,17,825,4,22,52,0.0,14,0,0.0,0.07142857142857142,0
2016,17,828,15,22,52,0.0,15,0,0.0,0.06666666666666667,0
2016,17,4,1,22,52,0.0,16,0,0.0,0.0625,0
2016,17,832,5,22,52,0.0,17,0,0.0,0.058823529411764705,0
2016,17,18,1,22,52,0.0,18,0,0.0,0.05555555555555555,0
2016,17,831,15,22,52,0.0,19,0,0.0,0.05263157894736842,0
2016,17,821,210,22,52,0.0,20,0,0.0,0.05,0
2016,17,839,209,22,52,0.0,21,0,0.0,0.047619047619047616,0
2016,17,836,209,22,52,0.0,22,0,0.0,0.045454545454545456,0
2016,18,1,131,69,56,25.0,1,1,0.44642857142857145,1.0,1
2016,18,3,131,69,56,18.0,2,1,0.32142857142857145,0.5,1
2016,18,817,9,69,56,15.0,3,1,0.26785714285714285,0.3333333333333333,1
2016,18,20,6,69,56,12.0,4,0,0.21428571428571427,0.25,0
2016,18,4,1,69,56,10.0,5,0,0.17857142857142858,0.2,0
2016,18,832,5,69,56,8.0,6,0,0.14285714285714285,0.16666666666666666,0
2016,18,13,3,69,55,6.0,7,0,0.10909090909090909,0.14285714285714285,0
2016,18,815,10,69,55,4.0,8,0,0.07272727272727272,0.125,0
2016,18,18,1,69,55,2.0,9,0,0.03636363636363636,0.1111111111111111,0
2016,18,154,210,69,55,1.0,10,0,0.01818181818181818,0.1,0
2016,18,826,5,69,55,0.0,11,0,0.0,0.09090909090909091,0
2016,18,825,4,69,55,0.0,12,0,0.0,0.08333333333333333,0
2016,18,835,4,69,55,0.0,13,0,0.0,0.07692307692307693,0
2016,18,828,15,69,55,0.0,14,0,0.0,0.07142857142857142,0
2016,18,831,15,69,55,0.0,15,0,0.0,0.06666666666666667,0
2016,18,822,3,69,55,0.0,16,0,0.0,0.0625,0
2016,18,836,209,69,55,0.0,17,0,0.0,0.058823529411764705,0
2016,18,839,209,69,54,0.0,18,0,0.0,0.05555555555555555,0
2016,18,8,6,69,38,0.0,19,0,0.0,0.05263157894736842,0
2016,18,830,9,69,28,0.0,20,0,0.0,0.05,0
2016,18,821,210,69,16,0.0,21,0,0.0,0.047619047619047616,0
2016,18,807,10,69,1,0.0,22,0,0.0,0.045454545454545456,0
2016,19,1,131,32,71,25.0,1,1,0.352112676056338,1.0,1
2016,19,3,131,32,71,18.0,2,1,0.2535211267605634,0.5,1
2016,19,817,9,32,71,15.0,3,1,0.2112676056338028,0.3333333333333333,1
2016,19,830,9,32,71,12.0,4,0,0.16901408450704225,0.25,0
2016,19,20,6,32,71,10.0,5,0,0.14084507042253522,0.2,0
2016,19,8,6,32,71,8.0,6,0,0.11267605633802817,0.16666666666666666,0
2016,19,807,10,32,71,6.0,7,0,0.08450704225352113,0.14285714285714285,0
2016,19,822,3,32,71,4.0,8,0,0.056338028169014086,0.125,0
2016,19,13,3,32,71,2.0,9,0,0.028169014084507043,0.1111111111111111,0
2016,19,815,10,32,71,1.0,10,0,0.014084507042253521,0.1,0
2016,19,828,15,32,70,0.0,11,0,0.0,0.09090909090909091,0
2016,19,18,1,32,70,0.0,12,0,0.0,0.08333333333333333,0
2016,19,4,1,32,70,0.0,13,0,0.0,0.07692307692307693,0
2016,19,831,15,32,70,0.0,15,0,0.0,0.06666666666666667,0
2016,19,832,5,32,70,0.0,16,0,0.0,0.0625,0
2016,19,825,4,32,70,0.0,17,0,0.0,0.058823529411764705,0
2016,19,826,5,32,70,0.0,18,0,0.0,0.05555555555555555,0
2016,19,821,210,32,70,0.0,19,0,0.0,0.05263157894736842,0
2016,19,154,210,32,70,0.0,20,0,0.0,0.05,0
2016,19,839,209,32,69,0.0,21,0,0.0,0.047619047619047616,0
2016,19,836,209,32,0,0.0,22,0,,0.045454545454545456,0
2016,20,1,131,18,71,25.0,1,1,0.352112676056338,1.0,1
2016,20,3,131,18,71,18.0,2,1,0.2535211267605634,0.5,1
2016,20,830,9,18,71,15.0,3,1,0.2112676056338028,0.3333333333333333,1
2016,20,815,10,18,71,12.0,4,0,0.16901408450704225,0.25,0
2016,20,20,6,18,71,10.0,5,0,0.14084507042253522,0.2,0
2016,20,832,5,18,71,8.0,6,0,0.11267605633802817,0.16666666666666666,0
2016,20,807,10,18,71,6.0,7,0,0.08450704225352113,0.14285714285714285,0
2016,20,817,9,18,71,4.0,8,0,0.056338028169014086,0.125,0
2016,20,831,15,18,71,2.0,9,0,0.028169014084507043,0.1111111111111111,0
2016,20,4,1,18,71,1.0,10,0,0.014084507042253521,0.1,0
2016,20,822,3,18,71,0.0,11,0,0.0,0.09090909090909091,0
2016,20,839,209,18,71,0.0,12,0,0.0,0.08333333333333333,0
2016,20,826,5,18,71,0.0,13,0,0.0,0.07692307692307693,0
2016,20,825,4,18,71,0.0,14,0,0.0,0.07142857142857142,0
2016,20,836,209,18,71,0.0,15,0,0.0,0.06666666666666667,0
2016,20,18,1,18,71,0.0,16,0,0.0,0.0625,0
2016,20,821,210,18,60,0.0,17,0,0.0,0.058823529411764705,0
2016,20,13,3,18,46,0.0,18,0,0.0,0.05555555555555555,0
2016,20,835,4,18,20,0.0,19,0,0.0,0.05263157894736842,0
2016,20,8,6,18,19,0.0,20,0,0.0,0.05,0
2016,20,828,15,18,11,0.0,21,0,0.0,0.047619047619047616,0
2016,20,154,210,18,0,0.0,22,0,,0.045454545454545456,0
2016,21,1,131,24,55,25.0,1,1,0.45454545454545453,1.0,1
2016,21,3,131,24,55,18.0,2,1,0.32727272727272727,0.5,1
2016,21,20,6,24,55,15.0,3,1,0.2727272727272727,0.3333333333333333,1
2016,21,830,9,24,55,12.0,4,0,0.21818181818181817,0.25,0
2016,21,817,9,24,55,10.0,5,0,0.18181818181818182,0.2,0
2016,21,8,6,24,55,8.0,6,0,0.14545454545454545,0.16666666666666666,0
2016,21,807,10,24,55,6.0,7,0,0.10909090909090909,0.14285714285714285,0
2016,21,815,10,24,55,4.0,8,0,0.07272727272727272,0.125,0
2016,21,13,3,24,55,2.0,9,0,0.03636363636363636,0.1111111111111111,0
2016,21,4,1,24,55,1.0,10,0,0.01818181818181818,0.1,0
2016,21,154,210,24,55,0.0,11,0,0.0,0.09090909090909091,0
2016,21,821,210,24,55,0.0,12,0,0.0,0.08333333333333333,0
2016,21,839,209,24,54,0.0,13,0,0.0,0.07692307692307693,0
2016,21,836,209,24,54,0.0,14,0,0.0,0.07142857142857142,0
2016,21,828,15,24,54,0.0,15,0,0.0,0.06666666666666667,0
2016,21,831,15,24,54,0.0,16,0,0.0,0.0625,0
2016,21,835,4,24,54,0.0,17,0,0.0,0.058823529411764705,0
2016,21,832,5,24,41,0.0,18,0,0.0,0.05555555555555555,0
2016,21,826,5,24,14,0.0,19,0,0.0,0.05263157894736842,0
2016,21,18,1,24,12,0.0,20,0,0.0,0.05,0
2016,21,822,3,24,6,0.0,21,0,0.0,0.047619047619047616,0
2016,21,825,4,24,5,0.0,22,0,0.0,0.045454545454545456,0
2017,1,20,6,1,57,25.0,1,1,0.43859649122807015,1.0,1
2017,1,1,131,1,57,18.0,2,1,0.3157894736842105,0.5,1
2017,1,822,131,1,57,15.0,3,1,0.2631578947368421,0.3333333333333333,1
2017,1,8,6,1,57,12.0,4,0,0.21052631578947367,0.25,0
2017,1,830,9,1,57,10.0,5,0,0.17543859649122806,0.2,0
2017,1,13,3,1,57,8.0,6,0,0.14035087719298245,0.16666666666666666,0
2017,1,815,10,1,56,6.0,7,0,0.10714285714285714,0.14285714285714285,0
2017,1,832,5,1,56,4.0,8,0,0.07142857142857142,0.125,0
2017,1,826,5,1,56,2.0,9,0,0.03571428571428571,0.1111111111111111,0
2017,1,839,10,1,56,1.0,10,0,0.017857142857142856,0.1,0
2017,1,807,4,1,56,0.0,11,0,0.0,0.09090909090909091,0
2017,1,841,15,1,55,0.0,12,0,0.0,0.08333333333333333,0
2017,1,838,1,1,55,0.0,13,0,0.0,0.07692307692307693,0
2017,1,4,1,1,50,0.0,14,0,0.0,0.07142857142857142,0
2017,1,825,210,1,46,0.0,15,0,0.0,0.06666666666666667,0
2017,1,840,3,1,40,0.0,16,0,0.0,0.0625,0
2017,1,817,9,1,25,0.0,17,0,0.0,0.058823529411764705,0
2017,1,828,15,1,21,0.0,18,0,0.0,0.05555555555555555,0
2017,1,835,4,1,15,0.0,19,0,0.0,0.05263157894736842,0
2017,1,154,210,1,13,0.0,20,0,0.0,0.05,0
2017,2,1,131,17,56,25.0,1,1,0.44642857142857145,1.0,1
2017,2,20,6,17,56,18.0,2,1,0.32142857142857145,0.5,1
2017,2,830,9,17,56,15.0,3,1,0.26785714285714285,0.3333333333333333,1
2017,2,817,9,17,56,12.0,4,0,0.21428571428571427,0.25,0
2017,2,8,6,17,56,10.0,5,0,0.17857142857142858,0.2,0
2017,2,822,131,17,56,8.0,6,0,0.14285714285714285,0.16666666666666666,0
2017,2,832,5,17,56,6.0,7,0,0.10714285714285714,0.14285714285714285,0
2017,2,825,210,17,55,4.0,8,0,0.07272727272727272,0.125,0
2017,2,815,10,17,55,2.0,9,0,0.03636363636363636,0.1111111111111111,0
2017,2,839,10,17,55,1.0,10,0,0.01818181818181818,0.1,0
2017,2,154,210,17,55,0.0,11,0,0.0,0.09090909090909091,0
2017,2,807,4,17,55,0.0,12,0,0.0,0.08333333333333333,0
2017,2,835,4,17,55,0.0,13,0,0.0,0.07692307692307693,0
2017,2,13,3,17,55,0.0,14,0,0.0,0.07142857142857142,0
2017,2,828,15,17,55,0.0,15,0,0.0,0.06666666666666667,0
2017,2,4,1,17,33,0.0,16,0,0.0,0.0625,0
2017,2,826,5,17,18,0.0,17,0,0.0,0.058823529411764705,0
2017,2,838,1,17,17,0.0,18,0,0.0,0.05555555555555555,0
2017,2,841,15,17,3,0.0,19,0,0.0,0.05263157894736842,0
2017,2,840,3,17,0,0.0,20,0,,0.05,0
2017,3,20,6,3,57,25.0,1,1,0.43859649122807015,1.0,1
2017,3,1,131,3,57,18.0,2,1,0.3157894736842105,0.5,1
2017,3,822,131,3,57,15.0,3,1,0.2631578947368421,0.3333333333333333,1
2017,3,8,6,3,57,12.0,4,0,0.21052631578947367,0.25,0
2017,3,817,9,3,57,10.0,5,0,0.17543859649122806,0.2,0
2017,3,13,3,3,57,8.0,6,0,0.14035087719298245,0.16666666666666666,0
2017,3,815,10,3,57,6.0,7,0,0.10526315789473684,0.14285714285714285,0
2017,3,154,210,3,57,4.0,8,0,0.07017543859649122,0.125,0
2017,3,807,4,3,57,2.0,9,0,0.03508771929824561,0.1111111111111111,0
2017,3,839,10,3,57,1.0,10,0,0.017543859649122806,0.1,0
2017,3,836,15,3,56,0.0,11,0,0.0,0.09090909090909091,0
2017,3,826,5,3,56,0.0,12,0,0.0,0.08333333333333333,0
2017,3,835,4,3,56,0.0,13,0,0.0,0.07692307692307693,0
2017,3,4,1,3,54,0.0,14,0,0.0,0.07142857142857142,0
2017,3,828,15,3,50,0.0,15,0,0.0,0.06666666666666667,0
2017,3,832,5,3,12,0.0,16,0,0.0,0.0625,0
2017,3,840,3,3,12,0.0,17,0,0.0,0.058823529411764705,0
2017,3,830,9,3,11,0.0,18,0,0.0,0.05555555555555555,0
2017,3,825,210,3,8,0.0,19,0,0.0,0.05263157894736842,0
2017,3,838,1,3,0,0.0,20,0,,0.05,0
2017,4,822,131,71,52,25.0,1,1,0.4807692307692308,1.0,1
2017,4,20,6,71,52,18.0,2,1,0.34615384615384615,0.5,1
2017,4,8,6,71,52,15.0,3,1,0.28846153846153844,0.3333333333333333,1
2017,4,1,131,71,52,12.0,4,0,0.23076923076923078,0.25,0
2017,4,830,9,71,52,10.0,5,0,0.19230769230769232,0.2,0
2017,4,815,10,71,52,8.0,6,0,0.15384615384615385,0.16666666666666666,0
2017,4,839,10,71,52,6.0,7,0,0.11538461538461539,0.14285714285714285,0
2017,4,807,4,71,52,4.0,8,0,0.07692307692307693,0.125,0
2017,4,13,3,71,51,2.0,9,0,0.0392156862745098,0.1111111111111111,0
2017,4,832,5,71,51,1.0,10,0,0.0196078431372549,0.1,0
2017,4,840,3,71,51,0.0,11,0,0.0,0.09090909090909091,0
2017,4,826,5,71,51,0.0,12,0,0.0,0.08333333333333333,0
2017,4,825,210,71,51,0.0,13,0,0.0,0.07692307692307693,0
2017,4,838,1,71,51,0.0,14,0,0.0,0.07142857142857142,0
2017,4,828,15,71,51,0.0,15,0,0.0,0.06666666666666667,0
2017,4,836,15,71,50,0.0,16,0,0.0,0.0625,0
2017,4,817,9,71,5,0.0,17,0,0.0,0.058823529411764705,0
2017,4,835,4,71,0,0.0,18,0,,0.05555555555555555,0
2017,4,154,210,71,0,0.0,19,0,,0.05263157894736842,0
2017,4,4,1,71,0,0.0,20,0,,0.05,0
2017,5,1,131,4,66,25.0,1,1,0.3787878787878788,1.0,1
2017,5,20,6,4,66,18.0,2,1,0.2727272727272727,0.5,1
2017,5,817,9,4,66,15.0,3,1,0.22727272727272727,0.3333333333333333,1
2017,5,815,10,4,65,12.0,4,0,0.18461538461538463,0.25,0
2017,5,839,10,4,65,10.0,5,0,0.15384615384615385,0.2,0
2017,5,807,4,4,65,8.0,6,0,0.12307692307692308,0.16666666666666666,0
2017,5,832,5,4,65,6.0,7,0,0.09230769230769231,0.14285714285714285,0
2017,5,836,15,4,65,4.0,8,0,0.06153846153846154,0.125,0
2017,5,826,5,4,65,2.0,9,0,0.03076923076923077,0.1111111111111111,0
2017,5,154,210,4,65,1.0,10,0,0.015384615384615385,0.1,0
2017,5,828,15,4,64,0.0,11,0,0.0,0.09090909090909091,0
2017,5,4,1,4,64,0.0,12,0,0.0,0.08333333333333333,0
2017,5,13,3,4,64,0.0,13,0,0.0,0.07692307692307693,0
2017,5,825,210,4,64,0.0,14,0,0.0,0.07142857142857142,0
2017,5,835,4,4,64,0.0,15,0,0.0,0.06666666666666667,0
2017,5,840,3,4,64,0.0,16,0,0.0,0.0625,0
2017,5,822,131,4,38,0.0,17,0,0.0,0.058823529411764705,0
2017,5,838,1,4,32,0.0,18,0,0.0,0.05555555555555555,0
2017,5,830,9,4,1,0.0,19,0,0.0,0.05263157894736842,0
2017,5,8,6,4,0,0.0,20,0,,0.05,0
2017,6,20,6,6,78,25.0,1,1,0.32051282051282054,1.0,1
2017,6,8,6,6,78,18.0,2,1,0.23076923076923078,0.5,1
2017,6,817,9,6,78,15.0,3,1,0.19230769230769232,0.3333333333333333,1
2017,6,822,131,6,78,12.0,4,0,0.15384615384615385,0.25,0
2017,6,830,9,6,78,10.0,5,0,0.1282051282051282,0.2,0
2017,6,832,5,6,78,8.0,6,0,0.10256410256410256,0.16666666666666666,0
2017,6,1,131,6,78,6.0,7,0,0.07692307692307693,0.14285714285714285,0
2017,6,154,210,6,78,4.0,8,0,0.05128205128205128,0.125,0
2017,6,13,3,6,78,2.0,9,0,0.02564102564102564,0.1111111111111111,0
2017,6,825,210,6,78,1.0,10,0,0.01282051282051282,0.1,0
2017,6,835,4,6,78,0.0,11,0,0.0,0.09090909090909091,0
2017,6,839,10,6,78,0.0,12,0,0.0,0.08333333333333333,0
2017,6,815,10,6,78,0.0,13,0,0.0,0.07692307692307693,0
2017,6,826,5,6,71,0.0,14,0,0.0,0.07142857142857142,0
2017,6,840,3,6,71,0.0,15,0,0.0,0.06666666666666667,0
2017,6,838,1,6,66,0.0,16,0,0.0,0.0625,0
2017,6,828,15,6,63,0.0,17,0,0.0,0.058823529411764705,0
2017,6,18,1,6,57,0.0,18,0,0.0,0.05555555555555555,0
2017,6,836,15,6,57,0.0,19,0,0.0,0.05263157894736842,0
2017,6,807,4,6,15,0.0,20,0,0.0,0.05,0
2017,7,1,131,7,70,25.0,1,1,0.35714285714285715,1.0,1
2017,7,822,131,7,70,18.0,2,1,0.2571428571428571,0.5,1
2017,7,817,9,7,70,15.0,3,1,0.21428571428571427,0.3333333333333333,1
2017,7,20,6,7,70,12.0,4,0,0.17142857142857143,0.25,0
2017,7,815,10,7,70,10.0,5,0,0.14285714285714285,0.2,0
2017,7,839,10,7,70,8.0,6,0,0.11428571428571428,0.16666666666666666,0
2017,7,8,6,7,70,6.0,7,0,0.08571428571428572,0.14285714285714285,0
2017,7,807,4,7,70,4.0,8,0,0.05714285714285714,0.125,0
2017,7,840,3,7,69,2.0,9,0,0.028985507246376812,0.1111111111111111,0
2017,7,154,210,7,69,1.0,10,0,0.014492753623188406,0.1,0
2017,7,835,4,7,69,0.0,11,0,0.0,0.09090909090909091,0
2017,7,825,210,7,69,0.0,12,0,0.0,0.08333333333333333,0
2017,7,828,15,7,69,0.0,13,0,0.0,0.07692307692307693,0
2017,7,838,1,7,69,0.0,14,0,0.0,0.07142857142857142,0
2017,7,836,15,7,68,0.0,15,0,0.0,0.06666666666666667,0
2017,7,4,1,7,66,0.0,16,0,0.0,0.0625,0
2017,7,826,5,7,54,0.0,17,0,0.0,0.058823529411764705,0
2017,7,830,9,7,10,0.0,18,0,0.0,0.05555555555555555,0
2017,7,13,3,7,0,0.0,19,0,,0.05263157894736842,0
2017,7,832,5,7,0,0.0,20,0,,0.05,0
2017,8,817,9,73,51,25.0,1,1,0.49019607843137253,1.0,1
2017,8,822,131,73,51,18.0,2,1,0.35294117647058826,0.5,1
2017,8,840,3,73,51,15.0,3,1,0.29411764705882354,0.3333333333333333,1
2017,8,20,6,73,51,12.0,4,0,0.23529411764705882,0.25,0
2017,8,1,131,73,51,10.0,5,0,0.19607843137254902,0.2,0
2017,8,839,10,73,51,8.0,6,0,0.1568627450980392,0.16666666666666666,0
2017,8,825,210,73,51,6.0,7,0,0.11764705882352941,0.14285714285714285,0
2017,8,832,5,73,51,4.0,8,0,0.0784313725490196,0.125,0
2017,8,4,1,73,51,2.0,9,0,0.0392156862745098,0.1111111111111111,0
2017,8,836,15,73,51,1.0,10,0,0.0196078431372549,0.1,0
2017,8,828,15,73,51,0.0,11,0,0.0,0.09090909090909091,0
2017,8,838,1,73,51,0.0,12,0,0.0,0.08333333333333333,0
2017,8,154,210,73,50,0.0,13,0,0.0,0.07692307692307693,0
2017,8,8,6,73,46,0.0,14,0,0.0,0.07142857142857142,0
2017,8,815,10,73,39,0.0,15,0,0.0,0.06666666666666667,0
2017,8,13,3,73,25,0.0,16,0,0.0,0.0625,0
2017,8,807,4,73,24,0.0,17,0,0.0,0.058823529411764705,0
2017,8,830,9,73,12,0.0,18,0,0.0,0.05555555555555555,0
2017,8,826,5,73,9,0.0,19,0,0.0,0.05263157894736842,0
2011,1,24,164,1,0,0.0,23,0,,0.043478260869565216,0
2011,1,39,164,1,0,0.0,24,0,,0.041666666666666664,0
2011,6,815,15,6,0,0.0,24,0,,0.041666666666666664,0
2017,9,822,131,70,71,25.0,1,1,0.352112676056338,1.0,1
2017,9,20,6,70,71,18.0,2,1,0.2535211267605634,0.5,1
2017,9,817,9,70,71,15.0,3,1,0.2112676056338028,0.3333333333333333,1
2017,9,1,131,70,71,12.0,4,0,0.16901408450704225,0.25,0
2017,9,8,6,70,71,10.0,5,0,0.14084507042253522,0.2,0
2017,9,154,210,70,71,8.0,6,0,0.11267605633802817,0.16666666666666666,0
2017,9,815,10,70,70,6.0,7,0,0.08571428571428572,0.14285714285714285,0
2017,9,839,10,70,70,4.0,8,0,0.05714285714285714,0.125,0
2017,9,13,3,70,70,2.0,9,0,0.02857142857142857,0.1111111111111111,0
2017,9,840,3,70,70,1.0,10,0,0.014285714285714285,0.1,0
2017,9,835,4,70,70,0.0,11,0,0.0,0.09090909090909091,0
2017,9,838,1,70,70,0.0,12,0,0.0,0.08333333333333333,0
2017,9,807,4,70,70,0.0,13,0,0.0,0.07692307692307693,0
2017,9,836,15,70,70,0.0,14,0,0.0,0.07142857142857142,0
2017,9,828,15,70,69,0.0,15,0,0.0,0.06666666666666667,0
2017,9,826,5,70,68,0.0,16,0,0.0,0.0625,0
2017,9,832,5,70,44,0.0,17,0,0.0,0.058823529411764705,0
2017,9,825,210,70,29,0.0,18,0,0.0,0.05555555555555555,0
2017,9,4,1,70,1,0.0,19,0,0.0,0.05263157894736842,0
2017,9,830,9,70,0,0.0,20,0,,0.05,0
2017,10,1,131,9,51,25.0,1,1,0.49019607843137253,1.0,1
2017,10,822,131,9,51,18.0,2,1,0.35294117647058826,0.5,1
2017,10,8,6,9,51,15.0,3,1,0.29411764705882354,0.3333333333333333,1
2017,10,830,9,9,51,12.0,4,0,0.23529411764705882,0.25,0
2017,10,817,9,9,51,10.0,5,0,0.19607843137254902,0.2,0
2017,10,807,4,9,51,8.0,6,0,0.1568627450980392,0.16666666666666666,0
2017,10,20,6,9,51,6.0,7,0,0.11764705882352941,0.14285714285714285,0
2017,10,839,10,9,50,4.0,8,0,0.08,0.125,0
2017,10,815,10,9,50,2.0,9,0,0.04,0.1111111111111111,0
2017,10,13,3,9,50,1.0,10,0,0.02,0.1,0
2017,10,838,1,9,50,0.0,11,0,0.0,0.09090909090909091,0
2017,10,825,210,9,50,0.0,12,0,0.0,0.08333333333333333,0
2017,10,154,210,9,50,0.0,13,0,0.0,0.07692307692307693,0
2017,10,828,15,9,50,0.0,14,0,0.0,0.07142857142857142,0
2017,10,826,5,9,50,0.0,15,0,0.0,0.06666666666666667,0
2017,10,840,3,9,50,0.0,16,0,0.0,0.0625,0
2017,10,836,15,9,50,0.0,17,0,0.0,0.058823529411764705,0
2017,10,4,1,9,32,0.0,18,0,0.0,0.05555555555555555,0
2017,10,832,5,9,0,0.0,19,0,,0.05263157894736842,0
2017,10,835,4,9,0,0.0,20,0,,0.05,0
2017,11,20,6,11,70,25.0,1,1,0.35714285714285715,1.0,1
2017,11,8,6,11,70,18.0,2,1,0.2571428571428571,0.5,1
2017,11,822,131,11,70,15.0,3,1,0.21428571428571427,0.3333333333333333,1
2017,11,1,131,11,70,12.0,4,0,0.17142857142857143,0.25,0
2017,11,830,9,11,70,10.0,5,0,0.14285714285714285,0.2,0
2017,11,4,1,11,70,8.0,6,0,0.11428571428571428,0.16666666666666666,0
2017,11,832,5,11,69,6.0,7,0,0.08695652173913043,0.14285714285714285,0
2017,11,815,10,11,69,4.0,8,0,0.057971014492753624,0.125,0
2017,11,839,10,11,69,2.0,9,0,0.028985507246376812,0.1111111111111111,0
2017,11,838,1,11,69,1.0,10,0,0.014492753623188406,0.1,0
2017,11,826,5,11,69,0.0,11,0,0.0,0.09090909090909091,0
2017,11,835,4,11,69,0.0,12,0,0.0,0.08333333333333333,0
2017,11,825,210,11,69,0.0,13,0,0.0,0.07692307692307693,0
2017,11,840,3,11,69,0.0,14,0,0.0,0.07142857142857142,0
2017,11,836,15,11,68,0.0,15,0,0.0,0.06666666666666667,0
2017,11,828,15,11,68,0.0,16,0,0.0,0.0625,0
2017,11,807,4,11,67,0.0,17,0,0.0,0.058823529411764705,0
2017,11,814,3,11,60,0.0,18,0,0.0,0.05555555555555555,0
2017,11,154,210,11,20,0.0,19,0,0.0,0.05263157894736842,0
2017,11,817,9,11,0,0.0,20,0,,0.05,0
2017,12,1,131,13,44,25.0,1,1,0.5681818181818182,1.0,1
2017,12,20,6,13,44,18.0,2,1,0.4090909090909091,0.5,1
2017,12,817,9,13,44,15.0,3,1,0.3409090909090909,0.3333333333333333,1
2017,12,8,6,13,44,12.0,4,0,0.2727272727272727,0.25,0
2017,12,822,131,13,44,10.0,5,0,0.22727272727272727,0.2,0
2017,12,807,4,13,44,8.0,6,0,0.18181818181818182,0.16666666666666666,0
2017,12,154,210,13,44,6.0,7,0,0.13636363636363635,0.14285714285714285,0
2017,12,13,3,13,44,4.0,8,0,0.09090909090909091,0.125,0
2017,12,839,10,13,44,2.0,9,0,0.045454545454545456,0.1111111111111111,0
2017,12,832,5,13,44,1.0,10,0,0.022727272727272728,0.1,0
2017,12,840,3,13,44,0.0,11,0,0.0,0.09090909090909091,0
2017,12,826,5,13,44,0.0,12,0,0.0,0.08333333333333333,0
2017,12,835,4,13,44,0.0,13,0,0.0,0.07692307692307693,0
2017,12,838,1,13,44,0.0,14,0,0.0,0.07142857142857142,0
2017,12,825,210,13,44,0.0,15,0,0.0,0.06666666666666667,0
2017,12,828,15,13,44,0.0,16,0,0.0,0.0625,0
2017,12,815,10,13,42,0.0,17,0,0.0,0.058823529411764705,0
2017,12,4,1,13,25,0.0,18,0,0.0,0.05555555555555555,0
2017,12,830,9,13,7,0.0,19,0,0.0,0.05263157894736842,0
2017,12,836,15,13,2,0.0,20,0,0.0,0.05,0
2017,13,1,131,14,53,25.0,1,1,0.4716981132075472,1.0,1
2017,13,822,131,14,53,18.0,2,1,0.33962264150943394,0.5,1
2017,13,20,6,14,53,15.0,3,1,0.2830188679245283,0.3333333333333333,1
2017,13,817,9,14,53,12.0,4,0,0.22641509433962265,0.25,0
2017,13,8,6,14,53,10.0,5,0,0.18867924528301888,0.2,0
2017,13,839,10,14,53,8.0,6,0,0.1509433962264151,0.16666666666666666,0
2017,13,840,3,14,53,6.0,7,0,0.11320754716981132,0.14285714285714285,0
2017,13,13,3,14,53,4.0,8,0,0.07547169811320754,0.125,0
2017,13,815,10,14,53,2.0,9,0,0.03773584905660377,0.1111111111111111,0
2017,13,830,9,14,52,1.0,10,0,0.019230769230769232,0.1,0
2017,13,825,210,14,52,0.0,11,0,0.0,0.09090909090909091,0
2017,13,826,5,14,52,0.0,12,0,0.0,0.08333333333333333,0
2017,13,807,4,14,52,0.0,13,0,0.0,0.07692307692307693,0
2017,13,832,5,14,52,0.0,14,0,0.0,0.07142857142857142,0
2017,13,154,210,14,52,0.0,15,0,0.0,0.06666666666666667,0
2017,13,836,15,14,51,0.0,16,0,0.0,0.0625,0
2017,13,4,1,14,50,0.0,17,0,0.0,0.058823529411764705,0
2017,13,828,15,14,49,0.0,18,0,0.0,0.05555555555555555,0
2017,13,838,1,14,33,0.0,19,0,0.0,0.05263157894736842,0
2017,13,835,4,14,29,0.0,20,0,0.0,0.05,0
2017,14,1,131,15,58,25.0,1,1,0.43103448275862066,1.0,1
2017,14,817,9,15,58,18.0,2,1,0.3103448275862069,0.5,1
2017,14,822,131,15,58,15.0,3,1,0.25862068965517243,0.3333333333333333,1
2017,14,832,5,15,58,12.0,4,0,0.20689655172413793,0.25,0
2017,14,815,10,15,58,10.0,5,0,0.1724137931034483,0.2,0
2017,14,835,4,15,58,8.0,6,0,0.13793103448275862,0.16666666666666666,0
2017,14,838,1,15,58,6.0,7,0,0.10344827586206896,0.14285714285714285,0
2017,14,840,3,15,58,4.0,8,0,0.06896551724137931,0.125,0
2017,14,154,210,15,58,2.0,9,0,0.034482758620689655,0.1111111111111111,0
2017,14,839,10,15,58,1.0,10,0,0.017241379310344827,0.1,0
2017,14,13,3,15,58,0.0,11,0,0.0,0.09090909090909091,0
2017,14,836,15,15,56,0.0,12,0,0.0,0.08333333333333333,0
2017,14,825,210,15,50,0.0,13,0,0.0,0.07692307692307693,0
2017,14,807,4,15,48,0.0,14,0,0.0,0.07142857142857142,0
2017,14,828,15,15,35,0.0,15,0,0.0,0.06666666666666667,0
2017,14,826,5,15,10,0.0,16,0,0.0,0.0625,0
2017,14,4,1,15,8,0.0,17,0,0.0,0.058823529411764705,0
2017,14,20,6,15,0,0.0,18,0,,0.05555555555555555,0
2017,14,830,9,15,0,0.0,19,0,,0.05263157894736842,0
2017,14,8,6,15,0,0.0,20,0,,0.05,0
2017,15,830,9,2,56,25.0,1,1,0.44642857142857145,1.0,1
2017,15,1,131,2,56,18.0,2,1,0.32142857142857145,0.5,1
2017,15,817,9,2,56,15.0,3,1,0.26785714285714285,0.3333333333333333,1
2017,15,20,6,2,56,12.0,4,0,0.21428571428571427,0.25,0
2017,15,822,131,2,56,10.0,5,0,0.17857142857142858,0.2,0
2017,15,815,10,2,56,8.0,6,0,0.14285714285714285,0.16666666666666666,0
2017,15,838,1,2,55,6.0,7,0,0.10909090909090909,0.14285714285714285,0
2017,15,840,3,2,55,4.0,8,0,0.07272727272727272,0.125,0
2017,15,13,3,2,55,2.0,9,0,0.03636363636363636,0.1111111111111111,0
2017,15,839,10,2,55,1.0,10,0,0.01818181818181818,0.1,0
2017,15,4,1,2,55,0.0,11,0,0.0,0.09090909090909091,0
2017,15,825,210,2,55,0.0,12,0,0.0,0.08333333333333333,0
2017,15,154,210,2,55,0.0,13,0,0.0,0.07692307692307693,0
2017,15,842,5,2,55,0.0,14,0,0.0,0.07142857142857142,0
2017,15,835,4,2,55,0.0,15,0,0.0,0.06666666666666667,0
2017,15,807,4,2,55,0.0,16,0,0.0,0.0625,0
2017,15,836,15,2,55,0.0,17,0,0.0,0.058823529411764705,0
2017,15,828,15,2,54,0.0,18,0,0.0,0.05555555555555555,0
2017,15,832,5,2,29,0.0,19,0,0.0,0.05263157894736842,0
2017,15,8,6,2,0,0.0,20,0,,0.05,0
2017,16,1,131,22,53,25.0,1,1,0.4716981132075472,1.0,1
2017,16,830,9,22,53,18.0,2,1,0.33962264150943394,0.5,1
2017,16,817,9,22,53,15.0,3,1,0.2830188679245283,0.3333333333333333,1
2017,16,822,131,22,53,12.0,4,0,0.22641509433962265,0.25,0
2017,16,8,6,22,53,10.0,5,0,0.18867924528301888,0.2,0
2017,16,839,10,22,53,8.0,6,0,0.1509433962264151,0.16666666666666666,0
2017,16,815,10,22,53,6.0,7,0,0.11320754716981132,0.14285714285714285,0
2017,16,825,210,22,53,4.0,8,0,0.07547169811320754,0.125,0
2017,16,154,210,22,53,2.0,9,0,0.03773584905660377,0.1111111111111111,0
2017,16,13,3,22,52,1.0,10,0,0.019230769230769232,0.1,0
2017,16,4,1,22,52,0.0,11,0,0.0,0.09090909090909091,0
2017,16,835,4,22,52,0.0,12,0,0.0,0.08333333333333333,0
2017,16,842,5,22,52,0.0,13,0,0.0,0.07692307692307693,0
2017,16,838,1,22,52,0.0,14,0,0.0,0.07142857142857142,0
2017,16,836,15,22,51,0.0,15,0,0.0,0.06666666666666667,0
2017,16,840,3,22,45,0.0,16,0,0.0,0.0625,0
2017,16,807,4,22,40,0.0,17,0,0.0,0.058823529411764705,0
2017,16,828,15,22,7,0.0,18,0,0.0,0.05555555555555555,0
2017,16,20,6,22,4,0.0,19,0,0.0,0.05263157894736842,0
2017,16,832,5,22,0,0.0,20,0,,0.05,0
2017,17,1,131,69,56,25.0,1,1,0.44642857142857145,1.0,1
2017,17,20,6,69,56,18.0,2,1,0.32142857142857145,0.5,1
2017,17,8,6,69,56,15.0,3,1,0.26785714285714285,0.3333333333333333,1
2017,17,830,9,69,56,12.0,4,0,0.21428571428571427,0.25,0
2017,17,822,131,69,56,10.0,5,0,0.17857142857142858,0.2,0
2017,17,839,10,69,56,8.0,6,0,0.14285714285714285,0.16666666666666666,0
2017,17,832,4,69,56,6.0,7,0,0.10714285714285714,0.14285714285714285,0
2017,17,815,10,69,55,4.0,8,0,0.07272727272727272,0.125,0
2017,17,13,3,69,55,2.0,9,0,0.03636363636363636,0.1111111111111111,0
2017,17,826,5,69,55,1.0,10,0,0.01818181818181818,0.1,0
2017,17,840,3,69,55,0.0,11,0,0.0,0.09090909090909091,0
2017,17,838,1,69,55,0.0,12,0,0.0,0.08333333333333333,0
2017,17,843,5,69,55,0.0,13,0,0.0,0.07692307692307693,0
2017,17,154,210,69,55,0.0,14,0,0.0,0.07142857142857142,0
2017,17,828,15,69,55,0.0,15,0,0.0,0.06666666666666667,0
2017,17,825,210,69,55,0.0,16,0,0.0,0.0625,0
2017,17,4,1,69,24,0.0,17,0,0.0,0.058823529411764705,0
2017,17,817,9,69,14,0.0,18,0,0.0,0.05555555555555555,0
2017,17,836,15,69,5,0.0,19,0,0.0,0.05263157894736842,0
2017,17,807,4,69,3,0.0,20,0,0.0,0.05,0
2017,18,830,9,32,71,25.0,1,1,0.352112676056338,1.0,1
2017,18,822,131,32,71,18.0,2,1,0.2535211267605634,0.5,1
2017,18,8,6,32,71,15.0,3,1,0.2112676056338028,0.3333333333333333,1
2017,18,20,6,32,71,12.0,4,0,0.16901408450704225,0.25,0
2017,18,839,10,32,70,10.0,5,0,0.14285714285714285,0.2,0
2017,18,840,3,32,70,8.0,6,0,0.11428571428571428,0.16666666666666666,0
2017,18,815,10,32,70,6.0,7,0,0.08571428571428572,0.14285714285714285,0
2017,18,825,210,32,70,4.0,8,0,0.05714285714285714,0.125,0
2017,18,1,131,32,70,2.0,9,0,0.02857142857142857,0.1111111111111111,0
2017,18,4,1,32,70,1.0,10,0,0.014285714285714285,0.1,0
2017,18,13,3,32,70,0.0,11,0,0.0,0.09090909090909091,0
2017,18,838,1,32,70,0.0,12,0,0.0,0.08333333333333333,0
2017,18,836,15,32,69,0.0,14,0,0.0,0.07142857142857142,0
2017,18,154,210,32,69,0.0,15,0,0.0,0.06666666666666667,0
2017,18,832,4,32,59,0.0,16,0,0.0,0.0625,0
2017,18,828,15,32,55,0.0,17,0,0.0,0.058823529411764705,0
2017,18,843,5,32,30,0.0,18,0,0.0,0.05555555555555555,0
2017,18,807,4,32,24,0.0,19,0,0.0,0.05263157894736842,0
2017,18,817,9,32,5,0.0,20,0,0.0,0.05,0
2017,19,20,6,18,71,25.0,1,1,0.352112676056338,1.0,1
2017,19,822,131,18,71,18.0,2,1,0.2535211267605634,0.5,1
2017,19,8,6,18,71,15.0,3,1,0.2112676056338028,0.3333333333333333,1
2017,19,1,131,18,71,12.0,4,0,0.16901408450704225,0.25,0
2017,19,830,9,18,71,10.0,5,0,0.14084507042253522,0.2,0
2017,19,817,9,18,71,8.0,6,0,0.11267605633802817,0.16666666666666666,0
2017,19,13,3,18,71,6.0,7,0,0.08450704225352113,0.14285714285714285,0
2017,19,4,1,18,71,4.0,8,0,0.056338028169014086,0.125,0
2017,19,815,10,18,71,2.0,9,0,0.028169014084507043,0.1111111111111111,0
2017,19,807,4,18,70,1.0,10,0,0.014285714285714285,0.1,0
2017,19,832,4,18,70,0.0,11,0,0.0,0.09090909090909091,0
2017,19,842,5,18,70,0.0,12,0,0.0,0.08333333333333333,0
2017,19,828,15,18,70,0.0,13,0,0.0,0.07692307692307693,0
2017,19,836,15,18,70,0.0,14,0,0.0,0.07142857142857142,0
2017,19,154,210,18,69,0.0,15,0,0.0,0.06666666666666667,0
2017,19,840,3,18,69,0.0,16,0,0.0,0.0625,0
2017,19,843,5,18,40,0.0,17,0,0.0,0.058823529411764705,0
2017,19,839,10,18,0,0.0,18,0,,0.05555555555555555,0
2017,19,838,1,18,0,0.0,19,0,,0.05263157894736842,0
2017,19,825,210,18,0,0.0,20,0,,0.05,0
2017,20,822,131,24,55,25.0,1,1,0.45454545454545453,1.0,1
2017,20,1,131,24,55,18.0,2,1,0.32727272727272727,0.5,1
2017,20,20,6,24,55,15.0,3,1,0.2727272727272727,0.3333333333333333,1
2017,20,8,6,24,55,12.0,4,0,0.21818181818181817,0.25,0
2017,20,830,9,24,55,10.0,5,0,0.18181818181818182,0.2,0
2017,20,807,4,24,55,8.0,6,0,0.14545454545454545,0.16666666666666666,0
2017,20,815,10,24,55,6.0,7,0,0.10909090909090909,0.14285714285714285,0
2017,20,839,10,24,55,4.0,8,0,0.07272727272727272,0.125,0
2017,20,4,1,24,54,2.0,9,0,0.037037037037037035,0.1111111111111111,0
2017,20,13,3,24,54,1.0,10,0,0.018518518518518517,0.1,0
2017,20,154,210,24,54,0.0,11,0,0.0,0.09090909090909091,0
2017,20,838,1,24,54,0.0,12,0,0.0,0.08333333333333333,0
2017,20,825,210,24,54,0.0,13,0,0.0,0.07692307692307693,0
2017,20,836,15,24,54,0.0,14,0,0.0,0.07142857142857142,0
2017,20,843,5,24,54,0.0,15,0,0.0,0.06666666666666667,0
2017,20,842,5,24,54,0.0,16,0,0.0,0.0625,0
2017,20,828,15,24,54,0.0,17,0,0.0,0.058823529411764705,0
2017,20,840,3,24,54,0.0,18,0,0.0,0.05555555555555555,0
2017,20,832,4,24,31,0.0,19,0,0.0,0.05263157894736842,0
2017,20,817,9,24,20,0.0,20,0,0.0,0.05,0
2018,1,20,6,1,58,25.0,1,1,0.43103448275862066,1.0,1
2018,1,1,131,1,58,18.0,2,1,0.3103448275862069,0.5,1
2018,1,8,6,1,58,15.0,3,1,0.25862068965517243,0.3333333333333333,1
2018,1,817,9,1,58,12.0,4,0,0.20689655172413793,0.25,0
2018,1,4,1,1,58,10.0,5,0,0.1724137931034483,0.2,0
2018,1,830,9,1,58,8.0,6,0,0.13793103448275862,0.16666666666666666,0
2018,1,807,4,1,58,6.0,7,0,0.10344827586206896,0.14285714285714285,0
2018,1,822,131,1,58,4.0,8,0,0.06896551724137931,0.125,0
2018,1,838,1,1,58,2.0,9,0,0.034482758620689655,0.1111111111111111,0
2018,1,832,4,1,58,1.0,10,0,0.017241379310344827,0.1,0
2018,1,815,10,1,58,0.0,11,0,0.0,0.09090909090909091,0
2018,1,839,10,1,58,0.0,12,0,0.0,0.08333333333333333,0
2018,1,844,15,1,58,0.0,13,0,0.0,0.07692307692307693,0
2018,1,840,3,1,58,0.0,14,0,0.0,0.07142857142857142,0
2018,1,843,5,1,57,0.0,15,0,0.0,0.06666666666666667,0
2018,1,154,210,1,24,0.0,16,0,0.0,0.0625,0
2018,1,825,210,1,22,0.0,17,0,0.0,0.058823529411764705,0
2018,1,842,5,1,13,0.0,18,0,0.0,0.05555555555555555,0
2018,1,828,15,1,5,0.0,19,0,0.0,0.05263157894736842,0
2018,1,845,3,1,4,0.0,20,0,0.0,0.05,0
2018,2,20,6,3,57,25.0,1,1,0.43859649122807015,1.0,1
2018,2,822,131,3,57,18.0,2,1,0.3157894736842105,0.5,1
2018,2,1,131,3,57,15.0,3,1,0.2631578947368421,0.3333333333333333,1
2018,2,842,5,3,57,12.0,4,0,0.21052631578947367,0.25,0
2018,2,825,210,3,57,10.0,5,0,0.17543859649122806,0.2,0
2018,2,807,4,3,57,8.0,6,0,0.14035087719298245,0.16666666666666666,0
2018,2,4,1,3,56,6.0,7,0,0.10714285714285714,0.14285714285714285,0
2018,2,838,1,3,56,4.0,8,0,0.07142857142857142,0.125,0
2018,2,828,15,3,56,2.0,9,0,0.03571428571428571,0.1111111111111111,0
2018,2,839,10,3,56,1.0,10,0,0.017857142857142856,0.1,0
2018,2,832,4,3,56,0.0,11,0,0.0,0.09090909090909091,0
2018,2,844,15,3,56,0.0,12,0,0.0,0.08333333333333333,0
2018,2,154,210,3,56,0.0,13,0,0.0,0.07692307692307693,0
2018,2,840,3,3,56,0.0,14,0,0.0,0.07142857142857142,0
2018,2,845,3,3,56,0.0,15,0,0.0,0.06666666666666667,0
2018,2,815,10,3,56,0.0,16,0,0.0,0.0625,0
2018,2,843,5,3,56,0.0,17,0,0.0,0.058823529411764705,0
2018,2,8,6,3,35,0.0,18,0,0.0,0.05555555555555555,0
2018,2,830,9,3,3,0.0,19,0,0.0,0.05263157894736842,0
2018,2,817,9,3,1,0.0,20,0,0.0,0.05,0
2018,3,817,9,17,56,25.0,1,1,0.44642857142857145,1.0,1
2018,3,822,131,17,56,18.0,2,1,0.32142857142857145,0.5,1
2018,3,8,6,17,56,15.0,3,1,0.26785714285714285,0.3333333333333333,1
2018,3,1,131,17,56,12.0,4,0,0.21428571428571427,0.25,0
2018,3,830,9,17,56,10.0,5,0,0.17857142857142858,0.2,0
2018,3,807,4,17,56,8.0,6,0,0.14285714285714285,0.16666666666666666,0
2018,3,4,1,17,56,6.0,7,0,0.10714285714285714,0.14285714285714285,0
2018,3,20,6,17,56,4.0,8,0,0.07142857142857142,0.125,0
2018,3,832,4,17,56,2.0,9,0,0.03571428571428571,0.1111111111111111,0
2018,3,825,210,17,56,1.0,10,0,0.017857142857142856,0.1,0
2018,3,839,10,17,56,0.0,11,0,0.0,0.09090909090909091,0
2018,3,815,10,17,56,0.0,12,0,0.0,0.08333333333333333,0
2018,3,838,1,17,56,0.0,13,0,0.0,0.07692307692307693,0
2018,3,840,3,17,56,0.0,14,0,0.0,0.07142857142857142,0
2018,3,845,3,17,56,0.0,15,0,0.0,0.06666666666666667,0
2018,3,828,15,17,56,0.0,16,0,0.0,0.0625,0
2018,3,154,210,17,56,0.0,17,0,0.0,0.058823529411764705,0
2018,3,842,5,17,56,0.0,18,0,0.0,0.05555555555555555,0
2018,3,844,15,17,56,0.0,19,0,0.0,0.05263157894736842,0
2018,3,843,5,17,51,0.0,20,0,0.0,0.05,0
2018,4,1,131,73,51,25.0,1,1,0.49019607843137253,1.0,1
2018,4,8,6,73,51,18.0,2,1,0.35294117647058826,0.5,1
2018,4,815,10,73,51,15.0,3,1,0.29411764705882354,0.3333333333333333,1
2018,4,20,6,73,51,12.0,4,0,0.23529411764705882,0.25,0
2018,4,832,4,73,51,10.0,5,0,0.19607843137254902,0.2,0
2018,4,844,15,73,51,8.0,6,0,0.1568627450980392,0.16666666666666666,0
2018,4,4,1,73,51,6.0,7,0,0.11764705882352941,0.14285714285714285,0
2018,4,840,3,73,51,4.0,8,0,0.0784313725490196,0.125,0
2018,4,838,1,73,51,2.0,9,0,0.0392156862745098,0.1111111111111111,0
2018,4,843,5,73,51,1.0,10,0,0.0196078431372549,0.1,0
2018,4,828,15,73,51,0.0,11,0,0.0,0.09090909090909091,0
2018,4,842,5,73,51,0.0,12,0,0.0,0.08333333333333333,0
2018,4,825,210,73,51,0.0,13,0,0.0,0.07692307692307693,0
2018,4,822,131,73,48,0.0,14,0,0.0,0.07142857142857142,0
2018,4,154,210,73,42,0.0,15,0,0.0,0.06666666666666667,0
2018,4,830,9,73,39,0.0,16,0,0.0,0.0625,0
2018,4,817,9,73,39,0.0,17,0,0.0,0.058823529411764705,0
2018,4,807,4,73,10,0.0,18,0,0.0,0.05555555555555555,0
2018,4,839,10,73,0,0.0,19,0,,0.05263157894736842,0
2018,4,845,3,73,0,0.0,20,0,,0.05,0
2018,5,1,131,4,66,25.0,1,1,0.3787878787878788,1.0,1
2018,5,822,131,4,66,18.0,2,1,0.2727272727272727,0.5,1
2018,5,830,9,4,66,15.0,3,1,0.22727272727272727,0.3333333333333333,1
2018,5,20,6,4,66,12.0,4,0,0.18181818181818182,0.25,0
2018,5,817,9,4,66,10.0,5,0,0.15151515151515152,0.2,0
2018,5,825,210,4,65,8.0,6,0,0.12307692307692308,0.16666666666666666,0
2018,5,832,4,4,65,6.0,7,0,0.09230769230769231,0.14285714285714285,0
2018,5,4,1,4,65,4.0,8,0,0.06153846153846154,0.125,0
2018,5,815,10,4,64,2.0,9,0,0.03125,0.1111111111111111,0
2018,5,844,15,4,64,1.0,10,0,0.015625,0.1,0
2018,5,840,3,4,64,0.0,11,0,0.0,0.09090909090909091,0
2018,5,843,5,4,64,0.0,12,0,0.0,0.08333333333333333,0
2018,5,828,15,4,64,0.0,13,0,0.0,0.07692307692307693,0
2018,5,845,3,4,63,0.0,14,0,0.0,0.07142857142857142,0
2018,5,838,1,4,45,0.0,15,0,0.0,0.06666666666666667,0
2018,5,839,10,4,38,0.0,16,0,0.0,0.0625,0
2018,5,8,6,4,25,0.0,17,0,0.0,0.058823529411764705,0
2018,5,154,210,4,0,0.0,18,0,,0.05555555555555555,0
2018,5,842,5,4,0,0.0,19,0,,0.05263157894736842,0
2018,5,807,4,4,0,0.0,20,0,,0.05,0
2018,6,817,9,6,78,25.0,1,1,0.32051282051282054,1.0,1
2018,6,20,6,6,78,18.0,2,1,0.23076923076923078,0.5,1
2018,6,1,131,6,78,15.0,3,1,0.19230769230769232,0.3333333333333333,1
2018,6,8,6,6,78,12.0,4,0,0.15384615384615385,0.25,0
2018,6,822,131,6,78,10.0,5,0,0.1282051282051282,0.2,0
2018,6,839,10,6,78,8.0,6,0,0.10256410256410256,0.16666666666666666,0
2018,6,842,5,6,78,6.0,7,0,0.07692307692307693,0.14285714285714285,0
2018,6,807,4,6,78,4.0,8,0,0.05128205128205128,0.125,0
2018,6,830,9,6,78,2.0,9,0,0.02564102564102564,0.1111111111111111,0
2018,6,832,4,6,78,1.0,10,0,0.01282051282051282,0.1,0
2018,6,828,15,6,78,0.0,11,0,0.0,0.09090909090909091,0
2018,6,815,10,6,78,0.0,12,0,0.0,0.08333333333333333,0
2018,6,825,210,6,78,0.0,13,0,0.0,0.07692307692307693,0
2018,6,838,1,6,77,0.0,14,0,0.0,0.07142857142857142,0
2018,6,154,210,6,77,0.0,15,0,0.0,0.06666666666666667,0
2018,6,845,3,6,77,0.0,16,0,0.0,0.0625,0
2018,6,840,3,6,76,0.0,17,0,0.0,0.058823529411764705,0
2018,6,844,15,6,70,0.0,18,0,0.0,0.05555555555555555,0
2018,6,843,5,6,70,0.0,19,0,0.0,0.05263157894736842,0
2018,6,4,1,6,52,0.0,20,0,0.0,0.05,0
2018,7,20,6,7,68,25.0,1,1,0.36764705882352944,1.0,1
2018,7,822,131,7,68,18.0,2,1,0.2647058823529412,0.5,1
2018,7,830,9,7,68,15.0,3,1,0.22058823529411764,0.3333333333333333,1
2018,7,817,9,7,68,12.0,4,0,0.17647058823529413,0.25,0
2018,7,1,131,7,68,10.0,5,0,0.14705882352941177,0.2,0
2018,7,8,6,7,68,8.0,6,0,0.11764705882352941,0.16666666666666666,0
2018,7,807,4,7,67,6.0,7,0,0.08955223880597014,0.14285714285714285,0
2018,7,832,4,7,67,4.0,8,0,0.05970149253731343,0.125,0
2018,7,839,10,7,67,2.0,9,0,0.029850746268656716,0.1111111111111111,0
2018,7,844,15,7,67,1.0,10,0,0.014925373134328358,0.1,0
2018,7,842,5,7,67,0.0,11,0,0.0,0.09090909090909091,0
2018,7,154,210,7,67,0.0,12,0,0.0,0.08333333333333333,0
2018,7,825,210,7,67,0.0,13,0,0.0,0.07692307692307693,0
2018,7,815,10,7,67,0.0,14,0,0.0,0.07142857142857142,0
2018,7,828,15,7,66,0.0,15,0,0.0,0.06666666666666667,0
2018,7,838,1,7,66,0.0,16,0,0.0,0.0625,0
2018,7,845,3,7,66,0.0,17,0,0.0,0.058823529411764705,0
2018,7,4,1,7,40,0.0,18,0,0.0,0.05555555555555555,0
2018,7,843,5,7,0,0.0,19,0,,0.05263157894736842,0
2018,7,840,3,7,0,0.0,20,0,,0.05,0
2018,8,1,131,34,53,25.0,1,1,0.4716981132075472,1.0,1
2018,8,830,9,34,53,18.0,2,1,0.33962264150943394,0.5,1
2018,8,8,6,34,53,15.0,3,1,0.2830188679245283,0.3333333333333333,1
2018,8,817,9,34,53,12.0,4,0,0.22641509433962265,0.25,0
2018,8,20,6,34,53,10.0,5,0,0.18867924528301888,0.2,0
2018,8,825,210,34,53,8.0,6,0,0.1509433962264151,0.16666666666666666,0
2018,8,822,131,34,53,6.0,7,0,0.11320754716981132,0.14285714285714285,0
2018,8,832,4,34,53,4.0,8,0,0.07547169811320754,0.125,0
2018,8,807,4,34,53,2.0,9,0,0.03773584905660377,0.1111111111111111,0
2018,8,844,15,34,53,1.0,10,0,0.018867924528301886,0.1,0
2018,8,154,210,34,52,0.0,11,0,0.0,0.09090909090909091,0
2018,8,838,1,34,52,0.0,12,0,0.0,0.08333333333333333,0
2018,8,828,15,34,52,0.0,13,0,0.0,0.07692307692307693,0
2018,8,843,5,34,52,0.0,14,0,0.0,0.07142857142857142,0
2018,8,845,3,34,52,0.0,15,0,0.0,0.06666666666666667,0
2018,8,4,1,34,50,0.0,16,0,0.0,0.0625,0
2018,8,840,3,34,48,0.0,17,0,0.0,0.058823529411764705,0
2018,8,815,10,34,27,0.0,18,0,0.0,0.05555555555555555,0
2018,8,839,10,34,0,0.0,19,0,,0.05263157894736842,0
2018,8,842,5,34,0,0.0,20,0,,0.05,0
2018,9,830,9,70,71,25.0,1,1,0.352112676056338,1.0,1
2018,9,8,6,70,71,18.0,2,1,0.2535211267605634,0.5,1
2018,9,20,6,70,71,15.0,3,1,0.2112676056338028,0.3333333333333333,1
2018,9,154,210,70,70,12.0,4,0,0.17142857142857143,0.25,0
2018,9,825,210,70,70,10.0,5,0,0.14285714285714285,0.2,0
2018,9,839,10,70,70,8.0,6,0,0.11428571428571428,0.16666666666666666,0
2018,9,815,10,70,70,6.0,7,0,0.08571428571428572,0.14285714285714285,0
2018,9,4,1,70,70,4.0,8,0,0.05714285714285714,0.125,0
2018,9,844,15,70,70,2.0,9,0,0.02857142857142857,0.1111111111111111,0
2018,9,828,15,70,70,1.0,10,0,0.014285714285714285,0.1,0
2018,9,842,5,70,70,0.0,11,0,0.0,0.09090909090909091,0
2018,9,832,4,70,70,0.0,12,0,0.0,0.08333333333333333,0
2018,9,845,3,70,69,0.0,13,0,0.0,0.07692307692307693,0
2018,9,840,3,70,69,0.0,14,0,0.0,0.07142857142857142,0
2018,9,838,1,70,65,0.0,15,0,0.0,0.06666666666666667,0
2018,9,1,131,70,62,0.0,16,0,0.0,0.0625,0
2018,9,843,5,70,54,0.0,17,0,0.0,0.058823529411764705,0
2018,9,817,9,70,53,0.0,18,0,0.0,0.05555555555555555,0
2018,9,822,131,70,13,0.0,19,0,0.0,0.05263157894736842,0
2018,9,807,4,70,11,0.0,20,0,0.0,0.05,0
2018,10,20,6,9,52,25.0,1,1,0.4807692307692308,1.0,1
2018,10,1,131,9,52,18.0,2,1,0.34615384615384615,0.5,1
2018,10,8,6,9,52,15.0,3,1,0.28846153846153844,0.3333333333333333,1
2018,10,822,131,9,52,12.0,4,0,0.23076923076923078,0.25,0
2018,10,817,9,9,52,10.0,5,0,0.19230769230769232,0.2,0
2018,10,807,4,9,52,8.0,6,0,0.15384615384615385,0.16666666666666666,0
2018,10,839,10,9,52,6.0,7,0,0.11538461538461539,0.14285714285714285,0
2018,10,4,1,9,52,4.0,8,0,0.07692307692307693,0.125,0
2018,10,825,210,9,52,2.0,9,0,0.038461538461538464,0.1111111111111111,0
2018,10,815,10,9,52,1.0,10,0,0.019230769230769232,0.1,0
2018,10,838,1,9,52,0.0,11,0,0.0,0.09090909090909091,0
2018,10,840,3,9,52,0.0,12,0,0.0,0.08333333333333333,0
2018,10,842,5,9,52,0.0,13,0,0.0,0.07692307692307693,0
2018,10,845,3,9,52,0.0,14,0,0.0,0.07142857142857142,0
2018,10,843,5,9,1,0.0,20,0,0.0,0.05,0
2018,10,830,9,9,46,0.0,15,0,0.0,0.06666666666666667,0
2018,10,154,210,9,37,0.0,16,0,0.0,0.0625,0
2018,10,832,4,9,37,0.0,17,0,0.0,0.058823529411764705,0
2018,10,828,15,9,31,0.0,18,0,0.0,0.05555555555555555,0
2018,10,844,15,9,18,0.0,19,0,0.0,0.05263157894736842,0
2018,11,1,131,10,67,25.0,1,1,0.373134328358209,1.0,1
2018,11,822,131,10,67,18.0,2,1,0.26865671641791045,0.5,1
2018,11,8,6,10,67,15.0,3,1,0.22388059701492538,0.3333333333333333,1
2018,11,830,9,10,67,12.0,4,0,0.1791044776119403,0.25,0
2018,11,807,4,10,67,10.0,5,0,0.14925373134328357,0.2,0
2018,11,154,210,10,67,8.0,6,0,0.11940298507462686,0.16666666666666666,0
2018,11,815,10,10,67,6.0,7,0,0.08955223880597014,0.14285714285714285,0
2018,11,839,10,10,67,4.0,8,0,0.05970149253731343,0.125,0
2018,11,828,15,10,67,2.0,9,0,0.029850746268656716,0.1111111111111111,0
2018,11,843,5,10,67,1.0,10,0,0.014925373134328358,0.1,0
2018,11,825,210,10,67,0.0,11,0,0.0,0.09090909090909091,0
2018,11,832,4,10,67,0.0,12,0,0.0,0.08333333333333333,0
2018,11,838,1,10,67,0.0,13,0,0.0,0.07692307692307693,0
2018,11,842,5,10,66,0.0,14,0,0.0,0.07142857142857142,0
2018,11,844,15,10,66,0.0,15,0,0.0,0.06666666666666667,0
2018,11,4,1,10,65,0.0,16,0,0.0,0.0625,0
2018,11,840,3,10,53,0.0,17,0,0.0,0.058823529411764705,0
2018,11,20,6,10,51,0.0,18,0,0.0,0.05555555555555555,0
2018,11,845,3,10,51,0.0,19,0,0.0,0.05263157894736842,0
2018,11,817,9,10,27,0.0,20,0,0.0,0.05,0
2018,12,1,131,11,70,25.0,1,1,0.35714285714285715,1.0,1
2018,12,20,6,11,70,18.0,2,1,0.2571428571428571,0.5,1
2018,12,8,6,11,70,15.0,3,1,0.21428571428571427,0.3333333333333333,1
2018,12,817,9,11,70,12.0,4,0,0.17142857142857143,0.25,0
2018,12,822,131,11,70,10.0,5,0,0.14285714285714285,0.2,0
2018,12,842,5,11,70,8.0,6,0,0.11428571428571428,0.16666666666666666,0
2018,12,825,210,11,69,6.0,7,0,0.08695652173913043,0.14285714285714285,0
2018,12,4,1,11,69,4.0,8,0,0.057971014492753624,0.125,0
2018,12,832,4,11,69,2.0,9,0,0.028985507246376812,0.1111111111111111,0
2018,12,154,210,11,69,1.0,10,0,0.014492753623188406,0.1,0
2018,12,843,5,11,69,0.0,11,0,0.0,0.09090909090909091,0
2018,12,807,4,11,69,0.0,12,0,0.0,0.08333333333333333,0
2018,12,839,10,11,69,0.0,13,0,0.0,0.07692307692307693,0
2018,12,815,10,11,69,0.0,14,0,0.0,0.07142857142857142,0
2018,12,828,15,11,68,0.0,15,0,0.0,0.06666666666666667,0
2018,12,845,3,11,68,0.0,16,0,0.0,0.0625,0
2018,12,840,3,11,68,0.0,17,0,0.0,0.058823529411764705,0
2018,12,838,1,11,49,0.0,18,0,0.0,0.05555555555555555,0
2018,12,830,9,11,5,0.0,19,0,0.0,0.05263157894736842,0
2018,12,844,15,11,0,0.0,20,0,,0.05,0
2018,13,20,6,13,44,25.0,1,1,0.5681818181818182,1.0,1
2018,13,1,131,13,44,18.0,2,1,0.4090909090909091,0.5,1
2018,13,830,9,13,44,15.0,3,1,0.3409090909090909,0.3333333333333333,1
2018,13,822,131,13,44,12.0,4,0,0.2727272727272727,0.25,0
2018,13,815,10,13,44,10.0,5,0,0.22727272727272727,0.2,0
2018,13,839,10,13,44,8.0,6,0,0.18181818181818182,0.16666666666666666,0
2018,13,154,210,13,44,6.0,7,0,0.13636363636363635,0.14285714285714285,0
2018,13,825,210,13,44,4.0,8,0,0.09090909090909091,0.125,0
2018,13,842,5,13,44,2.0,9,0,0.045454545454545456,0.1111111111111111,0
2018,13,828,15,13,43,1.0,10,0,0.023255813953488372,0.1,0
2018,13,832,4,13,43,0.0,11,0,0.0,0.09090909090909091,0
2018,13,845,3,13,43,0.0,12,0,0.0,0.08333333333333333,0
2018,13,840,3,13,43,0.0,13,0,0.0,0.07692307692307693,0
2018,13,843,5,13,43,0.0,14,0,0.0,0.07142857142857142,0
2018,13,838,1,13,43,0.0,15,0,0.0,0.06666666666666667,0
2018,13,817,9,13,28,0.0,16,0,0.0,0.0625,0
2018,13,8,6,13,8,0.0,17,0,0.0,0.058823529411764705,0
2018,13,844,15,13,0,0.0,18,0,,0.05555555555555555,0
2018,13,4,1,13,0,0.0,19,0,,0.05263157894736842,0
2018,13,807,4,13,0,0.0,20,0,,0.05,0
2018,14,1,131,14,53,25.0,1,1,0.4716981132075472,1.0,1
2018,14,8,6,14,53,18.0,2,1,0.33962264150943394,0.5,1
2018,14,822,131,14,53,15.0,3,1,0.2830188679245283,0.3333333333333333,1
2018,14,20,6,14,53,12.0,4,0,0.22641509433962265,0.25,0
2018,14,830,9,14,53,10.0,5,0,0.18867924528301888,0.2,0
2018,14,839,10,14,53,8.0,6,0,0.1509433962264151,0.16666666666666666,0
2018,14,815,10,14,53,6.0,7,0,0.11320754716981132,0.14285714285714285,0
2018,14,832,4,14,53,4.0,8,0,0.07547169811320754,0.125,0
2018,14,840,3,14,52,2.0,9,0,0.038461538461538464,0.1111111111111111,0
2018,14,845,3,14,52,1.0,10,0,0.019230769230769232,0.1,0
2018,14,844,15,14,52,0.0,11,0,0.0,0.09090909090909091,0
2018,14,838,1,14,52,0.0,12,0,0.0,0.08333333333333333,0
2018,14,807,4,14,52,0.0,13,0,0.0,0.07692307692307693,0
2018,14,842,5,14,52,0.0,14,0,0.0,0.07142857142857142,0
2018,14,828,15,14,52,0.0,15,0,0.0,0.06666666666666667,0
2018,14,825,210,14,52,0.0,16,0,0.0,0.0625,0
2018,14,817,9,14,23,0.0,17,0,0.0,0.058823529411764705,0
2018,14,4,1,14,9,0.0,18,0,0.0,0.05555555555555555,0
2018,14,843,5,14,0,0.0,19,0,,0.05263157894736842,0
2018,14,154,210,14,53,0.0,20,0,0.0,0.05,0
2018,15,1,131,15,61,25.0,1,1,0.4098360655737705,1.0,1
2018,15,830,9,15,61,18.0,2,1,0.29508196721311475,0.5,1
2018,15,20,6,15,61,15.0,3,1,0.2459016393442623,0.3333333333333333,1
2018,15,822,131,15,61,12.0,4,0,0.19672131147540983,0.25,0
2018,15,8,6,15,61,10.0,5,0,0.16393442622950818,0.2,0
2018,15,817,9,15,61,8.0,6,0,0.13114754098360656,0.16666666666666666,0
2018,15,4,1,15,61,6.0,7,0,0.09836065573770492,0.14285714285714285,0
2018,15,832,4,15,60,4.0,8,0,0.06666666666666667,0.125,0
2018,15,844,15,15,60,2.0,9,0,0.03333333333333333,0.1111111111111111,0
2018,15,807,4,15,60,1.0,10,0,0.016666666666666666,0.1,0
2018,15,828,15,15,60,0.0,11,0,0.0,0.09090909090909091,0
2018,15,838,1,15,60,0.0,12,0,0.0,0.08333333333333333,0
2018,15,842,5,15,60,0.0,13,0,0.0,0.07692307692307693,0
2018,15,840,3,15,60,0.0,14,0,0.0,0.07142857142857142,0
2018,15,154,210,15,60,0.0,15,0,0.0,0.06666666666666667,0
2018,15,815,10,15,60,0.0,16,0,0.0,0.0625,0
2018,15,843,5,15,60,0.0,17,0,0.0,0.058823529411764705,0
2018,15,825,210,15,59,0.0,18,0,0.0,0.05555555555555555,0
2018,15,845,3,15,59,0.0,19,0,0.0,0.05263157894736842,0
2018,15,839,10,15,0,0.0,20,0,,0.05,0
2018,16,1,131,71,53,25.0,1,1,0.4716981132075472,1.0,1
2018,16,822,131,71,53,18.0,2,1,0.33962264150943394,0.5,1
2018,16,20,6,71,53,15.0,3,1,0.2830188679245283,0.3333333333333333,1
2018,16,8,6,71,53,12.0,4,0,0.22641509433962265,0.25,0
2018,16,830,9,71,53,10.0,5,0,0.18867924528301888,0.2,0
2018,16,817,9,71,53,8.0,6,0,0.1509433962264151,0.16666666666666666,0
2018,16,844,15,71,53,6.0,7,0,0.11320754716981132,0.14285714285714285,0
2018,16,825,210,71,52,4.0,8,0,0.07692307692307693,0.125,0
2018,16,839,10,71,52,2.0,9,0,0.038461538461538464,0.1111111111111111,0
2018,16,815,10,71,52,1.0,10,0,0.019230769230769232,0.1,0
2018,16,154,210,71,52,0.0,11,0,0.0,0.09090909090909091,0
2018,16,807,4,71,52,0.0,12,0,0.0,0.08333333333333333,0
2018,16,828,15,71,52,0.0,13,0,0.0,0.07692307692307693,0
2018,16,4,1,71,52,0.0,14,0,0.0,0.07142857142857142,0
2018,16,840,3,71,52,0.0,15,0,0.0,0.06666666666666667,0
2018,16,838,1,71,51,0.0,16,0,0.0,0.0625,0
2018,16,832,4,71,51,0.0,17,0,0.0,0.058823529411764705,0
2018,16,845,3,71,51,0.0,18,0,0.0,0.05555555555555555,0
2018,16,842,5,71,4,0.0,19,0,0.0,0.05263157894736842,0
2018,16,843,5,71,4,0.0,20,0,0.0,0.05,0
2018,17,1,131,22,53,25.0,1,1,0.4716981132075472,1.0,1
2018,17,822,131,22,53,18.0,2,1,0.33962264150943394,0.5,1
2018,17,830,9,22,53,15.0,3,1,0.2830188679245283,0.3333333333333333,1
2018,17,817,9,22,53,12.0,4,0,0.22641509433962265,0.25,0
2018,17,8,6,22,53,10.0,5,0,0.18867924528301888,0.2,0
2018,17,20,6,22,53,8.0,6,0,0.1509433962264151,0.16666666666666666,0
2018,17,815,10,22,53,6.0,7,0,0.11320754716981132,0.14285714285714285,0
2018,17,154,210,22,53,4.0,8,0,0.07547169811320754,0.125,0
2018,17,839,10,22,53,2.0,9,0,0.03773584905660377,0.1111111111111111,0
2018,17,832,4,22,52,1.0,10,0,0.019230769230769232,0.1,0
2018,17,842,5,22,52,0.0,11,0,0.0,0.09090909090909091,0
2018,17,828,15,22,52,0.0,12,0,0.0,0.08333333333333333,0
2018,17,843,5,22,52,0.0,13,0,0.0,0.07692307692307693,0
2018,17,4,1,22,52,0.0,14,0,0.0,0.07142857142857142,0
2018,17,838,1,22,52,0.0,15,0,0.0,0.06666666666666667,0
2018,17,845,3,22,52,0.0,16,0,0.0,0.0625,0
2018,17,840,3,22,52,0.0,17,0,0.0,0.058823529411764705,0
2018,17,844,15,22,38,0.0,18,0,0.0,0.05555555555555555,0
2018,17,807,4,22,37,0.0,19,0,0.0,0.05263157894736842,0
2018,17,825,210,22,8,0.0,20,0,0.0,0.05,0
2018,18,8,6,69,56,25.0,1,1,0.44642857142857145,1.0,1
2018,18,830,9,69,56,18.0,2,1,0.32142857142857145,0.5,1
2018,18,1,131,69,56,15.0,3,1,0.26785714285714285,0.3333333333333333,1
2018,18,20,6,69,56,12.0,4,0,0.21428571428571427,0.25,0
2018,18,822,131,69,56,10.0,5,0,0.17857142857142858,0.2,0
2018,18,807,4,69,56,8.0,6,0,0.14285714285714285,0.16666666666666666,0
2018,18,832,4,69,56,6.0,7,0,0.10714285714285714,0.14285714285714285,0
2018,18,815,10,69,56,4.0,8,0,0.07142857142857142,0.125,0
2018,18,843,5,69,55,2.0,9,0,0.03636363636363636,0.1111111111111111,0
2018,18,828,15,69,55,1.0,10,0,0.01818181818181818,0.1,0
2018,18,838,1,69,55,0.0,11,0,0.0,0.09090909090909091,0
2018,18,842,5,69,55,0.0,12,0,0.0,0.08333333333333333,0
2018,18,845,3,69,55,0.0,13,0,0.0,0.07692307692307693,0
2018,18,840,3,69,54,0.0,14,0,0.0,0.07142857142857142,0
2018,18,844,15,69,31,0.0,15,0,0.0,0.06666666666666667,0
2018,18,817,9,69,8,0.0,16,0,0.0,0.0625,0
2018,18,154,210,69,2,0.0,17,0,0.0,0.058823529411764705,0
2018,18,4,1,69,1,0.0,18,0,0.0,0.05555555555555555,0
2018,18,839,10,69,56,0.0,19,0,0.0,0.05263157894736842,0
2018,18,825,210,69,56,0.0,20,0,0.0,0.05,0
2018,19,830,9,32,71,25.0,1,1,0.352112676056338,1.0,1
2018,19,20,6,32,71,18.0,2,1,0.2535211267605634,0.5,1
2018,19,8,6,32,71,15.0,3,1,0.2112676056338028,0.3333333333333333,1
2018,19,1,131,32,71,12.0,4,0,0.16901408450704225,0.25,0
2018,19,822,131,32,70,10.0,5,0,0.14285714285714285,0.2,0
2018,19,807,4,32,69,8.0,6,0,0.11594202898550725,0.16666666666666666,0
2018,19,844,15,32,69,6.0,7,0,0.08695652173913043,0.14285714285714285,0
2018,19,838,1,32,69,4.0,8,0,0.057971014492753624,0.125,0
2018,19,828,15,32,69,2.0,9,0,0.028985507246376812,0.1111111111111111,0
2018,19,842,5,32,69,1.0,10,0,0.014492753623188406,0.1,0
2018,19,839,10,32,69,0.0,11,0,0.0,0.09090909090909091,0
2018,19,840,3,32,69,0.0,12,0,0.0,0.08333333333333333,0
2018,19,845,3,32,69,0.0,13,0,0.0,0.07692307692307693,0
2018,19,843,5,32,69,0.0,14,0,0.0,0.07142857142857142,0
2018,19,825,210,32,69,0.0,15,0,0.0,0.06666666666666667,0
2018,19,154,210,32,68,0.0,16,0,0.0,0.0625,0
2018,19,817,9,32,61,0.0,17,0,0.0,0.058823529411764705,0
2018,19,815,10,32,38,0.0,18,0,0.0,0.05555555555555555,0
2018,19,832,4,32,28,0.0,19,0,0.0,0.05263157894736842,0
2018,19,4,1,32,3,0.0,20,0,0.0,0.05,0
2018,20,1,131,18,71,25.0,1,1,0.352112676056338,1.0,1
2018,20,830,9,18,71,18.0,2,1,0.2535211267605634,0.5,1
2018,20,8,6,18,71,15.0,3,1,0.2112676056338028,0.3333333333333333,1
2018,20,817,9,18,71,12.0,4,0,0.16901408450704225,0.25,0
2018,20,822,131,18,71,10.0,5,0,0.14084507042253522,0.2,0
2018,20,20,6,18,71,8.0,6,0,0.11267605633802817,0.16666666666666666,0
2018,20,844,15,18,71,6.0,7,0,0.08450704225352113,0.14285714285714285,0
2018,20,154,210,18,71,4.0,8,0,0.056338028169014086,0.125,0
2018,20,825,210,18,71,2.0,9,0,0.028169014084507043,0.1111111111111111,0
2018,20,815,10,18,70,1.0,10,0,0.014285714285714285,0.1,0
2018,20,843,5,18,70,0.0,11,0,0.0,0.09090909090909091,0
2018,20,832,4,18,70,0.0,12,0,0.0,0.08333333333333333,0
2018,20,842,5,18,70,0.0,13,0,0.0,0.07692307692307693,0
2018,20,838,1,18,70,0.0,14,0,0.0,0.07142857142857142,0
2018,20,839,10,18,70,0.0,15,0,0.0,0.06666666666666667,0
2018,20,845,3,18,69,0.0,16,0,0.0,0.0625,0
2018,20,4,1,18,69,0.0,17,0,0.0,0.058823529411764705,0
2018,20,840,3,18,69,0.0,18,0,0.0,0.05555555555555555,0
2018,20,807,4,18,32,0.0,19,0,0.0,0.05263157894736842,0
2018,20,828,15,18,20,0.0,20,0,0.0,0.05,0
2018,21,1,131,24,55,25.0,1,1,0.45454545454545453,1.0,1
2018,21,20,6,24,55,18.0,2,1,0.32727272727272727,0.5,1
2018,21,830,9,24,55,15.0,3,1,0.2727272727272727,0.3333333333333333,1
2018,21,817,9,24,55,12.0,4,0,0.21818181818181817,0.25,0
2018,21,822,131,24,55,10.0,5,0,0.18181818181818182,0.2,0
2018,21,832,4,24,55,8.0,6,0,0.14545454545454545,0.16666666666666666,0
2018,21,844,15,24,55,6.0,7,0,0.10909090909090909,0.14285714285714285,0
2018,21,815,10,24,55,4.0,8,0,0.07272727272727272,0.125,0
2018,21,154,210,24,54,2.0,9,0,0.037037037037037035,0.1111111111111111,0
2018,21,825,210,24,54,1.0,10,0,0.018518518518518517,0.1,0
2018,21,4,1,24,54,0.0,11,0,0.0,0.09090909090909091,0
2018,21,843,5,24,54,0.0,12,0,0.0,0.08333333333333333,0
2018,21,840,3,24,54,0.0,13,0,0.0,0.07692307692307693,0
2018,21,838,1,24,54,0.0,14,0,0.0,0.07142857142857142,0
2018,21,845,3,24,54,0.0,15,0,0.0,0.06666666666666667,0
2018,21,842,5,24,46,0.0,16,0,0.0,0.0625,0
2018,21,839,10,24,44,0.0,17,0,0.0,0.058823529411764705,0
2018,21,828,15,24,24,0.0,18,0,0.0,0.05555555555555555,0
2018,21,8,6,24,6,0.0,19,0,0.0,0.05263157894736842,0
2018,21,807,4,24,0,0.0,20,0,,0.05,0
2019,1,822,131,1,58,26.0,1,1,0.4482758620689655,1.0,1
2019,1,1,131,1,58,18.0,2,1,0.3103448275862069,0.5,1
2019,1,830,9,1,58,15.0,3,1,0.25862068965517243,0.3333333333333333,1
2019,1,20,6,1,58,12.0,4,0,0.20689655172413793,0.25,0
2019,1,844,6,1,58,10.0,5,0,0.1724137931034483,0.2,0
2019,1,825,210,1,58,8.0,6,0,0.13793103448275862,0.16666666666666666,0
2019,1,807,4,1,57,6.0,7,0,0.10526315789473684,0.14285714285714285,0
2019,1,8,51,1,57,4.0,8,0,0.07017543859649122,0.125,0
2019,1,840,211,1,57,2.0,9,0,0.03508771929824561,0.1111111111111111,0
2019,1,826,5,1,57,1.0,10,0,0.017543859649122806,0.1,0
2019,1,842,9,1,57,0.0,11,0,0.0,0.09090909090909091,0
2019,1,846,1,1,57,0.0,12,0,0.0,0.08333333333333333,0
2019,1,815,211,1,57,0.0,13,0,0.0,0.07692307692307693,0
2019,1,848,5,1,57,0.0,14,0,0.0,0.07142857142857142,0
2019,1,841,51,1,57,0.0,15,0,0.0,0.06666666666666667,0
2019,1,847,3,1,56,0.0,16,0,0.0,0.0625,0
2019,1,9,3,1,55,0.0,17,0,0.0,0.058823529411764705,0
2019,1,154,210,1,29,0.0,18,0,0.0,0.05555555555555555,0
2019,1,817,4,1,28,0.0,19,0,0.0,0.05263157894736842,0
2019,1,832,1,1,9,0.0,20,0,0.0,0.05,0
2019,2,1,131,3,57,25.0,1,1,0.43859649122807015,1.0,1
2019,2,822,131,3,57,18.0,2,1,0.3157894736842105,0.5,1
2019,2,844,6,3,57,16.0,3,1,0.2807017543859649,0.3333333333333333,1
2019,2,830,9,3,57,12.0,4,0,0.21052631578947367,0.25,0
2019,2,20,6,3,57,10.0,5,0,0.17543859649122806,0.2,0
2019,2,846,1,3,57,8.0,6,0,0.14035087719298245,0.16666666666666666,0
2019,2,8,51,3,57,6.0,7,0,0.10526315789473684,0.14285714285714285,0
2019,2,842,9,3,57,4.0,8,0,0.07017543859649122,0.125,0
2019,2,848,5,3,57,2.0,9,0,0.03508771929824561,0.1111111111111111,0
2019,2,815,211,3,57,1.0,10,0,0.017543859649122806,0.1,0
2019,2,841,51,3,57,0.0,11,0,0.0,0.09090909090909091,0
2019,2,826,5,3,56,0.0,12,0,0.0,0.08333333333333333,0
2019,2,825,210,3,56,0.0,13,0,0.0,0.07692307692307693,0
2019,2,840,211,3,56,0.0,14,0,0.0,0.07142857142857142,0
2019,2,847,3,3,56,0.0,15,0,0.0,0.06666666666666667,0
2019,2,9,3,3,55,0.0,16,0,0.0,0.0625,0
2019,2,807,4,3,53,0.0,17,0,0.0,0.058823529411764705,0
2019,2,817,4,3,53,0.0,18,0,0.0,0.05555555555555555,0
2019,2,832,1,3,53,0.0,19,0,0.0,0.05263157894736842,0
2019,2,154,210,3,16,0.0,20,0,0.0,0.05,0
2019,3,1,131,17,56,25.0,1,1,0.44642857142857145,1.0,1
2019,3,822,131,17,56,18.0,2,1,0.32142857142857145,0.5,1
2019,3,20,6,17,56,15.0,3,1,0.26785714285714285,0.3333333333333333,1
2019,3,830,9,17,56,12.0,4,0,0.21428571428571427,0.25,0
2019,3,844,6,17,56,10.0,5,0,0.17857142857142858,0.2,0
2019,3,842,9,17,56,9.0,6,0,0.16071428571428573,0.16666666666666666,0
2019,3,817,4,17,55,6.0,7,0,0.10909090909090909,0.14285714285714285,0
2019,3,815,211,17,55,4.0,8,0,0.07272727272727272,0.125,0
2019,3,8,51,17,55,2.0,9,0,0.03636363636363636,0.1111111111111111,0
2019,3,154,210,17,55,0.0,11,0,0.0,0.09090909090909091,0
2019,3,840,211,17,55,0.0,12,0,0.0,0.08333333333333333,0
2019,3,825,210,17,55,0.0,13,0,0.0,0.07692307692307693,0
2019,3,832,1,17,55,0.0,14,0,0.0,0.07142857142857142,0
2019,3,847,3,17,54,0.0,16,0,0.0,0.0625,0
2019,3,9,3,17,54,0.0,17,0,0.0,0.058823529411764705,0
2019,3,846,1,17,50,0.0,18,0,0.0,0.05555555555555555,0
2019,3,826,5,17,41,0.0,19,0,0.0,0.05263157894736842,0
2019,3,807,4,17,16,0.0,20,0,0.0,0.05,0
2019,4,822,131,73,51,25.0,1,1,0.49019607843137253,1.0,1
2019,4,1,131,73,51,18.0,2,1,0.35294117647058826,0.5,1
2019,4,20,6,73,51,15.0,3,1,0.29411764705882354,0.3333333333333333,1
2019,4,830,9,73,51,12.0,4,0,0.23529411764705882,0.25,0
2019,4,844,6,73,51,11.0,5,0,0.21568627450980393,0.2,0
2019,4,815,211,73,51,8.0,6,0,0.1568627450980392,0.16666666666666666,0
2019,4,832,1,73,51,6.0,7,0,0.11764705882352941,0.14285714285714285,0
2019,4,846,1,73,51,4.0,8,0,0.0784313725490196,0.125,0
2019,4,840,211,73,51,2.0,9,0,0.0392156862745098,0.1111111111111111,0
2019,4,8,51,73,50,1.0,10,0,0.02,0.1,0
2019,4,848,5,73,50,0.0,11,0,0.0,0.09090909090909091,0
2019,4,841,51,73,50,0.0,12,0,0.0,0.08333333333333333,0
2019,4,825,210,73,50,0.0,13,0,0.0,0.07692307692307693,0
2019,4,807,4,73,50,0.0,14,0,0.0,0.07142857142857142,0
2019,4,847,3,73,49,0.0,15,0,0.0,0.06666666666666667,0
2019,4,9,3,73,49,0.0,16,0,0.0,0.0625,0
2019,4,842,9,73,38,0.0,17,0,0.0,0.058823529411764705,0
2019,4,154,210,73,38,0.0,18,0,0.0,0.05555555555555555,0
2019,4,826,5,73,33,0.0,19,0,0.0,0.05263157894736842,0
2019,4,817,4,73,31,0.0,20,0,0.0,0.05,0
2019,5,1,131,4,66,26.0,1,1,0.3939393939393939,1.0,1
2019,5,822,131,4,66,18.0,2,1,0.2727272727272727,0.5,1
2019,5,830,9,4,66,15.0,3,1,0.22727272727272727,0.3333333333333333,1
2019,5,20,6,4,66,12.0,4,0,0.18181818181818182,0.25,0
2019,5,844,6,4,66,10.0,5,0,0.15151515151515152,0.2,0
2019,5,842,9,4,66,8.0,6,0,0.12121212121212122,0.16666666666666666,0
2019,5,825,210,4,66,6.0,7,0,0.09090909090909091,0.14285714285714285,0
2019,5,832,1,4,66,4.0,8,0,0.06060606060606061,0.125,0
2019,5,826,5,4,66,2.0,9,0,0.030303030303030304,0.1111111111111111,0
2019,5,154,210,4,66,1.0,10,0,0.015151515151515152,0.1,0
2019,5,848,5,4,66,0.0,11,0,0.0,0.09090909090909091,0
2019,5,817,4,4,66,0.0,12,0,0.0,0.08333333333333333,0
2019,5,807,4,4,66,0.0,13,0,0.0,0.07692307692307693,0
2019,5,8,51,4,66,0.0,14,0,0.0,0.07142857142857142,0
2019,5,815,211,4,66,0.0,15,0,0.0,0.06666666666666667,0
2019,5,841,51,4,66,0.0,16,0,0.0,0.0625,0
2019,5,847,3,4,65,0.0,17,0,0.0,0.058823529411764705,0
2019,5,9,3,4,65,0.0,18,0,0.0,0.05555555555555555,0
2019,5,840,211,4,44,0.0,19,0,0.0,0.05263157894736842,0
2019,5,846,1,4,44,0.0,20,0,0.0,0.05,0
2019,6,1,131,6,78,25.0,1,1,0.32051282051282054,1.0,1
2019,6,20,6,6,78,18.0,2,1,0.23076923076923078,0.5,1
2019,6,822,131,6,78,15.0,3,1,0.19230769230769232,0.3333333333333333,1
2019,6,830,9,6,78,12.0,4,0,0.15384615384615385,0.25,0
2019,6,842,9,6,78,11.0,5,0,0.14102564102564102,0.2,0
2019,6,832,1,6,78,8.0,6,0,0.10256410256410256,0.16666666666666666,0
2019,6,826,5,6,78,6.0,7,0,0.07692307692307693,0.14285714285714285,0
2019,6,848,5,6,78,4.0,8,0,0.05128205128205128,0.125,0
2019,6,817,4,6,78,2.0,9,0,0.02564102564102564,0.1111111111111111,0
2019,6,154,210,6,78,1.0,10,0,0.01282051282051282,0.1,0
2019,6,846,1,6,78,0.0,11,0,0.0,0.09090909090909091,0
2019,6,825,210,6,77,0.0,14,0,0.0,0.07142857142857142,0
2019,6,815,211,6,77,0.0,12,0,0.0,0.08333333333333333,0
2019,6,807,4,6,77,0.0,13,0,0.0,0.07692307692307693,0
2019,6,847,3,6,77,0.0,15,0,0.0,0.06666666666666667,0
2019,6,840,211,6,77,0.0,16,0,0.0,0.0625,0
2019,6,8,51,6,77,0.0,17,0,0.0,0.058823529411764705,0
2019,6,9,3,6,77,0.0,18,0,0.0,0.05555555555555555,0
2019,6,841,51,6,76,0.0,19,0,0.0,0.05263157894736842,0
2019,6,844,6,6,16,0.0,20,0,0.0,0.05,0
2019,7,1,131,7,70,25.0,1,1,0.35714285714285715,1.0,1
2019,7,20,6,7,70,18.0,2,1,0.2571428571428571,0.5,1
2019,7,844,6,7,70,15.0,3,1,0.21428571428571427,0.3333333333333333,1
2019,7,822,131,7,70,13.0,4,0,0.18571428571428572,0.25,0
2019,7,830,9,7,70,10.0,5,0,0.14285714285714285,0.2,0
2019,7,817,4,7,69,8.0,6,0,0.11594202898550725,0.16666666666666666,0
2019,7,807,4,7,69,6.0,7,0,0.08695652173913043,0.14285714285714285,0
2019,7,842,9,7,69,4.0,8,0,0.057971014492753624,0.125,0
2019,7,840,211,7,69,2.0,9,0,0.028985507246376812,0.1111111111111111,0
2019,7,826,5,7,69,1.0,10,0,0.014492753623188406,0.1,0
2019,7,832,1,7,69,0.0,11,0,0.0,0.09090909090909091,0
2019,7,815,211,7,69,0.0,12,0,0.0,0.08333333333333333,0
2019,7,841,51,7,69,0.0,13,0,0.0,0.07692307692307693,0
2019,7,154,210,7,69,0.0,14,0,0.0,0.07142857142857142,0
2019,7,8,51,7,69,0.0,15,0,0.0,0.06666666666666667,0
2019,7,847,3,7,68,0.0,16,0,0.0,0.0625,0
2019,7,825,210,7,68,0.0,17,0,0.0,0.058823529411764705,0
2019,7,9,3,7,67,0.0,18,0,0.0,0.05555555555555555,0
2019,7,848,5,7,59,0.0,19,0,0.0,0.05263157894736842,0
2019,7,846,1,7,8,0.0,20,0,0.0,0.05,0
2019,8,1,131,34,53,25.0,1,1,0.4716981132075472,1.0,1
2019,8,822,131,34,53,18.0,2,1,0.33962264150943394,0.5,1
2019,8,844,6,34,53,15.0,3,1,0.2830188679245283,0.3333333333333333,1
2019,8,830,9,34,53,12.0,4,0,0.22641509433962265,0.25,0
2019,8,20,6,34,53,11.0,5,0,0.20754716981132076,0.2,0
2019,8,832,1,34,53,8.0,6,0,0.1509433962264151,0.16666666666666666,0
2019,8,8,51,34,52,6.0,7,0,0.11538461538461539,0.14285714285714285,0
2019,8,807,4,34,52,4.0,8,0,0.07692307692307693,0.125,0
2019,8,846,1,34,52,2.0,9,0,0.038461538461538464,0.1111111111111111,0
2019,8,842,9,34,52,1.0,10,0,0.019230769230769232,0.1,0
2019,8,817,4,34,52,0.0,11,0,0.0,0.09090909090909091,0
2019,8,815,211,34,52,0.0,12,0,0.0,0.08333333333333333,0
2019,8,840,211,34,52,0.0,13,0,0.0,0.07692307692307693,0
2019,8,826,5,34,52,0.0,14,0,0.0,0.07142857142857142,0
2019,8,848,5,34,52,0.0,15,0,0.0,0.06666666666666667,0
2019,8,841,51,34,52,0.0,16,0,0.0,0.0625,0
2019,8,825,210,34,52,0.0,17,0,0.0,0.058823529411764705,0
2019,8,9,3,34,51,0.0,18,0,0.0,0.05555555555555555,0
2019,8,847,3,34,51,0.0,19,0,0.0,0.05263157894736842,0
2019,8,154,210,34,44,0.0,20,0,0.0,0.05,0
2019,9,830,9,70,71,26.0,1,1,0.36619718309859156,1.0,1
2019,9,844,6,70,71,18.0,2,1,0.2535211267605634,0.5,1
2019,9,822,131,70,71,15.0,3,1,0.2112676056338028,0.3333333333333333,1
2019,9,20,6,70,71,12.0,4,0,0.16901408450704225,0.25,0
2019,9,1,131,70,71,10.0,5,0,0.14084507042253522,0.2,0
2019,9,846,1,70,70,8.0,6,0,0.11428571428571428,0.16666666666666666,0
2019,9,842,9,70,70,6.0,7,0,0.08571428571428572,0.14285714285714285,0
2019,9,832,1,70,70,4.0,8,0,0.05714285714285714,0.125,0
2019,9,8,51,70,70,2.0,9,0,0.02857142857142857,0.1111111111111111,0
2019,9,841,51,70,70,1.0,10,0,0.014285714285714285,0.1,0
2019,9,815,211,70,70,0.0,11,0,0.0,0.09090909090909091,0
2019,9,817,4,70,70,0.0,12,0,0.0,0.08333333333333333,0
2019,9,807,4,70,70,0.0,13,0,0.0,0.07692307692307693,0
2019,9,840,211,70,70,0.0,14,0,0.0,0.07142857142857142,0
2019,9,848,5,70,70,0.0,15,0,0.0,0.06666666666666667,0
2019,9,154,210,70,70,0.0,16,0,0.0,0.0625,0
2019,9,826,5,70,70,0.0,17,0,0.0,0.058823529411764705,0
2019,9,847,3,70,69,0.0,18,0,0.0,0.05555555555555555,0
2019,9,825,210,70,69,0.0,19,0,0.0,0.05263157894736842,0
2019,9,9,3,70,68,0.0,20,0,0.0,0.05,0
2019,10,1,131,9,52,26.0,1,1,0.5,1.0,1
2019,10,822,131,9,52,18.0,2,1,0.34615384615384615,0.5,1
2019,10,844,6,9,52,15.0,3,1,0.28846153846153844,0.3333333333333333,1
2019,10,842,9,9,52,12.0,4,0,0.23076923076923078,0.25,0
2019,10,830,9,9,52,10.0,5,0,0.19230769230769232,0.2,0
2019,10,832,1,9,52,8.0,6,0,0.15384615384615385,0.16666666666666666,0
2019,10,817,4,9,52,6.0,7,0,0.11538461538461539,0.14285714285714285,0
2019,10,8,51,9,52,4.0,8,0,0.07692307692307693,0.125,0
2019,10,826,5,9,52,2.0,9,0,0.038461538461538464,0.1111111111111111,0
2019,10,807,4,9,52,1.0,10,0,0.019230769230769232,0.1,0
2019,10,846,1,9,52,0.0,11,0,0.0,0.09090909090909091,0
2019,10,848,5,9,52,0.0,12,0,0.0,0.08333333333333333,0
2019,10,840,211,9,52,0.0,13,0,0.0,0.07692307692307693,0
2019,10,847,3,9,51,0.0,14,0,0.0,0.07142857142857142,0
2019,10,9,3,9,51,0.0,15,0,0.0,0.06666666666666667,0
2019,10,20,6,9,51,0.0,16,0,0.0,0.0625,0
2019,10,815,211,9,51,0.0,17,0,0.0,0.058823529411764705,0
2019,10,841,51,9,18,0.0,18,0,0.0,0.05555555555555555,0
2019,10,154,210,9,9,0.0,19,0,0.0,0.05263157894736842,0
2019,10,825,210,9,6,0.0,20,0,0.0,0.05,0
2019,11,830,9,10,64,26.0,1,1,0.40625,1.0,1
2019,11,20,6,10,64,18.0,2,1,0.28125,0.5,1
2019,11,826,5,10,64,15.0,3,1,0.234375,0.3333333333333333,1
2019,11,840,211,10,64,12.0,4,0,0.1875,0.25,0
2019,11,832,1,10,64,10.0,5,0,0.15625,0.2,0
2019,11,848,5,10,64,8.0,6,0,0.125,0.16666666666666666,0
2019,11,154,210,10,64,6.0,7,0,0.09375,0.14285714285714285,0
2019,11,825,210,10,64,4.0,8,0,0.0625,0.125,0
2019,11,1,131,10,64,2.0,9,0,0.03125,0.1111111111111111,0
2019,11,9,3,10,64,1.0,10,0,0.015625,0.1,0
2019,11,847,3,10,64,0.0,11,0,0.0,0.09090909090909091,0
2019,11,8,51,10,64,0.0,12,0,0.0,0.08333333333333333,0
2019,11,841,51,10,64,0.0,13,0,0.0,0.07692307692307693,0
2019,11,842,9,10,61,0.0,14,0,0.0,0.07142857142857142,0
2019,11,822,131,10,56,0.0,15,0,0.0,0.06666666666666667,0
2019,11,807,4,10,39,0.0,16,0,0.0,0.0625,0
2019,11,844,6,10,27,0.0,17,0,0.0,0.058823529411764705,0
2019,11,846,1,10,25,0.0,18,0,0.0,0.05555555555555555,0
2019,11,817,4,10,13,0.0,19,0,0.0,0.05263157894736842,0
2019,11,815,211,10,1,0.0,20,0,0.0,0.05,0
2019,12,1,131,11,70,25.0,1,1,0.35714285714285715,1.0,1
2019,12,830,9,11,70,19.0,2,1,0.2714285714285714,0.5,1
2019,12,20,6,11,70,15.0,3,1,0.21428571428571427,0.3333333333333333,1
2019,12,844,6,11,70,12.0,4,0,0.17142857142857143,0.25,0
2019,12,832,1,11,69,10.0,5,0,0.14492753623188406,0.2,0
2019,12,842,9,11,69,8.0,6,0,0.11594202898550725,0.16666666666666666,0
2019,12,8,51,11,69,6.0,7,0,0.08695652173913043,0.14285714285714285,0
2019,12,822,131,11,69,4.0,8,0,0.057971014492753624,0.125,0
2019,12,846,1,11,69,2.0,9,0,0.028985507246376812,0.1111111111111111,0
2019,12,848,5,11,69,1.0,10,0,0.014492753623188406,0.1,0
2019,12,815,211,11,69,0.0,11,0,0.0,0.09090909090909091,0
2019,12,807,4,11,69,0.0,12,0,0.0,0.08333333333333333,0
2019,12,825,210,11,69,0.0,13,0,0.0,0.07692307692307693,0
2019,12,817,4,11,69,0.0,14,0,0.0,0.07142857142857142,0
2019,12,826,5,11,68,0.0,15,0,0.0,0.06666666666666667,0
2019,12,847,3,11,68,0.0,16,0,0.0,0.0625,0
2019,12,840,211,11,68,0.0,17,0,0.0,0.058823529411764705,0
2019,12,841,51,11,68,0.0,18,0,0.0,0.05555555555555555,0
2019,12,9,3,11,67,0.0,19,0,0.0,0.05263157894736842,0
2019,12,154,210,11,49,0.0,20,0,0.0,0.05,0
2019,13,844,6,13,44,25.0,1,1,0.5681818181818182,1.0,1
2019,13,1,131,13,44,18.0,2,1,0.4090909090909091,0.5,1
2019,13,822,131,13,44,15.0,3,1,0.3409090909090909,0.3333333333333333,1
2019,13,20,6,13,44,13.0,4,0,0.29545454545454547,0.25,0
2019,13,848,9,13,44,10.0,5,0,0.22727272727272727,0.2,0
2019,13,815,211,13,44,8.0,6,0,0.18181818181818182,0.16666666666666666,0
2019,13,826,5,13,44,6.0,7,0,0.13636363636363635,0.14285714285714285,0
2019,13,807,4,13,44,4.0,8,0,0.09090909090909091,0.125,0
2019,13,842,5,13,44,2.0,9,0,0.045454545454545456,0.1111111111111111,0
2019,13,840,211,13,44,1.0,10,0,0.022727272727272728,0.1,0
2019,13,846,1,13,43,0.0,11,0,0.0,0.09090909090909091,0
2019,13,825,210,13,43,0.0,12,0,0.0,0.08333333333333333,0
2019,13,154,210,13,43,0.0,13,0,0.0,0.07692307692307693,0
2019,13,817,4,13,43,0.0,14,0,0.0,0.07142857142857142,0
2019,13,847,3,13,43,0.0,15,0,0.0,0.06666666666666667,0
2019,13,8,51,13,43,0.0,16,0,0.0,0.0625,0
2019,13,9,3,13,43,0.0,17,0,0.0,0.058823529411764705,0
2019,13,841,51,13,42,0.0,18,0,0.0,0.05555555555555555,0
2019,13,832,1,13,1,0.0,19,0,0.0,0.05263157894736842,0
2019,13,830,9,13,0,0.0,20,0,,0.05,0
2019,14,844,6,14,53,25.0,1,1,0.4716981132075472,1.0,1
2019,14,822,131,14,53,18.0,2,1,0.33962264150943394,0.5,1
2019,14,1,131,14,53,16.0,3,1,0.3018867924528302,0.3333333333333333,1
2019,14,817,4,14,53,12.0,4,0,0.22641509433962265,0.25,0
2019,14,807,4,14,53,10.0,5,0,0.18867924528301888,0.2,0
2019,14,848,9,14,53,8.0,6,0,0.1509433962264151,0.16666666666666666,0
2019,14,815,211,14,53,6.0,7,0,0.11320754716981132,0.14285714285714285,0
2019,14,830,9,14,53,4.0,8,0,0.07547169811320754,0.125,0
2019,14,841,51,14,52,2.0,9,0,0.038461538461538464,0.1111111111111111,0
2019,14,846,1,14,52,1.0,10,0,0.019230769230769232,0.1,0
2019,14,842,5,14,52,0.0,11,0,0.0,0.09090909090909091,0
2019,14,840,211,14,52,0.0,12,0,0.0,0.08333333333333333,0
2019,14,20,6,14,52,0.0,13,0,0.0,0.07692307692307693,0
2019,14,847,3,14,52,0.0,14,0,0.0,0.07142857142857142,0
2019,14,8,51,14,52,0.0,15,0,0.0,0.06666666666666667,0
2019,14,154,210,14,52,0.0,16,0,0.0,0.0625,0
2019,14,9,3,14,51,0.0,17,0,0.0,0.058823529411764705,0
2019,14,825,210,14,43,0.0,18,0,0.0,0.05555555555555555,0
2019,14,826,5,14,29,0.0,19,0,0.0,0.05263157894736842,0
2019,14,832,1,14,27,0.0,20,0,0.0,0.05,0
2019,15,20,6,15,61,25.0,1,1,0.4098360655737705,1.0,1
2019,15,844,6,15,61,18.0,2,1,0.29508196721311475,0.5,1
2019,15,830,9,15,61,15.0,3,1,0.2459016393442623,0.3333333333333333,1
2019,15,1,131,15,61,12.0,4,0,0.19672131147540983,0.25,0
2019,15,822,131,15,61,10.0,5,0,0.16393442622950818,0.2,0
2019,15,848,9,15,61,8.0,6,0,0.13114754098360656,0.16666666666666666,0
2019,15,846,1,15,61,6.0,7,0,0.09836065573770492,0.14285714285714285,0
2019,15,842,5,15,61,4.0,8,0,0.06557377049180328,0.125,0
2019,15,807,4,15,61,2.0,9,0,0.03278688524590164,0.1111111111111111,0
2019,15,841,51,15,61,1.0,10,0,0.01639344262295082,0.1,0
2019,15,154,210,15,61,0.0,11,0,0.0,0.09090909090909091,0
2019,15,832,1,15,61,0.0,12,0,0.0,0.08333333333333333,0
2019,15,840,211,15,61,0.0,13,0,0.0,0.07692307692307693,0
2019,15,817,4,15,61,0.0,14,0,0.0,0.07142857142857142,0
2019,15,826,5,15,61,0.0,15,0,0.0,0.06666666666666667,0
2019,15,9,3,15,61,0.0,16,0,0.0,0.0625,0
2019,15,825,210,15,61,0.0,17,0,0.0,0.058823529411764705,0
2019,15,8,51,15,49,0.0,18,0,0.0,0.05555555555555555,0
2019,15,815,211,15,42,0.0,19,0,0.0,0.05263157894736842,0
2019,15,847,3,15,34,0.0,20,0,0.0,0.05,0
2019,16,1,131,71,53,26.0,1,1,0.49056603773584906,1.0,1
2019,16,822,131,71,53,18.0,2,1,0.33962264150943394,0.5,1
2019,16,844,6,71,53,15.0,3,1,0.2830188679245283,0.3333333333333333,1
2019,16,830,9,71,53,12.0,4,0,0.22641509433962265,0.25,0
2019,16,848,9,71,53,10.0,5,0,0.18867924528301888,0.2,0
2019,16,832,1,71,53,8.0,6,0,0.1509433962264151,0.16666666666666666,0
2019,16,815,211,71,53,6.0,7,0,0.11320754716981132,0.14285714285714285,0
2019,16,846,1,71,53,4.0,8,0,0.07547169811320754,0.125,0
2019,16,825,210,71,53,2.0,9,0,0.03773584905660377,0.1111111111111111,0
2019,16,807,4,71,53,1.0,10,0,0.018867924528301886,0.1,0
2019,16,840,211,71,53,0.0,11,0,0.0,0.09090909090909091,0
2019,16,826,5,71,53,0.0,12,0,0.0,0.08333333333333333,0
2019,16,8,51,71,53,0.0,13,0,0.0,0.07692307692307693,0
2019,16,842,5,71,53,0.0,14,0,0.0,0.07142857142857142,0
2019,16,841,51,71,53,0.0,15,0,0.0,0.06666666666666667,0
2019,16,9,3,71,28,0.0,16,0,0.0,0.0625,0
2019,16,847,3,71,27,0.0,17,0,0.0,0.058823529411764705,0
2019,16,20,6,71,26,0.0,18,0,0.0,0.05555555555555555,0
2019,16,817,4,71,24,0.0,19,0,0.0,0.05263157894736842,0
2019,16,154,210,71,0,0.0,20,0,,0.05,0
2019,17,822,131,22,52,25.0,1,1,0.4807692307692308,1.0,1
2019,17,20,6,22,52,18.0,2,1,0.34615384615384615,0.5,1
2019,17,1,131,22,52,16.0,3,1,0.3076923076923077,0.3333333333333333,1
2019,17,848,9,22,52,12.0,4,0,0.23076923076923078,0.25,0
2019,17,832,1,22,52,10.0,5,0,0.19230769230769232,0.2,0
2019,17,844,6,22,51,8.0,6,0,0.1568627450980392,0.16666666666666666,0
2019,17,842,5,22,51,6.0,7,0,0.11764705882352941,0.14285714285714285,0
2019,17,815,211,22,51,4.0,8,0,0.0784313725490196,0.125,0
2019,17,840,211,22,51,2.0,9,0,0.0392156862745098,0.1111111111111111,0
2019,17,826,5,22,51,1.0,10,0,0.0196078431372549,0.1,0
2019,17,846,1,22,51,0.0,11,0,0.0,0.09090909090909091,0
2019,17,8,51,22,51,0.0,12,0,0.0,0.08333333333333333,0
2019,17,154,210,22,51,0.0,13,0,0.0,0.07692307692307693,0
2019,17,841,51,22,51,0.0,14,0,0.0,0.07142857142857142,0
2019,17,825,210,22,51,0.0,15,0,0.0,0.06666666666666667,0
2019,17,847,3,22,50,0.0,16,0,0.0,0.0625,0
2019,17,9,3,22,50,0.0,17,0,0.0,0.058823529411764705,0
2019,17,830,9,22,14,0.0,18,0,0.0,0.05555555555555555,0
2019,17,817,4,22,51,0.0,19,0,0.0,0.05263157894736842,0
2019,17,807,4,22,51,0.0,20,0,0.0,0.05,0
2019,18,1,131,32,71,25.0,1,1,0.352112676056338,1.0,1
2019,18,20,6,32,71,18.0,2,1,0.2535211267605634,0.5,1
2019,18,822,131,32,71,15.0,3,1,0.2112676056338028,0.3333333333333333,1
2019,18,844,6,32,71,13.0,4,0,0.18309859154929578,0.25,0
2019,18,848,9,32,71,10.0,5,0,0.14084507042253522,0.2,0
2019,18,830,9,32,71,8.0,6,0,0.11267605633802817,0.16666666666666666,0
2019,18,815,211,32,71,6.0,7,0,0.08450704225352113,0.14285714285714285,0
2019,18,817,4,32,71,4.0,8,0,0.056338028169014086,0.125,0
2019,18,842,5,32,70,2.0,9,0,0.02857142857142857,0.1111111111111111,0
2019,18,807,4,32,70,1.0,10,0,0.014285714285714285,0.1,0
2019,18,826,5,32,70,0.0,11,0,0.0,0.09090909090909091,0
2019,18,840,211,32,70,0.0,12,0,0.0,0.08333333333333333,0
2019,18,832,1,32,70,0.0,13,0,0.0,0.07692307692307693,0
2019,18,841,51,32,70,0.0,14,0,0.0,0.07142857142857142,0
2019,18,825,210,32,69,0.0,15,0,0.0,0.06666666666666667,0
2019,18,847,3,32,69,0.0,16,0,0.0,0.0625,0
2019,18,154,210,32,69,0.0,17,0,0.0,0.058823529411764705,0
2019,18,9,3,32,69,0.0,18,0,0.0,0.05555555555555555,0
2019,18,8,51,32,58,0.0,19,0,0.0,0.05263157894736842,0
2019,18,846,1,32,48,0.0,20,0,0.0,0.05,0
2020,1,822,131,70,71,25.0,1,1,0.352112676056338,1.0,1
2019,19,822,131,69,56,25.0,1,1,0.44642857142857145,1.0,1
2019,19,1,131,69,56,18.0,2,1,0.32142857142857145,0.5,1
2019,19,830,9,69,56,15.0,3,1,0.26785714285714285,0.3333333333333333,1
2019,19,844,6,69,56,13.0,4,0,0.23214285714285715,0.25,0
2019,19,848,9,69,56,10.0,5,0,0.17857142857142858,0.2,0
2019,19,817,4,69,56,8.0,6,0,0.14285714285714285,0.16666666666666666,0
2019,19,846,1,69,56,6.0,7,0,0.10714285714285714,0.14285714285714285,0
2019,19,832,1,69,55,4.0,8,0,0.07272727272727272,0.125,0
2019,19,807,4,69,55,2.0,9,0,0.03636363636363636,0.1111111111111111,0
2019,19,815,211,69,55,1.0,10,0,0.01818181818181818,0.1,0
2019,19,8,51,69,55,0.0,11,0,0.0,0.09090909090909091,0
2019,19,826,5,69,55,0.0,12,0,0.0,0.08333333333333333,0
2019,19,840,211,69,55,0.0,13,0,0.0,0.07692307692307693,0
2019,19,841,51,69,55,0.0,14,0,0.0,0.07142857142857142,0
2019,19,154,210,69,55,0.0,15,0,0.0,0.06666666666666667,0
2019,19,842,5,69,54,0.0,16,0,0.0,0.0625,0
2019,19,847,3,69,54,0.0,17,0,0.0,0.058823529411764705,0
2019,19,825,210,69,52,0.0,18,0,0.0,0.05555555555555555,0
2019,19,9,3,69,31,0.0,19,0,0.0,0.05263157894736842,0
2019,19,20,6,69,7,0.0,20,0,0.0,0.05,0
2019,20,830,9,18,71,25.0,1,1,0.352112676056338,1.0,1
2019,20,842,5,18,71,18.0,2,1,0.2535211267605634,0.5,1
2019,20,832,1,18,71,15.0,3,1,0.2112676056338028,0.3333333333333333,1
2019,20,8,51,18,71,12.0,4,0,0.16901408450704225,0.25,0
2019,20,841,51,18,71,10.0,5,0,0.14084507042253522,0.2,0
2019,20,817,4,18,71,8.0,6,0,0.11267605633802817,0.16666666666666666,0
2019,20,1,131,18,71,6.0,7,0,0.08450704225352113,0.14285714285714285,0
2019,20,846,1,18,71,4.0,8,0,0.056338028169014086,0.125,0
2019,20,815,211,18,71,2.0,9,0,0.028169014084507043,0.1111111111111111,0
2019,20,826,5,18,71,1.0,10,0,0.014084507042253521,0.1,0
2019,20,825,210,18,71,0.0,11,0,0.0,0.09090909090909091,0
2019,20,847,3,18,71,0.0,12,0,0.0,0.08333333333333333,0
2019,20,154,210,18,71,0.0,13,0,0.0,0.07692307692307693,0
2019,20,848,9,18,71,0.0,14,0,0.0,0.07142857142857142,0
2019,20,807,4,18,71,0.0,15,0,0.0,0.06666666666666667,0
2019,20,9,3,18,70,0.0,16,0,0.0,0.0625,0
2019,20,20,6,18,65,0.0,17,0,0.0,0.058823529411764705,0
2019,20,844,6,18,65,0.0,18,0,0.0,0.05555555555555555,0
2019,20,840,211,18,65,0.0,19,0,0.0,0.05263157894736842,0
2019,20,822,131,18,51,0.0,20,0,0.0,0.05,0
2019,21,1,131,24,55,26.0,1,1,0.4727272727272727,1.0,1
2019,21,830,9,24,55,18.0,2,1,0.32727272727272727,0.5,1
2019,21,844,6,24,55,15.0,3,1,0.2727272727272727,0.3333333333333333,1
2019,21,822,131,24,55,12.0,4,0,0.21818181818181817,0.25,0
2019,21,20,6,24,55,10.0,5,0,0.18181818181818182,0.2,0
2019,21,848,9,24,55,8.0,6,0,0.14545454545454545,0.16666666666666666,0
2019,21,815,211,24,54,6.0,7,0,0.1111111111111111,0.14285714285714285,0
2019,21,846,1,24,54,4.0,8,0,0.07407407407407407,0.125,0
2019,21,826,5,24,54,2.0,9,0,0.037037037037037035,0.1111111111111111,0
2019,21,832,1,24,54,1.0,10,0,0.018518518518518517,0.1,0
2019,21,817,4,24,54,0.0,11,0,0.0,0.09090909090909091,0
2019,21,807,4,24,54,0.0,12,0,0.0,0.08333333333333333,0
2019,21,8,51,24,54,0.0,13,0,0.0,0.07692307692307693,0
2019,21,825,210,24,54,0.0,14,0,0.0,0.07142857142857142,0
2019,21,154,210,24,54,0.0,15,0,0.0,0.06666666666666667,0
2019,21,841,51,24,54,0.0,16,0,0.0,0.0625,0
2019,21,847,3,24,54,0.0,17,0,0.0,0.058823529411764705,0
2019,21,842,5,24,53,0.0,18,0,0.0,0.05555555555555555,0
2019,21,9,3,24,53,0.0,19,0,0.0,0.05263157894736842,0
2019,21,840,211,24,45,0.0,20,0,0.0,0.05,0
2020,1,844,6,70,71,18.0,2,1,0.2535211267605634,0.5,1
2020,1,846,1,70,71,16.0,3,1,0.22535211267605634,0.3333333333333333,1
2020,1,1,131,70,71,12.0,4,0,0.16901408450704225,0.25,0
2020,1,832,1,70,71,10.0,5,0,0.14084507042253522,0.2,0
2020,1,815,211,70,71,8.0,6,0,0.11267605633802817,0.16666666666666666,0
2020,1,842,213,70,71,6.0,7,0,0.08450704225352113,0.14285714285714285,0
2020,1,839,4,70,71,4.0,8,0,0.056338028169014086,0.125,0
2020,1,841,51,70,71,2.0,9,0,0.028169014084507043,0.1111111111111111,0
2020,1,20,6,70,71,1.0,10,0,0.014084507042253521,0.1,0
2020,1,849,3,70,71,0.0,11,0,0.0,0.09090909090909091,0
2020,1,826,213,70,69,0.0,12,0,0.0,0.08333333333333333,0
2020,1,848,9,70,67,0.0,13,0,0.0,0.07692307692307693,0
2020,1,8,51,70,53,0.0,14,0,0.0,0.07142857142857142,0
2020,1,847,3,70,49,0.0,15,0,0.0,0.06666666666666667,0
2020,1,154,210,70,49,0.0,16,0,0.0,0.0625,0
2020,1,825,210,70,24,0.0,17,0,0.0,0.058823529411764705,0
2020,1,840,211,70,20,0.0,18,0,0.0,0.05555555555555555,0
2020,1,817,4,70,17,0.0,19,0,0.0,0.05263157894736842,0
2020,1,830,9,70,11,0.0,20,0,0.0,0.05,0
2020,2,1,131,70,71,25.0,1,1,0.352112676056338,1.0,1
2020,2,822,131,70,71,18.0,2,1,0.2535211267605634,0.5,1
2020,2,830,9,70,71,15.0,3,1,0.2112676056338028,0.3333333333333333,1
2020,2,848,9,70,71,12.0,4,0,0.16901408450704225,0.25,0
2020,2,846,1,70,71,10.0,5,0,0.14084507042253522,0.2,0
2020,2,815,211,70,71,8.0,6,0,0.11267605633802817,0.16666666666666666,0
2020,2,840,211,70,71,6.0,7,0,0.08450704225352113,0.14285714285714285,0
2020,2,817,4,70,71,4.0,8,0,0.056338028169014086,0.125,0
2020,2,832,1,70,70,3.0,9,0,0.04285714285714286,0.1111111111111111,0
2020,2,826,213,70,70,1.0,10,0,0.014285714285714285,0.1,0
2020,2,8,51,70,70,0.0,11,0,0.0,0.09090909090909091,0
2020,2,825,210,70,70,0.0,12,0,0.0,0.08333333333333333,0
2020,2,154,210,70,70,0.0,13,0,0.0,0.07692307692307693,0
2020,2,841,51,70,70,0.0,14,0,0.0,0.07142857142857142,0
2020,2,842,213,70,70,0.0,15,0,0.0,0.06666666666666667,0
2020,2,847,3,70,69,0.0,16,0,0.0,0.0625,0
2020,2,849,3,70,69,0.0,17,0,0.0,0.058823529411764705,0
2020,2,839,4,70,25,0.0,18,0,0.0,0.05555555555555555,0
2020,2,844,6,70,4,0.0,19,0,0.0,0.05263157894736842,0
2020,2,20,6,70,1,0.0,20,0,0.0,0.05,0
2020,3,1,131,11,70,26.0,1,1,0.37142857142857144,1.0,1
2020,3,830,9,11,70,18.0,2,1,0.2571428571428571,0.5,1
2020,3,822,131,11,70,15.0,3,1,0.21428571428571427,0.3333333333333333,1
2020,3,840,211,11,70,12.0,4,0,0.17142857142857143,0.25,0
2020,3,848,9,11,70,10.0,5,0,0.14285714285714285,0.2,0
2020,3,20,6,11,69,8.0,6,0,0.11594202898550725,0.16666666666666666,0
2020,3,815,211,11,69,6.0,7,0,0.08695652173913043,0.14285714285714285,0
2020,3,817,4,11,69,4.0,8,0,0.057971014492753624,0.125,0
2020,3,832,1,11,69,2.0,9,0,0.028985507246376812,0.1111111111111111,0
2020,3,825,210,11,69,1.0,10,0,0.014492753623188406,0.1,0
2020,3,844,6,11,69,0.0,11,0,0.0,0.09090909090909091,0
2020,3,826,213,11,69,0.0,12,0,0.0,0.08333333333333333,0
2020,3,846,1,11,69,0.0,13,0,0.0,0.07692307692307693,0
2020,3,839,4,11,69,0.0,14,0,0.0,0.07142857142857142,0
2020,3,8,51,11,69,0.0,15,0,0.0,0.06666666666666667,0
2020,3,154,210,11,69,0.0,16,0,0.0,0.0625,0
2020,3,841,51,11,69,0.0,17,0,0.0,0.058823529411764705,0
2020,3,847,3,11,69,0.0,18,0,0.0,0.05555555555555555,0
2020,3,849,3,11,65,0.0,19,0,0.0,0.05263157894736842,0
2020,3,842,213,11,15,0.0,20,0,0.0,0.05,0
2020,4,1,131,9,52,25.0,1,1,0.4807692307692308,1.0,1
2020,4,830,9,9,52,19.0,2,1,0.36538461538461536,0.5,1
2020,4,844,6,9,52,15.0,3,1,0.28846153846153844,0.3333333333333333,1
2020,4,817,4,9,52,12.0,4,0,0.23076923076923078,0.25,0
2020,4,846,1,9,52,10.0,5,0,0.19230769230769232,0.2,0
2020,4,839,4,9,52,8.0,6,0,0.15384615384615385,0.16666666666666666,0
2020,4,842,213,9,52,6.0,7,0,0.11538461538461539,0.14285714285714285,0
2020,4,848,9,9,52,4.0,8,0,0.07692307692307693,0.125,0
2020,4,840,211,9,52,2.0,9,0,0.038461538461538464,0.1111111111111111,0
2020,4,20,6,9,52,1.0,10,0,0.019230769230769232,0.1,0
2020,4,822,131,9,52,0.0,11,0,0.0,0.09090909090909091,0
2020,4,847,3,9,52,0.0,12,0,0.0,0.08333333333333333,0
2020,4,832,1,9,52,0.0,13,0,0.0,0.07692307692307693,0
2020,4,841,51,9,52,0.0,14,0,0.0,0.07142857142857142,0
2020,4,849,3,9,52,0.0,15,0,0.0,0.06666666666666667,0
2020,4,154,210,9,52,0.0,16,0,0.0,0.0625,0
2020,4,8,51,9,51,0.0,17,0,0.0,0.058823529411764705,0
2020,4,826,213,9,11,0.0,18,0,0.0,0.05555555555555555,0
2020,4,825,210,9,1,0.0,19,0,0.0,0.05263157894736842,0
2020,4,807,211,9,0,0.0,20,0,,0.05,0
2020,5,830,9,9,52,25.0,1,1,0.4807692307692308,1.0,1
2020,5,1,131,9,52,19.0,2,1,0.36538461538461536,0.5,1
2020,5,822,131,9,52,15.0,3,1,0.28846153846153844,0.3333333333333333,1
2020,5,844,6,9,52,12.0,4,0,0.23076923076923078,0.25,0
2020,5,848,9,9,52,10.0,5,0,0.19230769230769232,0.2,0
2020,5,840,211,9,52,8.0,6,0,0.15384615384615385,0.16666666666666666,0
2020,5,807,211,9,52,6.0,7,0,0.11538461538461539,0.14285714285714285,0
2020,5,839,4,9,52,4.0,8,0,0.07692307692307693,0.125,0
2020,5,846,1,9,52,2.0,9,0,0.038461538461538464,0.1111111111111111,0
2020,5,826,213,9,52,1.0,10,0,0.019230769230769232,0.1,0
2020,5,842,213,9,52,0.0,11,0,0.0,0.09090909090909091,0
2020,5,20,6,9,52,0.0,12,0,0.0,0.08333333333333333,0
2020,5,832,1,9,52,0.0,13,0,0.0,0.07692307692307693,0
2020,5,817,4,9,51,0.0,14,0,0.0,0.07142857142857142,0
2020,5,8,51,9,51,0.0,15,0,0.0,0.06666666666666667,0
2020,5,154,210,9,51,0.0,16,0,0.0,0.0625,0
2020,5,841,51,9,51,0.0,17,0,0.0,0.058823529411764705,0
2020,5,847,3,9,51,0.0,18,0,0.0,0.05555555555555555,0
2020,5,849,3,9,51,0.0,19,0,0.0,0.05263157894736842,0
2020,5,825,210,9,43,0.0,20,0,0.0,0.05,0
2020,6,1,131,4,66,25.0,1,1,0.3787878787878788,1.0,1
2020,6,830,9,4,66,18.0,2,1,0.2727272727272727,0.5,1
2020,6,822,131,4,66,16.0,3,1,0.24242424242424243,0.3333333333333333,1
2020,6,840,211,4,65,12.0,4,0,0.18461538461538463,0.25,0
2020,6,815,211,4,65,10.0,5,0,0.15384615384615385,0.2,0
2020,6,832,1,4,65,8.0,6,0,0.12307692307692308,0.16666666666666666,0
2020,6,20,6,4,65,6.0,7,0,0.09230769230769231,0.14285714285714285,0
2020,6,848,9,4,65,4.0,8,0,0.06153846153846154,0.125,0
2020,6,842,213,4,65,2.0,9,0,0.03076923076923077,0.1111111111111111,0
2020,6,846,1,4,65,1.0,10,0,0.015384615384615385,0.1,0
2020,6,817,4,4,65,0.0,11,0,0.0,0.09090909090909091,0
2020,6,826,213,4,65,0.0,12,0,0.0,0.08333333333333333,0
2020,6,839,4,4,65,0.0,13,0,0.0,0.07692307692307693,0
2020,6,8,51,4,65,0.0,14,0,0.0,0.07142857142857142,0
2020,6,825,210,4,65,0.0,15,0,0.0,0.06666666666666667,0
2020,6,841,51,4,65,0.0,16,0,0.0,0.0625,0
2020,6,847,3,4,65,0.0,17,0,0.0,0.058823529411764705,0
2020,6,849,3,4,64,0.0,18,0,0.0,0.05555555555555555,0
2020,6,154,210,4,64,0.0,19,0,0.0,0.05263157894736842,0
2020,6,844,6,4,38,0.0,20,0,0.0,0.05,0
2020,7,1,131,13,44,25.0,1,1,0.5681818181818182,1.0,1
2020,7,822,131,13,44,18.0,2,1,0.4090909090909091,0.5,1
2020,7,830,9,13,44,15.0,3,1,0.3409090909090909,0.3333333333333333,1
2020,7,817,4,13,44,13.0,4,0,0.29545454545454547,0.25,0
2020,7,839,4,13,44,10.0,5,0,0.22727272727272727,0.2,0
2020,7,848,9,13,44,8.0,6,0,0.18181818181818182,0.16666666666666666,0
2020,7,846,1,13,44,6.0,7,0,0.13636363636363635,0.14285714285714285,0
2020,7,842,213,13,44,4.0,8,0,0.09090909090909091,0.125,0
2020,7,840,211,13,44,2.0,9,0,0.045454545454545456,0.1111111111111111,0
2020,7,815,211,13,44,1.0,10,0,0.022727272727272728,0.1,0
2020,7,826,213,13,44,0.0,11,0,0.0,0.09090909090909091,0
2020,7,8,51,13,44,0.0,12,0,0.0,0.08333333333333333,0
2020,7,20,6,13,44,0.0,13,0,0.0,0.07692307692307693,0
2020,7,844,6,13,44,0.0,14,0,0.0,0.07142857142857142,0
2020,7,154,210,13,44,0.0,15,0,0.0,0.06666666666666667,0
2020,7,849,3,13,44,0.0,16,0,0.0,0.0625,0
2020,7,825,210,13,44,0.0,17,0,0.0,0.058823529411764705,0
2020,7,841,51,13,9,0.0,18,0,0.0,0.05555555555555555,0
2020,7,847,3,13,9,0.0,19,0,0.0,0.05263157894736842,0
2020,7,832,1,13,0,0.0,20,0,,0.05,0
2020,8,842,213,14,53,25.0,1,1,0.4716981132075472,1.0,1
2020,8,832,1,14,53,18.0,2,1,0.33962264150943394,0.5,1
2020,8,840,211,14,53,15.0,3,1,0.2830188679245283,0.3333333333333333,1
2020,8,846,1,14,53,12.0,4,0,0.22641509433962265,0.25,0
2020,8,822,131,14,53,10.0,5,0,0.18867924528301888,0.2,0
2020,8,817,4,14,53,8.0,6,0,0.1509433962264151,0.16666666666666666,0
2020,8,1,131,14,53,7.0,7,0,0.1320754716981132,0.14285714285714285,0
2020,8,839,4,14,53,4.0,8,0,0.07547169811320754,0.125,0
2020,8,826,213,14,53,2.0,9,0,0.03773584905660377,0.1111111111111111,0
2020,8,815,211,14,53,1.0,10,0,0.018867924528301886,0.1,0
2020,8,849,3,14,53,0.0,11,0,0.0,0.09090909090909091,0
2020,8,154,210,14,53,0.0,12,0,0.0,0.08333333333333333,0
2020,8,8,51,14,53,0.0,13,0,0.0,0.07692307692307693,0
2020,8,847,3,14,53,0.0,14,0,0.0,0.07142857142857142,0
2020,8,848,9,14,53,0.0,15,0,0.0,0.06666666666666667,0
2020,8,841,51,14,53,0.0,16,0,0.0,0.0625,0
2020,8,830,9,14,30,0.0,17,0,0.0,0.058823529411764705,0
2020,8,844,6,14,23,0.0,18,0,0.0,0.05555555555555555,0
2020,8,825,210,14,17,0.0,19,0,0.0,0.05263157894736842,0
2020,8,20,6,14,6,0.0,20,0,0.0,0.05,0
2020,9,1,131,76,59,26.0,1,1,0.4406779661016949,1.0,1
2020,9,822,131,76,59,18.0,2,1,0.3050847457627119,0.5,1
2020,9,848,9,76,59,15.0,3,1,0.2542372881355932,0.3333333333333333,1
2020,9,817,4,76,59,12.0,4,0,0.2033898305084746,0.25,0
2020,9,815,211,76,59,10.0,5,0,0.1694915254237288,0.2,0
2020,9,846,1,76,59,8.0,6,0,0.13559322033898305,0.16666666666666666,0
2020,9,826,213,76,59,6.0,7,0,0.1016949152542373,0.14285714285714285,0
2020,9,844,6,76,59,4.0,8,0,0.06779661016949153,0.125,0
2020,9,8,51,76,59,2.0,9,0,0.03389830508474576,0.1111111111111111,0
2020,9,20,6,76,59,1.0,10,0,0.01694915254237288,0.1,0
2020,9,847,3,76,59,0.0,11,0,0.0,0.09090909090909091,0
2020,9,154,210,76,59,0.0,12,0,0.0,0.08333333333333333,0
2020,9,840,211,76,42,0.0,13,0,0.0,0.07692307692307693,0
2020,9,839,4,76,7,0.0,14,0,0.0,0.07142857142857142,0
2020,9,849,3,76,6,0.0,15,0,0.0,0.06666666666666667,0
2020,9,825,210,76,5,0.0,16,0,0.0,0.0625,0
2020,9,841,51,76,5,0.0,17,0,0.0,0.058823529411764705,0
2020,9,832,1,76,5,0.0,18,0,0.0,0.05555555555555555,0
2020,9,830,9,76,0,0.0,19,0,,0.05263157894736842,0
2020,9,842,213,76,0,0.0,20,0,,0.05,0
2020,10,822,131,71,53,26.0,1,1,0.49056603773584906,1.0,1
2020,10,830,9,71,53,18.0,2,1,0.33962264150943394,0.5,1
2020,10,1,131,71,53,15.0,3,1,0.2830188679245283,0.3333333333333333,1
2020,10,815,211,71,53,12.0,4,0,0.22641509433962265,0.25,0
2020,10,817,4,71,53,10.0,5,0,0.18867924528301888,0.2,0
2020,10,844,6,71,53,8.0,6,0,0.1509433962264151,0.16666666666666666,0
2020,10,839,4,71,53,6.0,7,0,0.11320754716981132,0.14285714285714285,0
2020,10,826,213,71,53,4.0,8,0,0.07547169811320754,0.125,0
2020,10,842,213,71,53,2.0,9,0,0.03773584905660377,0.1111111111111111,0
2020,10,848,9,71,53,1.0,10,0,0.018867924528301886,0.1,0
2020,10,841,51,71,52,0.0,11,0,0.0,0.09090909090909091,0
2020,10,825,210,71,52,0.0,12,0,0.0,0.08333333333333333,0
2020,10,20,6,71,52,0.0,13,0,0.0,0.07692307692307693,0
2020,10,8,51,71,52,0.0,14,0,0.0,0.07142857142857142,0
2020,10,846,1,71,52,0.0,15,0,0.0,0.06666666666666667,0
2020,10,849,3,71,52,0.0,16,0,0.0,0.0625,0
2020,10,154,210,71,52,0.0,17,0,0.0,0.058823529411764705,0
2020,10,847,3,71,52,0.0,18,0,0.0,0.05555555555555555,0
2020,10,832,1,71,0,0.0,19,0,,0.05263157894736842,0
2020,10,840,211,71,0,0.0,20,0,,0.05,0
2020,11,1,131,20,60,25.0,1,1,0.4166666666666667,1.0,1
2020,11,830,9,20,60,19.0,2,1,0.31666666666666665,0.5,1
2020,11,817,4,20,60,15.0,3,1,0.25,0.3333333333333333,1
2020,11,815,211,20,60,12.0,4,0,0.2,0.25,0
2020,11,832,1,20,60,10.0,5,0,0.16666666666666666,0.2,0
2020,11,842,213,20,60,8.0,6,0,0.13333333333333333,0.16666666666666666,0
2020,11,844,6,20,60,6.0,7,0,0.1,0.14285714285714285,0
2020,11,807,211,20,60,4.0,8,0,0.06666666666666667,0.125,0
2020,11,154,210,20,60,2.0,9,0,0.03333333333333333,0.1111111111111111,0
2020,11,841,51,20,60,1.0,10,0,0.016666666666666666,0.1,0
2020,11,20,6,20,60,0.0,11,0,0.0,0.09090909090909091,0
2020,11,8,51,20,60,0.0,12,0,0.0,0.08333333333333333,0
2020,11,825,210,20,60,0.0,13,0,0.0,0.07692307692307693,0
2020,11,849,3,20,60,0.0,14,0,0.0,0.07142857142857142,0
2020,11,826,213,20,60,0.0,15,0,0.0,0.06666666666666667,0
2020,11,846,1,20,42,0.0,16,0,0.0,0.0625,0
2020,11,848,9,20,23,0.0,17,0,0.0,0.058823529411764705,0
2020,11,839,4,20,22,0.0,18,0,0.0,0.05555555555555555,0
2020,11,822,131,20,18,0.0,19,0,0.0,0.05263157894736842,0
2020,11,847,3,20,12,0.0,20,0,0.0,0.05,0
2020,12,1,131,75,66,26.0,1,1,0.3939393939393939,1.0,1
2020,12,822,131,75,66,18.0,2,1,0.2727272727272727,0.5,1
2020,12,830,9,75,66,15.0,3,1,0.22727272727272727,0.3333333333333333,1
2020,12,844,6,75,66,12.0,4,0,0.18181818181818182,0.25,0
2020,12,842,213,75,65,10.0,5,0,0.15384615384615385,0.2,0
2020,12,832,1,75,65,8.0,6,0,0.12307692307692308,0.16666666666666666,0
2020,12,815,211,75,65,6.0,7,0,0.09230769230769231,0.14285714285714285,0
2020,12,839,4,75,65,4.0,8,0,0.06153846153846154,0.125,0
2020,12,817,4,75,65,2.0,9,0,0.03076923076923077,0.1111111111111111,0
2020,12,20,6,75,65,1.0,10,0,0.015384615384615385,0.1,0
2020,12,8,51,75,65,0.0,11,0,0.0,0.09090909090909091,0
2020,12,848,9,75,65,0.0,12,0,0.0,0.08333333333333333,0
2020,12,846,1,75,65,0.0,13,0,0.0,0.07692307692307693,0
2020,12,847,3,75,65,0.0,14,0,0.0,0.07142857142857142,0
2020,12,841,51,75,65,0.0,15,0,0.0,0.06666666666666667,0
2020,12,825,210,75,65,0.0,16,0,0.0,0.0625,0
2020,12,154,210,75,65,0.0,17,0,0.0,0.058823529411764705,0
2020,12,849,3,75,64,0.0,18,0,0.0,0.05555555555555555,0
2020,12,826,213,75,64,0.0,19,0,0.0,0.05263157894736842,0
2020,12,840,211,75,51,0.0,20,0,0.0,0.05,0
2020,13,1,131,21,63,26.0,1,1,0.4126984126984127,1.0,1
2020,13,822,131,21,63,18.0,2,1,0.2857142857142857,0.5,1
2020,13,817,4,21,63,15.0,3,1,0.23809523809523808,0.3333333333333333,1
2020,13,826,213,21,63,12.0,4,0,0.19047619047619047,0.25,0
2020,13,844,6,21,63,10.0,5,0,0.15873015873015872,0.2,0
2020,13,815,211,21,63,8.0,6,0,0.12698412698412698,0.16666666666666666,0
2020,13,832,1,21,63,6.0,7,0,0.09523809523809523,0.14285714285714285,0
2020,13,846,1,21,63,4.0,8,0,0.06349206349206349,0.125,0
2020,13,8,51,21,63,2.0,9,0,0.031746031746031744,0.1111111111111111,0
2020,13,841,51,21,63,1.0,10,0,0.015873015873015872,0.1,0
2020,13,849,3,21,63,0.0,11,0,0.0,0.09090909090909091,0
2020,13,20,6,21,63,0.0,12,0,0.0,0.08333333333333333,0
2020,13,840,211,21,63,0.0,13,0,0.0,0.07692307692307693,0
2020,13,154,210,21,63,0.0,14,0,0.0,0.07142857142857142,0
2020,13,848,9,21,63,0.0,15,0,0.0,0.06666666666666667,0
2020,13,847,3,21,51,0.0,16,0,0.0,0.0625,0
2020,13,830,9,21,50,0.0,17,0,0.0,0.058823529411764705,0
2020,13,825,210,21,47,0.0,18,0,0.0,0.05555555555555555,0
2020,13,839,4,21,27,0.0,19,0,0.0,0.05263157894736842,0
2020,13,842,213,21,8,0.0,20,0,0.0,0.05,0
2020,14,1,131,5,58,25.0,1,1,0.43103448275862066,1.0,1
2020,14,815,211,5,58,18.0,2,1,0.3103448275862069,0.5,1
2020,14,20,6,5,58,15.0,3,1,0.25862068965517243,0.3333333333333333,1
2020,14,844,6,5,58,12.0,4,0,0.20689655172413793,0.25,0
2020,14,832,1,5,58,10.0,5,0,0.1724137931034483,0.2,0
2020,14,830,9,5,58,8.0,6,0,0.13793103448275862,0.16666666666666666,0
2020,14,848,9,5,58,6.0,7,0,0.10344827586206896,0.14285714285714285,0
2020,14,846,1,5,58,5.0,8,0,0.08620689655172414,0.125,0
2020,14,840,211,5,58,2.0,9,0,0.034482758620689655,0.1111111111111111,0
2020,14,817,4,5,58,1.0,10,0,0.017241379310344827,0.1,0
2020,14,839,4,5,57,0.0,11,0,0.0,0.09090909090909091,0
2020,14,826,213,5,57,0.0,12,0,0.0,0.08333333333333333,0
2020,14,842,213,5,57,0.0,13,0,0.0,0.07692307692307693,0
2020,14,822,131,5,57,0.0,14,0,0.0,0.07142857142857142,0
2020,14,8,51,5,57,0.0,15,0,0.0,0.06666666666666667,0
2020,14,847,3,5,57,0.0,16,0,0.0,0.0625,0
2020,14,825,210,5,55,0.0,17,0,0.0,0.058823529411764705,0
2020,14,154,210,5,49,0.0,18,0,0.0,0.05555555555555555,0
2020,14,849,3,5,39,0.0,19,0,0.0,0.05263157894736842,0
2020,14,841,51,5,11,0.0,20,0,0.0,0.05,0
2020,15,1,131,3,57,25.0,1,1,0.43859649122807015,1.0,1
2020,15,830,9,3,57,19.0,2,1,0.3333333333333333,0.5,1
2020,15,848,9,3,57,15.0,3,1,0.2631578947368421,0.3333333333333333,1
2020,15,846,1,3,57,12.0,4,0,0.21052631578947367,0.25,0
2020,15,832,1,3,57,10.0,5,0,0.17543859649122806,0.2,0
2020,15,842,213,3,57,8.0,6,0,0.14035087719298245,0.16666666666666666,0
2020,15,817,4,3,57,6.0,7,0,0.10526315789473684,0.14285714285714285,0
2020,15,822,131,3,57,4.0,8,0,0.07017543859649122,0.125,0
2020,15,839,4,3,57,2.0,9,0,0.03508771929824561,0.1111111111111111,0
2020,15,844,6,3,56,1.0,10,0,0.017857142857142856,0.1,0
2020,15,826,213,3,56,0.0,11,0,0.0,0.09090909090909091,0
2020,15,847,3,3,56,0.0,12,0,0.0,0.08333333333333333,0
2020,15,20,6,3,56,0.0,13,0,0.0,0.07692307692307693,0
2020,15,849,3,3,56,0.0,14,0,0.0,0.07142857142857142,0
2020,15,8,51,3,56,0.0,15,0,0.0,0.06666666666666667,0
2020,15,841,51,3,56,0.0,16,0,0.0,0.0625,0
2020,15,825,210,3,56,0.0,17,0,0.0,0.058823529411764705,0
2020,15,815,211,3,53,0.0,18,0,0.0,0.05555555555555555,0
2020,15,840,211,3,2,0.0,19,0,0.0,0.05263157894736842,0
2020,15,154,210,3,0,0.0,20,0,,0.05,0
2020,16,815,211,3,87,25.0,1,1,0.28735632183908044,1.0,1
2020,16,839,4,3,87,18.0,2,1,0.20689655172413793,0.5,1
2020,16,840,211,3,87,15.0,3,1,0.1724137931034483,0.3333333333333333,1
2020,16,832,1,3,87,12.0,4,0,0.13793103448275862,0.25,0
2020,16,817,4,3,87,10.0,5,0,0.11494252873563218,0.2,0
2020,16,848,9,3,87,8.0,6,0,0.09195402298850575,0.16666666666666666,0
2020,16,826,213,3,87,6.0,7,0,0.06896551724137931,0.14285714285714285,0
2020,16,822,131,3,87,4.0,8,0,0.04597701149425287,0.125,0
2020,16,847,131,3,87,3.0,9,0,0.034482758620689655,0.1111111111111111,0
2020,16,846,1,3,87,1.0,10,0,0.011494252873563218,0.1,0
2020,16,842,213,3,87,0.0,11,0,0.0,0.09090909090909091,0
2020,16,20,6,3,87,0.0,12,0,0.0,0.08333333333333333,0
2020,16,841,51,3,87,0.0,13,0,0.0,0.07692307692307693,0
2020,16,8,51,3,87,0.0,14,0,0.0,0.07142857142857142,0
2020,16,825,210,3,87,0.0,15,0,0.0,0.06666666666666667,0
2020,16,851,3,3,87,0.0,16,0,0.0,0.0625,0
2020,16,850,210,3,87,0.0,17,0,0.0,0.058823529411764705,0
2020,16,849,3,3,52,0.0,18,0,0.0,0.05555555555555555,0
2020,16,830,9,3,0,0.0,19,0,,0.05263157894736842,0
2020,16,844,6,3,0,0.0,20,0,,0.05,0
2020,17,830,9,24,55,25.0,1,1,0.45454545454545453,1.0,1
2020,17,822,131,24,55,18.0,2,1,0.32727272727272727,0.5,1
2020,17,1,131,24,55,15.0,3,1,0.2727272727272727,0.3333333333333333,1
2020,17,848,9,24,55,12.0,4,0,0.21818181818181817,0.25,0
2020,17,846,1,24,55,10.0,5,0,0.18181818181818182,0.2,0
2020,17,832,1,24,55,8.0,6,0,0.14545454545454545,0.16666666666666666,0
2020,17,817,4,24,55,7.0,7,0,0.12727272727272726,0.14285714285714285,0
2020,17,842,213,24,55,4.0,8,0,0.07272727272727272,0.125,0
2020,17,839,4,24,55,2.0,9,0,0.03636363636363636,0.1111111111111111,0
2020,17,840,211,24,55,1.0,10,0,0.01818181818181818,0.1,0
2020,17,826,213,24,54,0.0,11,0,0.0,0.09090909090909091,0
2020,17,8,51,24,54,0.0,12,0,0.0,0.08333333333333333,0
2020,17,844,6,24,54,0.0,13,0,0.0,0.07692307692307693,0
2020,17,20,6,24,54,0.0,14,0,0.0,0.07142857142857142,0
2020,17,847,3,24,54,0.0,15,0,0.0,0.06666666666666667,0
2020,17,841,51,24,54,0.0,16,0,0.0,0.0625,0
2020,17,849,3,24,54,0.0,17,0,0.0,0.058823529411764705,0
2020,17,825,210,24,54,0.0,18,0,0.0,0.05555555555555555,0
2020,17,850,210,24,53,0.0,19,0,0.0,0.05263157894736842,0
2020,17,815,211,24,8,0.0,20,0,0.0,0.05,0
2021,1,1,131,3,56,25.0,1,1,0.44642857142857145,1.0,1
2021,1,830,9,3,56,18.0,2,1,0.32142857142857145,0.5,1
2021,1,822,131,3,56,16.0,3,1,0.2857142857142857,0.3333333333333333,1
2021,1,846,1,3,56,12.0,4,0,0.21428571428571427,0.25,0
2021,1,815,9,3,56,10.0,5,0,0.17857142857142858,0.2,0
2021,1,844,6,3,56,8.0,6,0,0.14285714285714285,0.16666666666666666,0
2021,1,817,1,3,56,6.0,7,0,0.10714285714285714,0.14285714285714285,0
2021,1,832,6,3,56,4.0,8,0,0.07142857142857142,0.125,0
2021,1,852,213,3,56,2.0,9,0,0.03571428571428571,0.1111111111111111,0
2021,1,840,117,3,56,1.0,10,0,0.017857142857142856,0.1,0
2021,1,8,51,3,56,0.0,11,0,0.0,0.09090909090909091,0
2021,1,841,51,3,55,0.0,12,0,0.0,0.08333333333333333,0
2021,1,839,214,3,55,0.0,13,0,0.0,0.07692307692307693,0
2021,1,847,3,3,55,0.0,14,0,0.0,0.07142857142857142,0
2021,1,20,117,3,55,0.0,15,0,0.0,0.06666666666666667,0
2021,1,854,210,3,55,0.0,16,0,0.0,0.0625,0
2021,1,842,213,3,52,0.0,17,0,0.0,0.058823529411764705,0
2021,1,849,3,3,51,0.0,18,0,0.0,0.05555555555555555,0
2021,1,4,214,3,32,0.0,19,0,0.0,0.05263157894736842,0
2021,1,853,210,3,0,0.0,20,0,,0.05,0
2021,2,830,9,21,63,25.0,1,1,0.3968253968253968,1.0,1
2021,2,1,131,21,63,19.0,2,1,0.30158730158730157,0.5,1
2021,2,846,1,21,63,15.0,3,1,0.23809523809523808,0.3333333333333333,1
2021,2,844,6,21,63,12.0,4,0,0.19047619047619047,0.25,0
2021,2,832,6,21,63,10.0,5,0,0.15873015873015872,0.2,0
2021,2,817,1,21,63,8.0,6,0,0.12698412698412698,0.16666666666666666,0
2021,2,842,213,21,63,6.0,7,0,0.09523809523809523,0.14285714285714285,0
2021,2,840,117,21,63,4.0,8,0,0.06349206349206349,0.125,0
2021,2,839,214,21,63,2.0,9,0,0.031746031746031744,0.1111111111111111,0
2021,2,4,214,21,63,1.0,10,0,0.015873015873015872,0.1,0
2021,2,815,9,21,63,0.0,11,0,0.0,0.09090909090909091,0
2021,2,852,213,21,63,0.0,12,0,0.0,0.08333333333333333,0
2021,2,8,51,21,63,0.0,13,0,0.0,0.07692307692307693,0
2021,2,841,51,21,62,0.0,14,0,0.0,0.07142857142857142,0
2021,2,20,117,21,61,0.0,15,0,0.0,0.06666666666666667,0
2021,2,854,210,21,61,0.0,16,0,0.0,0.0625,0
2021,2,853,210,21,61,0.0,17,0,0.0,0.058823529411764705,0
2021,2,822,131,21,30,0.0,18,0,0.0,0.05555555555555555,0
2021,2,847,3,21,30,0.0,19,0,0.0,0.05263157894736842,0
2021,2,849,3,21,0,0.0,20,0,,0.05,0
2021,3,1,131,75,66,25.0,1,1,0.3787878787878788,1.0,1
2021,3,830,9,75,66,18.0,2,1,0.2727272727272727,0.5,1
2021,3,822,131,75,66,16.0,3,1,0.24242424242424243,0.3333333333333333,1
2021,3,815,9,75,66,12.0,4,0,0.18181818181818182,0.25,0
2021,3,846,1,75,66,10.0,5,0,0.15151515151515152,0.2,0
2021,3,844,6,75,66,8.0,6,0,0.12121212121212122,0.16666666666666666,0
2021,3,839,214,75,66,6.0,7,0,0.09090909090909091,0.14285714285714285,0
2021,3,4,214,75,66,4.0,8,0,0.06060606060606061,0.125,0
2021,3,817,1,75,66,2.0,9,0,0.030303030303030304,0.1111111111111111,0
2021,3,842,213,75,66,1.0,10,0,0.015151515151515152,0.1,0
2021,3,832,6,75,66,0.0,11,0,0.0,0.09090909090909091,0
2021,3,841,51,75,65,0.0,12,0,0.0,0.08333333333333333,0
2021,3,20,117,75,65,0.0,13,0,0.0,0.07692307692307693,0
2021,3,840,117,75,65,0.0,14,0,0.0,0.07142857142857142,0
2021,3,852,213,75,65,0.0,15,0,0.0,0.06666666666666667,0
2021,3,847,3,75,65,0.0,16,0,0.0,0.0625,0
2021,3,854,210,75,64,0.0,17,0,0.0,0.058823529411764705,0
2021,3,849,3,75,64,0.0,18,0,0.0,0.05555555555555555,0
2021,3,853,210,75,64,0.0,19,0,0.0,0.05263157894736842,0
2021,3,8,51,75,1,0.0,20,0,0.0,0.05,0
2021,4,1,131,4,66,25.0,1,1,0.3787878787878788,1.0,1
2021,4,830,9,4,66,19.0,2,1,0.2878787878787879,0.5,1
2021,4,822,131,4,66,15.0,3,1,0.22727272727272727,0.3333333333333333,1
2021,4,844,6,4,66,12.0,4,0,0.18181818181818182,0.25,0
2021,4,815,9,4,66,10.0,5,0,0.15151515151515152,0.2,0
2021,4,817,1,4,66,8.0,6,0,0.12121212121212122,0.16666666666666666,0
2021,4,832,6,4,66,6.0,7,0,0.09090909090909091,0.14285714285714285,0
2021,4,846,1,4,65,4.0,8,0,0.06153846153846154,0.125,0
2021,4,839,214,4,65,2.0,9,0,0.03076923076923077,0.1111111111111111,0
2021,4,842,213,4,65,1.0,10,0,0.015384615384615385,0.1,0
2021,4,840,117,4,65,0.0,11,0,0.0,0.09090909090909091,0
2021,4,8,51,4,65,0.0,12,0,0.0,0.08333333333333333,0
2021,4,20,117,4,65,0.0,13,0,0.0,0.07692307692307693,0
2021,4,847,3,4,65,0.0,14,0,0.0,0.07142857142857142,0
2021,4,841,51,4,65,0.0,15,0,0.0,0.06666666666666667,0
2021,4,849,3,4,65,0.0,16,0,0.0,0.0625,0
2021,4,4,214,4,65,0.0,17,0,0.0,0.058823529411764705,0
2021,4,854,210,4,64,0.0,18,0,0.0,0.05555555555555555,0
2021,4,853,210,4,64,0.0,19,0,0.0,0.05263157894736842,0
2021,4,852,213,4,6,0.0,20,0,0.0,0.05,0
2021,5,832,6,6,78,18.0,2,1,0.23076923076923078,0.5,1
2021,5,830,9,6,78,25.0,1,1,0.32051282051282054,1.0,1
2021,5,846,1,6,78,15.0,3,1,0.19230769230769232,0.3333333333333333,1
2021,5,815,9,6,78,12.0,4,0,0.15384615384615385,0.25,0
2021,5,20,117,6,78,10.0,5,0,0.1282051282051282,0.2,0
2021,5,842,213,6,78,8.0,6,0,0.10256410256410256,0.16666666666666666,0
2021,5,1,131,6,78,7.0,7,0,0.08974358974358974,0.14285714285714285,0
2021,5,840,117,6,77,4.0,8,0,0.05194805194805195,0.125,0
2021,5,839,214,6,77,2.0,9,0,0.025974025974025976,0.1111111111111111,0
2021,5,841,51,6,77,1.0,10,0,0.012987012987012988,0.1,0
2021,5,8,51,6,77,0.0,11,0,0.0,0.09090909090909091,0
2021,5,817,1,6,77,0.0,12,0,0.0,0.08333333333333333,0
2021,5,4,214,6,77,0.0,13,0,0.0,0.07692307692307693,0
2021,5,847,3,6,77,0.0,14,0,0.0,0.07142857142857142,0
2021,5,849,3,6,77,0.0,15,0,0.0,0.06666666666666667,0
2021,5,852,213,6,77,0.0,16,0,0.0,0.0625,0
2021,5,853,210,6,75,0.0,17,0,0.0,0.058823529411764705,0
2021,5,822,131,6,29,0.0,19,0,0.0,0.05263157894736842,0
2021,5,844,6,6,0,0.0,20,0,,0.05,0
2021,6,815,9,73,51,25.0,1,1,0.49019607843137253,1.0,1
2021,6,20,117,73,51,18.0,2,1,0.35294117647058826,0.5,1
2021,6,842,213,73,51,15.0,3,1,0.29411764705882354,0.3333333333333333,1
2021,6,844,6,73,51,12.0,4,0,0.23529411764705882,0.25,0
2021,6,846,1,73,51,10.0,5,0,0.19607843137254902,0.2,0
2021,6,4,214,73,51,8.0,6,0,0.1568627450980392,0.16666666666666666,0
2021,6,852,213,73,51,6.0,7,0,0.11764705882352941,0.14285714285714285,0
2021,6,832,6,73,51,4.0,8,0,0.0784313725490196,0.125,0
2021,6,817,1,73,51,2.0,9,0,0.0392156862745098,0.1111111111111111,0
2021,6,8,51,73,51,1.0,10,0,0.0196078431372549,0.1,0
2021,6,841,51,73,51,0.0,11,0,0.0,0.09090909090909091,0
2021,6,822,131,73,51,0.0,12,0,0.0,0.08333333333333333,0
2021,6,854,210,73,51,0.0,13,0,0.0,0.07692307692307693,0
2021,6,853,210,73,51,0.0,14,0,0.0,0.07142857142857142,0
2021,6,1,131,73,51,0.0,15,0,0.0,0.06666666666666667,0
2021,6,849,3,73,51,0.0,16,0,0.0,0.0625,0
2021,6,847,3,73,48,0.0,17,0,0.0,0.058823529411764705,0
2021,6,830,9,73,45,0.0,18,0,0.0,0.05555555555555555,0
2021,6,840,117,73,29,0.0,19,0,0.0,0.05263157894736842,0
2021,6,839,214,73,3,0.0,20,0,0.0,0.05,0
2021,7,830,9,34,53,26.0,1,1,0.49056603773584906,1.0,1
2021,7,1,131,34,53,18.0,2,1,0.33962264150943394,0.5,1
2021,7,815,9,34,53,15.0,3,1,0.2830188679245283,0.3333333333333333,1
2021,7,822,131,34,53,12.0,4,0,0.22641509433962265,0.25,0
2021,7,846,1,34,53,10.0,5,0,0.18867924528301888,0.2,0
2021,7,817,1,34,53,8.0,6,0,0.1509433962264151,0.16666666666666666,0
2021,7,842,213,34,53,6.0,7,0,0.11320754716981132,0.14285714285714285,0
2021,7,4,214,34,53,4.0,8,0,0.07547169811320754,0.125,0
2021,7,20,117,34,53,2.0,9,0,0.03773584905660377,0.1111111111111111,0
2021,7,840,117,34,53,1.0,10,0,0.018867924528301886,0.1,0
2021,7,832,6,34,53,0.0,11,0,0.0,0.09090909090909091,0
2021,7,847,3,34,52,0.0,12,0,0.0,0.08333333333333333,0
2021,7,852,213,34,52,0.0,13,0,0.0,0.07692307692307693,0
2021,7,839,214,34,52,0.0,14,0,0.0,0.07142857142857142,0
2021,7,841,51,34,52,0.0,15,0,0.0,0.06666666666666667,0
2021,7,844,6,34,52,0.0,16,0,0.0,0.0625,0
2021,7,8,51,34,52,0.0,17,0,0.0,0.058823529411764705,0
2021,7,849,3,34,52,0.0,18,0,0.0,0.05555555555555555,0
2021,7,854,210,34,52,0.0,19,0,0.0,0.05263157894736842,0
2021,7,853,210,34,52,0.0,20,0,0.0,0.05,0
2021,8,830,9,70,71,25.0,1,1,0.352112676056338,1.0,1
2021,8,1,131,70,71,19.0,2,1,0.2676056338028169,0.5,1
2021,8,822,131,70,71,15.0,3,1,0.2112676056338028,0.3333333333333333,1
2021,8,815,9,70,71,12.0,4,0,0.16901408450704225,0.25,0
2021,8,846,1,70,70,10.0,5,0,0.14285714285714285,0.2,0
2021,8,832,6,70,70,8.0,6,0,0.11428571428571428,0.16666666666666666,0
2021,8,844,6,70,70,6.0,7,0,0.08571428571428572,0.14285714285714285,0
2021,8,840,117,70,70,4.0,8,0,0.05714285714285714,0.125,0
2021,8,4,214,70,70,2.0,9,0,0.02857142857142857,0.1111111111111111,0
2021,8,852,213,70,70,1.0,10,0,0.014285714285714285,0.1,0
2021,8,8,51,70,70,0.0,11,0,0.0,0.09090909090909091,0
2021,8,20,117,70,70,0.0,12,0,0.0,0.08333333333333333,0
2021,8,817,1,70,70,0.0,13,0,0.0,0.07692307692307693,0
2021,8,839,214,70,70,0.0,14,0,0.0,0.07142857142857142,0
2021,8,841,51,70,70,0.0,15,0,0.0,0.06666666666666667,0
2021,8,854,210,70,69,0.0,16,0,0.0,0.0625,0
2021,8,849,3,70,68,0.0,17,0,0.0,0.058823529411764705,0
2021,8,853,210,70,68,0.0,18,0,0.0,0.05555555555555555,0
2021,8,847,3,70,36,0.0,19,0,0.0,0.05263157894736842,0
2021,8,842,213,70,1,0.0,20,0,0.0,0.05,0
2021,9,830,9,70,71,26.0,1,1,0.36619718309859156,1.0,1
2021,9,822,131,70,71,18.0,2,1,0.2535211267605634,0.5,1
2021,9,846,1,70,71,15.0,3,1,0.2112676056338028,0.3333333333333333,1
2021,9,1,131,70,71,12.0,4,0,0.16901408450704225,0.25,0
2021,9,832,6,70,71,10.0,5,0,0.14084507042253522,0.2,0
2021,9,815,9,70,71,8.0,6,0,0.11267605633802817,0.16666666666666666,0
2021,9,817,1,70,71,6.0,7,0,0.08450704225352113,0.14285714285714285,0
2021,9,844,6,70,71,4.0,8,0,0.056338028169014086,0.125,0
2021,9,842,213,70,71,2.0,9,0,0.028169014084507043,0.1111111111111111,0
2021,9,4,214,70,70,1.0,10,0,0.014285714285714285,0.1,0
2021,9,847,3,70,70,0.0,11,0,0.0,0.09090909090909091,0
2021,9,852,213,70,70,0.0,12,0,0.0,0.08333333333333333,0
2021,9,840,117,70,70,0.0,13,0,0.0,0.07692307692307693,0
2021,9,841,51,70,70,0.0,14,0,0.0,0.07142857142857142,0
2021,9,8,51,70,70,0.0,15,0,0.0,0.06666666666666667,0
2021,9,849,3,70,70,0.0,16,0,0.0,0.0625,0
2021,9,20,117,70,69,0.0,17,0,0.0,0.058823529411764705,0
2021,9,854,210,70,69,0.0,18,0,0.0,0.05555555555555555,0
2021,9,853,210,70,69,0.0,19,0,0.0,0.05263157894736842,0
2021,9,839,214,70,0,0.0,20,0,,0.05,0
2021,10,1,131,9,52,25.0,1,1,0.4807692307692308,1.0,1
2021,10,844,6,9,52,18.0,2,1,0.34615384615384615,0.5,1
2021,10,822,131,9,52,15.0,3,1,0.28846153846153844,0.3333333333333333,1
2021,10,846,1,9,52,12.0,4,0,0.23076923076923078,0.25,0
2021,10,817,1,9,52,10.0,5,0,0.19230769230769232,0.2,0
2021,10,832,6,9,52,8.0,6,0,0.15384615384615385,0.16666666666666666,0
2021,10,4,214,9,52,6.0,7,0,0.11538461538461539,0.14285714285714285,0
2021,10,840,117,9,52,4.0,8,0,0.07692307692307693,0.125,0
2021,10,839,214,9,52,2.0,9,0,0.038461538461538464,0.1111111111111111,0
2021,10,852,213,9,52,1.0,10,0,0.019230769230769232,0.1,0
2021,10,842,213,9,52,0.0,11,0,0.0,0.09090909090909091,0
2021,10,847,3,9,51,0.0,12,0,0.0,0.08333333333333333,0
2021,10,841,51,9,51,0.0,13,0,0.0,0.07692307692307693,0
2021,10,849,3,9,51,0.0,14,0,0.0,0.07142857142857142,0
2021,10,8,51,9,51,0.0,15,0,0.0,0.06666666666666667,0
2021,10,815,9,9,51,0.0,16,0,0.0,0.0625,0
2021,10,853,210,9,51,0.0,17,0,0.0,0.058823529411764705,0
2021,10,854,210,9,51,0.0,18,0,0.0,0.05555555555555555,0
2021,10,20,117,9,40,0.0,19,0,0.0,0.05263157894736842,0
2021,10,830,9,9,0,0.0,20,0,,0.05,0
2021,11,839,214,11,70,25.0,1,1,0.35714285714285715,1.0,1
2021,11,1,131,11,70,18.0,2,1,0.2571428571428571,0.5,1
2021,11,832,6,11,70,15.0,3,1,0.21428571428571427,0.3333333333333333,1
2021,11,4,214,11,70,12.0,4,0,0.17142857142857143,0.25,0
2021,11,842,213,11,70,11.0,5,0,0.15714285714285714,0.2,0
2021,11,852,213,11,70,8.0,6,0,0.11428571428571428,0.16666666666666666,0
2021,11,849,3,11,70,6.0,7,0,0.08571428571428572,0.14285714285714285,0
2021,11,847,3,11,70,4.0,8,0,0.05714285714285714,0.125,0
2021,11,830,9,11,70,2.0,9,0,0.02857142857142857,0.1111111111111111,0
2021,11,8,51,11,69,1.0,10,0,0.014492753623188406,0.1,0
2021,11,817,1,11,69,0.0,11,0,0.0,0.09090909090909091,0
2021,11,854,210,11,69,0.0,12,0,0.0,0.08333333333333333,0
2021,11,841,51,11,69,0.0,13,0,0.0,0.07692307692307693,0
2021,11,853,210,11,3,0.0,14,0,0.0,0.07142857142857142,0
2021,11,846,1,11,2,0.0,15,0,0.0,0.06666666666666667,0
2021,11,822,131,11,0,0.0,16,0,,0.0625,0
2021,11,815,9,11,0,0.0,17,0,,0.058823529411764705,0
2021,11,844,6,11,0,0.0,18,0,,0.05555555555555555,0
2021,11,840,117,11,0,0.0,19,0,,0.05263157894736842,0
2021,11,20,117,11,70,0.0,20,0,0.0,0.05,0
2021,12,830,9,13,1,12.5,1,1,12.5,1.0,1
2021,12,847,3,13,1,9.0,2,1,9.0,0.5,1
2021,12,1,131,13,1,7.5,3,1,7.5,0.3333333333333333,1
2021,12,817,1,13,1,6.0,4,0,6.0,0.25,0
2021,12,20,117,13,1,5.0,5,0,5.0,0.2,0
2021,12,842,213,13,1,4.0,6,0,4.0,0.16666666666666666,0
2021,12,839,214,13,1,3.0,7,0,3.0,0.14285714285714285,0
2021,12,844,6,13,1,2.0,8,0,2.0,0.125,0
2021,12,849,3,13,1,1.0,9,0,1.0,0.1111111111111111,0
2021,12,832,6,13,1,0.5,10,0,0.5,0.1,0
2021,12,4,214,13,1,0.0,11,0,0.0,0.09090909090909091,0
2021,12,822,131,13,1,0.0,12,0,0.0,0.08333333333333333,0
2021,12,841,51,13,1,0.0,13,0,0.0,0.07692307692307693,0
2021,12,846,1,13,1,0.0,14,0,0.0,0.07142857142857142,0
2021,12,852,213,13,1,0.0,15,0,0.0,0.06666666666666667,0
2021,12,854,210,13,1,0.0,16,0,0.0,0.0625,0
2021,12,853,210,13,1,0.0,17,0,0.0,0.058823529411764705,0
2021,12,8,51,13,1,0.0,18,0,0.0,0.05555555555555555,0
2021,12,815,9,13,1,0.0,19,0,0.0,0.05263157894736842,0
2021,12,840,117,13,1,0.0,20,0,0.0,0.05,0
2021,13,830,9,39,72,25.0,1,1,0.3472222222222222,1.0,1
2021,13,1,131,39,72,19.0,2,1,0.2638888888888889,0.5,1
2021,13,822,131,39,72,15.0,3,1,0.20833333333333334,0.3333333333333333,1
2021,13,842,213,39,71,12.0,4,0,0.16901408450704225,0.25,0
2021,13,844,6,39,71,10.0,5,0,0.14084507042253522,0.2,0
2021,13,4,214,39,71,8.0,6,0,0.11267605633802817,0.16666666666666666,0
2021,13,832,6,39,71,6.0,7,0,0.08450704225352113,0.14285714285714285,0
2021,13,815,9,39,71,4.0,8,0,0.056338028169014086,0.125,0
2021,13,839,214,39,71,2.0,9,0,0.028169014084507043,0.1111111111111111,0
2021,13,846,1,39,71,1.0,10,0,0.014084507042253521,0.1,0
2021,13,817,1,39,71,0.0,11,0,0.0,0.09090909090909091,0
2021,13,840,117,39,70,0.0,12,0,0.0,0.08333333333333333,0
2021,13,20,117,39,70,0.0,13,0,0.0,0.07692307692307693,0
2021,13,841,51,39,70,0.0,14,0,0.0,0.07142857142857142,0
2021,13,9,51,39,70,0.0,15,0,0.0,0.06666666666666667,0
2021,13,849,3,39,70,0.0,16,0,0.0,0.0625,0
2021,13,847,3,39,69,0.0,17,0,0.0,0.058823529411764705,0
2021,13,854,210,39,69,0.0,18,0,0.0,0.05555555555555555,0
2021,13,852,213,39,48,0.0,19,0,0.0,0.05263157894736842,0
2021,13,853,210,39,41,0.0,20,0,0.0,0.05,0
2021,14,817,1,14,53,26.0,1,1,0.49056603773584906,1.0,1
2021,14,846,1,14,53,18.0,2,1,0.33962264150943394,0.5,1
2021,14,822,131,14,53,15.0,3,1,0.2830188679245283,0.3333333333333333,1
2021,14,844,6,14,53,12.0,4,0,0.22641509433962265,0.25,0
2021,14,815,9,14,53,10.0,5,0,0.18867924528301888,0.2,0
2021,14,832,6,14,53,8.0,6,0,0.1509433962264151,0.16666666666666666,0
2021,14,840,117,14,53,6.0,7,0,0.11320754716981132,0.14285714285714285,0
2021,14,4,214,14,53,4.0,8,0,0.07547169811320754,0.125,0
2021,14,847,3,14,53,2.0,9,0,0.03773584905660377,0.1111111111111111,0
2021,14,839,214,14,53,1.0,10,0,0.018867924528301886,0.1,0
2021,14,849,3,14,53,0.0,11,0,0.0,0.09090909090909091,0
2021,14,20,117,14,53,0.0,12,0,0.0,0.08333333333333333,0
2021,14,841,51,14,53,0.0,13,0,0.0,0.07692307692307693,0
2021,14,9,51,14,53,0.0,14,0,0.0,0.07142857142857142,0
2021,14,854,210,14,53,0.0,15,0,0.0,0.06666666666666667,0
2021,14,853,210,14,41,0.0,16,0,0.0,0.0625,0
2021,14,1,131,14,25,0.0,17,0,0.0,0.058823529411764705,0
2021,14,830,9,14,25,0.0,18,0,0.0,0.05555555555555555,0
2021,14,842,213,14,3,0.0,19,0,0.0,0.05263157894736842,0
2021,14,852,213,14,0,0.0,20,0,,0.05,0
2021,15,1,131,71,53,25.0,1,1,0.4716981132075472,1.0,1
2021,15,830,9,71,53,18.0,2,1,0.33962264150943394,0.5,1
2021,15,832,6,71,53,15.0,3,1,0.2830188679245283,0.3333333333333333,1
2021,15,817,1,71,53,12.0,4,0,0.22641509433962265,0.25,0
2021,15,822,131,71,53,10.0,5,0,0.18867924528301888,0.2,0
2021,15,4,214,71,53,8.0,6,0,0.1509433962264151,0.16666666666666666,0
2021,15,846,1,71,53,7.0,7,0,0.1320754716981132,0.14285714285714285,0
2021,15,8,51,71,53,4.0,8,0,0.07547169811320754,0.125,0
2021,15,815,9,71,53,2.0,9,0,0.03773584905660377,0.1111111111111111,0
2021,15,847,3,71,53,1.0,10,0,0.018867924528301886,0.1,0
2021,15,840,117,71,53,0.0,11,0,0.0,0.09090909090909091,0
2021,15,20,117,71,52,0.0,12,0,0.0,0.08333333333333333,0
2021,15,842,213,71,52,0.0,13,0,0.0,0.07692307692307693,0
2021,15,839,214,71,52,0.0,14,0,0.0,0.07142857142857142,0
2021,15,844,6,71,52,0.0,15,0,0.0,0.06666666666666667,0
2021,15,841,51,71,52,0.0,16,0,0.0,0.0625,0
2021,15,852,213,71,52,0.0,17,0,0.0,0.058823529411764705,0
2021,15,853,210,71,51,0.0,18,0,0.0,0.05555555555555555,0
2021,15,849,3,71,47,0.0,19,0,0.0,0.05263157894736842,0
2021,15,854,210,71,32,0.0,20,0,0.0,0.05,0
2021,16,822,131,5,58,26.0,1,1,0.4482758620689655,1.0,1
2021,16,830,9,5,58,18.0,2,1,0.3103448275862069,0.5,1
2021,16,815,9,5,58,15.0,3,1,0.25862068965517243,0.3333333333333333,1
2021,16,844,6,5,58,12.0,4,0,0.20689655172413793,0.25,0
2021,16,1,131,5,58,10.0,5,0,0.1724137931034483,0.2,0
2021,16,842,213,5,58,8.0,6,0,0.13793103448275862,0.16666666666666666,0
2021,16,846,1,5,58,6.0,7,0,0.10344827586206896,0.14285714285714285,0
2021,16,832,6,5,58,4.0,8,0,0.06896551724137931,0.125,0
2021,16,840,117,5,58,2.0,9,0,0.034482758620689655,0.1111111111111111,0
2021,16,839,214,5,57,1.0,10,0,0.017543859649122806,0.1,0
2021,16,841,51,5,57,0.0,11,0,0.0,0.09090909090909091,0
2021,16,8,51,5,57,0.0,12,0,0.0,0.08333333333333333,0
2021,16,817,1,5,57,0.0,13,0,0.0,0.07692307692307693,0
2021,16,852,213,5,57,0.0,14,0,0.0,0.07142857142857142,0
2021,16,847,3,5,57,0.0,15,0,0.0,0.06666666666666667,0
2021,16,4,214,5,57,0.0,16,0,0.0,0.0625,0
2021,16,849,3,5,57,0.0,17,0,0.0,0.058823529411764705,0
2021,16,20,117,5,57,0.0,18,0,0.0,0.05555555555555555,0
2021,16,854,210,5,56,0.0,19,0,0.0,0.05263157894736842,0
2021,16,853,210,5,56,0.0,20,0,0.0,0.05,0
2021,17,830,9,69,56,25.0,1,1,0.44642857142857145,1.0,1
2021,17,1,131,69,56,19.0,2,1,0.3392857142857143,0.5,1
2021,17,815,9,69,56,15.0,3,1,0.26785714285714285,0.3333333333333333,1
2021,17,844,6,69,56,12.0,4,0,0.21428571428571427,0.25,0
2021,17,817,1,69,56,10.0,5,0,0.17857142857142858,0.2,0
2021,17,822,131,69,56,8.0,6,0,0.14285714285714285,0.16666666666666666,0
2021,17,832,6,69,56,6.0,7,0,0.10714285714285714,0.14285714285714285,0
2021,17,846,1,69,56,4.0,8,0,0.07142857142857142,0.125,0
2021,17,852,213,69,55,2.0,9,0,0.03636363636363636,0.1111111111111111,0
2021,17,20,117,69,55,1.0,10,0,0.01818181818181818,0.1,0
2021,17,841,51,69,55,0.0,11,0,0.0,0.09090909090909091,0
2021,17,840,117,69,55,0.0,12,0,0.0,0.08333333333333333,0
2021,17,8,51,69,55,0.0,13,0,0.0,0.07692307692307693,0
2021,17,847,3,69,55,0.0,14,0,0.0,0.07142857142857142,0
2021,17,849,3,69,55,0.0,15,0,0.0,0.06666666666666667,0
2021,17,854,210,69,54,0.0,16,0,0.0,0.0625,0
2021,17,853,210,69,54,0.0,17,0,0.0,0.058823529411764705,0
2021,17,4,214,69,49,0.0,18,0,0.0,0.05555555555555555,0
2021,17,839,214,69,40,0.0,19,0,0.0,0.05263157894736842,0
2021,17,842,213,69,14,0.0,20,0,0.0,0.05,0
2021,18,830,9,32,71,25.0,1,1,0.352112676056338,1.0,1
2021,18,1,131,32,71,18.0,2,1,0.2535211267605634,0.5,1
2021,18,815,9,32,71,15.0,3,1,0.2112676056338028,0.3333333333333333,1
2021,18,842,213,32,71,12.0,4,0,0.16901408450704225,0.25,0
2021,18,844,6,32,71,10.0,5,0,0.14084507042253522,0.2,0
2021,18,832,6,32,70,8.0,6,0,0.11428571428571428,0.16666666666666666,0
2021,18,20,117,32,70,6.0,7,0,0.08571428571428572,0.14285714285714285,0
2021,18,8,51,32,70,4.0,8,0,0.05714285714285714,0.125,0
2021,18,4,214,32,70,2.0,9,0,0.02857142857142857,0.1111111111111111,0
2021,18,846,1,32,70,1.0,10,0,0.014285714285714285,0.1,0
2021,18,841,51,32,70,0.0,11,0,0.0,0.09090909090909091,0
2021,18,817,1,32,70,0.0,12,0,0.0,0.08333333333333333,0
2021,18,839,214,32,70,0.0,13,0,0.0,0.07692307692307693,0
2021,18,840,117,32,69,0.0,14,0,0.0,0.07142857142857142,0
2021,18,822,131,32,69,0.0,15,0,0.0,0.06666666666666667,0
2021,18,847,3,32,69,0.0,16,0,0.0,0.0625,0
2021,18,849,3,32,69,0.0,17,0,0.0,0.058823529411764705,0
2021,18,853,210,32,68,0.0,18,0,0.0,0.05555555555555555,0
2021,18,854,210,32,0,0.0,19,0,,0.05263157894736842,0
2021,18,852,213,32,0,0.0,20,0,,0.05,0
2021,19,1,131,18,71,25.0,1,1,0.352112676056338,1.0,1
2021,19,830,9,18,71,18.0,2,1,0.2535211267605634,0.5,1
2021,19,822,131,18,71,15.0,3,1,0.2112676056338028,0.3333333333333333,1
2021,19,815,9,18,71,13.0,4,0,0.18309859154929578,0.25,0
2021,19,844,6,18,71,10.0,5,0,0.14084507042253522,0.2,0
2021,19,832,6,18,71,8.0,6,0,0.11267605633802817,0.16666666666666666,0
2021,19,842,213,18,70,6.0,7,0,0.08571428571428572,0.14285714285714285,0
2021,19,839,214,18,70,4.0,8,0,0.05714285714285714,0.125,0
2021,19,4,214,18,70,2.0,9,0,0.02857142857142857,0.1111111111111111,0
2021,19,846,1,18,70,1.0,10,0,0.014285714285714285,0.1,0
2021,19,20,117,18,70,0.0,11,0,0.0,0.09090909090909091,0
2021,19,8,51,18,70,0.0,12,0,0.0,0.08333333333333333,0
2021,19,847,3,18,70,0.0,13,0,0.0,0.07692307692307693,0
2021,19,841,51,18,70,0.0,14,0,0.0,0.07142857142857142,0
2021,19,852,213,18,70,0.0,15,0,0.0,0.06666666666666667,0
2021,19,849,3,18,70,0.0,16,0,0.0,0.0625,0
2021,19,853,210,18,69,0.0,17,0,0.0,0.058823529411764705,0
2021,19,854,210,18,69,0.0,18,0,0.0,0.05555555555555555,0
2021,19,817,1,18,49,0.0,19,0,0.0,0.05263157894736842,0
2021,19,840,117,18,47,0.0,20,0,0.0,0.05,0
2021,20,1,131,78,57,25.0,1,1,0.43859649122807015,1.0,1
2021,20,830,9,78,57,19.0,2,1,0.3333333333333333,0.5,1
2021,20,4,214,78,57,15.0,3,1,0.2631578947368421,0.3333333333333333,1
2021,20,815,9,78,57,12.0,4,0,0.21052631578947367,0.25,0
2021,20,839,214,78,57,10.0,5,0,0.17543859649122806,0.2,0
2021,20,840,117,78,57,8.0,6,0,0.14035087719298245,0.16666666666666666,0
2021,20,832,6,78,57,6.0,7,0,0.10526315789473684,0.14285714285714285,0
2021,20,844,6,78,57,4.0,8,0,0.07017543859649122,0.125,0
2021,20,846,1,78,56,2.0,9,0,0.03571428571428571,0.1111111111111111,0
2021,20,20,117,78,56,1.0,10,0,0.017857142857142856,0.1,0
2021,20,842,213,78,56,0.0,11,0,0.0,0.09090909090909091,0
2021,20,817,1,78,56,0.0,12,0,0.0,0.08333333333333333,0
2021,20,852,213,78,56,0.0,13,0,0.0,0.07692307692307693,0
2021,20,8,51,78,56,0.0,14,0,0.0,0.07142857142857142,0
2021,20,841,51,78,56,0.0,15,0,0.0,0.06666666666666667,0
2021,20,854,210,78,56,0.0,16,0,0.0,0.0625,0
2021,20,847,3,78,55,0.0,17,0,0.0,0.058823529411764705,0
2021,20,853,210,78,55,0.0,18,0,0.0,0.05555555555555555,0
2021,20,849,3,78,50,0.0,19,0,0.0,0.05263157894736842,0
2021,20,822,131,78,48,0.0,20,0,0.0,0.05,0
2021,21,1,131,77,50,26.0,1,1,0.52,1.0,1
2021,21,830,9,77,50,18.0,2,1,0.36,0.5,1
2021,21,822,131,77,50,15.0,3,1,0.3,0.3333333333333333,1
2021,21,839,214,77,50,12.0,4,0,0.24,0.25,0
2021,21,817,1,77,50,10.0,5,0,0.2,0.2,0
2021,21,842,213,77,50,8.0,6,0,0.16,0.16666666666666666,0
2021,21,844,6,77,50,6.0,7,0,0.12,0.14285714285714285,0
2021,21,832,6,77,50,4.0,8,0,0.08,0.125,0
2021,21,841,51,77,50,2.0,9,0,0.04,0.1111111111111111,0
2021,21,846,1,77,50,1.0,10,0,0.02,0.1,0
2021,21,840,117,77,50,0.0,11,0,0.0,0.09090909090909091,0
2021,21,849,3,77,50,0.0,12,0,0.0,0.08333333333333333,0
2021,21,4,214,77,49,0.0,13,0,0.0,0.07692307692307693,0
2021,21,852,213,77,49,0.0,14,0,0.0,0.07142857142857142,0
2021,21,8,51,77,49,0.0,15,0,0.0,0.06666666666666667,0
2021,21,20,117,77,44,0.0,16,0,0.0,0.0625,0
2021,21,815,9,77,14,0.0,17,0,0.0,0.058823529411764705,0
2021,21,853,210,77,14,0.0,18,0,0.0,0.05555555555555555,0
2021,21,847,3,77,14,0.0,19,0,0.0,0.05263157894736842,0
2021,21,854,210,77,8,0.0,20,0,0.0,0.05,0
2021,22,830,9,24,58,26.0,1,1,0.4482758620689655,1.0,1
2021,22,1,131,24,58,18.0,2,1,0.3103448275862069,0.5,1
2021,22,832,6,24,58,15.0,3,1,0.25862068965517243,0.3333333333333333,1
2021,22,852,213,24,58,12.0,4,0,0.20689655172413793,0.25,0
2021,22,842,213,24,58,10.0,5,0,0.1724137931034483,0.2,0
2021,22,822,131,24,58,8.0,6,0,0.13793103448275862,0.16666666666666666,0
2021,22,846,1,24,58,6.0,7,0,0.10344827586206896,0.14285714285714285,0
2021,22,4,214,24,58,4.0,8,0,0.06896551724137931,0.125,0
2021,22,839,214,24,58,2.0,9,0,0.034482758620689655,0.1111111111111111,0
2021,22,844,6,24,58,1.0,10,0,0.017241379310344827,0.1,0
2021,22,20,117,24,58,0.0,11,0,0.0,0.09090909090909091,0
2021,22,817,1,24,57,0.0,12,0,0.0,0.08333333333333333,0
2021,22,840,117,24,57,0.0,13,0,0.0,0.07692307692307693,0
2021,22,854,210,24,57,0.0,14,0,0.0,0.07142857142857142,0
2021,22,815,9,24,55,0.0,15,0,0.0,0.06666666666666667,0
2021,22,849,3,24,50,0.0,16,0,0.0,0.0625,0
2021,22,841,51,24,33,0.0,17,0,0.0,0.058823529411764705,0
2021,22,847,3,24,26,0.0,18,0,0.0,0.05555555555555555,0
2021,22,8,51,24,25,0.0,19,0,0.0,0.05263157894736842,0
2021,22,853,210,24,0,0.0,20,0,,0.05,0
2022,1,844,6,3,57,26.0,1,1,0.45614035087719296,1.0,1
2022,1,832,6,3,57,18.0,2,1,0.3157894736842105,0.5,1
2022,1,1,131,3,57,15.0,3,1,0.2631578947368421,0.3333333333333333,1
2022,1,847,131,3,57,12.0,4,0,0.21052631578947367,0.25,0
2022,1,825,210,3,57,10.0,5,0,0.17543859649122806,0.2,0
2022,1,822,51,3,57,8.0,6,0,0.14035087719298245,0.16666666666666666,0
2022,1,839,214,3,57,6.0,7,0,0.10526315789473684,0.14285714285714285,0
2022,1,852,213,3,57,4.0,8,0,0.07017543859649122,0.125,0
2022,1,4,214,3,57,2.0,9,0,0.03508771929824561,0.1111111111111111,0
2022,1,855,51,3,57,1.0,10,0,0.017543859649122806,0.1,0
2022,1,854,210,3,57,0.0,11,0,0.0,0.09090909090909091,0
2022,1,840,117,3,57,0.0,12,0,0.0,0.08333333333333333,0
2022,1,848,3,3,57,0.0,13,0,0.0,0.07692307692307693,0
2022,1,817,1,3,57,0.0,14,0,0.0,0.07142857142857142,0
2022,1,846,1,3,57,0.0,15,0,0.0,0.06666666666666667,0
2022,1,849,3,3,57,0.0,16,0,0.0,0.0625,0
2022,1,807,117,3,57,0.0,17,0,0.0,0.058823529411764705,0
2022,1,815,9,3,56,0.0,18,0,0.0,0.05555555555555555,0
2022,1,830,9,3,54,0.0,19,0,0.0,0.05263157894736842,0
2022,1,842,213,3,44,0.0,20,0,0.0,0.05,0
2022,2,830,9,77,50,25.0,1,1,0.5,1.0,1
2022,2,844,6,77,50,19.0,2,1,0.38,0.5,1
2022,2,832,6,77,50,15.0,3,1,0.3,0.3333333333333333,1
2022,2,815,9,77,50,12.0,4,0,0.24,0.25,0
2022,2,847,131,77,50,10.0,5,0,0.2,0.2,0
2022,2,839,214,77,50,8.0,6,0,0.16,0.16666666666666666,0
2022,2,846,1,77,50,6.0,7,0,0.12,0.14285714285714285,0
2022,2,842,213,77,50,4.0,8,0,0.08,0.125,0
2022,2,825,210,77,50,2.0,9,0,0.04,0.1111111111111111,0
2022,2,1,131,77,50,1.0,10,0,0.02,0.1,0
2022,2,855,51,77,50,0.0,11,0,0.0,0.09090909090909091,0
2022,2,807,117,77,50,0.0,12,0,0.0,0.08333333333333333,0
2022,2,840,117,77,49,0.0,13,0,0.0,0.07692307692307693,0
2022,2,848,3,77,47,0.0,14,0,0.0,0.07142857142857142,0
2022,2,822,51,77,36,0.0,15,0,0.0,0.06666666666666667,0
2022,2,4,214,77,35,0.0,16,0,0.0,0.0625,0
2022,2,817,1,77,35,0.0,17,0,0.0,0.058823529411764705,0
2022,2,849,3,77,14,0.0,18,0,0.0,0.05555555555555555,0
2022,2,852,213,77,0,0.0,19,0,,0.05263157894736842,0
2022,2,854,210,77,0,0.0,20,0,,0.05,0
2022,3,844,6,1,58,26.0,1,1,0.4482758620689655,1.0,1
2022,3,815,9,1,58,18.0,2,1,0.3103448275862069,0.5,1
2022,3,847,131,1,58,15.0,3,1,0.25862068965517243,0.3333333333333333,1
2022,3,1,131,1,58,12.0,4,0,0.20689655172413793,0.25,0
2022,3,846,1,1,58,10.0,5,0,0.1724137931034483,0.2,0
2022,3,817,1,1,58,8.0,6,0,0.13793103448275862,0.16666666666666666,0
2022,3,839,214,1,58,6.0,7,0,0.10344827586206896,0.14285714285714285,0
2022,3,822,51,1,58,4.0,8,0,0.06896551724137931,0.125,0
2022,3,842,213,1,58,2.0,9,0,0.034482758620689655,0.1111111111111111,0
2022,3,848,3,1,58,1.0,10,0,0.017241379310344827,0.1,0
2022,3,855,51,1,58,0.0,11,0,0.0,0.09090909090909091,0
2022,3,840,117,1,58,0.0,12,0,0.0,0.08333333333333333,0
2022,3,854,210,1,57,0.0,13,0,0.0,0.07692307692307693,0
2022,3,825,210,1,57,0.0,14,0,0.0,0.07142857142857142,0
2022,3,852,213,1,57,0.0,15,0,0.0,0.06666666666666667,0
2022,3,849,3,1,57,0.0,16,0,0.0,0.0625,0
2022,3,4,214,1,57,0.0,17,0,0.0,0.058823529411764705,0
2022,3,830,9,1,38,0.0,18,0,0.0,0.05555555555555555,0
2022,3,20,117,1,22,0.0,19,0,0.0,0.05263157894736842,0
2022,3,832,6,1,1,0.0,20,0,0.0,0.05,0
2022,4,830,9,21,63,26.0,1,1,0.4126984126984127,1.0,1
2022,4,815,9,21,63,18.0,2,1,0.2857142857142857,0.5,1
2022,4,846,1,21,63,15.0,3,1,0.23809523809523808,0.3333333333333333,1
2022,4,847,131,21,63,12.0,4,0,0.19047619047619047,0.25,0
2022,4,822,51,21,63,10.0,5,0,0.15873015873015872,0.2,0
2022,4,844,6,21,63,8.0,6,0,0.12698412698412698,0.16666666666666666,0
2022,4,852,213,21,63,6.0,7,0,0.09523809523809523,0.14285714285714285,0
2022,4,20,117,21,63,4.0,8,0,0.06349206349206349,0.125,0
2022,4,825,210,21,63,2.0,9,0,0.031746031746031744,0.1111111111111111,0
2022,4,840,117,21,62,1.0,10,0,0.016129032258064516,0.1,0
2022,4,848,3,21,62,0.0,11,0,0.0,0.09090909090909091,0
2022,4,842,213,21,62,0.0,12,0,0.0,0.08333333333333333,0
2022,4,1,131,21,62,0.0,13,0,0.0,0.07692307692307693,0
2022,4,839,214,21,62,0.0,14,0,0.0,0.07142857142857142,0
2022,4,855,51,21,62,0.0,15,0,0.0,0.06666666666666667,0
2022,4,849,3,21,62,0.0,16,0,0.0,0.0625,0
2022,4,854,210,21,62,0.0,17,0,0.0,0.058823529411764705,0
2022,4,817,1,21,62,0.0,18,0,0.0,0.05555555555555555,0
2022,4,4,214,21,6,0.0,19,0,0.0,0.05263157894736842,0
2022,4,832,6,21,0,0.0,20,0,,0.05,0
2022,5,830,9,79,57,26.0,1,1,0.45614035087719296,1.0,1
2022,5,844,6,79,57,18.0,2,1,0.3157894736842105,0.5,1
2022,5,832,6,79,57,15.0,3,1,0.2631578947368421,0.3333333333333333,1
2022,5,815,9,79,57,12.0,4,0,0.21052631578947367,0.25,0
2022,5,847,131,79,57,10.0,5,0,0.17543859649122806,0.2,0
2022,5,1,131,79,57,8.0,6,0,0.14035087719298245,0.16666666666666666,0
2022,5,822,51,79,57,6.0,7,0,0.10526315789473684,0.14285714285714285,0
2022,5,839,214,79,57,4.0,8,0,0.07017543859649122,0.125,0
2022,5,848,3,79,57,2.0,9,0,0.03508771929824561,0.1111111111111111,0
2022,5,840,117,79,57,1.0,10,0,0.017543859649122806,0.1,0
2022,5,4,214,79,57,0.0,11,0,0.0,0.09090909090909091,0
2022,5,852,213,79,57,0.0,12,0,0.0,0.08333333333333333,0
2022,5,817,1,79,57,0.0,13,0,0.0,0.07692307692307693,0
2022,5,849,3,79,57,0.0,14,0,0.0,0.07142857142857142,0
2022,5,854,210,79,57,0.0,15,0,0.0,0.06666666666666667,0
2022,5,825,210,79,56,0.0,16,0,0.0,0.0625,0
2022,5,20,117,79,54,0.0,17,0,0.0,0.058823529411764705,0
2022,5,842,213,79,45,0.0,18,0,0.0,0.05555555555555555,0
2022,5,846,1,79,39,0.0,19,0,0.0,0.05263157894736842,0
2022,5,855,51,79,6,0.0,20,0,0.0,0.05,0
2022,6,830,9,4,66,25.0,1,1,0.3787878787878788,1.0,1
2022,6,815,9,4,66,19.0,2,1,0.2878787878787879,0.5,1
2022,6,847,131,4,66,15.0,3,1,0.22727272727272727,0.3333333333333333,1
2022,6,832,6,4,66,12.0,4,0,0.18181818181818182,0.25,0
2022,6,1,131,4,66,10.0,5,0,0.15151515151515152,0.2,0
2022,6,822,51,4,66,8.0,6,0,0.12121212121212122,0.16666666666666666,0
2022,6,839,214,4,66,6.0,7,0,0.09090909090909091,0.14285714285714285,0
2022,6,846,1,4,66,4.0,8,0,0.06060606060606061,0.125,0
2022,6,4,214,4,65,2.0,9,0,0.03076923076923077,0.1111111111111111,0
2022,6,852,213,4,65,1.0,10,0,0.015384615384615385,0.1,0
2022,6,20,117,4,65,0.0,11,0,0.0,0.09090909090909091,0
2022,6,817,1,4,65,0.0,12,0,0.0,0.08333333333333333,0
2022,6,842,213,4,65,0.0,13,0,0.0,0.07692307692307693,0
2022,6,854,210,4,65,0.0,14,0,0.0,0.07142857142857142,0
2022,6,840,117,4,65,0.0,15,0,0.0,0.06666666666666667,0
2022,6,849,3,4,64,0.0,16,0,0.0,0.0625,0
2022,6,825,210,4,64,0.0,17,0,0.0,0.058823529411764705,0
2022,6,848,3,4,64,0.0,18,0,0.0,0.05555555555555555,0
2022,6,855,51,4,28,0.0,19,0,0.0,0.05263157894736842,0
2022,6,844,6,4,27,0.0,20,0,0.0,0.05,0
2022,7,815,9,6,64,25.0,1,1,0.390625,1.0,1
2022,7,832,6,6,64,18.0,2,1,0.28125,0.5,1
2022,7,830,9,6,64,15.0,3,1,0.234375,0.3333333333333333,1
2022,7,844,6,6,64,12.0,4,0,0.1875,0.25,0
2022,7,847,131,6,64,10.0,5,0,0.15625,0.2,0
2022,7,846,1,6,64,9.0,6,0,0.140625,0.16666666666666666,0
2022,7,4,214,6,64,6.0,7,0,0.09375,0.14285714285714285,0
2022,7,1,131,6,64,4.0,8,0,0.0625,0.125,0
2022,7,822,51,6,64,2.0,9,0,0.03125,0.1111111111111111,0
2022,7,20,117,6,64,1.0,10,0,0.015625,0.1,0
2022,7,842,213,6,64,0.0,11,0,0.0,0.09090909090909091,0
2022,7,839,214,6,64,0.0,12,0,0.0,0.08333333333333333,0
2022,7,817,1,6,64,0.0,13,0,0.0,0.07692307692307693,0
2022,7,840,117,6,64,0.0,14,0,0.0,0.07142857142857142,0
2022,7,849,3,6,63,0.0,15,0,0.0,0.06666666666666667,0
2022,7,855,51,6,63,0.0,16,0,0.0,0.0625,0
2022,7,852,213,6,63,0.0,17,0,0.0,0.058823529411764705,0
2022,7,848,3,6,48,0.0,18,0,0.0,0.05555555555555555,0
2022,7,854,210,6,24,0.0,19,0,0.0,0.05263157894736842,0
2022,7,825,210,6,19,0.0,20,0,0.0,0.05,0
2022,8,830,9,73,51,25.0,1,1,0.49019607843137253,1.0,1
2022,8,815,9,73,51,19.0,2,1,0.37254901960784315,0.5,1
2022,8,847,131,73,51,15.0,3,1,0.29411764705882354,0.3333333333333333,1
2022,8,1,131,73,51,12.0,4,0,0.23529411764705882,0.25,0
2022,8,842,213,73,51,10.0,5,0,0.19607843137254902,0.2,0
2022,8,20,117,73,51,8.0,6,0,0.1568627450980392,0.16666666666666666,0
2022,8,4,214,73,51,6.0,7,0,0.11764705882352941,0.14285714285714285,0
2022,8,817,1,73,51,4.0,8,0,0.0784313725490196,0.125,0
2022,8,846,1,73,51,2.0,9,0,0.0392156862745098,0.1111111111111111,0
2022,8,839,214,73,51,1.0,10,0,0.0196078431372549,0.1,0
2022,8,822,51,73,50,0.0,11,0,0.0,0.09090909090909091,0
2022,8,848,3,73,50,0.0,12,0,0.0,0.08333333333333333,0
2022,8,852,213,73,50,0.0,13,0,0.0,0.07692307692307693,0
2022,8,854,210,73,50,0.0,14,0,0.0,0.07142857142857142,0
2022,8,849,3,73,50,0.0,15,0,0.0,0.06666666666666667,0
2022,8,840,117,73,46,0.0,16,0,0.0,0.0625,0
2022,8,825,210,73,31,0.0,17,0,0.0,0.058823529411764705,0
2022,8,855,51,73,23,0.0,18,0,0.0,0.05555555555555555,0
2022,8,844,6,73,21,0.0,19,0,0.0,0.05263157894736842,0
2022,8,832,6,73,8,0.0,20,0,0.0,0.05,0
2022,9,830,9,7,70,25.0,1,1,0.35714285714285715,1.0,1
2022,9,832,6,7,70,19.0,2,1,0.2714285714285714,0.5,1
2022,9,1,131,7,70,15.0,3,1,0.21428571428571427,0.3333333333333333,1
2022,9,847,131,7,70,12.0,4,0,0.17142857142857143,0.25,0
2022,9,844,6,7,70,10.0,5,0,0.14285714285714285,0.2,0
2022,9,839,214,7,70,8.0,6,0,0.11428571428571428,0.16666666666666666,0
2022,9,822,51,7,70,6.0,7,0,0.08571428571428572,0.14285714285714285,0
2022,9,855,51,7,70,4.0,8,0,0.05714285714285714,0.125,0
2022,9,4,214,7,70,2.0,9,0,0.02857142857142857,0.1111111111111111,0
2022,9,840,117,7,70,1.0,10,0,0.014285714285714285,0.1,0
2022,9,817,1,7,70,0.0,11,0,0.0,0.09090909090909091,0
2022,9,20,117,7,70,0.0,12,0,0.0,0.08333333333333333,0
2022,9,848,3,7,70,0.0,13,0,0.0,0.07692307692307693,0
2022,9,842,213,7,70,0.0,14,0,0.0,0.07142857142857142,0
2022,9,846,1,7,70,0.0,15,0,0.0,0.06666666666666667,0
2022,9,849,3,7,70,0.0,16,0,0.0,0.0625,0
2022,9,825,210,7,70,0.0,17,0,0.0,0.058823529411764705,0
2022,9,852,213,7,47,0.0,18,0,0.0,0.05555555555555555,0
2022,9,854,210,7,18,0.0,19,0,0.0,0.05263157894736842,0
2022,9,815,9,7,7,0.0,20,0,0.0,0.05,0
2022,10,832,6,9,52,25.0,1,1,0.4807692307692308,1.0,1
2022,10,815,9,9,52,18.0,2,1,0.34615384615384615,0.5,1
2022,10,1,131,9,52,16.0,3,1,0.3076923076923077,0.3333333333333333,1
2022,10,844,6,9,52,12.0,4,0,0.23076923076923078,0.25,0
2022,10,4,214,9,52,10.0,5,0,0.19230769230769232,0.2,0
2022,10,846,1,9,52,8.0,6,0,0.15384615384615385,0.16666666666666666,0
2022,10,830,9,9,52,6.0,7,0,0.11538461538461539,0.14285714285714285,0
2022,10,854,210,9,52,4.0,8,0,0.07692307692307693,0.125,0
2022,10,20,117,9,52,2.0,9,0,0.038461538461538464,0.1111111111111111,0
2022,10,825,210,9,52,1.0,10,0,0.019230769230769232,0.1,0
2022,10,840,117,9,52,0.0,11,0,0.0,0.09090909090909091,0
2022,10,849,3,9,52,0.0,12,0,0.0,0.08333333333333333,0
2022,10,817,1,9,52,0.0,13,0,0.0,0.07692307692307693,0
2022,10,852,213,9,52,0.0,14,0,0.0,0.07142857142857142,0
2022,10,839,214,9,37,0.0,15,0,0.0,0.06666666666666667,0
2022,10,842,213,9,26,0.0,16,0,0.0,0.0625,0
2022,10,822,51,9,20,0.0,17,0,0.0,0.058823529411764705,0
2022,10,847,131,9,0,0.0,18,0,,0.05555555555555555,0
2022,10,855,51,9,0,0.0,19,0,,0.05263157894736842,0
2022,10,848,3,9,0,0.0,20,0,,0.05,0
2022,11,844,6,70,71,25.0,1,1,0.352112676056338,1.0,1
2022,11,830,9,70,71,19.0,2,1,0.2676056338028169,0.5,1
2022,11,1,131,70,71,15.0,3,1,0.2112676056338028,0.3333333333333333,1
2022,11,847,131,70,71,12.0,4,0,0.16901408450704225,0.25,0
2022,11,839,214,70,71,10.0,5,0,0.14084507042253522,0.2,0
2022,11,854,210,70,70,8.0,6,0,0.11428571428571428,0.16666666666666666,0
2022,11,846,1,70,70,6.0,7,0,0.08571428571428572,0.14285714285714285,0
2022,11,825,210,70,70,4.0,8,0,0.05714285714285714,0.125,0
2022,11,817,1,70,70,2.0,9,0,0.02857142857142857,0.1111111111111111,0
2022,11,4,214,70,70,1.0,10,0,0.014285714285714285,0.1,0
2022,11,822,51,70,70,0.0,11,0,0.0,0.09090909090909091,0
2022,11,848,3,70,70,0.0,12,0,0.0,0.08333333333333333,0
2022,11,840,117,70,70,0.0,13,0,0.0,0.07692307692307693,0
2022,11,855,51,70,70,0.0,14,0,0.0,0.07142857142857142,0
2022,11,842,213,70,70,0.0,15,0,0.0,0.06666666666666667,0
2022,11,852,213,70,70,0.0,16,0,0.0,0.0625,0
2022,11,20,117,70,70,0.0,17,0,0.0,0.058823529411764705,0
2022,11,832,6,70,56,0.0,18,0,0.0,0.05555555555555555,0
2022,11,849,3,70,48,0.0,19,0,0.0,0.05263157894736842,0
2022,11,815,9,70,24,0.0,20,0,0.0,0.05,0
2022,12,830,9,34,53,25.0,1,1,0.4716981132075472,1.0,1
2022,12,1,131,34,53,18.0,2,1,0.33962264150943394,0.5,1
2022,12,847,131,34,53,15.0,3,1,0.2830188679245283,0.3333333333333333,1
2022,12,815,9,34,53,12.0,4,0,0.22641509433962265,0.25,0
2022,12,832,6,34,53,11.0,5,0,0.20754716981132076,0.2,0
2022,12,4,214,34,53,8.0,6,0,0.1509433962264151,0.16666666666666666,0
2022,12,846,1,34,53,6.0,7,0,0.11320754716981132,0.14285714285714285,0
2022,12,839,214,34,53,4.0,8,0,0.07547169811320754,0.125,0
2022,12,817,1,34,53,2.0,9,0,0.03773584905660377,0.1111111111111111,0
2022,12,840,117,34,53,1.0,10,0,0.018867924528301886,0.1,0
2022,12,20,117,34,53,0.0,11,0,0.0,0.09090909090909091,0
2022,12,842,213,34,53,0.0,12,0,0.0,0.08333333333333333,0
2022,12,848,3,34,53,0.0,13,0,0.0,0.07692307692307693,0
2022,12,822,51,34,53,0.0,14,0,0.0,0.07142857142857142,0
2022,12,854,210,34,53,0.0,15,0,0.0,0.06666666666666667,0
2022,12,855,51,34,47,0.0,16,0,0.0,0.0625,0
2022,12,849,3,34,40,0.0,17,0,0.0,0.058823529411764705,0
2022,12,825,210,34,37,0.0,18,0,0.0,0.05555555555555555,0
2022,12,844,6,34,17,0.0,19,0,0.0,0.05263157894736842,0
2022,12,852,213,34,17,0.0,20,0,0.0,0.05,0
2022,13,830,9,11,70,25.0,1,1,0.35714285714285715,1.0,1
2022,13,1,131,11,70,19.0,2,1,0.2714285714285714,0.5,1
2022,13,847,131,11,70,15.0,3,1,0.21428571428571427,0.3333333333333333,1
2022,13,832,6,11,70,12.0,4,0,0.17142857142857143,0.25,0
2022,13,815,9,11,70,10.0,5,0,0.14285714285714285,0.2,0
2022,13,844,6,11,70,8.0,6,0,0.11428571428571428,0.16666666666666666,0
2022,13,846,1,11,70,6.0,7,0,0.08571428571428572,0.14285714285714285,0
2022,13,4,214,11,69,4.0,8,0,0.057971014492753624,0.125,0
2022,13,839,214,11,69,2.0,9,0,0.028985507246376812,0.1111111111111111,0
2022,13,20,117,11,69,1.0,10,0,0.014492753623188406,0.1,0
2022,13,840,117,11,69,0.0,11,0,0.0,0.09090909090909091,0
2022,13,842,213,11,69,0.0,12,0,0.0,0.08333333333333333,0
2022,13,855,51,11,69,0.0,13,0,0.0,0.07692307692307693,0
2022,13,854,210,11,69,0.0,14,0,0.0,0.07142857142857142,0
2022,13,817,1,11,69,0.0,15,0,0.0,0.06666666666666667,0
2022,13,825,210,11,69,0.0,16,0,0.0,0.0625,0
2022,13,848,3,11,69,0.0,17,0,0.0,0.058823529411764705,0
2022,13,849,3,11,69,0.0,18,0,0.0,0.05555555555555555,0
2022,13,852,213,11,68,0.0,19,0,0.0,0.05263157894736842,0
2022,13,822,51,11,65,0.0,20,0,0.0,0.05,0
2022,14,830,9,13,44,26.0,1,1,0.5909090909090909,1.0,1
2022,14,815,9,13,44,18.0,2,1,0.4090909090909091,0.5,1
2022,14,832,6,13,44,15.0,3,1,0.3409090909090909,0.3333333333333333,1
2022,14,847,131,13,44,12.0,4,0,0.2727272727272727,0.25,0
2022,14,4,214,13,44,10.0,5,0,0.22727272727272727,0.2,0
2022,14,844,6,13,44,8.0,6,0,0.18181818181818182,0.16666666666666666,0
2022,14,839,214,13,44,6.0,7,0,0.13636363636363635,0.14285714285714285,0
2022,14,20,117,13,44,4.0,8,0,0.09090909090909091,0.125,0
2022,14,842,213,13,44,2.0,9,0,0.045454545454545456,0.1111111111111111,0
2022,14,848,3,13,44,1.0,10,0,0.022727272727272728,0.1,0
2022,14,840,117,13,44,0.0,11,0,0.0,0.09090909090909091,0
2022,14,846,1,13,44,0.0,12,0,0.0,0.08333333333333333,0
2022,14,852,213,13,44,0.0,13,0,0.0,0.07692307692307693,0
2022,14,855,51,13,44,0.0,14,0,0.0,0.07142857142857142,0
2022,14,817,1,13,44,0.0,15,0,0.0,0.06666666666666667,0
2022,14,825,210,13,43,0.0,16,0,0.0,0.0625,0
2022,14,854,210,13,43,0.0,17,0,0.0,0.058823529411764705,0
2022,14,849,3,13,43,0.0,18,0,0.0,0.05555555555555555,0
2022,14,822,51,13,1,0.0,19,0,0.0,0.05263157894736842,0
2022,14,1,131,13,0,0.0,20,0,,0.05,0
2022,15,830,9,39,72,26.0,1,1,0.3611111111111111,1.0,1
2022,15,847,131,39,72,18.0,2,1,0.25,0.5,1
2022,15,844,6,39,72,15.0,3,1,0.20833333333333334,0.3333333333333333,1
2022,15,1,131,39,72,12.0,4,0,0.16666666666666666,0.25,0
2022,15,815,9,39,72,10.0,5,0,0.1388888888888889,0.2,0
2022,15,4,214,39,72,8.0,6,0,0.1111111111111111,0.16666666666666666,0
2022,15,846,1,39,72,6.0,7,0,0.08333333333333333,0.14285714285714285,0
2022,15,832,6,39,72,4.0,8,0,0.05555555555555555,0.125,0
2022,15,839,214,39,72,2.0,9,0,0.027777777777777776,0.1111111111111111,0
2022,15,840,117,39,72,1.0,10,0,0.013888888888888888,0.1,0
2022,15,842,213,39,72,0.0,11,0,0.0,0.09090909090909091,0
2022,15,848,3,39,72,0.0,12,0,0.0,0.08333333333333333,0
2022,15,854,210,39,72,0.0,13,0,0.0,0.07692307692307693,0
2022,15,20,117,39,72,0.0,14,0,0.0,0.07142857142857142,0
2022,15,825,210,39,72,0.0,15,0,0.0,0.06666666666666667,0
2022,15,855,51,39,72,0.0,16,0,0.0,0.0625,0
2022,15,817,1,39,72,0.0,17,0,0.0,0.058823529411764705,0
2022,15,849,3,39,71,0.0,18,0,0.0,0.05555555555555555,0
2022,15,822,51,39,53,0.0,19,0,0.0,0.05263157894736842,0
2022,15,852,213,39,43,0.0,20,0,0.0,0.05,0
2022,16,830,9,14,53,25.0,1,1,0.4716981132075472,1.0,1
2022,16,844,6,14,53,18.0,2,1,0.33962264150943394,0.5,1
2022,16,847,131,14,53,15.0,3,1,0.2830188679245283,0.3333333333333333,1
2022,16,832,6,14,53,12.0,4,0,0.22641509433962265,0.25,0
2022,16,1,131,14,53,10.0,5,0,0.18867924528301888,0.2,0
2022,16,815,9,14,53,9.0,6,0,0.16981132075471697,0.16666666666666666,0
2022,16,846,1,14,53,6.0,7,0,0.11320754716981132,0.14285714285714285,0
2022,16,842,213,14,53,4.0,8,0,0.07547169811320754,0.125,0
2022,16,856,3,14,53,2.0,9,0,0.03773584905660377,0.1111111111111111,0
2022,16,855,51,14,53,1.0,10,0,0.018867924528301886,0.1,0
2022,16,839,214,14,53,0.0,11,0,0.0,0.09090909090909091,0
2022,16,854,210,14,53,0.0,12,0,0.0,0.08333333333333333,0
2022,16,822,51,14,52,0.0,13,0,0.0,0.07692307692307693,0
2022,16,852,213,14,52,0.0,14,0,0.0,0.07142857142857142,0
2022,16,849,3,14,52,0.0,15,0,0.0,0.06666666666666667,0
2022,16,825,210,14,52,0.0,16,0,0.0,0.0625,0
2022,16,817,1,14,45,0.0,17,0,0.0,0.058823529411764705,0
2022,16,840,117,14,39,0.0,18,0,0.0,0.05555555555555555,0
2022,16,4,214,14,31,0.0,19,0,0.0,0.05263157894736842,0
2022,16,20,117,14,10,0.0,20,0,0.0,0.05,0
2022,17,815,9,15,59,25.0,1,1,0.423728813559322,1.0,1
2022,17,844,6,15,59,18.0,2,1,0.3050847457627119,0.5,1
2022,17,832,6,15,59,15.0,3,1,0.2542372881355932,0.3333333333333333,1
2022,17,846,1,15,59,12.0,4,0,0.2033898305084746,0.25,0
2022,17,817,1,15,59,10.0,5,0,0.1694915254237288,0.2,0
2022,17,840,117,15,59,8.0,6,0,0.13559322033898305,0.16666666666666666,0
2022,17,830,9,15,59,6.0,7,0,0.1016949152542373,0.14285714285714285,0
2022,17,20,117,15,59,4.0,8,0,0.06779661016949153,0.125,0
2022,17,1,131,15,59,2.0,9,0,0.03389830508474576,0.1111111111111111,0
2022,17,842,213,15,59,1.0,10,0,0.01694915254237288,0.1,0
2022,17,822,51,15,59,0.0,11,0,0.0,0.09090909090909091,0
2022,17,825,210,15,59,0.0,12,0,0.0,0.08333333333333333,0
2022,17,854,210,15,58,0.0,13,0,0.0,0.07692307692307693,0
2022,17,847,131,15,57,0.0,14,0,0.0,0.07142857142857142,0
2022,17,852,213,15,34,0.0,15,0,0.0,0.06666666666666667,0
2022,17,839,214,15,26,0.0,16,0,0.0,0.0625,0
2022,17,848,3,15,25,0.0,17,0,0.0,0.058823529411764705,0
2022,17,4,214,15,20,0.0,18,0,0.0,0.05555555555555555,0
2022,17,849,3,15,7,0.0,19,0,0.0,0.05263157894736842,0
2022,17,855,51,15,6,0.0,20,0,0.0,0.05,0
2022,18,830,9,22,28,25.0,1,1,0.8928571428571429,1.0,1
2022,18,815,9,22,28,18.0,2,1,0.6428571428571429,0.5,1
2022,18,844,6,22,28,15.0,3,1,0.5357142857142857,0.3333333333333333,1
2022,18,839,214,22,28,12.0,4,0,0.42857142857142855,0.25,0
2022,18,1,131,22,28,10.0,5,0,0.35714285714285715,0.2,0
2022,18,20,117,22,28,8.0,6,0,0.2857142857142857,0.16666666666666666,0
2022,18,4,214,22,28,6.0,7,0,0.21428571428571427,0.14285714285714285,0
2022,18,847,131,22,28,4.0,8,0,0.14285714285714285,0.125,0
2022,18,849,3,22,28,2.0,9,0,0.07142857142857142,0.1111111111111111,0
2022,18,846,1,22,28,1.0,10,0,0.03571428571428571,0.1,0
2022,18,817,1,22,28,0.0,11,0,0.0,0.09090909090909091,0
2022,18,840,117,22,28,0.0,12,0,0.0,0.08333333333333333,0
2022,18,852,213,22,28,0.0,13,0,0.0,0.07692307692307693,0
2022,18,825,210,22,28,0.0,14,0,0.0,0.07142857142857142,0
2022,18,822,51,22,28,0.0,15,0,0.0,0.06666666666666667,0
2022,18,855,51,22,28,0.0,16,0,0.0,0.0625,0
2022,18,854,210,22,28,0.0,17,0,0.0,0.058823529411764705,0
2022,18,842,213,22,28,0.0,18,0,0.0,0.05555555555555555,0
2022,18,832,6,22,0,0.0,19,0,,0.05263157894736842,0
2022,18,848,3,22,0,0.0,20,0,,0.05,0
2022,19,830,9,69,56,25.0,1,1,0.44642857142857145,1.0,1
2022,19,1,131,69,56,18.0,2,1,0.32142857142857145,0.5,1
2022,19,844,6,69,56,15.0,3,1,0.26785714285714285,0.3333333333333333,1
2022,19,815,9,69,56,12.0,4,0,0.21428571428571427,0.25,0
2022,19,847,131,69,56,11.0,5,0,0.19642857142857142,0.2,0
2022,19,846,1,69,56,8.0,6,0,0.14285714285714285,0.16666666666666666,0
2022,19,4,214,69,56,6.0,7,0,0.10714285714285714,0.14285714285714285,0
2022,19,20,117,69,56,4.0,8,0,0.07142857142857142,0.125,0
2022,19,825,210,69,56,2.0,9,0,0.03571428571428571,0.1111111111111111,0
2022,19,852,213,69,56,1.0,10,0,0.017857142857142856,0.1,0
2022,19,839,214,69,56,0.0,11,0,0.0,0.09090909090909091,0
2022,19,855,51,69,56,0.0,12,0,0.0,0.08333333333333333,0
2022,19,848,3,69,56,0.0,13,0,0.0,0.07692307692307693,0
2022,19,842,213,69,56,0.0,14,0,0.0,0.07142857142857142,0
2022,19,854,210,69,56,0.0,15,0,0.0,0.06666666666666667,0
2022,19,817,1,69,56,0.0,16,0,0.0,0.0625,0
2022,19,849,3,69,56,0.0,17,0,0.0,0.058823529411764705,0
2022,19,840,117,69,21,0.0,18,0,0.0,0.05555555555555555,0
2022,19,822,51,69,16,0.0,19,0,0.0,0.05263157894736842,0
2022,19,832,6,69,1,0.0,20,0,0.0,0.05,0
2022,20,830,9,32,71,25.0,1,1,0.352112676056338,1.0,1
2022,20,1,131,32,71,18.0,2,1,0.2535211267605634,0.5,1
2022,20,815,9,32,71,15.0,3,1,0.2112676056338028,0.3333333333333333,1
2022,20,847,131,32,71,13.0,4,0,0.18309859154929578,0.25,0
2022,20,832,6,32,71,10.0,5,0,0.14084507042253522,0.2,0
2022,20,844,6,32,71,8.0,6,0,0.11267605633802817,0.16666666666666666,0
2022,20,817,1,32,70,6.0,7,0,0.08571428571428572,0.14285714285714285,0
2022,20,839,214,32,70,4.0,8,0,0.05714285714285714,0.125,0
2022,20,846,1,32,70,2.0,9,0,0.02857142857142857,0.1111111111111111,0
2022,20,822,51,32,70,1.0,10,0,0.014285714285714285,0.1,0
2022,20,842,213,32,70,0.0,11,0,0.0,0.09090909090909091,0
2022,20,848,3,32,70,0.0,12,0,0.0,0.08333333333333333,0
2022,20,855,51,32,70,0.0,13,0,0.0,0.07692307692307693,0
2022,20,20,117,32,70,0.0,14,0,0.0,0.07142857142857142,0
2022,20,840,117,32,70,0.0,15,0,0.0,0.06666666666666667,0
2022,20,854,210,32,70,0.0,16,0,0.0,0.0625,0
2022,20,825,210,32,70,0.0,17,0,0.0,0.058823529411764705,0
2022,20,849,3,32,69,0.0,18,0,0.0,0.05555555555555555,0
2022,20,4,214,32,63,0.0,19,0,0.0,0.05263157894736842,0
2022,20,852,213,32,50,0.0,20,0,0.0,0.05,0
2022,21,847,131,18,71,26.0,1,1,0.36619718309859156,1.0,1
2022,21,1,131,18,71,18.0,2,1,0.2535211267605634,0.5,1
2022,21,832,6,18,71,15.0,3,1,0.2112676056338028,0.3333333333333333,1
2022,21,844,6,18,71,12.0,4,0,0.16901408450704225,0.25,0
2022,21,4,214,18,71,10.0,5,0,0.14084507042253522,0.2,0
2022,21,830,9,18,71,8.0,6,0,0.11267605633802817,0.16666666666666666,0
2022,21,815,9,18,71,6.0,7,0,0.08450704225352113,0.14285714285714285,0
2022,21,839,214,18,71,4.0,8,0,0.056338028169014086,0.125,0
2022,21,822,51,18,71,2.0,9,0,0.028169014084507043,0.1111111111111111,0
2022,21,840,117,18,71,1.0,10,0,0.014084507042253521,0.1,0
2022,21,20,117,18,71,0.0,11,0,0.0,0.09090909090909091,0
2022,21,855,51,18,71,0.0,12,0,0.0,0.08333333333333333,0
2022,21,854,210,18,71,0.0,13,0,0.0,0.07692307692307693,0
2022,21,842,213,18,71,0.0,14,0,0.0,0.07142857142857142,0
2022,21,848,3,18,71,0.0,15,0,0.0,0.06666666666666667,0
2022,21,849,3,18,71,0.0,16,0,0.0,0.0625,0
2022,21,852,213,18,70,0.0,17,0,0.0,0.058823529411764705,0
2022,21,846,1,18,50,0.0,18,0,0.0,0.05555555555555555,0
2022,21,825,210,18,0,0.0,19,0,,0.05263157894736842,0
2022,21,817,1,18,0,0.0,20,0,,0.05,0
2022,22,830,9,24,58,25.0,1,1,0.43103448275862066,1.0,1
2022,22,844,6,24,58,18.0,2,1,0.3103448275862069,0.5,1
2022,22,815,9,24,58,15.0,3,1,0.25862068965517243,0.3333333333333333,1
2022,22,832,6,24,58,12.0,4,0,0.20689655172413793,0.25,0
2022,22,847,131,24,58,10.0,5,0,0.1724137931034483,0.2,0
2022,22,846,1,24,58,9.0,6,0,0.15517241379310345,0.16666666666666666,0
2022,22,839,214,24,58,6.0,7,0,0.10344827586206896,0.14285714285714285,0
2022,22,840,117,24,58,4.0,8,0,0.06896551724137931,0.125,0
2022,22,817,1,24,58,2.0,9,0,0.034482758620689655,0.1111111111111111,0
2022,22,20,117,24,58,1.0,10,0,0.017241379310344827,0.1,0
2022,22,852,213,24,58,0.0,11,0,0.0,0.09090909090909091,0
2022,22,855,51,24,57,0.0,12,0,0.0,0.08333333333333333,0
2022,22,848,3,24,57,0.0,13,0,0.0,0.07692307692307693,0
2022,22,842,213,24,57,0.0,14,0,0.0,0.07142857142857142,0
2022,22,822,51,24,57,0.0,15,0,0.0,0.06666666666666667,0
2022,22,854,210,24,57,0.0,16,0,0.0,0.0625,0
2022,22,825,210,24,57,0.0,17,0,0.0,0.058823529411764705,0
2022,22,1,131,24,55,0.0,18,0,0.0,0.05555555555555555,0
2022,22,849,3,24,55,0.0,19,0,0.0,0.05263157894736842,0
2022,22,4,214,24,27,0.0,20,0,0.0,0.05,0
2023,1,830,9,3,57,25.0,1,1,0.43859649122807015,1.0,1
2023,1,815,9,3,57,18.0,2,1,0.3157894736842105,0.5,1
2023,1,4,117,3,57,15.0,3,1,0.2631578947368421,0.3333333333333333,1
2023,1,832,6,3,57,12.0,4,0,0.21052631578947367,0.25,0
2023,1,1,131,3,57,10.0,5,0,0.17543859649122806,0.2,0
2023,1,840,117,3,57,8.0,6,0,0.14035087719298245,0.16666666666666666,0
2023,1,847,131,3,57,6.0,7,0,0.10526315789473684,0.14285714285714285,0
2023,1,822,51,3,57,4.0,8,0,0.07017543859649122,0.125,0
2023,1,842,214,3,57,2.0,9,0,0.03508771929824561,0.1111111111111111,0
2023,1,848,3,3,57,1.0,10,0,0.017543859649122806,0.1,0
2023,1,852,213,3,57,0.0,11,0,0.0,0.09090909090909091,0
2023,1,858,3,3,56,0.0,12,0,0.0,0.08333333333333333,0
2023,1,825,210,3,56,0.0,13,0,0.0,0.07692307692307693,0
2023,1,856,213,3,56,0.0,14,0,0.0,0.07142857142857142,0
2023,1,807,210,3,56,0.0,15,0,0.0,0.06666666666666667,0
2023,1,855,51,3,56,0.0,16,0,0.0,0.0625,0
2023,1,846,1,3,55,0.0,17,0,0.0,0.058823529411764705,0
2023,1,839,214,3,41,0.0,18,0,0.0,0.05555555555555555,0
2023,1,844,6,3,39,0.0,19,0,0.0,0.05263157894736842,0
2023,1,857,1,3,13,0.0,20,0,0.0,0.05,0
2023,2,815,9,77,50,25.0,1,1,0.5,1.0,1
2023,2,830,9,77,50,19.0,2,1,0.38,0.5,1
2023,2,4,117,77,50,15.0,3,1,0.3,0.3333333333333333,1
2023,2,847,131,77,50,12.0,4,0,0.24,0.25,0
2023,2,1,131,77,50,10.0,5,0,0.2,0.2,0
2023,2,832,6,77,50,8.0,6,0,0.16,0.16666666666666666,0
2023,2,844,6,77,50,6.0,7,0,0.12,0.14285714285714285,0
2023,2,839,214,77,50,4.0,8,0,0.08,0.125,0
2023,2,842,214,77,50,2.0,9,0,0.04,0.1111111111111111,0
2023,2,825,210,77,50,1.0,10,0,0.02,0.1,0
2023,2,852,213,77,50,0.0,11,0,0.0,0.09090909090909091,0
2023,2,807,210,77,50,0.0,12,0,0.0,0.08333333333333333,0
2023,2,855,51,77,50,0.0,13,0,0.0,0.07692307692307693,0
2023,2,856,213,77,50,0.0,14,0,0.0,0.07142857142857142,0
2023,2,857,1,77,50,0.0,15,0,0.0,0.06666666666666667,0
2023,2,858,3,77,50,0.0,16,0,0.0,0.0625,0
2023,2,846,1,77,50,0.0,17,0,0.0,0.058823529411764705,0
2023,2,822,51,77,49,0.0,18,0,0.0,0.05555555555555555,0
2023,2,848,3,77,27,0.0,19,0,0.0,0.05263157894736842,0
2023,2,840,117,77,16,0.0,20,0,0.0,0.05,0
2023,3,830,9,1,58,25.0,1,1,0.43103448275862066,1.0,1
2023,3,1,131,1,58,18.0,2,1,0.3103448275862069,0.5,1
2023,3,4,117,1,58,15.0,3,1,0.25862068965517243,0.3333333333333333,1
2023,3,840,117,1,58,12.0,4,0,0.20689655172413793,0.25,0
2023,3,815,9,1,58,11.0,5,0,0.1896551724137931,0.2,0
2023,3,846,1,1,58,8.0,6,0,0.13793103448275862,0.16666666666666666,0
2023,3,807,210,1,58,6.0,7,0,0.10344827586206896,0.14285714285714285,0
2023,3,857,1,1,58,4.0,8,0,0.06896551724137931,0.125,0
2023,3,855,51,1,58,2.0,9,0,0.034482758620689655,0.1111111111111111,0
2023,3,852,213,1,58,1.0,10,0,0.017241379310344827,0.1,0
2023,3,822,51,1,58,0.0,11,0,0.0,0.09090909090909091,0
2023,3,832,6,1,58,0.0,12,0,0.0,0.08333333333333333,0
2023,3,842,214,1,56,0.0,13,0,0.0,0.07692307692307693,0
2023,3,839,214,1,56,0.0,14,0,0.0,0.07142857142857142,0
2023,3,856,213,1,56,0.0,15,0,0.0,0.06666666666666667,0
2023,3,858,3,1,56,0.0,16,0,0.0,0.0625,0
2023,3,825,210,1,52,0.0,17,0,0.0,0.058823529411764705,0
2023,3,847,131,1,17,0.0,18,0,0.0,0.05555555555555555,0
2023,3,848,3,1,6,0.0,19,0,0.0,0.05263157894736842,0
2023,3,844,6,1,0,0.0,20,0,,0.05,0
2023,4,815,9,73,51,25.0,1,1,0.49019607843137253,1.0,1
2023,4,830,9,73,51,18.0,2,1,0.35294117647058826,0.5,1
2023,4,844,6,73,51,15.0,3,1,0.29411764705882354,0.3333333333333333,1
2023,4,4,117,73,51,12.0,4,0,0.23529411764705882,0.25,0
2023,4,832,6,73,51,10.0,5,0,0.19607843137254902,0.2,0
2023,4,1,131,73,51,8.0,6,0,0.1568627450980392,0.16666666666666666,0
2023,4,840,117,73,51,6.0,7,0,0.11764705882352941,0.14285714285714285,0
2023,4,847,131,73,51,5.0,8,0,0.09803921568627451,0.125,0
2023,4,846,1,73,51,2.0,9,0,0.0392156862745098,0.1111111111111111,0
2023,4,852,213,73,51,1.0,10,0,0.0196078431372549,0.1,0
2023,4,857,1,73,51,0.0,11,0,0.0,0.09090909090909091,0
2023,4,848,3,73,51,0.0,12,0,0.0,0.08333333333333333,0
2023,4,825,210,73,51,0.0,13,0,0.0,0.07692307692307693,0
2023,4,842,214,73,51,0.0,14,0,0.0,0.07142857142857142,0
2023,4,839,214,73,51,0.0,15,0,0.0,0.06666666666666667,0
2023,4,858,3,73,51,0.0,16,0,0.0,0.0625,0
2023,4,807,210,73,50,0.0,17,0,0.0,0.058823529411764705,0
2023,4,822,51,73,50,0.0,18,0,0.0,0.05555555555555555,0
2023,4,855,51,73,36,0.0,19,0,0.0,0.05263157894736842,0
2023,4,856,213,73,9,0.0,20,0,0.0,0.05,0
2023,5,830,9,79,57,26.0,1,1,0.45614035087719296,1.0,1
2023,5,815,9,79,57,18.0,2,1,0.3157894736842105,0.5,1
2023,5,4,117,79,57,15.0,3,1,0.2631578947368421,0.3333333333333333,1
2023,5,847,131,79,57,12.0,4,0,0.21052631578947367,0.25,0
2023,5,832,6,79,57,10.0,5,0,0.17543859649122806,0.2,0
2023,5,1,131,79,57,8.0,6,0,0.14035087719298245,0.16666666666666666,0
2023,5,844,6,79,57,6.0,7,0,0.10526315789473684,0.14285714285714285,0
2023,5,842,214,79,57,4.0,8,0,0.07017543859649122,0.125,0
2023,5,839,214,79,57,2.0,9,0,0.03508771929824561,0.1111111111111111,0
2023,5,825,210,79,57,1.0,10,0,0.017543859649122806,0.1,0
2023,5,852,213,79,57,0.0,11,0,0.0,0.09090909090909091,0
2023,5,840,117,79,57,0.0,12,0,0.0,0.08333333333333333,0
2023,5,822,51,79,57,0.0,13,0,0.0,0.07692307692307693,0
2023,5,848,3,79,57,0.0,14,0,0.0,0.07142857142857142,0
2023,5,807,210,79,57,0.0,15,0,0.0,0.06666666666666667,0
2023,5,855,51,79,57,0.0,16,0,0.0,0.0625,0
2023,5,846,1,79,57,0.0,17,0,0.0,0.058823529411764705,0
2023,5,856,213,79,57,0.0,18,0,0.0,0.05555555555555555,0
2023,5,857,1,79,56,0.0,19,0,0.0,0.05263157894736842,0
2023,5,858,3,79,56,0.0,20,0,0.0,0.05,0
2023,6,830,9,6,78,25.0,1,1,0.32051282051282054,1.0,1
2023,6,4,117,6,78,18.0,2,1,0.23076923076923078,0.5,1
2023,6,839,214,6,78,15.0,3,1,0.19230769230769232,0.3333333333333333,1
2023,6,1,131,6,78,13.0,4,0,0.16666666666666666,0.25,0
2023,6,847,131,6,78,10.0,5,0,0.1282051282051282,0.2,0
2023,6,844,6,6,78,8.0,6,0,0.10256410256410256,0.16666666666666666,0
2023,6,842,214,6,78,6.0,7,0,0.07692307692307693,0.14285714285714285,0
2023,6,832,6,6,78,4.0,8,0,0.05128205128205128,0.125,0
2023,6,846,1,6,77,2.0,9,0,0.025974025974025976,0.1111111111111111,0
2023,6,857,1,6,77,1.0,10,0,0.012987012987012988,0.1,0
2023,6,822,51,6,77,0.0,11,0,0.0,0.09090909090909091,0
2023,6,856,213,6,77,0.0,12,0,0.0,0.08333333333333333,0
2023,6,855,51,6,77,0.0,13,0,0.0,0.07692307692307693,0
2023,6,848,3,6,77,0.0,14,0,0.0,0.07142857142857142,0
2023,6,852,213,6,76,0.0,15,0,0.0,0.06666666666666667,0
2023,6,815,9,6,76,0.0,16,0,0.0,0.0625,0
2023,6,807,210,6,76,0.0,17,0,0.0,0.058823529411764705,0
2023,6,858,3,6,76,0.0,18,0,0.0,0.05555555555555555,0
2023,6,825,210,6,70,0.0,19,0,0.0,0.05263157894736842,0
2023,6,840,117,6,53,0.0,20,0,0.0,0.05,0
2023,7,830,9,4,66,26.0,1,1,0.3939393939393939,1.0,1
2023,7,1,131,4,66,18.0,2,1,0.2727272727272727,0.5,1
2023,7,847,131,4,66,15.0,3,1,0.22727272727272727,0.3333333333333333,1
2023,7,815,9,4,66,12.0,4,0,0.18181818181818182,0.25,0
2023,7,832,6,4,66,10.0,5,0,0.15151515151515152,0.2,0
2023,7,840,117,4,66,8.0,6,0,0.12121212121212122,0.16666666666666666,0
2023,7,4,117,4,66,6.0,7,0,0.09090909090909091,0.14285714285714285,0
2023,7,839,214,4,66,4.0,8,0,0.06060606060606061,0.125,0
2023,7,855,51,4,66,2.0,9,0,0.030303030303030304,0.1111111111111111,0
2023,7,842,214,4,66,1.0,10,0,0.015151515151515152,0.1,0
2023,7,844,6,4,66,0.0,11,0,0.0,0.09090909090909091,0
2023,7,852,213,4,66,0.0,12,0,0.0,0.08333333333333333,0
2023,7,857,1,4,65,0.0,13,0,0.0,0.07692307692307693,0
2023,7,856,213,4,65,0.0,14,0,0.0,0.07142857142857142,0
2023,7,807,210,4,65,0.0,15,0,0.0,0.06666666666666667,0
2023,7,848,3,4,65,0.0,16,0,0.0,0.0625,0
2023,7,846,1,4,65,0.0,17,0,0.0,0.058823529411764705,0
2023,7,825,210,4,65,0.0,18,0,0.0,0.05555555555555555,0
2023,7,822,51,4,65,0.0,19,0,0.0,0.05263157894736842,0
2023,7,858,3,4,65,0.0,20,0,0.0,0.05,0
2023,8,830,9,7,70,25.0,1,1,0.35714285714285715,1.0,1
2023,8,4,117,7,70,18.0,2,1,0.2571428571428571,0.5,1
2023,8,1,131,7,70,15.0,3,1,0.21428571428571427,0.3333333333333333,1
2023,8,844,6,7,70,12.0,4,0,0.17142857142857143,0.25,0
2023,8,832,6,7,70,10.0,5,0,0.14285714285714285,0.2,0
2023,8,815,9,7,70,9.0,6,0,0.12857142857142856,0.16666666666666666,0
2023,8,848,3,7,70,6.0,7,0,0.08571428571428572,0.14285714285714285,0
2023,8,839,214,7,70,4.0,8,0,0.05714285714285714,0.125,0
2023,8,840,117,7,70,2.0,9,0,0.02857142857142857,0.1111111111111111,0
2023,8,822,51,7,70,1.0,10,0,0.014285714285714285,0.1,0
2023,8,857,1,7,70,0.0,11,0,0.0,0.09090909090909091,0
2023,8,842,214,7,70,0.0,12,0,0.0,0.08333333333333333,0
2023,8,846,1,7,70,0.0,13,0,0.0,0.07692307692307693,0
2023,8,852,213,7,70,0.0,14,0,0.0,0.07142857142857142,0
2023,8,807,210,7,69,0.0,15,0,0.0,0.06666666666666667,0
2023,8,855,51,7,69,0.0,16,0,0.0,0.0625,0
2023,8,825,210,7,69,0.0,17,0,0.0,0.058823529411764705,0
2023,8,856,213,7,69,0.0,18,0,0.0,0.05555555555555555,0
2023,8,847,131,7,53,0.0,19,0,0.0,0.05263157894736842,0
2023,8,858,3,7,6,0.0,20,0,0.0,0.05,0
2023,9,830,9,70,71,26.0,1,1,0.36619718309859156,1.0,1
2023,9,844,6,70,71,18.0,2,1,0.2535211267605634,0.5,1
2023,9,815,9,70,71,15.0,3,1,0.2112676056338028,0.3333333333333333,1
2023,9,846,1,70,71,12.0,4,0,0.16901408450704225,0.25,0
2023,9,4,117,70,71,10.0,5,0,0.14084507042253522,0.2,0
2023,9,832,6,70,71,8.0,6,0,0.11267605633802817,0.16666666666666666,0
2023,9,847,131,70,71,6.0,7,0,0.08450704225352113,0.14285714285714285,0
2023,9,1,131,70,71,4.0,8,0,0.056338028169014086,0.125,0
2023,9,840,117,70,71,2.0,9,0,0.028169014084507043,0.1111111111111111,0
2023,9,842,214,70,71,1.0,10,0,0.014084507042253521,0.1,0
2023,9,848,3,70,71,0.0,11,0,0.0,0.09090909090909091,0
2023,9,855,51,70,70,0.0,12,0,0.0,0.08333333333333333,0
2023,9,858,3,70,70,0.0,13,0,0.0,0.07692307692307693,0
2023,9,839,214,70,70,0.0,14,0,0.0,0.07142857142857142,0
2023,9,822,51,70,70,0.0,15,0,0.0,0.06666666666666667,0
2023,9,857,1,70,70,0.0,16,0,0.0,0.0625,0
2023,9,856,213,70,70,0.0,17,0,0.0,0.058823529411764705,0
2023,9,825,210,70,70,0.0,18,0,0.0,0.05555555555555555,0
2023,9,852,213,70,70,0.0,19,0,0.0,0.05263157894736842,0
2023,9,807,210,70,12,0.0,20,0,0.0,0.05,0
2023,10,830,9,9,52,26.0,1,1,0.5,1.0,1
2023,10,846,1,9,52,18.0,2,1,0.34615384615384615,0.5,1
2023,10,1,131,9,52,15.0,3,1,0.28846153846153844,0.3333333333333333,1
2023,10,857,1,9,52,12.0,4,0,0.23076923076923078,0.25,0
2023,10,847,131,9,52,10.0,5,0,0.19230769230769232,0.2,0
2023,10,815,9,9,52,8.0,6,0,0.15384615384615385,0.16666666666666666,0
2023,10,4,117,9,52,6.0,7,0,0.11538461538461539,0.14285714285714285,0
2023,10,848,3,9,52,4.0,8,0,0.07692307692307693,0.125,0
2023,10,844,6,9,52,2.0,9,0,0.038461538461538464,0.1111111111111111,0
2023,10,832,6,9,52,1.0,10,0,0.019230769230769232,0.1,0
2023,10,858,3,9,52,0.0,11,0,0.0,0.09090909090909091,0
2023,10,822,51,9,52,0.0,12,0,0.0,0.08333333333333333,0
2023,10,807,210,9,52,0.0,13,0,0.0,0.07692307692307693,0
2023,10,840,117,9,52,0.0,14,0,0.0,0.07142857142857142,0
2023,10,855,51,9,52,0.0,15,0,0.0,0.06666666666666667,0
2023,10,852,213,9,52,0.0,16,0,0.0,0.0625,0
2023,10,856,213,9,52,0.0,17,0,0.0,0.058823529411764705,0
2023,10,842,214,9,46,0.0,18,0,0.0,0.05555555555555555,0
2023,10,825,210,9,31,0.0,19,0,0.0,0.05263157894736842,0
2023,10,839,214,9,9,0.0,20,0,0.0,0.05,0
2023,11,830,9,11,70,26.0,1,1,0.37142857142857144,1.0,1
2023,11,846,1,11,70,18.0,2,1,0.2571428571428571,0.5,1
2023,11,815,9,11,70,15.0,3,1,0.21428571428571427,0.3333333333333333,1
2023,11,1,131,11,70,12.0,4,0,0.17142857142857143,0.25,0
2023,11,857,1,11,70,10.0,5,0,0.14285714285714285,0.2,0
2023,11,847,131,11,70,8.0,6,0,0.11428571428571428,0.16666666666666666,0
2023,11,844,6,11,70,6.0,7,0,0.08571428571428572,0.14285714285714285,0
2023,11,832,6,11,70,4.0,8,0,0.05714285714285714,0.125,0
2023,11,4,117,11,70,2.0,9,0,0.02857142857142857,0.1111111111111111,0
2023,11,840,117,11,69,1.0,10,0,0.014492753623188406,0.1,0
2023,11,848,3,11,69,0.0,11,0,0.0,0.09090909090909091,0
2023,11,822,51,11,69,0.0,12,0,0.0,0.08333333333333333,0
2023,11,817,213,11,69,0.0,13,0,0.0,0.07692307692307693,0
2023,11,807,210,11,69,0.0,14,0,0.0,0.07142857142857142,0
2023,11,852,213,11,69,0.0,15,0,0.0,0.06666666666666667,0
2023,11,855,51,11,69,0.0,16,0,0.0,0.0625,0
2023,11,825,210,11,69,0.0,17,0,0.0,0.058823529411764705,0
2023,11,858,3,11,67,0.0,18,0,0.0,0.05555555555555555,0
2023,11,839,214,11,2,0.0,19,0,0.0,0.05263157894736842,0
2023,11,842,214,11,1,0.0,20,0,0.0,0.05,0
2023,12,830,9,13,44,25.0,1,1,0.5681818181818182,1.0,1
2023,12,815,9,13,44,18.0,2,1,0.4090909090909091,0.5,1
2023,12,844,6,13,44,15.0,3,1,0.3409090909090909,0.3333333333333333,1
2023,12,1,131,13,44,13.0,4,0,0.29545454545454547,0.25,0
2023,12,4,117,13,44,10.0,5,0,0.22727272727272727,0.2,0
2023,12,847,131,13,44,8.0,6,0,0.18181818181818182,0.16666666666666666,0
2023,12,846,1,13,44,6.0,7,0,0.13636363636363635,0.14285714285714285,0
2023,12,839,214,13,44,4.0,8,0,0.09090909090909091,0.125,0
2023,12,840,117,13,44,2.0,9,0,0.045454545454545456,0.1111111111111111,0
2023,12,852,213,13,44,1.0,10,0,0.022727272727272728,0.1,0
2023,12,842,214,13,44,0.0,11,0,0.0,0.09090909090909091,0
2023,12,822,51,13,44,0.0,12,0,0.0,0.08333333333333333,0
2023,12,855,51,13,44,0.0,13,0,0.0,0.07692307692307693,0
2023,12,848,3,13,44,0.0,14,0,0.0,0.07142857142857142,0
2023,12,825,210,13,44,0.0,15,0,0.0,0.06666666666666667,0
2023,12,817,213,13,44,0.0,16,0,0.0,0.0625,0
2023,12,858,3,13,44,0.0,17,0,0.0,0.058823529411764705,0
2023,12,807,210,13,44,0.0,18,0,0.0,0.05555555555555555,0
2023,12,832,6,13,23,0.0,19,0,0.0,0.05263157894736842,0
2023,12,857,1,13,0,0.0,20,0,,0.05,0
2023,13,830,9,39,72,25.0,1,1,0.3472222222222222,1.0,1
2023,13,4,117,39,72,19.0,2,1,0.2638888888888889,0.5,1
2023,13,842,214,39,72,15.0,3,1,0.20833333333333334,0.3333333333333333,1
2023,13,815,9,39,72,12.0,4,0,0.16666666666666666,0.25,0
2023,13,832,6,39,72,10.0,5,0,0.1388888888888889,0.2,0
2023,13,1,131,39,72,8.0,6,0,0.1111111111111111,0.16666666666666666,0
2023,13,846,1,39,72,6.0,7,0,0.08333333333333333,0.14285714285714285,0
2023,13,848,3,39,72,4.0,8,0,0.05555555555555555,0.125,0
2023,13,857,1,39,72,2.0,9,0,0.027777777777777776,0.1111111111111111,0
2023,13,839,214,39,72,1.0,10,0,0.013888888888888888,0.1,0
2023,13,840,117,39,72,0.0,11,0,0.0,0.09090909090909091,0
2023,13,807,210,39,72,0.0,12,0,0.0,0.08333333333333333,0
2023,13,859,213,39,72,0.0,13,0,0.0,0.07692307692307693,0
2023,13,822,51,39,72,0.0,14,0,0.0,0.07142857142857142,0
2023,13,852,213,39,72,0.0,15,0,0.0,0.06666666666666667,0
2023,13,825,210,39,72,0.0,16,0,0.0,0.0625,0
2023,13,847,131,39,72,0.0,17,0,0.0,0.058823529411764705,0
2023,13,855,51,39,62,0.0,18,0,0.0,0.05555555555555555,0
2023,13,844,6,39,41,0.0,19,0,0.0,0.05263157894736842,0
2023,13,858,3,39,14,0.0,20,0,0.0,0.05,0
2023,14,830,9,14,51,25.0,1,1,0.49019607843137253,1.0,1
2023,14,815,9,14,51,18.0,2,1,0.35294117647058826,0.5,1
2023,14,832,6,14,51,15.0,3,1,0.29411764705882354,0.3333333333333333,1
2023,14,844,6,14,51,12.0,4,0,0.23529411764705882,0.25,0
2023,14,847,131,14,51,10.0,5,0,0.19607843137254902,0.2,0
2023,14,1,131,14,51,8.0,6,0,0.1568627450980392,0.16666666666666666,0
2023,14,848,3,14,51,6.0,7,0,0.11764705882352941,0.14285714285714285,0
2023,14,846,1,14,51,4.0,8,0,0.0784313725490196,0.125,0
2023,14,4,117,14,51,2.0,9,0,0.0392156862745098,0.1111111111111111,0
2023,14,822,51,14,51,1.0,10,0,0.0196078431372549,0.1,0
2023,14,859,213,14,51,0.0,11,0,0.0,0.09090909090909091,0
2023,14,857,1,14,51,0.0,12,0,0.0,0.08333333333333333,0
2023,14,858,3,14,51,0.0,13,0,0.0,0.07692307692307693,0
2023,14,855,51,14,51,0.0,14,0,0.0,0.07142857142857142,0
2023,14,842,214,14,51,0.0,15,0,0.0,0.06666666666666667,0
2023,14,840,117,14,51,0.0,16,0,0.0,0.0625,0
2023,14,807,210,14,50,0.0,17,0,0.0,0.058823529411764705,0
2023,14,825,210,14,50,0.0,18,0,0.0,0.05555555555555555,0
2023,14,839,214,14,39,0.0,19,0,0.0,0.05263157894736842,0
2023,14,852,213,14,0,0.0,20,0,,0.05,0
2023,15,832,6,15,62,25.0,1,1,0.4032258064516129,1.0,1
2023,15,846,1,15,62,18.0,2,1,0.2903225806451613,0.5,1
2023,15,1,131,15,62,16.0,3,1,0.25806451612903225,0.3333333333333333,1
2023,15,844,6,15,62,12.0,4,0,0.1935483870967742,0.25,0
2023,15,830,9,15,62,10.0,5,0,0.16129032258064516,0.2,0
2023,15,842,214,15,62,8.0,6,0,0.12903225806451613,0.16666666666666666,0
2023,15,857,1,15,62,6.0,7,0,0.0967741935483871,0.14285714285714285,0
2023,15,815,9,15,62,4.0,8,0,0.06451612903225806,0.125,0
2023,15,859,213,15,62,2.0,9,0,0.03225806451612903,0.1111111111111111,0
2023,15,825,210,15,62,1.0,10,0,0.016129032258064516,0.1,0
2023,15,848,3,15,62,0.0,11,0,0.0,0.09090909090909091,0
2023,15,855,51,15,62,0.0,12,0,0.0,0.08333333333333333,0
2023,15,807,210,15,62,0.0,13,0,0.0,0.07692307692307693,0
2023,15,858,3,15,62,0.0,14,0,0.0,0.07142857142857142,0
2023,15,4,117,15,62,0.0,15,0,0.0,0.06666666666666667,0
2023,15,847,131,15,61,0.0,16,0,0.0,0.0625,0
2023,15,822,51,15,51,0.0,17,0,0.0,0.058823529411764705,0
2023,15,839,214,15,42,0.0,18,0,0.0,0.05555555555555555,0
2023,15,852,213,15,0,0.0,19,0,,0.05263157894736842,0
2023,15,840,117,15,0,0.0,20,0,,0.05,0
2023,16,830,9,22,53,26.0,1,1,0.49056603773584906,1.0,1
2023,16,846,1,22,53,18.0,2,1,0.33962264150943394,0.5,1
2023,16,857,1,22,53,15.0,3,1,0.2830188679245283,0.3333333333333333,1
2023,16,844,6,22,53,12.0,4,0,0.22641509433962265,0.25,0
2023,16,1,131,22,53,10.0,5,0,0.18867924528301888,0.2,0
2023,16,832,6,22,53,8.0,6,0,0.1509433962264151,0.16666666666666666,0
2023,16,847,131,22,53,6.0,7,0,0.11320754716981132,0.14285714285714285,0
2023,16,4,117,22,53,4.0,8,0,0.07547169811320754,0.125,0
2023,16,839,214,22,53,2.0,9,0,0.03773584905660377,0.1111111111111111,0
2023,16,842,214,22,53,1.0,10,0,0.018867924528301886,0.1,0
2023,16,859,213,22,52,0.0,11,0,0.0,0.09090909090909091,0
2023,16,852,213,22,52,0.0,12,0,0.0,0.08333333333333333,0
2023,16,855,51,22,52,0.0,13,0,0.0,0.07692307692307693,0
2023,16,807,210,22,52,0.0,14,0,0.0,0.07142857142857142,0
2023,16,825,210,22,52,0.0,15,0,0.0,0.06666666666666667,0
2023,16,848,3,22,26,0.0,16,0,0.0,0.0625,0
2023,16,858,3,22,22,0.0,17,0,0.0,0.058823529411764705,0
2023,16,840,117,22,20,0.0,18,0,0.0,0.05555555555555555,0
2023,16,815,9,22,15,0.0,19,0,0.0,0.05263157894736842,0
2023,16,822,51,22,7,0.0,20,0,0.0,0.05,0
2023,17,830,9,78,57,26.0,1,1,0.45614035087719296,1.0,1
2023,17,857,1,78,57,18.0,2,1,0.3157894736842105,0.5,1
2023,17,846,1,78,57,15.0,3,1,0.2631578947368421,0.3333333333333333,1
2023,17,847,131,78,57,12.0,4,0,0.21052631578947367,0.25,0
2023,17,844,6,78,57,10.0,5,0,0.17543859649122806,0.2,0
2023,17,4,117,78,57,8.0,6,0,0.14035087719298245,0.16666666666666666,0
2023,17,839,214,78,57,6.0,7,0,0.10526315789473684,0.14285714285714285,0
2023,17,822,51,78,57,4.0,8,0,0.07017543859649122,0.125,0
2023,17,855,51,78,57,2.0,9,0,0.03508771929824561,0.1111111111111111,0
2023,17,815,9,78,57,1.0,10,0,0.017543859649122806,0.1,0
2023,17,840,117,78,57,0.0,11,0,0.0,0.09090909090909091,0
2023,17,842,214,78,57,0.0,12,0,0.0,0.08333333333333333,0
2023,17,848,3,78,57,0.0,13,0,0.0,0.07692307692307693,0
2023,17,825,210,78,56,0.0,14,0,0.0,0.07142857142857142,0
2023,17,852,213,78,56,0.0,15,0,0.0,0.06666666666666667,0
2023,17,807,210,78,56,0.0,16,0,0.0,0.0625,0
2023,17,859,213,78,56,0.0,17,0,0.0,0.058823529411764705,0
2023,17,858,3,78,40,0.0,18,0,0.0,0.05555555555555555,0
2023,17,1,131,78,0,0.0,19,0,,0.05263157894736842,0
2023,17,832,6,78,0,0.0,20,0,,0.05,0
2023,18,830,9,69,56,25.0,1,1,0.44642857142857145,1.0,1
2023,18,846,1,69,56,18.0,2,1,0.32142857142857145,0.5,1
2023,18,832,6,69,56,15.0,3,1,0.26785714285714285,0.3333333333333333,1
2023,18,815,9,69,56,12.0,4,0,0.21428571428571427,0.25,0
2023,18,847,131,69,56,10.0,5,0,0.17857142857142858,0.2,0
2023,18,842,214,69,56,8.0,6,0,0.14285714285714285,0.16666666666666666,0
2023,18,840,117,69,56,6.0,7,0,0.10714285714285714,0.14285714285714285,0
2023,18,852,213,69,56,5.0,8,0,0.08928571428571429,0.125,0
2023,18,848,3,69,56,2.0,9,0,0.03571428571428571,0.1111111111111111,0
2023,18,858,3,69,56,1.0,10,0,0.017857142857142856,0.1,0
2023,18,807,210,69,56,0.0,11,0,0.0,0.09090909090909091,0
2023,18,822,51,69,56,0.0,12,0,0.0,0.08333333333333333,0
2023,18,855,51,69,55,0.0,13,0,0.0,0.07692307692307693,0
2023,18,825,210,69,55,0.0,14,0,0.0,0.07142857142857142,0
2023,18,817,213,69,55,0.0,15,0,0.0,0.06666666666666667,0
2023,18,4,117,69,49,0.0,16,0,0.0,0.0625,0
2023,18,857,1,69,10,0.0,17,0,0.0,0.058823529411764705,0
2023,18,839,214,69,6,0.0,18,0,0.0,0.05555555555555555,0
2023,18,1,131,69,56,0.0,19,0,0.0,0.05263157894736842,0
2023,18,844,6,69,56,0.0,20,0,0.0,0.05,0
2023,19,830,9,32,71,25.0,1,1,0.352112676056338,1.0,1
2023,19,1,131,32,71,19.0,2,1,0.2676056338028169,0.5,1
2023,19,844,6,32,71,15.0,3,1,0.2112676056338028,0.3333333333333333,1
2023,19,832,6,32,71,12.0,4,0,0.16901408450704225,0.25,0
2023,19,846,1,32,71,10.0,5,0,0.14084507042253522,0.2,0
2023,19,847,131,32,71,8.0,6,0,0.11267605633802817,0.16666666666666666,0
2023,19,817,213,32,71,6.0,7,0,0.08450704225352113,0.14285714285714285,0
2023,19,857,1,32,71,4.0,8,0,0.056338028169014086,0.125,0
2023,19,848,3,32,71,2.0,9,0,0.028169014084507043,0.1111111111111111,0
2023,19,839,214,32,71,1.0,10,0,0.014084507042253521,0.1,0
2023,19,842,214,32,71,0.0,11,0,0.0,0.09090909090909091,0
2023,19,852,213,32,71,0.0,12,0,0.0,0.08333333333333333,0
2023,19,807,210,32,71,0.0,13,0,0.0,0.07692307692307693,0
2023,19,855,51,32,71,0.0,14,0,0.0,0.07142857142857142,0
2023,19,822,51,32,71,0.0,15,0,0.0,0.06666666666666667,0
2023,19,858,3,32,70,0.0,16,0,0.0,0.0625,0
2023,19,840,117,32,66,0.0,17,0,0.0,0.058823529411764705,0
2023,19,4,117,32,47,0.0,18,0,0.0,0.05555555555555555,0
2023,19,825,210,32,31,0.0,19,0,0.0,0.05263157894736842,0
2023,19,815,9,32,1,0.0,20,0,0.0,0.05,0
2023,20,830,9,18,71,25.0,1,1,0.352112676056338,1.0,1
2023,20,846,1,18,71,19.0,2,1,0.2676056338028169,0.5,1
2023,20,4,117,18,71,15.0,3,1,0.2112676056338028,0.3333333333333333,1
2023,20,815,9,18,71,12.0,4,0,0.16901408450704225,0.25,0
2023,20,840,117,18,71,10.0,5,0,0.14084507042253522,0.2,0
2023,20,832,6,18,71,8.0,6,0,0.11267605633802817,0.16666666666666666,0
2023,20,842,214,18,71,6.0,7,0,0.08450704225352113,0.14285714285714285,0
2023,20,1,131,18,71,4.0,8,0,0.056338028169014086,0.125,0
2023,20,852,213,18,71,2.0,9,0,0.028169014084507043,0.1111111111111111,0
2023,20,839,214,18,70,1.0,10,0,0.014285714285714285,0.1,0
2023,20,858,3,18,70,0.0,11,0,0.0,0.09090909090909091,0
2023,20,807,210,18,70,0.0,12,0,0.0,0.08333333333333333,0
2023,20,817,213,18,70,0.0,13,0,0.0,0.07692307692307693,0
2023,20,857,1,18,69,0.0,14,0,0.0,0.07142857142857142,0
2023,20,847,131,18,57,0.0,15,0,0.0,0.06666666666666667,0
2023,20,822,51,18,39,0.0,16,0,0.0,0.0625,0
2023,20,855,51,18,22,0.0,17,0,0.0,0.058823529411764705,0
2023,20,825,210,18,0,0.0,18,0,,0.05555555555555555,0
2023,20,848,3,18,0,0.0,19,0,,0.05263157894736842,0
2023,20,844,6,18,0,0.0,20,0,,0.05,0
2023,21,830,9,80,50,25.0,1,1,0.5,1.0,1
2023,21,844,6,80,50,18.0,2,1,0.36,0.5,1
2023,21,815,9,80,50,15.0,3,1,0.3,0.3333333333333333,1
2023,21,839,214,80,50,12.0,4,0,0.24,0.25,0
2023,21,840,117,80,50,10.0,5,0,0.2,0.2,0
2023,21,832,6,80,50,8.0,6,0,0.16,0.16666666666666666,0
2023,21,1,131,80,50,6.0,7,0,0.12,0.14285714285714285,0
2023,21,847,131,80,50,4.0,8,0,0.08,0.125,0
2023,21,4,117,80,50,2.0,9,0,0.04,0.1111111111111111,0
2023,21,857,1,80,50,2.0,10,0,0.04,0.1,0
2023,21,842,214,80,50,0.0,11,0,0.0,0.09090909090909091,0
2023,21,848,3,80,50,0.0,12,0,0.0,0.08333333333333333,0
2023,21,825,210,80,50,0.0,13,0,0.0,0.07692307692307693,0
2023,21,817,213,80,50,0.0,14,0,0.0,0.07142857142857142,0
2023,21,855,51,80,50,0.0,15,0,0.0,0.06666666666666667,0
2023,21,858,3,80,50,0.0,16,0,0.0,0.0625,0
2023,21,822,51,80,50,0.0,17,0,0.0,0.058823529411764705,0
2023,21,852,213,80,46,0.0,18,0,0.0,0.05555555555555555,0
2023,21,807,210,80,45,0.0,19,0,0.0,0.05263157894736842,0
2023,21,846,1,80,2,0.0,20,0,0.0,0.05,0
2023,22,830,9,24,58,26.0,1,1,0.4482758620689655,1.0,1
2023,22,844,6,24,58,18.0,2,1,0.3103448275862069,0.5,1
2023,22,847,131,24,58,15.0,3,1,0.25862068965517243,0.3333333333333333,1
2023,22,815,9,24,58,12.0,4,0,0.20689655172413793,0.25,0
2023,22,846,1,24,58,10.0,5,0,0.1724137931034483,0.2,0
2023,22,857,1,24,58,8.0,6,0,0.13793103448275862,0.16666666666666666,0
2023,22,4,117,24,58,6.0,7,0,0.10344827586206896,0.14285714285714285,0
2023,22,852,213,24,58,4.0,8,0,0.06896551724137931,0.125,0
2023,22,1,131,24,58,2.0,9,0,0.034482758620689655,0.1111111111111111,0
2023,22,840,117,24,58,1.0,10,0,0.017241379310344827,0.1,0
2023,22,817,213,24,58,0.0,11,0,0.0,0.09090909090909091,0
2023,22,839,214,24,58,0.0,12,0,0.0,0.08333333333333333,0
2023,22,842,214,24,58,0.0,13,0,0.0,0.07692307692307693,0
2023,22,848,3,24,58,0.0,14,0,0.0,0.07142857142857142,0
2023,22,807,210,24,58,0.0,15,0,0.0,0.06666666666666667,0
2023,22,858,3,24,58,0.0,16,0,0.0,0.0625,0
2023,22,855,51,24,58,0.0,17,0,0.0,0.058823529411764705,0
2023,22,832,6,24,57,0.0,18,0,0.0,0.05555555555555555,0
2023,22,822,51,24,57,0.0,19,0,0.0,0.05263157894736842,0
2023,22,825,210,24,57,0.0,20,0,0.0,0.05,0
2024,1,830,9,3,57,26.0,1,1,0.45614035087719296,1.0,1
2024,1,815,9,3,57,18.0,2,1,0.3157894736842105,0.5,1
2024,1,832,6,3,57,15.0,3,1,0.2631578947368421,0.3333333333333333,1
2024,1,844,6,3,57,12.0,4,0,0.21052631578947367,0.25,0
2024,1,847,131,3,57,10.0,5,0,0.17543859649122806,0.2,0
2024,1,846,1,3,57,8.0,6,0,0.14035087719298245,0.16666666666666666,0
2024,1,1,131,3,57,6.0,7,0,0.10526315789473684,0.14285714285714285,0
2024,1,857,1,3,57,4.0,8,0,0.07017543859649122,0.125,0
2024,1,4,117,3,57,2.0,9,0,0.03508771929824561,0.1111111111111111,0
2024,1,840,117,3,57,1.0,10,0,0.017543859649122806,0.1,0
2024,1,855,15,3,56,0.0,11,0,0.0,0.09090909090909091,0
2024,1,825,210,3,56,0.0,12,0,0.0,0.08333333333333333,0
2024,1,817,215,3,56,0.0,13,0,0.0,0.07692307692307693,0
2024,1,852,215,3,56,0.0,14,0,0.0,0.07142857142857142,0
2024,1,848,3,3,56,0.0,15,0,0.0,0.06666666666666667,0
2024,1,807,210,3,56,0.0,16,0,0.0,0.0625,0
2024,1,839,214,3,56,0.0,17,0,0.0,0.058823529411764705,0
2024,1,842,214,3,56,0.0,18,0,0.0,0.05555555555555555,0
2024,1,822,15,3,56,0.0,19,0,0.0,0.05263157894736842,0
2024,1,858,3,3,55,0.0,20,0,0.0,0.05,0
2024,2,830,9,77,50,25.0,1,1,0.5,1.0,1
2024,2,815,9,77,50,18.0,2,1,0.36,0.5,1
2024,2,844,6,77,50,16.0,3,1,0.32,0.3333333333333333,1
2024,2,857,1,77,50,12.0,4,0,0.24,0.25,0
2024,2,4,117,77,50,10.0,5,0,0.2,0.2,0
2024,2,847,131,77,50,8.0,6,0,0.16,0.16666666666666666,0
2024,2,860,6,77,50,6.0,7,0,0.12,0.14285714285714285,0
2024,2,846,1,77,50,4.0,8,0,0.08,0.125,0
2024,2,1,131,77,50,2.0,9,0,0.04,0.1111111111111111,0
2024,2,807,210,77,50,1.0,10,0,0.02,0.1,0
2024,2,848,3,77,50,0.0,11,0,0.0,0.09090909090909091,0
2024,2,825,210,77,50,0.0,12,0,0.0,0.08333333333333333,0
2024,2,839,214,77,49,0.0,13,0,0.0,0.07692307692307693,0
2024,2,858,3,77,49,0.0,14,0,0.0,0.07142857142857142,0
2024,2,852,215,77,49,0.0,15,0,0.0,0.06666666666666667,0
2024,2,817,215,77,49,0.0,16,0,0.0,0.0625,0
2024,2,822,15,77,49,0.0,17,0,0.0,0.058823529411764705,0
2024,2,855,15,77,49,0.0,18,0,0.0,0.05555555555555555,0
2024,2,840,117,77,5,0.0,19,0,0.0,0.05263157894736842,0
2024,2,842,214,77,1,0.0,20,0,0.0,0.05,0
2024,3,832,6,1,58,25.0,1,1,0.43103448275862066,1.0,1
2024,3,844,6,1,58,19.0,2,1,0.3275862068965517,0.5,1
2024,3,846,1,1,58,15.0,3,1,0.25862068965517243,0.3333333333333333,1
2024,3,857,1,1,58,12.0,4,0,0.20689655172413793,0.25,0
2024,3,815,9,1,58,10.0,5,0,0.1724137931034483,0.2,0
2024,3,840,117,1,58,8.0,6,0,0.13793103448275862,0.16666666666666666,0
2024,3,852,215,1,58,6.0,7,0,0.10344827586206896,0.14285714285714285,0
2024,3,4,117,1,58,4.0,8,0,0.06896551724137931,0.125,0
2024,3,807,210,1,58,2.0,9,0,0.034482758620689655,0.1111111111111111,0
2024,3,825,210,1,57,1.0,10,0,0.017543859649122806,0.1,0
2024,3,848,3,1,57,0.0,11,0,0.0,0.09090909090909091,0
2024,3,817,215,1,57,0.0,12,0,0.0,0.08333333333333333,0
2024,3,842,214,1,57,0.0,13,0,0.0,0.07692307692307693,0
2024,3,822,15,1,57,0.0,14,0,0.0,0.07142857142857142,0
2024,3,855,15,1,57,0.0,15,0,0.0,0.06666666666666667,0
2024,3,839,214,1,57,0.0,16,0,0.0,0.0625,0
2024,3,847,131,1,56,0.0,17,0,0.0,0.058823529411764705,0
2024,3,1,131,1,15,0.0,18,0,0.0,0.05555555555555555,0
2024,3,830,9,1,3,0.0,19,0,0.0,0.05263157894736842,0
2024,4,830,9,22,53,26.0,1,1,0.49056603773584906,1.0,1
2024,4,815,9,22,53,18.0,2,1,0.33962264150943394,0.5,1
2024,4,832,6,22,53,15.0,3,1,0.2830188679245283,0.3333333333333333,1
2024,4,844,6,22,53,12.0,4,0,0.22641509433962265,0.25,0
2024,4,846,1,22,53,10.0,5,0,0.18867924528301888,0.2,0
2024,4,4,117,22,53,8.0,6,0,0.1509433962264151,0.16666666666666666,0
2024,4,847,131,22,53,6.0,7,0,0.11320754716981132,0.14285714285714285,0
2024,4,857,1,22,53,4.0,8,0,0.07547169811320754,0.125,0
2024,4,1,131,22,53,2.0,9,0,0.03773584905660377,0.1111111111111111,0
2024,4,852,215,22,52,1.0,10,0,0.019230769230769232,0.1,0
2024,4,807,210,22,52,0.0,11,0,0.0,0.09090909090909091,0
2024,4,840,117,22,52,0.0,12,0,0.0,0.08333333333333333,0
2024,4,825,210,22,52,0.0,13,0,0.0,0.07692307692307693,0
2024,4,822,15,22,52,0.0,14,0,0.0,0.07142857142857142,0
2024,4,839,214,22,52,0.0,15,0,0.0,0.06666666666666667,0
2024,4,842,214,22,52,0.0,16,0,0.0,0.0625,0
2024,4,858,3,22,52,0.0,17,0,0.0,0.058823529411764705,0
2024,4,855,15,22,12,0.0,18,0,0.0,0.05555555555555555,0
2024,4,817,215,22,0,0.0,19,0,,0.05263157894736842,0
2024,4,848,3,22,0,0.0,20,0,,0.05,0
2024,5,830,9,17,56,25.0,1,1,0.44642857142857145,1.0,1
2024,5,846,1,17,56,18.0,2,1,0.32142857142857145,0.5,1
2024,5,815,9,17,56,15.0,3,1,0.26785714285714285,0.3333333333333333,1
2024,5,844,6,17,56,12.0,4,0,0.21428571428571427,0.25,0
2024,5,832,6,17,56,10.0,5,0,0.17857142857142858,0.2,0
2024,5,847,131,17,56,8.0,6,0,0.14285714285714285,0.16666666666666666,0
2024,5,4,117,17,56,7.0,7,0,0.125,0.14285714285714285,0
2024,5,857,1,17,56,4.0,8,0,0.07142857142857142,0.125,0
2024,5,1,131,17,56,2.0,9,0,0.03571428571428571,0.1111111111111111,0
2024,5,807,210,17,56,1.0,10,0,0.017857142857142856,0.1,0
2024,5,839,214,17,56,0.0,11,0,0.0,0.09090909090909091,0
2024,5,848,3,17,56,0.0,12,0,0.0,0.08333333333333333,0
2024,5,842,214,17,56,0.0,13,0,0.0,0.07692307692307693,0
2024,5,855,15,17,56,0.0,14,0,0.0,0.07142857142857142,0
2024,5,840,117,17,56,0.0,15,0,0.0,0.06666666666666667,0
2024,5,825,210,17,56,0.0,16,0,0.0,0.0625,0
2024,5,858,3,17,56,0.0,17,0,0.0,0.058823529411764705,0
2024,5,817,215,17,33,0.0,18,0,0.0,0.05555555555555555,0
2024,5,852,215,17,26,0.0,19,0,0.0,0.05263157894736842,0
2024,5,822,15,17,19,0.0,20,0,0.0,0.05,0
2024,6,846,1,79,57,25.0,1,1,0.43859649122807015,1.0,1
2024,6,830,9,79,57,18.0,2,1,0.3157894736842105,0.5,1
2024,6,844,6,79,57,15.0,3,1,0.2631578947368421,0.3333333333333333,1
2024,6,815,9,79,57,12.0,4,0,0.21052631578947367,0.25,0
2024,6,832,6,79,57,10.0,5,0,0.17543859649122806,0.2,0
2024,6,1,131,79,57,8.0,6,0,0.14035087719298245,0.16666666666666666,0
2024,6,852,215,79,57,6.0,7,0,0.10526315789473684,0.14285714285714285,0
2024,6,847,131,79,57,4.0,8,0,0.07017543859649122,0.125,0
2024,6,4,117,79,57,2.0,9,0,0.03508771929824561,0.1111111111111111,0
2024,6,839,214,79,57,1.0,10,0,0.017543859649122806,0.1,0
2024,6,807,210,79,57,0.0,11,0,0.0,0.09090909090909091,0
2024,6,842,214,79,57,0.0,12,0,0.0,0.08333333333333333,0
2024,6,857,1,79,57,0.0,13,0,0.0,0.07692307692307693,0
2024,6,855,15,79,57,0.0,14,0,0.0,0.07142857142857142,0
2024,6,817,215,79,57,0.0,15,0,0.0,0.06666666666666667,0
2024,6,822,15,79,57,0.0,16,0,0.0,0.0625,0
2024,6,840,117,79,57,0.0,17,0,0.0,0.058823529411764705,0
2024,6,848,3,79,57,0.0,18,0,0.0,0.05555555555555555,0
2024,6,825,210,79,57,0.0,19,0,0.0,0.05263157894736842,0
2024,6,858,3,79,27,0.0,20,0,0.0,0.05,0
2024,7,830,9,21,63,25.0,1,1,0.3968253968253968,1.0,1
2024,7,846,1,21,63,18.0,2,1,0.2857142857142857,0.5,1
2024,7,844,6,21,63,15.0,3,1,0.23809523809523808,0.3333333333333333,1
2024,7,857,1,21,63,12.0,4,0,0.19047619047619047,0.25,0
2024,7,832,6,21,63,10.0,5,0,0.15873015873015872,0.2,0
2024,7,1,131,21,63,8.0,6,0,0.12698412698412698,0.16666666666666666,0
2024,7,847,131,21,63,7.0,7,0,0.1111111111111111,0.14285714285714285,0
2024,7,815,9,21,63,4.0,8,0,0.06349206349206349,0.125,0
2024,7,840,117,21,63,2.0,9,0,0.031746031746031744,0.1111111111111111,0
2024,7,852,215,21,62,1.0,10,0,0.016129032258064516,0.1,0
2024,7,807,210,21,62,0.0,11,0,0.0,0.09090909090909091,0
2024,7,825,210,21,62,0.0,12,0,0.0,0.08333333333333333,0
2024,7,817,215,21,62,0.0,13,0,0.0,0.07692307692307693,0
2024,7,839,214,21,62,0.0,14,0,0.0,0.07142857142857142,0
2024,7,855,15,21,62,0.0,15,0,0.0,0.06666666666666667,0
2024,7,842,214,21,62,0.0,16,0,0.0,0.0625,0
2024,7,858,3,21,62,0.0,17,0,0.0,0.058823529411764705,0
2024,7,822,15,21,62,0.0,18,0,0.0,0.05555555555555555,0
2024,7,4,117,21,62,0.0,19,0,0.0,0.05263157894736842,0
2024,7,848,3,21,51,0.0,20,0,0.0,0.05,0
2024,8,844,6,6,78,25.0,1,1,0.32051282051282054,1.0,1
2024,8,857,1,6,78,18.0,2,1,0.23076923076923078,0.5,1
2024,8,832,6,6,78,15.0,3,1,0.19230769230769232,0.3333333333333333,1
2024,8,846,1,6,78,12.0,4,0,0.15384615384615385,0.25,0
2024,8,847,131,6,78,10.0,5,0,0.1282051282051282,0.2,0
2024,8,830,9,6,78,8.0,6,0,0.10256410256410256,0.16666666666666666,0
2024,8,1,131,6,78,7.0,7,0,0.08974358974358974,0.14285714285714285,0
2024,8,852,215,6,77,4.0,8,0,0.05194805194805195,0.125,0
2024,8,848,3,6,77,2.0,9,0,0.025974025974025976,0.1111111111111111,0
2024,8,842,214,6,77,1.0,10,0,0.012987012987012988,0.1,0
2024,8,4,117,6,76,0.0,11,0,0.0,0.09090909090909091,0
2024,8,817,215,6,76,0.0,12,0,0.0,0.08333333333333333,0
2024,8,822,15,6,76,0.0,13,0,0.0,0.07692307692307693,0
2024,8,840,117,6,76,0.0,14,0,0.0,0.07142857142857142,0
2024,8,858,3,6,76,0.0,15,0,0.0,0.06666666666666667,0
2024,8,855,15,6,76,0.0,16,0,0.0,0.0625,0
2024,8,839,214,6,0,0.0,17,0,,0.058823529411764705,0
2024,8,815,9,6,0,0.0,18,0,,0.05555555555555555,0
2024,8,807,210,6,0,0.0,19,0,,0.05263157894736842,0
2024,8,825,210,6,0,0.0,20,0,,0.05,0
2024,9,830,9,7,70,25.0,1,1,0.35714285714285715,1.0,1
2024,9,846,1,7,70,18.0,2,1,0.2571428571428571,0.5,1
2024,9,847,131,7,70,15.0,3,1,0.21428571428571427,0.3333333333333333,1
2024,9,1,131,7,70,13.0,4,0,0.18571428571428572,0.25,0
2024,9,857,1,7,70,10.0,5,0,0.14285714285714285,0.2,0
2024,9,4,117,7,70,8.0,6,0,0.11428571428571428,0.16666666666666666,0
2024,9,840,117,7,70,6.0,7,0,0.08571428571428572,0.14285714285714285,0
2024,9,817,215,7,70,4.0,8,0,0.05714285714285714,0.125,0
2024,9,842,214,7,70,2.0,9,0,0.02857142857142857,0.1111111111111111,0
2024,9,839,214,7,70,1.0,10,0,0.014285714285714285,0.1,0
2024,9,807,210,7,70,0.0,11,0,0.0,0.09090909090909091,0
2024,9,825,210,7,70,0.0,12,0,0.0,0.08333333333333333,0
2024,9,822,15,7,70,0.0,13,0,0.0,0.07692307692307693,0
2024,9,852,215,7,70,0.0,14,0,0.0,0.07142857142857142,0
2024,9,855,15,7,69,0.0,15,0,0.0,0.06666666666666667,0
2024,9,832,6,7,52,0.0,16,0,0.0,0.0625,0
2024,9,848,3,7,52,0.0,17,0,0.0,0.058823529411764705,0
2024,9,815,9,7,51,0.0,18,0,0.0,0.05555555555555555,0
2024,9,844,6,7,40,0.0,19,0,0.0,0.05263157894736842,0
2024,9,858,3,7,23,0.0,20,0,0.0,0.05,0
2024,10,830,9,4,66,25.0,1,1,0.3787878787878788,1.0,1
2024,10,846,1,4,66,19.0,2,1,0.2878787878787879,0.5,1
2024,10,1,131,4,66,15.0,3,1,0.22727272727272727,0.3333333333333333,1
2024,10,847,131,4,66,12.0,4,0,0.18181818181818182,0.25,0
2024,10,844,6,4,66,10.0,5,0,0.15151515151515152,0.2,0
2024,10,832,6,4,66,8.0,6,0,0.12121212121212122,0.16666666666666666,0
2024,10,857,1,4,66,6.0,7,0,0.09090909090909091,0.14285714285714285,0
2024,10,815,9,4,66,4.0,8,0,0.06060606060606061,0.125,0
2024,10,842,214,4,66,2.0,9,0,0.030303030303030304,0.1111111111111111,0
2024,10,839,214,4,66,1.0,10,0,0.015151515151515152,0.1,0
2024,10,807,210,4,66,0.0,11,0,0.0,0.09090909090909091,0
2024,10,4,117,4,65,0.0,12,0,0.0,0.08333333333333333,0
2024,10,855,15,4,65,0.0,13,0,0.0,0.07692307692307693,0
2024,10,840,117,4,65,0.0,14,0,0.0,0.07142857142857142,0
2024,10,817,215,4,65,0.0,15,0,0.0,0.06666666666666667,0
2024,10,822,15,4,65,0.0,16,0,0.0,0.0625,0
2024,10,825,210,4,65,0.0,17,0,0.0,0.058823529411764705,0
2024,10,848,3,4,65,0.0,18,0,0.0,0.05555555555555555,0
2024,10,852,215,4,65,0.0,19,0,0.0,0.05263157894736842,0
2024,10,858,3,4,64,0.0,20,0,0.0,0.05,0
2024,11,847,131,70,71,25.0,1,1,0.352112676056338,1.0,1
2024,11,857,1,70,71,18.0,2,1,0.2535211267605634,0.5,1
2024,11,832,6,70,71,15.0,3,1,0.2112676056338028,0.3333333333333333,1
2024,11,1,131,70,71,12.0,4,0,0.16901408450704225,0.25,0
2024,11,830,9,70,71,10.0,5,0,0.14084507042253522,0.2,0
2024,11,807,210,70,71,8.0,6,0,0.11267605633802817,0.16666666666666666,0
2024,11,815,9,70,71,6.0,7,0,0.08450704225352113,0.14285714285714285,0
2024,11,825,210,70,71,4.0,8,0,0.056338028169014086,0.125,0
2024,11,817,215,70,71,2.0,9,0,0.028169014084507043,0.1111111111111111,0
2024,11,842,214,70,71,1.0,10,0,0.014084507042253521,0.1,0
2024,11,844,6,70,71,0.0,11,0,0.0,0.09090909090909091,0
2024,11,839,214,70,71,0.0,12,0,0.0,0.08333333333333333,0
2024,11,840,117,70,70,0.0,13,0,0.0,0.07692307692307693,0
2024,11,852,215,70,70,0.0,14,0,0.0,0.07142857142857142,0
2024,11,848,3,70,70,0.0,15,0,0.0,0.06666666666666667,0
2024,11,822,15,70,70,0.0,16,0,0.0,0.0625,0
2024,11,855,15,70,70,0.0,17,0,0.0,0.058823529411764705,0
2024,11,4,117,70,70,0.0,18,0,0.0,0.05555555555555555,0
2024,11,858,3,70,69,0.0,19,0,0.0,0.05263157894736842,0
2024,11,846,1,70,64,0.0,20,0,0.0,0.05,0
2024,12,1,131,9,52,25.0,1,1,0.4807692307692308,1.0,1
2024,12,830,9,9,52,18.0,2,1,0.34615384615384615,0.5,1
2024,12,846,1,9,52,15.0,3,1,0.28846153846153844,0.3333333333333333,1
2024,12,857,1,9,52,12.0,4,0,0.23076923076923078,0.25,0
2024,12,832,6,9,52,11.0,5,0,0.21153846153846154,0.2,0
2024,12,807,210,9,52,8.0,6,0,0.15384615384615385,0.16666666666666666,0
2024,12,840,117,9,52,6.0,7,0,0.11538461538461539,0.14285714285714285,0
2024,12,4,117,9,52,4.0,8,0,0.07692307692307693,0.125,0
2024,12,848,3,9,52,2.0,9,0,0.038461538461538464,0.1111111111111111,0
2024,12,852,215,9,52,1.0,10,0,0.019230769230769232,0.1,0
2024,12,858,3,9,52,0.0,11,0,0.0,0.09090909090909091,0
2024,12,825,210,9,52,0.0,12,0,0.0,0.08333333333333333,0
2024,12,817,215,9,51,0.0,13,0,0.0,0.07692307692307693,0
2024,12,844,6,9,51,0.0,14,0,0.0,0.07142857142857142,0
2024,12,822,15,9,51,0.0,15,0,0.0,0.06666666666666667,0
2024,12,839,214,9,50,0.0,16,0,0.0,0.0625,0
2024,12,815,9,9,50,0.0,17,0,0.0,0.058823529411764705,0
2024,12,855,15,9,50,0.0,18,0,0.0,0.05555555555555555,0
2024,12,847,131,9,33,0.0,19,0,0.0,0.05263157894736842,0
2024,12,842,214,9,0,0.0,20,0,,0.05,0
2024,13,857,1,11,70,25.0,1,1,0.35714285714285715,1.0,1
2024,13,846,1,11,70,18.0,2,1,0.2571428571428571,0.5,1
2024,13,1,131,11,70,15.0,3,1,0.21428571428571427,0.3333333333333333,1
2024,13,844,6,11,70,12.0,4,0,0.17142857142857143,0.25,0
2024,13,830,9,11,70,10.0,5,0,0.14285714285714285,0.2,0
2024,13,832,6,11,70,8.0,6,0,0.11428571428571428,0.16666666666666666,0
2024,13,815,9,11,70,6.0,7,0,0.08571428571428572,0.14285714285714285,0
2024,13,847,131,11,70,5.0,8,0,0.07142857142857142,0.125,0
2024,13,852,215,11,70,2.0,9,0,0.02857142857142857,0.1111111111111111,0
2024,13,840,117,11,70,1.0,10,0,0.014285714285714285,0.1,0
2024,13,4,117,11,70,0.0,11,0,0.0,0.09090909090909091,0
2024,13,817,215,11,69,0.0,12,0,0.0,0.08333333333333333,0
2024,13,807,210,11,69,0.0,13,0,0.0,0.07692307692307693,0
2024,13,848,3,11,69,0.0,14,0,0.0,0.07142857142857142,0
2024,13,825,210,11,69,0.0,15,0,0.0,0.06666666666666667,0
2024,13,822,15,11,69,0.0,16,0,0.0,0.0625,0
2024,13,858,3,11,69,0.0,17,0,0.0,0.058823529411764705,0
2024,13,839,214,11,69,0.0,18,0,0.0,0.05555555555555555,0
2024,13,855,15,11,69,0.0,19,0,0.0,0.05263157894736842,0
2024,13,842,214,11,33,0.0,20,0,0.0,0.05,0
2024,14,1,131,13,44,25.0,1,1,0.5681818181818182,1.0,1
2024,14,857,1,13,44,18.0,2,1,0.4090909090909091,0.5,1
2024,14,844,6,13,44,15.0,3,1,0.3409090909090909,0.3333333333333333,1
2024,14,830,9,13,44,12.0,4,0,0.2727272727272727,0.25,0
2024,14,846,1,13,44,10.0,5,0,0.22727272727272727,0.2,0
2024,14,832,6,13,44,8.0,6,0,0.18181818181818182,0.16666666666666666,0
2024,14,815,9,13,44,7.0,7,0,0.1590909090909091,0.14285714285714285,0
2024,14,4,117,13,44,4.0,8,0,0.09090909090909091,0.125,0
2024,14,839,214,13,44,2.0,9,0,0.045454545454545456,0.1111111111111111,0
2024,14,817,215,13,44,1.0,10,0,0.022727272727272728,0.1,0
2024,14,840,117,13,44,0.0,11,0,0.0,0.09090909090909091,0
2024,14,848,3,13,44,0.0,12,0,0.0,0.08333333333333333,0
2024,14,842,214,13,44,0.0,13,0,0.0,0.07692307692307693,0
2024,14,825,210,13,44,0.0,14,0,0.0,0.07142857142857142,0
2024,14,822,15,13,44,0.0,15,0,0.0,0.06666666666666667,0
2024,14,852,215,13,44,0.0,16,0,0.0,0.0625,0
2024,14,858,3,13,44,0.0,17,0,0.0,0.058823529411764705,0
2024,14,807,210,13,44,0.0,18,0,0.0,0.05555555555555555,0
2024,14,855,15,13,5,0.0,19,0,0.0,0.05263157894736842,0
2024,14,847,131,13,44,0.0,20,0,0.0,0.05,0
2024,15,846,1,39,72,26.0,1,1,0.3611111111111111,1.0,1
2024,15,830,9,39,72,18.0,2,1,0.25,0.5,1
2024,15,844,6,39,72,15.0,3,1,0.20833333333333334,0.3333333333333333,1
2024,15,857,1,39,72,12.0,4,0,0.16666666666666666,0.25,0
2024,15,832,6,39,72,10.0,5,0,0.1388888888888889,0.2,0
2024,15,815,9,39,72,8.0,6,0,0.1111111111111111,0.16666666666666666,0
2024,15,847,131,39,72,6.0,7,0,0.08333333333333333,0.14285714285714285,0
2024,15,1,131,39,72,4.0,8,0,0.05555555555555555,0.125,0
2024,15,842,214,39,71,2.0,9,0,0.028169014084507043,0.1111111111111111,0
2024,15,4,117,39,71,1.0,10,0,0.014084507042253521,0.1,0
2024,15,807,210,39,71,0.0,11,0,0.0,0.09090909090909091,0
2024,15,817,215,39,71,0.0,12,0,0.0,0.08333333333333333,0
2024,15,840,117,39,71,0.0,13,0,0.0,0.07692307692307693,0
2024,15,848,3,39,71,0.0,14,0,0.0,0.07142857142857142,0
2024,15,839,214,39,71,0.0,15,0,0.0,0.06666666666666667,0
2024,15,858,3,39,71,0.0,16,0,0.0,0.0625,0
2024,15,852,215,39,71,0.0,17,0,0.0,0.058823529411764705,0
2024,15,825,210,39,71,0.0,18,0,0.0,0.05555555555555555,0
2024,15,822,15,39,70,0.0,19,0,0.0,0.05263157894736842,0
2024,15,855,15,39,70,0.0,20,0,0.0,0.05,0
2024,16,844,6,14,53,25.0,1,1,0.4716981132075472,1.0,1
2024,16,857,1,14,53,18.0,2,1,0.33962264150943394,0.5,1
2024,16,846,1,14,53,16.0,3,1,0.3018867924528302,0.3333333333333333,1
2024,16,832,6,14,53,12.0,4,0,0.22641509433962265,0.25,0
2024,16,1,131,14,53,10.0,5,0,0.18867924528301888,0.2,0
2024,16,830,9,14,53,8.0,6,0,0.1509433962264151,0.16666666666666666,0
2024,16,847,131,14,53,6.0,7,0,0.11320754716981132,0.14285714285714285,0
2024,16,815,9,14,53,4.0,8,0,0.07547169811320754,0.125,0
2024,16,848,3,14,53,2.0,9,0,0.03773584905660377,0.1111111111111111,0
2024,16,825,210,14,53,1.0,10,0,0.018867924528301886,0.1,0
2024,16,4,117,14,53,0.0,11,0,0.0,0.09090909090909091,0
2024,16,861,3,14,53,0.0,12,0,0.0,0.08333333333333333,0
2024,16,817,215,14,53,0.0,13,0,0.0,0.07692307692307693,0
2024,16,839,214,14,52,0.0,14,0,0.0,0.07142857142857142,0
2024,16,842,214,14,52,0.0,15,0,0.0,0.06666666666666667,0
2024,16,822,15,14,52,0.0,16,0,0.0,0.0625,0
2024,16,807,210,14,52,0.0,17,0,0.0,0.058823529411764705,0
2024,16,855,15,14,52,0.0,18,0,0.0,0.05555555555555555,0
2024,16,840,117,14,52,0.0,19,0,0.0,0.05263157894736842,0
2024,16,852,215,14,7,0.0,20,0,0.0,0.05,0
2024,17,857,1,73,51,25.0,1,1,0.49019607843137253,1.0,1
2024,17,844,6,73,51,18.0,2,1,0.35294117647058826,0.5,1
2024,17,847,131,73,51,15.0,3,1,0.29411764705882354,0.3333333333333333,1
2024,17,846,1,73,51,13.0,4,0,0.2549019607843137,0.25,0
2024,17,830,9,73,51,10.0,5,0,0.19607843137254902,0.2,0
2024,17,4,117,73,51,8.0,6,0,0.1568627450980392,0.16666666666666666,0
2024,17,848,3,73,51,6.0,7,0,0.11764705882352941,0.14285714285714285,0
2024,17,861,3,73,51,4.0,8,0,0.0784313725490196,0.125,0
2024,17,1,131,73,51,2.0,9,0,0.0392156862745098,0.1111111111111111,0
2024,17,860,210,73,51,1.0,10,0,0.0196078431372549,0.1,0
2024,17,807,210,73,51,0.0,11,0,0.0,0.09090909090909091,0
2024,17,842,214,73,51,0.0,12,0,0.0,0.08333333333333333,0
2024,17,817,215,73,51,0.0,13,0,0.0,0.07692307692307693,0
2024,17,855,15,73,51,0.0,14,0,0.0,0.07142857142857142,0
2024,17,839,214,73,50,0.0,15,0,0.0,0.06666666666666667,0
2024,17,822,15,73,50,0.0,16,0,0.0,0.0625,0
2024,17,815,9,73,49,0.0,17,0,0.0,0.058823529411764705,0
2024,17,832,6,73,49,0.0,18,0,0.0,0.05555555555555555,0
2024,17,840,117,73,45,0.0,19,0,0.0,0.05263157894736842,0
2024,17,852,215,73,14,0.0,20,0,0.0,0.05,0
2024,18,846,1,15,62,25.0,1,1,0.4032258064516129,1.0,1
2024,18,830,9,15,62,18.0,2,1,0.2903225806451613,0.5,1
2024,18,857,1,15,62,15.0,3,1,0.24193548387096775,0.3333333333333333,1
2024,18,847,131,15,62,12.0,4,0,0.1935483870967742,0.25,0
2024,18,844,6,15,62,10.0,5,0,0.16129032258064516,0.2,0
2024,18,1,131,15,62,8.0,6,0,0.12903225806451613,0.16666666666666666,0
2024,18,832,6,15,62,6.0,7,0,0.0967741935483871,0.14285714285714285,0
2024,18,4,117,15,61,4.0,8,0,0.06557377049180328,0.125,0
2024,18,807,210,15,61,2.0,9,0,0.03278688524590164,0.1111111111111111,0
2024,18,815,9,15,61,1.0,10,0,0.01639344262295082,0.1,0
2024,18,861,3,15,61,0.0,11,0,0.0,0.09090909090909091,0
2024,18,852,215,15,61,0.0,12,0,0.0,0.08333333333333333,0
2024,18,839,214,15,61,0.0,13,0,0.0,0.07692307692307693,0
2024,18,840,117,15,61,0.0,14,0,0.0,0.07142857142857142,0
2024,18,855,15,15,61,0.0,15,0,0.0,0.06666666666666667,0
2024,18,822,15,15,61,0.0,16,0,0.0,0.0625,0
2024,18,842,214,15,61,0.0,17,0,0.0,0.058823529411764705,0
2024,18,817,215,15,61,0.0,18,0,0.0,0.05555555555555555,0
2024,18,825,210,15,57,0.0,19,0,0.0,0.05263157894736842,0
2024,18,848,3,15,15,0.0,20,0,0.0,0.05,0
2024,19,844,6,69,56,25.0,1,1,0.44642857142857145,1.0,1
2024,19,832,6,69,56,18.0,2,1,0.32142857142857145,0.5,1
2024,19,830,9,69,56,15.0,3,1,0.26785714285714285,0.3333333333333333,1
2024,19,846,1,69,56,12.0,4,0,0.21428571428571427,0.25,0
2024,19,857,1,69,56,10.0,5,0,0.17857142857142858,0.2,0
2024,19,847,131,69,56,8.0,6,0,0.14285714285714285,0.16666666666666666,0
2024,19,815,9,69,56,6.0,7,0,0.10714285714285714,0.14285714285714285,0
2024,19,807,210,69,56,4.0,8,0,0.07142857142857142,0.125,0
2024,19,859,215,69,56,2.0,9,0,0.03571428571428571,0.1111111111111111,0
2024,19,861,3,69,56,1.0,10,0,0.017857142857142856,0.1,0
2024,19,825,210,69,56,0.0,11,0,0.0,0.09090909090909091,0
2024,19,842,214,69,56,0.0,12,0,0.0,0.08333333333333333,0
2024,19,4,117,69,55,0.0,13,0,0.0,0.07692307692307693,0
2024,19,852,215,69,55,0.0,14,0,0.0,0.07142857142857142,0
2024,19,840,117,69,55,0.0,15,0,0.0,0.06666666666666667,0
2024,19,848,3,69,55,0.0,16,0,0.0,0.0625,0
2024,19,822,15,69,55,0.0,17,0,0.0,0.058823529411764705,0
2024,19,839,214,69,55,0.0,18,0,0.0,0.05555555555555555,0
2024,19,855,15,69,55,0.0,19,0,0.0,0.05263157894736842,0
2024,19,1,131,69,1,0.0,20,0,0.0,0.05,0
2024,20,832,6,32,71,25.0,1,1,0.352112676056338,1.0,1
2024,20,846,1,32,71,18.0,2,1,0.2535211267605634,0.5,1
2024,20,844,6,32,71,16.0,3,1,0.22535211267605634,0.3333333333333333,1
2024,20,1,131,32,71,12.0,4,0,0.16901408450704225,0.25,0
2024,20,847,131,32,71,10.0,5,0,0.14084507042253522,0.2,0
2024,20,830,9,32,71,8.0,6,0,0.11267605633802817,0.16666666666666666,0
2024,20,825,210,32,71,6.0,7,0,0.08450704225352113,0.14285714285714285,0
2024,20,857,1,32,71,4.0,8,0,0.056338028169014086,0.125,0
2024,20,807,210,32,70,2.0,9,0,0.02857142857142857,0.1111111111111111,0
2024,20,842,214,32,70,1.0,10,0,0.014285714285714285,0.1,0
2024,20,840,117,32,70,0.0,11,0,0.0,0.09090909090909091,0
2024,20,861,3,32,70,0.0,12,0,0.0,0.08333333333333333,0
2024,20,839,214,32,70,0.0,13,0,0.0,0.07692307692307693,0
2024,20,822,15,32,70,0.0,14,0,0.0,0.07142857142857142,0
2024,20,855,15,32,70,0.0,15,0,0.0,0.06666666666666667,0
2024,20,859,215,32,70,0.0,16,0,0.0,0.0625,0
2024,20,815,9,32,70,0.0,17,0,0.0,0.058823529411764705,0
2024,20,4,117,32,15,0.0,18,0,0.0,0.05555555555555555,0
2024,20,848,3,32,0,0.0,19,0,,0.05263157894736842,0
2024,20,852,215,32,0,0.0,20,0,,0.05,0
2024,21,830,9,18,69,26.0,1,1,0.37681159420289856,1.0,1
2024,21,839,214,18,69,18.0,2,1,0.2608695652173913,0.5,1
2024,21,842,214,18,69,15.0,3,1,0.21739130434782608,0.3333333333333333,1
2024,21,847,131,18,69,12.0,4,0,0.17391304347826086,0.25,0
2024,21,844,6,18,69,10.0,5,0,0.14492753623188406,0.2,0
2024,21,846,1,18,69,8.0,6,0,0.11594202898550725,0.16666666666666666,0
2024,21,852,215,18,69,6.0,7,0,0.08695652173913043,0.14285714285714285,0
2024,21,857,1,18,69,4.0,8,0,0.057971014492753624,0.125,0
2024,21,859,215,18,69,2.0,9,0,0.028985507246376812,0.1111111111111111,0
2024,21,1,131,18,69,1.0,10,0,0.014492753623188406,0.1,0
2024,21,815,9,18,69,0.0,11,0,0.0,0.09090909090909091,0
2024,21,860,210,18,69,0.0,12,0,0.0,0.08333333333333333,0
2024,21,822,15,18,69,0.0,13,0,0.0,0.07692307692307693,0
2024,21,4,117,18,69,0.0,14,0,0.0,0.07142857142857142,0
2024,21,855,15,18,69,0.0,15,0,0.0,0.06666666666666667,0
2024,21,832,6,18,38,0.0,16,0,0.0,0.0625,0
2024,21,861,3,18,30,0.0,17,0,0.0,0.058823529411764705,0
2024,21,848,3,18,0,0.0,18,0,,0.05555555555555555,0
2024,21,840,117,18,0,0.0,19,0,,0.05263157894736842,0
2024,21,807,210,18,0,0.0,20,0,,0.05,0
2024,22,847,131,80,50,25.0,1,1,0.5,1.0,1
2024,22,1,131,80,50,18.0,2,1,0.36,0.5,1
2024,22,832,6,80,50,15.0,3,1,0.3,0.3333333333333333,1
2024,22,844,6,80,50,12.0,4,0,0.24,0.25,0
2024,22,830,9,80,50,10.0,5,0,0.2,0.2,0
2024,22,846,1,80,50,9.0,6,0,0.18,0.16666666666666666,0
2024,22,857,1,80,50,6.0,7,0,0.12,0.14285714285714285,0
2024,22,807,210,80,50,4.0,8,0,0.08,0.125,0
2024,22,852,215,80,50,2.0,9,0,0.04,0.1111111111111111,0
2024,22,815,9,80,50,1.0,10,0,0.02,0.1,0
2024,22,4,117,80,50,0.0,11,0,0.0,0.09090909090909091,0
2024,22,825,210,80,50,0.0,12,0,0.0,0.08333333333333333,0
2024,22,855,15,80,50,0.0,13,0,0.0,0.07692307692307693,0
2024,22,861,3,80,50,0.0,14,0,0.0,0.07142857142857142,0
2024,22,840,117,80,50,0.0,15,0,0.0,0.06666666666666667,0
2024,22,859,215,80,50,0.0,16,0,0.0,0.0625,0
2024,22,839,214,80,49,0.0,17,0,0.0,0.058823529411764705,0
2024,22,822,15,80,49,0.0,18,0,0.0,0.05555555555555555,0
2024,22,848,3,80,25,0.0,19,0,0.0,0.05263157894736842,0
2024,22,842,214,80,15,0.0,20,0,0.0,0.05,0
2024,23,830,9,78,57,25.0,1,1,0.43859649122807015,1.0,1
2024,23,844,6,78,57,18.0,2,1,0.3157894736842105,0.5,1
2024,23,857,1,78,57,15.0,3,1,0.2631578947368421,0.3333333333333333,1
2024,23,847,131,78,57,12.0,4,0,0.21052631578947367,0.25,0
2024,23,842,214,78,57,10.0,5,0,0.17543859649122806,0.2,0
2024,23,832,6,78,57,8.0,6,0,0.14035087719298245,0.16666666666666666,0
2024,23,4,117,78,57,6.0,7,0,0.10526315789473684,0.14285714285714285,0
2024,23,855,15,78,57,4.0,8,0,0.07017543859649122,0.125,0
2024,23,825,210,78,57,2.0,9,0,0.03508771929824561,0.1111111111111111,0
2024,23,846,1,78,57,2.0,10,0,0.03508771929824561,0.1,0
2024,23,822,15,78,57,0.0,11,0,0.0,0.09090909090909091,0
2024,23,1,131,78,57,0.0,12,0,0.0,0.08333333333333333,0
2024,23,852,215,78,57,0.0,13,0,0.0,0.07692307692307693,0
2024,23,859,215,78,57,0.0,14,0,0.0,0.07142857142857142,0
2024,23,848,3,78,56,0.0,15,0,0.0,0.06666666666666667,0
2024,23,807,210,78,39,0.0,16,0,0.0,0.0625,0
2024,23,815,9,78,38,0.0,17,0,0.0,0.058823529411764705,0
2024,23,840,117,78,8,0.0,18,0,0.0,0.05555555555555555,0
2024,23,861,3,78,0,0.0,19,0,,0.05263157894736842,0
2024,23,839,214,78,0,0.0,20,0,,0.05,0
2024,24,846,1,24,58,25.0,1,1,0.43103448275862066,1.0,1
2024,24,832,6,24,58,18.0,2,1,0.3103448275862069,0.5,1
2024,24,844,6,24,58,15.0,3,1,0.25862068965517243,0.3333333333333333,1
2024,24,1,131,24,58,12.0,4,0,0.20689655172413793,0.25,0
2024,24,847,131,24,58,10.0,5,0,0.1724137931034483,0.2,0
2024,24,830,9,24,58,8.0,6,0,0.13793103448275862,0.16666666666666666,0
2024,24,842,214,24,58,6.0,7,0,0.10344827586206896,0.14285714285714285,0
2024,24,807,210,24,58,4.0,8,0,0.06896551724137931,0.125,0
2024,24,4,117,24,58,2.0,9,0,0.034482758620689655,0.1111111111111111,0
2024,24,857,1,24,58,1.0,10,0,0.017241379310344827,0.1,0
2024,24,848,3,24,57,0.0,11,0,0.0,0.09090909090909091,0
2024,24,852,215,24,57,0.0,12,0,0.0,0.08333333333333333,0
2024,24,855,15,24,57,0.0,13,0,0.0,0.07692307692307693,0
2024,24,840,117,24,57,0.0,14,0,0.0,0.07142857142857142,0
2024,24,862,214,24,57,0.0,15,0,0.0,0.06666666666666667,0
2024,24,825,210,24,57,0.0,16,0,0.0,0.0625,0
2024,24,859,215,24,55,0.0,17,0,0.0,0.058823529411764705,0
2024,24,822,15,24,30,0.0,18,0,0.0,0.05555555555555555,0
2024,24,861,3,24,26,0.0,19,0,0.0,0.05263157894736842,0
2024,24,815,9,24,0,0.0,20,0,,0.05,0
2025,1,846,1,1,57,25.0,1,1,0.43859649122807015,1.0,1
2025,1,830,9,1,57,18.0,2,1,0.3157894736842105,0.5,1
2025,1,847,131,1,57,15.0,3,1,0.2631578947368421,0.3333333333333333,1
2025,1,863,131,1,57,12.0,4,0,0.21052631578947367,0.25,0
2025,1,848,3,1,57,10.0,5,0,0.17543859649122806,0.2,0
2025,1,840,117,1,57,8.0,6,0,0.14035087719298245,0.16666666666666666,0
2025,1,807,15,1,57,6.0,7,0,0.10526315789473684,0.14285714285714285,0
2025,1,844,6,1,57,4.0,8,0,0.07017543859649122,0.125,0
2025,1,857,1,1,57,2.0,9,0,0.03508771929824561,0.1111111111111111,0
2025,1,1,6,1,57,1.0,10,0,0.017543859649122806,0.1,0
2025,1,842,214,1,57,0.0,11,0,0.0,0.09090909090909091,0
2025,1,852,215,1,57,0.0,12,0,0.0,0.08333333333333333,0
2025,1,839,210,1,57,0.0,13,0,0.0,0.07692307692307693,0
2025,1,860,210,1,57,0.0,14,0,0.0,0.07142857142857142,0
2025,1,859,9,1,46,0.0,15,0,0.0,0.06666666666666667,0
2025,1,864,15,1,45,0.0,16,0,0.0,0.0625,0
2025,1,4,117,1,32,0.0,17,0,0.0,0.058823529411764705,0
2025,1,832,3,1,0,0.0,18,0,,0.05555555555555555,0
2025,1,862,214,1,0,0.0,19,0,,0.05263157894736842,0
2025,1,865,215,1,0,0.0,20,0,,0.05,0
2025,2,857,1,17,56,25.0,1,1,0.44642857142857145,1.0,1
2025,2,846,1,17,56,18.0,2,1,0.32142857142857145,0.5,1
2025,2,847,131,17,56,15.0,3,1,0.26785714285714285,0.3333333333333333,1
2025,2,830,9,17,56,12.0,4,0,0.21428571428571427,0.25,0
2025,2,839,210,17,56,10.0,5,0,0.17857142857142858,0.2,0
2025,2,863,131,17,56,8.0,6,0,0.14285714285714285,0.16666666666666666,0
2025,2,848,3,17,56,6.0,7,0,0.10714285714285714,0.14285714285714285,0
2025,2,860,210,17,56,4.0,8,0,0.07142857142857142,0.125,0
2025,2,840,117,17,56,2.0,9,0,0.03571428571428571,0.1111111111111111,0
2025,2,832,3,17,56,1.0,10,0,0.017857142857142856,0.1,0
2025,2,865,215,17,56,0.0,11,0,0.0,0.09090909090909091,0
2025,2,859,9,17,56,0.0,12,0,0.0,0.08333333333333333,0
2025,2,862,214,17,56,0.0,13,0,0.0,0.07692307692307693,0
2025,2,864,15,17,55,0.0,14,0,0.0,0.07142857142857142,0
2025,2,807,15,17,55,0.0,15,0,0.0,0.06666666666666667,0
2025,2,852,215,17,55,0.0,16,0,0.0,0.0625,0
2025,2,4,117,17,4,0.0,17,0,0.0,0.058823529411764705,0
2025,2,844,6,17,0,0.0,18,0,,0.05555555555555555,0
2025,2,1,6,17,0,0.0,19,0,,0.05263157894736842,0
2025,2,842,214,17,0,0.0,20,0,,0.05,0
2025,3,830,9,22,53,25.0,1,1,0.4716981132075472,1.0,1
2025,3,846,1,22,53,18.0,2,1,0.33962264150943394,0.5,1
2025,3,857,1,22,53,15.0,3,1,0.2830188679245283,0.3333333333333333,1
2025,3,844,6,22,53,12.0,4,0,0.22641509433962265,0.25,0
2025,3,847,131,22,53,10.0,5,0,0.18867924528301888,0.2,0
2025,3,863,131,22,53,8.0,6,0,0.1509433962264151,0.16666666666666666,0
2025,3,1,6,22,53,6.0,7,0,0.11320754716981132,0.14285714285714285,0
2025,3,865,215,22,53,4.0,8,0,0.07547169811320754,0.125,0
2025,3,848,3,22,53,2.0,9,0,0.03773584905660377,0.1111111111111111,0
2025,3,860,210,22,53,1.0,10,0,0.018867924528301886,0.1,0
2025,3,4,117,22,53,0.0,11,0,0.0,0.09090909090909091,0
2025,3,852,9,22,53,0.0,12,0,0.0,0.08333333333333333,0
2025,3,842,214,22,53,0.0,13,0,0.0,0.07692307692307693,0
2025,3,832,3,22,53,0.0,14,0,0.0,0.07142857142857142,0
2025,3,862,214,22,53,0.0,15,0,0.0,0.06666666666666667,0
2025,3,807,15,22,53,0.0,16,0,0.0,0.0625,0
2025,3,859,215,22,53,0.0,17,0,0.0,0.058823529411764705,0
2025,3,839,210,22,53,0.0,18,0,0.0,0.05555555555555555,0
2025,3,864,15,22,53,0.0,19,0,0.0,0.05263157894736842,0
2025,3,840,117,22,52,0.0,20,0,0.0,0.05,0
2025,4,857,1,3,57,25.0,1,1,0.43859649122807015,1.0,1
2025,4,847,131,3,57,18.0,2,1,0.3157894736842105,0.5,1
2025,4,846,1,3,57,15.0,3,1,0.2631578947368421,0.3333333333333333,1
2025,4,844,6,3,57,12.0,4,0,0.21052631578947367,0.25,0
2025,4,1,6,3,57,10.0,5,0,0.17543859649122806,0.2,0
2025,4,830,9,3,57,8.0,6,0,0.14035087719298245,0.16666666666666666,0
2025,4,842,214,3,57,6.0,7,0,0.10526315789473684,0.14285714285714285,0
2025,4,839,210,3,57,4.0,8,0,0.07017543859649122,0.125,0
2025,4,852,9,3,57,2.0,9,0,0.03508771929824561,0.1111111111111111,0
2025,4,860,210,3,57,1.0,10,0,0.017543859649122806,0.1,0
2025,4,863,131,3,57,0.0,11,0,0.0,0.09090909090909091,0
2025,4,848,3,3,57,0.0,12,0,0.0,0.08333333333333333,0
2025,4,865,215,3,57,0.0,13,0,0.0,0.07692307692307693,0
2025,4,862,214,3,57,0.0,14,0,0.0,0.07142857142857142,0
2025,4,4,117,3,57,0.0,15,0,0.0,0.06666666666666667,0
2025,4,859,215,3,57,0.0,16,0,0.0,0.0625,0
2025,4,840,117,3,57,0.0,17,0,0.0,0.058823529411764705,0
2025,4,864,15,3,57,0.0,18,0,0.0,0.05555555555555555,0
2025,4,832,3,3,45,0.0,19,0,0.0,0.05263157894736842,0
2025,4,807,15,3,0,0.0,20,0,,0.05,0
2025,5,857,1,77,50,25.0,1,1,0.5,1.0,1
2025,5,830,9,77,50,18.0,2,1,0.36,0.5,1
2025,5,844,6,77,50,15.0,3,1,0.3,0.3333333333333333,1
2025,5,846,1,77,50,12.0,4,0,0.24,0.25,0
2025,5,847,131,77,50,10.0,5,0,0.2,0.2,0
2025,5,863,131,77,50,8.0,6,0,0.16,0.16666666666666666,0
2025,5,1,6,77,50,6.0,7,0,0.12,0.14285714285714285,0
2025,5,832,3,77,50,4.0,8,0,0.08,0.125,0
2025,5,848,3,77,50,2.0,9,0,0.04,0.1111111111111111,0
2025,5,865,215,77,50,1.0,10,0,0.02,0.1,0
2025,5,4,117,77,50,0.0,11,0,0.0,0.09090909090909091,0
2025,5,859,215,77,50,0.0,12,0,0.0,0.08333333333333333,0
2025,5,860,210,77,50,0.0,13,0,0.0,0.07692307692307693,0
2025,5,839,210,77,50,0.0,14,0,0.0,0.07142857142857142,0
2025,5,807,15,77,49,0.0,15,0,0.0,0.06666666666666667,0
2025,5,840,117,77,49,0.0,16,0,0.0,0.0625,0
2025,5,862,214,77,49,0.0,17,0,0.0,0.058823529411764705,0
2025,5,864,15,77,49,0.0,18,0,0.0,0.05555555555555555,0
2025,5,852,9,77,1,0.0,19,0,0.0,0.05263157894736842,0
2025,5,842,214,77,0,0.0,20,0,,0.05,0
2025,6,857,1,79,57,25.0,1,1,0.43859649122807015,1.0,1
2025,6,846,1,79,57,18.0,2,1,0.3157894736842105,0.5,1
2025,6,847,131,79,57,15.0,3,1,0.2631578947368421,0.3333333333333333,1
2025,6,830,9,79,57,12.0,4,0,0.21052631578947367,0.25,0
2025,6,848,3,79,57,10.0,5,0,0.17543859649122806,0.2,0
2025,6,863,131,79,57,8.0,6,0,0.14035087719298245,0.16666666666666666,0
2025,6,844,6,79,57,6.0,7,0,0.10526315789473684,0.14285714285714285,0
2025,6,1,6,79,57,4.0,8,0,0.07017543859649122,0.125,0
2025,6,832,3,79,57,2.0,9,0,0.03508771929824561,0.1111111111111111,0
2025,6,852,9,79,57,1.0,10,0,0.017543859649122806,0.1,0
2025,6,865,215,79,57,0.0,11,0,0.0,0.09090909090909091,0
2025,6,839,210,79,57,0.0,12,0,0.0,0.08333333333333333,0
2025,6,842,214,79,57,0.0,13,0,0.0,0.07692307692307693,0
2025,6,807,15,79,56,0.0,14,0,0.0,0.07142857142857142,0
2025,6,4,117,79,56,0.0,15,0,0.0,0.06666666666666667,0
2025,6,840,117,79,56,0.0,16,0,0.0,0.0625,0
2025,6,859,215,79,36,0.0,17,0,0.0,0.058823529411764705,0
2025,6,864,15,79,30,0.0,18,0,0.0,0.05555555555555555,0
2025,6,860,210,79,27,0.0,19,0,0.0,0.05263157894736842,0
2025,6,862,214,79,0,0.0,20,0,,0.05,0
2025,7,830,9,21,63,25.0,1,1,0.3968253968253968,1.0,1
2025,7,846,1,21,63,18.0,2,1,0.2857142857142857,0.5,1
2025,7,857,1,21,63,15.0,3,1,0.23809523809523808,0.3333333333333333,1
2025,7,1,6,21,63,12.0,4,0,0.19047619047619047,0.25,0
2025,7,848,3,21,63,10.0,5,0,0.15873015873015872,0.2,0
2025,7,844,6,21,63,8.0,6,0,0.12698412698412698,0.16666666666666666,0
2025,7,847,131,21,63,6.0,7,0,0.09523809523809523,0.14285714285714285,0
2025,7,832,3,21,63,4.0,8,0,0.06349206349206349,0.125,0
2025,7,865,215,21,63,2.0,9,0,0.031746031746031744,0.1111111111111111,0
2025,7,852,9,21,63,1.0,10,0,0.015873015873015872,0.1,0
2025,7,4,117,21,63,0.0,11,0,0.0,0.09090909090909091,0
2025,7,807,15,21,63,0.0,12,0,0.0,0.08333333333333333,0
2025,7,842,214,21,63,0.0,13,0,0.0,0.07692307692307693,0
2025,7,859,215,21,63,0.0,14,0,0.0,0.07142857142857142,0
2025,7,840,117,21,63,0.0,15,0,0.0,0.06666666666666667,0
2025,7,861,214,21,63,0.0,16,0,0.0,0.0625,0
2025,7,860,210,21,63,0.0,17,0,0.0,0.058823529411764705,0
2025,7,864,15,21,63,0.0,18,0,0.0,0.05555555555555555,0
2025,7,863,131,21,44,0.0,19,0,0.0,0.05263157894736842,0
2025,7,839,210,21,27,0.0,20,0,0.0,0.05,0
2025,8,846,1,6,78,25.0,1,1,0.32051282051282054,1.0,1
2025,8,844,6,6,78,18.0,2,1,0.23076923076923078,0.5,1
2025,8,857,1,6,78,15.0,3,1,0.19230769230769232,0.3333333333333333,1
2025,8,830,9,6,78,12.0,4,0,0.15384615384615385,0.25,0
2025,8,1,6,6,78,10.0,5,0,0.1282051282051282,0.2,0
2025,8,865,215,6,77,8.0,6,0,0.1038961038961039,0.16666666666666666,0
2025,8,839,210,6,77,6.0,7,0,0.07792207792207792,0.14285714285714285,0
2025,8,859,215,6,77,4.0,8,0,0.05194805194805195,0.125,0
2025,8,848,3,6,76,2.0,9,0,0.02631578947368421,0.1111111111111111,0
2025,8,832,3,6,76,1.0,10,0,0.013157894736842105,0.1,0
2025,8,847,131,6,76,0.0,11,0,0.0,0.09090909090909091,0
2025,8,860,210,6,76,0.0,12,0,0.0,0.08333333333333333,0
2025,8,861,214,6,76,0.0,13,0,0.0,0.07692307692307693,0
2025,8,864,15,6,76,0.0,14,0,0.0,0.07142857142857142,0
2025,8,840,117,6,76,0.0,15,0,0.0,0.06666666666666667,0
2025,8,807,15,6,76,0.0,16,0,0.0,0.0625,0
2025,8,852,9,6,76,0.0,17,0,0.0,0.058823529411764705,0
2025,8,863,131,6,75,0.0,18,0,0.0,0.05555555555555555,0
2025,8,4,117,6,36,0.0,19,0,0.0,0.05263157894736842,0
2025,8,842,214,6,7,0.0,20,0,0.0,0.05,0
2025,9,857,1,4,66,25.0,1,1,0.3787878787878788,1.0,1
2025,9,846,1,4,66,18.0,2,1,0.2727272727272727,0.5,1
2025,9,844,6,4,66,15.0,3,1,0.22727272727272727,0.3333333333333333,1
2025,9,847,131,4,66,12.0,4,0,0.18181818181818182,0.25,0
2025,9,807,15,4,66,10.0,5,0,0.15151515151515152,0.2,0
2025,9,1,6,4,66,8.0,6,0,0.12121212121212122,0.16666666666666666,0
2025,9,865,215,4,66,6.0,7,0,0.09090909090909091,0.14285714285714285,0
2025,9,842,214,4,66,4.0,8,0,0.06060606060606061,0.125,0
2025,9,4,117,4,66,2.0,9,0,0.030303030303030304,0.1111111111111111,0
2025,9,830,9,4,66,1.0,10,0,0.015151515151515152,0.1,0
2025,9,859,215,4,66,0.0,11,0,0.0,0.09090909090909091,0
2025,9,864,15,4,66,0.0,12,0,0.0,0.08333333333333333,0
2025,9,852,9,4,66,0.0,13,0,0.0,0.07692307692307693,0
2025,9,832,3,4,66,0.0,14,0,0.0,0.07142857142857142,0
2025,9,861,214,4,66,0.0,15,0,0.0,0.06666666666666667,0
2025,9,839,210,4,66,0.0,16,0,0.0,0.0625,0
2025,9,860,210,4,66,0.0,17,0,0.0,0.058823529411764705,0
2025,9,863,131,4,53,0.0,18,0,0.0,0.05555555555555555,0
2025,9,848,3,4,27,0.0,19,0,0.0,0.05263157894736842,0
2025,10,847,131,7,70,25.0,1,1,0.35714285714285715,1.0,1
2025,10,830,9,7,70,18.0,2,1,0.2571428571428571,0.5,1
2025,10,863,131,7,70,15.0,3,1,0.21428571428571427,0.3333333333333333,1
2025,10,857,1,7,70,12.0,4,0,0.17142857142857143,0.25,0
2025,10,844,6,7,70,10.0,5,0,0.14285714285714285,0.2,0
2025,10,1,6,7,70,8.0,6,0,0.11428571428571428,0.16666666666666666,0
2025,10,4,117,7,70,6.0,7,0,0.08571428571428572,0.14285714285714285,0
2025,10,807,15,7,70,4.0,8,0,0.05714285714285714,0.125,0
2025,10,839,210,7,69,2.0,9,0,0.028985507246376812,0.1111111111111111,0
2025,10,832,3,7,69,1.0,10,0,0.014492753623188406,0.1,0
2025,10,860,210,7,69,0.0,11,0,0.0,0.09090909090909091,0
2025,10,852,9,7,69,0.0,12,0,0.0,0.08333333333333333,0
2025,10,861,214,7,69,0.0,13,0,0.0,0.07692307692307693,0
2025,10,864,15,7,69,0.0,14,0,0.0,0.07142857142857142,0
2025,10,842,214,7,69,0.0,15,0,0.0,0.06666666666666667,0
2025,10,865,215,7,69,0.0,16,0,0.0,0.0625,0
2025,10,840,117,7,69,0.0,17,0,0.0,0.058823529411764705,0
2025,10,846,1,7,66,0.0,18,0,0.0,0.05555555555555555,0
2025,10,859,215,7,53,0.0,19,0,0.0,0.05263157894736842,0
2025,10,848,3,7,46,0.0,20,0,0.0,0.05,0
2025,11,846,1,70,70,25.0,1,1,0.35714285714285715,1.0,1
2025,11,857,1,70,70,18.0,2,1,0.2571428571428571,0.5,1
2025,11,844,6,70,70,15.0,3,1,0.21428571428571427,0.3333333333333333,1
2025,11,1,6,70,70,12.0,4,0,0.17142857142857143,0.25,0
2025,11,847,131,70,70,10.0,5,0,0.14285714285714285,0.2,0
2025,11,859,215,70,70,8.0,6,0,0.11428571428571428,0.16666666666666666,0
2025,11,4,117,70,69,6.0,7,0,0.08695652173913043,0.14285714285714285,0
2025,11,864,15,70,69,4.0,8,0,0.057971014492753624,0.125,0
2025,11,807,15,70,69,2.0,9,0,0.028985507246376812,0.1111111111111111,0
2025,11,839,210,70,69,1.0,10,0,0.014492753623188406,0.1,0
2025,11,860,210,70,69,0.0,11,0,0.0,0.09090909090909091,0
2025,11,865,215,70,69,0.0,12,0,0.0,0.08333333333333333,0
2025,11,842,214,70,69,0.0,13,0,0.0,0.07692307692307693,0
2025,11,840,117,70,69,0.0,14,0,0.0,0.07142857142857142,0
2025,11,861,214,70,69,0.0,15,0,0.0,0.06666666666666667,0
2025,11,852,9,70,68,0.0,16,0,0.0,0.0625,0
2025,11,848,3,70,15,0.0,17,0,0.0,0.058823529411764705,0
2025,11,830,9,70,0,0.0,18,0,,0.05555555555555555,0
2025,11,863,131,70,0,0.0,19,0,,0.05263157894736842,0
2025,11,832,3,70,0,0.0,20,0,,0.05,0
2025,12,846,1,9,52,25.0,1,1,0.4807692307692308,1.0,1
2025,12,857,1,9,52,18.0,2,1,0.34615384615384615,0.5,1
2025,12,807,15,9,52,15.0,3,1,0.28846153846153844,0.3333333333333333,1
2025,12,1,6,9,52,12.0,4,0,0.23076923076923078,0.25,0
2025,12,830,9,9,52,10.0,5,0,0.19230769230769232,0.2,0
2025,12,842,214,9,52,8.0,6,0,0.15384615384615385,0.16666666666666666,0
2025,12,840,117,9,52,6.0,7,0,0.11538461538461539,0.14285714285714285,0
2025,12,848,3,9,52,4.0,8,0,0.07692307692307693,0.125,0
2025,12,4,117,9,52,2.0,9,0,0.038461538461538464,0.1111111111111111,0
2025,12,847,131,9,52,1.0,10,0,0.019230769230769232,0.1,0
2025,12,860,210,9,52,0.0,11,0,0.0,0.09090909090909091,0
2025,12,832,3,9,52,0.0,12,0,0.0,0.08333333333333333,0
2025,12,839,210,9,52,0.0,13,0,0.0,0.07692307692307693,0
2025,12,844,6,9,52,0.0,14,0,0.0,0.07142857142857142,0
2025,12,852,9,9,51,0.0,15,0,0.0,0.06666666666666667,0
2025,12,863,131,9,23,0.0,16,0,0.0,0.0625,0
2025,12,865,215,9,17,0.0,17,0,0.0,0.058823529411764705,0
2025,12,864,15,9,3,0.0,18,0,0.0,0.05555555555555555,0
2025,12,859,215,9,0,0.0,19,0,,0.05263157894736842,0
2025,12,861,214,9,0,0.0,20,0,,0.05,0
2025,13,857,1,13,44,25.0,1,1,0.5681818181818182,1.0,1
2025,13,846,1,13,44,18.0,2,1,0.4090909090909091,0.5,1
2025,13,844,6,13,44,15.0,3,1,0.3409090909090909,0.3333333333333333,1
2025,13,830,9,13,44,12.0,4,0,0.2727272727272727,0.25,0
2025,13,847,131,13,44,10.0,5,0,0.22727272727272727,0.2,0
2025,13,848,3,13,44,8.0,6,0,0.18181818181818182,0.16666666666666666,0
2025,13,1,6,13,44,6.0,7,0,0.13636363636363635,0.14285714285714285,0
2025,13,859,215,13,44,4.0,8,0,0.09090909090909091,0.125,0
2025,13,864,15,13,44,2.0,9,0,0.045454545454545456,0.1111111111111111,0
2025,13,842,214,13,44,1.0,10,0,0.022727272727272728,0.1,0
2025,13,860,210,13,44,0.0,11,0,0.0,0.09090909090909091,0
2025,13,807,15,13,44,0.0,12,0,0.0,0.08333333333333333,0
2025,13,852,9,13,44,0.0,13,0,0.0,0.07692307692307693,0
2025,13,840,117,13,44,0.0,14,0,0.0,0.07142857142857142,0
2025,13,839,210,13,44,0.0,15,0,0.0,0.06666666666666667,0
2025,13,863,131,13,44,0.0,16,0,0.0,0.0625,0
2025,13,4,117,13,44,0.0,17,0,0.0,0.058823529411764705,0
2025,13,832,3,13,44,0.0,18,0,0.0,0.05555555555555555,0
2025,13,861,214,13,44,0.0,19,0,0.0,0.05263157894736842,0
2025,13,865,215,13,43,0.0,20,0,0.0,0.05,0
2025,14,846,1,11,70,25.0,1,1,0.35714285714285715,1.0,1
2025,14,857,1,11,70,18.0,2,1,0.2571428571428571,0.5,1
2025,14,847,131,11,70,15.0,3,1,0.21428571428571427,0.3333333333333333,1
2025,14,844,6,11,70,12.0,4,0,0.17142857142857143,0.25,0
2025,14,4,117,11,70,10.0,5,0,0.14285714285714285,0.2,0
2025,14,864,15,11,70,8.0,6,0,0.11428571428571428,0.16666666666666666,0
2025,14,840,117,11,70,6.0,7,0,0.08571428571428572,0.14285714285714285,0
2025,14,859,215,11,70,4.0,8,0,0.05714285714285714,0.125,0
2025,14,830,9,11,70,2.0,9,0,0.02857142857142857,0.1111111111111111,0
2025,14,863,131,11,69,1.0,10,0,0.014492753623188406,0.1,0
2025,14,865,215,11,69,0.0,11,0,0.0,0.09090909090909091,0
2025,14,1,6,11,69,0.0,12,0,0.0,0.08333333333333333,0
2025,14,807,15,11,69,0.0,13,0,0.0,0.07692307692307693,0
2025,14,832,3,11,69,0.0,14,0,0.0,0.07142857142857142,0
2025,14,848,3,11,69,0.0,15,0,0.0,0.06666666666666667,0
2025,14,839,210,11,69,0.0,16,0,0.0,0.0625,0
2025,14,852,9,11,69,0.0,17,0,0.0,0.058823529411764705,0
2025,14,861,214,11,69,0.0,18,0,0.0,0.05555555555555555,0
2025,14,842,214,11,69,0.0,19,0,0.0,0.05263157894736842,0
2025,14,860,210,11,48,0.0,20,0,0.0,0.05,0
2025,15,857,1,39,72,25.0,1,1,0.3472222222222222,1.0,1
2025,15,830,9,39,72,18.0,2,1,0.25,0.5,1
2025,15,865,215,39,72,15.0,3,1,0.20833333333333334,0.3333333333333333,1
2025,15,847,131,39,72,12.0,4,0,0.16666666666666666,0.25,0
2025,15,848,3,39,72,10.0,5,0,0.1388888888888889,0.2,0
2025,15,860,210,39,72,8.0,6,0,0.1111111111111111,0.16666666666666666,0
2025,15,840,117,39,72,6.0,7,0,0.08333333333333333,0.14285714285714285,0
2025,15,4,117,39,72,4.0,8,0,0.05555555555555555,0.125,0
2025,15,852,9,39,72,2.0,9,0,0.027777777777777776,0.1111111111111111,0
2025,15,839,210,39,72,1.0,10,0,0.013888888888888888,0.1,0
2025,15,861,214,39,72,0.0,11,0,0.0,0.09090909090909091,0
2025,15,859,215,39,72,0.0,12,0,0.0,0.08333333333333333,0
2025,15,832,3,39,72,0.0,13,0,0.0,0.07692307692307693,0
2025,15,807,15,39,72,0.0,14,0,0.0,0.07142857142857142,0
2025,15,864,15,39,72,0.0,15,0,0.0,0.06666666666666667,0
2025,15,863,131,39,72,0.0,16,0,0.0,0.0625,0
2025,15,842,214,39,72,0.0,17,0,0.0,0.058823529411764705,0
2025,15,846,1,39,64,0.0,18,0,0.0,0.05555555555555555,0
2025,15,844,6,39,52,0.0,19,0,0.0,0.05263157894736842,0
2025,15,1,6,39,22,0.0,20,0,0.0,0.05,0
2025,16,830,9,14,53,25.0,1,1,0.4716981132075472,1.0,1
2025,16,846,1,14,53,18.0,2,1,0.33962264150943394,0.5,1
2025,16,857,1,14,53,15.0,3,1,0.2830188679245283,0.3333333333333333,1
2025,16,844,6,14,53,12.0,4,0,0.22641509433962265,0.25,0
2025,16,847,131,14,53,10.0,5,0,0.18867924528301888,0.2,0
2025,16,1,6,14,53,8.0,6,0,0.1509433962264151,0.16666666666666666,0
2025,16,848,3,14,53,6.0,7,0,0.11320754716981132,0.14285714285714285,0
2025,16,864,15,14,53,4.0,8,0,0.07547169811320754,0.125,0
2025,16,863,131,14,53,2.0,9,0,0.03773584905660377,0.1111111111111111,0
2025,16,865,215,14,53,1.0,10,0,0.018867924528301886,0.1,0
2025,16,832,3,14,53,0.0,11,0,0.0,0.09090909090909091,0
2025,16,860,210,14,53,0.0,12,0,0.0,0.08333333333333333,0
2025,16,852,9,14,53,0.0,13,0,0.0,0.07692307692307693,0
2025,16,859,215,14,53,0.0,14,0,0.0,0.07142857142857142,0
2025,16,839,210,14,52,0.0,15,0,0.0,0.06666666666666667,0
2025,16,842,214,14,52,0.0,16,0,0.0,0.0625,0
2025,16,861,214,14,52,0.0,17,0,0.0,0.058823529411764705,0
2025,16,840,117,14,52,0.0,18,0,0.0,0.05555555555555555,0
2025,16,4,117,14,24,0.0,19,0,0.0,0.05263157894736842,0
2025,16,807,15,14,0,0.0,20,0,,0.05,0
2025,17,830,9,73,51,25.0,1,1,0.49019607843137253,1.0,1
2025,17,847,131,73,51,18.0,2,1,0.35294117647058826,0.5,1
2025,17,832,3,73,51,15.0,3,1,0.29411764705882354,0.3333333333333333,1
2025,17,863,131,73,51,12.0,4,0,0.23529411764705882,0.25,0
2025,17,859,215,73,51,10.0,5,0,0.19607843137254902,0.2,0
2025,17,852,9,73,51,8.0,6,0,0.1568627450980392,0.16666666666666666,0
2025,17,846,1,73,51,6.0,7,0,0.11764705882352941,0.14285714285714285,0
2025,17,1,6,73,51,4.0,8,0,0.0784313725490196,0.125,0
2025,17,844,6,73,51,2.0,9,0,0.0392156862745098,0.1111111111111111,0
2025,17,865,215,73,51,1.0,10,0,0.0196078431372549,0.1,0
2025,17,864,15,73,51,0.0,11,0,0.0,0.09090909090909091,0
2025,17,860,210,73,51,0.0,12,0,0.0,0.08333333333333333,0
2025,17,848,3,73,51,0.0,13,0,0.0,0.07692307692307693,0
2025,17,839,210,73,51,0.0,14,0,0.0,0.07142857142857142,0
2025,17,4,117,73,51,0.0,15,0,0.0,0.06666666666666667,0
2025,17,807,15,73,51,0.0,16,0,0.0,0.0625,0
2025,17,840,117,73,51,0.0,17,0,0.0,0.058823529411764705,0
2025,17,842,214,73,50,0.0,18,0,0.0,0.05555555555555555,0
2025,17,861,214,73,50,0.0,19,0,0.0,0.05263157894736842,0
2025,17,857,1,73,0,0.0,20,0,,0.05,0
2025,18,847,131,15,62,25.0,1,1,0.4032258064516129,1.0,1
2025,18,830,9,15,62,18.0,2,1,0.2903225806451613,0.5,1
2025,18,846,1,15,62,15.0,3,1,0.24193548387096775,0.3333333333333333,1
2025,18,857,1,15,62,12.0,4,0,0.1935483870967742,0.25,0
2025,18,863,131,15,62,10.0,5,0,0.16129032258064516,0.2,0
2025,18,844,6,15,62,8.0,6,0,0.12903225806451613,0.16666666666666666,0
2025,18,4,117,15,62,6.0,7,0,0.0967741935483871,0.14285714285714285,0
2025,18,1,6,15,62,4.0,8,0,0.06451612903225806,0.125,0
2025,18,860,210,15,62,2.0,9,0,0.03225806451612903,0.1111111111111111,0
2025,18,832,3,15,61,1.0,10,0,0.01639344262295082,0.1,0
2025,18,865,215,15,61,0.0,11,0,0.0,0.09090909090909091,0
2025,18,852,9,15,61,0.0,12,0,0.0,0.08333333333333333,0
2025,18,840,117,15,61,0.0,13,0,0.0,0.07692307692307693,0
2025,18,848,3,15,61,0.0,14,0,0.0,0.07142857142857142,0
2025,18,859,215,15,61,0.0,15,0,0.0,0.06666666666666667,0
2025,18,861,214,15,61,0.0,16,0,0.0,0.0625,0
2025,18,864,15,15,61,0.0,17,0,0.0,0.058823529411764705,0
2025,18,839,210,15,61,0.0,18,0,0.0,0.05555555555555555,0
2025,18,842,214,15,61,0.0,19,0,0.0,0.05263157894736842,0
2025,18,807,15,15,61,0.0,20,0,0.0,0.05,0
2025,19,830,9,69,56,25.0,1,1,0.44642857142857145,1.0,1
2025,19,846,1,69,56,18.0,2,1,0.32142857142857145,0.5,1
2025,19,844,6,69,56,15.0,3,1,0.26785714285714285,0.3333333333333333,1
2025,19,1,6,69,56,12.0,4,0,0.21428571428571427,0.25,0
2025,19,857,1,69,56,10.0,5,0,0.17857142857142858,0.2,0
2025,19,847,131,69,56,8.0,6,0,0.14285714285714285,0.16666666666666666,0
2025,19,852,9,69,56,6.0,7,0,0.10714285714285714,0.14285714285714285,0
2025,19,807,15,69,56,4.0,8,0,0.07142857142857142,0.125,0
2025,19,860,210,69,56,2.0,9,0,0.03571428571428571,0.1111111111111111,0
2025,19,4,117,69,56,1.0,10,0,0.017857142857142856,0.1,0
2025,19,859,215,69,56,0.0,11,0,0.0,0.09090909090909091,0
2025,19,840,117,69,56,0.0,12,0,0.0,0.08333333333333333,0
2025,19,863,131,69,56,0.0,13,0,0.0,0.07692307692307693,0
2025,19,848,3,69,56,0.0,14,0,0.0,0.07142857142857142,0
2025,19,839,210,69,56,0.0,15,0,0.0,0.06666666666666667,0
2025,19,865,215,69,56,0.0,16,0,0.0,0.0625,0
2025,19,861,214,69,55,0.0,17,0,0.0,0.058823529411764705,0
2025,19,864,15,69,55,0.0,18,0,0.0,0.05555555555555555,0
2025,19,842,214,69,55,0.0,19,0,0.0,0.05263157894736842,0
2025,19,832,3,69,5,0.0,20,0,0.0,0.05,0
2025,20,846,1,32,71,25.0,1,1,0.352112676056338,1.0,1
2025,20,844,6,32,71,18.0,2,1,0.2535211267605634,0.5,1
2025,20,830,9,32,71,15.0,3,1,0.2112676056338028,0.3333333333333333,1
2025,20,860,210,32,71,12.0,4,0,0.16901408450704225,0.25,0
2025,20,857,1,32,71,10.0,5,0,0.14084507042253522,0.2,0
2025,20,863,131,32,71,8.0,6,0,0.11267605633802817,0.16666666666666666,0
2025,20,847,131,32,71,6.0,7,0,0.08450704225352113,0.14285714285714285,0
2025,20,1,6,32,71,4.0,8,0,0.056338028169014086,0.125,0
2025,20,839,210,32,71,2.0,9,0,0.028169014084507043,0.1111111111111111,0
2025,20,864,15,32,71,1.0,10,0,0.014084507042253521,0.1,0
2025,20,852,9,32,71,0.0,11,0,0.0,0.09090909090909091,0
2025,20,848,3,32,70,0.0,12,0,0.0,0.08333333333333333,0
2025,20,865,215,32,70,0.0,13,0,0.0,0.07692307692307693,0
2025,20,840,117,32,70,0.0,14,0,0.0,0.07142857142857142,0
2025,20,842,214,32,70,0.0,15,0,0.0,0.06666666666666667,0
2025,20,861,214,32,70,0.0,16,0,0.0,0.0625,0
2025,20,832,3,32,67,0.0,17,0,0.0,0.058823529411764705,0
2025,20,4,117,32,34,0.0,18,0,0.0,0.05555555555555555,0
2025,20,807,15,32,25,0.0,19,0,0.0,0.05263157894736842,0
2025,20,859,215,32,5,0.0,20,0,0.0,0.05,0
2025,21,846,1,18,71,25.0,1,1,0.352112676056338,1.0,1
2025,21,863,131,18,71,18.0,2,1,0.2535211267605634,0.5,1
2025,21,830,9,18,71,15.0,3,1,0.2112676056338028,0.3333333333333333,1
2025,21,847,131,18,71,12.0,4,0,0.16901408450704225,0.25,0
2025,21,857,1,18,71,10.0,5,0,0.14084507042253522,0.2,0
2025,21,860,210,18,71,8.0,6,0,0.11267605633802817,0.16666666666666666,0
2025,21,859,215,18,71,6.0,7,0,0.08450704225352113,0.14285714285714285,0
2025,21,865,215,18,71,4.0,8,0,0.056338028169014086,0.125,0
2025,21,807,15,18,71,2.0,9,0,0.028169014084507043,0.1111111111111111,0
2025,21,842,214,18,71,1.0,10,0,0.014084507042253521,0.1,0
2025,21,848,3,18,71,0.0,11,0,0.0,0.09090909090909091,0
2025,21,839,210,18,71,0.0,12,0,0.0,0.08333333333333333,0
2025,21,832,3,18,71,0.0,13,0,0.0,0.07692307692307693,0
2025,21,4,117,18,71,0.0,14,0,0.0,0.07142857142857142,0
2025,21,861,214,18,71,0.0,15,0,0.0,0.06666666666666667,0
2025,21,840,117,18,71,0.0,16,0,0.0,0.0625,0
2025,21,852,9,18,71,0.0,17,0,0.0,0.058823529411764705,0
2025,21,1,6,18,37,0.0,18,0,0.0,0.05555555555555555,0
2025,21,844,6,18,5,0.0,19,0,0.0,0.05263157894736842,0
2025,22,830,9,80,50,25.0,1,1,0.5,1.0,1
2025,22,847,131,80,50,18.0,2,1,0.36,0.5,1
2025,22,863,131,80,50,15.0,3,1,0.3,0.3333333333333333,1
2025,22,844,6,80,50,12.0,4,0,0.24,0.25,0
2025,22,832,3,80,50,10.0,5,0,0.2,0.2,0
2025,22,865,215,80,50,8.0,6,0,0.16,0.16666666666666666,0
2025,22,807,15,80,50,6.0,7,0,0.12,0.14285714285714285,0
2025,22,1,6,80,50,4.0,8,0,0.08,0.125,0
2025,22,839,210,80,50,2.0,9,0,0.04,0.1111111111111111,0
2025,22,860,210,80,50,1.0,10,0,0.02,0.1,0
2025,22,4,117,80,50,0.0,11,0,0.0,0.09090909090909091,0
2025,22,852,9,80,50,0.0,12,0,0.0,0.08333333333333333,0
2025,22,842,214,80,50,0.0,13,0,0.0,0.07692307692307693,0
2025,22,859,215,80,49,0.0,14,0,0.0,0.07142857142857142,0
2025,22,861,214,80,49,0.0,15,0,0.0,0.06666666666666667,0
2025,22,848,3,80,35,0.0,16,0,0.0,0.0625,0
2025,22,864,15,80,2,0.0,17,0,0.0,0.058823529411764705,0
2025,22,840,117,80,0,0.0,18,0,,0.05555555555555555,0
2025,22,846,1,80,50,0.0,19,0,0.0,0.05263157894736842,0
2025,22,857,1,80,50,0.0,20,0,0.0,0.05,0
2025,24,830,9,24,58,25.0,1,1,0.43103448275862066,1.0,1
2025,24,857,1,24,58,18.0,2,1,0.3103448275862069,0.5,1
2025,24,846,1,24,58,15.0,3,1,0.25862068965517243,0.3333333333333333,1
2025,24,844,6,24,58,12.0,4,0,0.20689655172413793,0.25,0
2025,24,847,131,24,58,10.0,5,0,0.1724137931034483,0.2,0
2025,24,4,117,24,58,8.0,6,0,0.13793103448275862,0.16666666666666666,0
2025,24,839,210,24,58,6.0,7,0,0.10344827586206896,0.14285714285714285,0
2025,24,1,6,24,58,4.0,8,0,0.06896551724137931,0.125,0
2025,24,807,15,24,58,2.0,9,0,0.034482758620689655,0.1111111111111111,0
2025,24,840,117,24,58,1.0,10,0,0.017241379310344827,0.1,0
2025,24,864,15,24,58,0.0,11,0,0.0,0.09090909090909091,0
2025,24,860,210,24,58,0.0,12,0,0.0,0.08333333333333333,0
2025,24,832,3,24,58,0.0,13,0,0.0,0.07692307692307693,0
2025,24,852,9,24,58,0.0,14,0,0.0,0.07142857142857142,0
2025,24,863,131,24,58,0.0,15,0,0.0,0.06666666666666667,0
2025,24,848,3,24,58,0.0,16,0,0.0,0.0625,0
2025,24,865,215,24,57,0.0,17,0,0.0,0.058823529411764705,0
2025,24,859,215,24,57,0.0,18,0,0.0,0.05555555555555555,0
2025,24,842,214,24,57,0.0,19,0,0.0,0.05263157894736842,0
2025,24,861,214,24,57,0.0,20,0,0.0,0.05,0
2026,1,847,131,1,58,25.0,1,1,0.43103448275862066,1.0,1
2026,1,863,131,1,58,18.0,2,1,0.3103448275862069,0.5,1
2026,1,844,6,1,58,15.0,3,1,0.25862068965517243,0.3333333333333333,1
2026,1,1,6,1,58,12.0,4,0,0.20689655172413793,0.25,0
2026,1,846,1,1,58,10.0,5,0,0.1724137931034483,0.2,0
2026,1,860,210,1,57,6.0,7,0,0.10526315789473684,0.14285714285714285,0
2026,1,866,215,1,57,4.0,8,0,0.07017543859649122,0.125,0
2026,1,864,217,1,57,2.0,9,0,0.03508771929824561,0.1111111111111111,0
2026,1,842,214,1,57,1.0,10,0,0.017543859649122806,0.1,0
2026,1,839,210,1,57,0.0,11,0,0.0,0.09090909090909091,0
2026,1,848,3,1,57,0.0,12,0,0.0,0.08333333333333333,0
2026,1,859,215,1,57,0.0,13,0,0.0,0.07692307692307693,0
2026,1,861,214,1,56,0.0,14,0,0.0,0.07142857142857142,0
2026,1,815,216,1,55,0.0,16,0,0.0,0.0625,0
2026,1,4,117,1,21,0.0,18,0,0.0,0.05555555555555555,0
2026,1,822,216,1,15,0.0,19,0,0.0,0.05263157894736842,0
2026,1,865,9,1,10,0.0,20,0,0.0,0.05,0
2026,1,857,1,1,0,0.0,21,0,,0.047619047619047616,0
2026,1,807,217,1,0,0.0,22,0,,0.045454545454545456,0
2026,2,863,131,17,56,25.0,1,1,0.44642857142857145,1.0,1
2026,2,847,131,17,56,18.0,2,1,0.32142857142857145,0.5,1
2026,2,1,6,17,56,15.0,3,1,0.26785714285714285,0.3333333333333333,1
2026,2,844,6,17,56,12.0,4,0,0.21428571428571427,0.25,0
2026,2,860,210,17,56,10.0,5,0,0.17857142857142858,0.2,0
2026,2,842,214,17,56,8.0,6,0,0.14285714285714285,0.16666666666666666,0
2026,2,859,215,17,56,6.0,7,0,0.10714285714285714,0.14285714285714285,0
2026,2,865,9,17,56,4.0,8,0,0.07142857142857142,0.125,0
2026,2,832,3,17,55,2.0,9,0,0.03636363636363636,0.1111111111111111,0
2026,2,861,214,17,55,1.0,10,0,0.01818181818181818,0.1,0
2026,2,807,217,17,55,0.0,11,0,0.0,0.09090909090909091,0
2026,2,866,215,17,55,0.0,12,0,0.0,0.08333333333333333,0
2026,2,822,216,17,55,0.0,13,0,0.0,0.07692307692307693,0
2026,2,839,210,17,55,0.0,14,0,0.0,0.07142857142857142,0
2026,2,815,216,17,55,0.0,15,0,0.0,0.06666666666666667,0
2026,2,830,9,17,45,0.0,16,0,0.0,0.0625,0
2026,2,4,117,17,32,0.0,17,0,0.0,0.058823529411764705,0
2026,2,840,117,17,9,0.0,18,0,0.0,0.05555555555555555,0
2026,2,857,1,17,0,0.0,19,0,,0.05263157894736842,0
2026,2,846,1,17,0,0.0,20,0,,0.05,0
2026,2,864,217,17,0,0.0,21,0,,0.047619047619047616,0
2026,2,848,3,17,0,0.0,22,0,,0.045454545454545456,0
2026,3,863,131,22,53,25.0,1,1,0.4716981132075472,1.0,1
2026,3,857,1,22,53,18.0,2,1,0.33962264150943394,0.5,1
2026,3,844,6,22,53,15.0,3,1,0.2830188679245283,0.3333333333333333,1
2026,3,847,131,22,53,12.0,4,0,0.22641509433962265,0.25,0
2026,3,846,1,22,53,10.0,5,0,0.18867924528301888,0.2,0
2026,3,1,6,22,53,8.0,6,0,0.1509433962264151,0.16666666666666666,0
2026,3,842,214,22,53,6.0,7,0,0.11320754716981132,0.14285714285714285,0
2026,3,830,9,22,53,4.0,8,0,0.07547169811320754,0.125,0
2026,3,859,215,22,53,2.0,9,0,0.03773584905660377,0.1111111111111111,0
2026,3,839,210,22,53,1.0,10,0,0.018867924528301886,0.1,0
2026,3,807,217,22,53,0.0,11,0,0.0,0.09090909090909091,0
2026,3,865,9,22,53,0.0,12,0,0.0,0.08333333333333333,0
2026,3,864,217,22,53,0.0,13,0,0.0,0.07692307692307693,0
2026,3,866,215,22,53,0.0,14,0,0.0,0.07142857142857142,0
2026,3,832,3,22,53,0.0,15,0,0.0,0.06666666666666667,0
2026,3,861,214,22,53,0.0,16,0,0.0,0.0625,0
2026,3,815,216,22,53,0.0,17,0,0.0,0.058823529411764705,0
2026,3,4,117,22,52,0.0,18,0,0.0,0.05555555555555555,0
2026,3,822,216,22,52,0.0,19,0,0.0,0.05263157894736842,0
2026,3,848,3,22,51,0.0,20,0,0.0,0.05,0
2026,3,840,117,22,30,0.0,21,0,0.0,0.047619047619047616,0
2026,3,860,210,22,20,0.0,22,0,0.0,0.045454545454545456,0
2026,4,863,131,79,57,25.0,1,1,0.43859649122807015,1.0,1
2026,4,846,1,79,57,18.0,2,1,0.3157894736842105,0.5,1
2026,4,857,1,79,57,15.0,3,1,0.2631578947368421,0.3333333333333333,1
2026,4,847,131,79,57,12.0,4,0,0.21052631578947367,0.25,0
2026,4,830,9,79,57,10.0,5,0,0.17543859649122806,0.2,0
2026,4,1,6,79,57,8.0,6,0,0.14035087719298245,0.16666666666666666,0
2026,4,861,214,79,57,6.0,7,0,0.10526315789473684,0.14285714285714285,0
2026,4,844,6,79,57,4.0,8,0,0.07017543859649122,0.125,0
2026,4,832,3,79,57,2.0,9,0,0.03508771929824561,0.1111111111111111,0
2026,4,848,3,79,57,1.0,10,0,0.017543859649122806,0.1,0
2026,4,860,210,79,56,0.0,11,0,0.0,0.09090909090909091,0
2026,4,864,217,79,56,0.0,12,0,0.0,0.08333333333333333,0
2026,4,839,210,79,56,0.0,13,0,0.0,0.07692307692307693,0
2026,4,866,215,79,56,0.0,14,0,0.0,0.07142857142857142,0
2026,4,4,117,79,56,0.0,15,0,0.0,0.06666666666666667,0
2026,4,815,216,79,56,0.0,16,0,0.0,0.0625,0
2026,4,840,117,79,56,0.0,17,0,0.0,0.058823529411764705,0
2026,4,822,216,79,55,0.0,18,0,0.0,0.05555555555555555,0
2026,4,807,217,79,7,0.0,19,0,0.0,0.05263157894736842,0
2026,4,859,215,79,6,0.0,20,0,0.0,0.05,0
2026,4,842,214,79,4,0.0,21,0,0.0,0.047619047619047616,0
2026,4,865,9,79,4,0.0,22,0,0.0,0.045454545454545456,0
2026,5,863,131,7,68,25.0,1,1,0.36764705882352944,1.0,1
2026,5,1,6,7,68,18.0,2,1,0.2647058823529412,0.5,1
2026,5,830,9,7,68,15.0,3,1,0.22058823529411764,0.3333333333333333,1
2026,5,844,6,7,68,12.0,4,0,0.17647058823529413,0.25,0
2026,5,865,9,7,67,10.0,5,0,0.14925373134328357,0.2,0
2026,5,861,214,7,67,8.0,6,0,0.11940298507462686,0.16666666666666666,0
2026,5,859,215,7,67,6.0,7,0,0.08955223880597014,0.14285714285714285,0
2026,5,842,214,7,67,4.0,8,0,0.05970149253731343,0.125,0
2026,5,832,3,7,67,2.0,9,0,0.029850746268656716,0.1111111111111111,0
2026,5,860,210,7,67,1.0,10,0,0.014925373134328358,0.1,0
2026,5,857,1,7,66,0.0,11,0,0.0,0.09090909090909091,0
2026,5,807,217,7,66,0.0,12,0,0.0,0.08333333333333333,0
2026,5,864,217,7,66,0.0,13,0,0.0,0.07692307692307693,0
2026,5,839,210,7,66,0.0,14,0,0.0,0.07142857142857142,0
2026,5,840,117,7,64,0.0,15,0,0.0,0.06666666666666667,0
2026,5,822,216,7,64,0.0,16,0,0.0,0.0625,0
2026,5,815,216,7,39,0.0,17,0,0.0,0.058823529411764705,0
2026,5,846,1,7,38,0.0,18,0,0.0,0.05555555555555555,0
2026,5,847,131,7,29,0.0,19,0,0.0,0.05263157894736842,0
2026,5,4,117,7,23,0.0,20,0,0.0,0.05,0
2026,5,848,3,7,11,0.0,21,0,0.0,0.047619047619047616,0
2026,5,866,215,7,0,0.0,22,0,,0.045454545454545456,0
2026,6,863,131,6,78,25.0,1,1,0.32051282051282054,1.0,1
2026,6,1,6,6,78,18.0,2,1,0.23076923076923078,0.5,1
2026,6,842,214,6,78,15.0,3,1,0.19230769230769232,0.3333333333333333,1
2026,6,865,9,6,78,12.0,4,0,0.15384615384615385,0.25,0
2026,6,857,1,6,78,10.0,5,0,0.1282051282051282,0.2,0
2026,6,859,215,6,78,8.0,6,0,0.10256410256410256,0.16666666666666666,0
2026,6,866,215,6,78,6.0,7,0,0.07692307692307693,0.14285714285714285,0
2026,6,848,3,6,78,4.0,8,0,0.05128205128205128,0.125,0
2026,6,839,210,6,78,2.0,9,0,0.02564102564102564,0.1111111111111111,0
2026,6,4,117,6,78,1.0,10,0,0.01282051282051282,0.1,0
2026,6,864,217,6,78,0.0,11,0,0.0,0.09090909090909091,0
2026,6,847,131,6,78,0.0,12,0,0.0,0.08333333333333333,0
2026,6,807,217,6,78,0.0,13,0,0.0,0.07692307692307693,0
2026,6,861,214,6,78,0.0,14,0,0.0,0.07142857142857142,0
2026,6,815,216,6,78,0.0,15,0,0.0,0.06666666666666667,0
2026,6,832,3,6,70,0.0,16,0,0.0,0.0625,0
2026,6,844,6,6,64,0.0,17,0,0.0,0.058823529411764705,0
2026,6,840,117,6,56,0.0,18,0,0.0,0.05555555555555555,0
2026,6,846,1,6,43,0.0,19,0,0.0,0.05263157894736842,0
2026,6,860,210,6,27,0.0,20,0,0.0,0.05,0
2026,6,822,216,6,15,0.0,21,0,0.0,0.047619047619047616,0
2026,6,830,9,6,0,0.0,22,0,,0.045454545454545456,0
2026,7,1,6,4,66,25.0,1,1,0.3787878787878788,1.0,1
2026,7,847,131,4,66,18.0,2,1,0.2727272727272727,0.5,1
2026,7,846,1,4,66,15.0,3,1,0.22727272727272727,0.3333333333333333,1
2026,7,830,9,4,66,12.0,4,0,0.18181818181818182,0.25,0
2026,7,857,1,4,66,10.0,5,0,0.15151515151515152,0.2,0
2026,7,865,9,4,65,8.0,6,0,0.12307692307692308,0.16666666666666666,0
2026,7,842,214,4,65,6.0,7,0,0.09230769230769231,0.14285714285714285,0
2026,7,859,215,4,65,4.0,8,0,0.06153846153846154,0.125,0
2026,7,866,215,4,65,2.0,9,0,0.03076923076923077,0.1111111111111111,0
2026,7,861,214,4,65,1.0,10,0,0.015384615384615385,0.1,0
2026,7,864,217,4,64,0.0,11,0,0.0,0.09090909090909091,0
2026,7,832,3,4,64,0.0,12,0,0.0,0.08333333333333333,0
2026,7,839,210,4,64,0.0,13,0,0.0,0.07692307692307693,0
2026,7,815,216,4,63,0.0,14,0,0.0,0.07142857142857142,0
2026,7,844,6,4,62,0.0,15,0,0.0,0.06666666666666667,0
2026,7,863,131,4,61,0.0,16,0,0.0,0.0625,0
2026,7,860,210,4,60,0.0,17,0,0.0,0.058823529411764705,0
2026,7,848,3,4,55,0.0,18,0,0.0,0.05555555555555555,0
2026,7,4,117,4,37,0.0,19,0,0.0,0.05263157894736842,0
2026,7,807,217,4,29,0.0,20,0,0.0,0.05,0
2026,7,822,216,4,15,0.0,21,0,0.0,0.047619047619047616,0
2026,7,840,117,4,5,0.0,22,0,0.0,0.045454545454545456,0
2026,8,847,131,70,71,25.0,1,1,0.352112676056338,1.0,1
2026,8,830,9,70,71,18.0,2,1,0.2535211267605634,0.5,1
2026,8,863,131,70,71,15.0,3,1,0.2112676056338028,0.3333333333333333,1
2026,8,857,1,70,71,12.0,4,0,0.16901408450704225,0.25,0
2026,8,1,6,70,71,10.0,5,0,0.14084507042253522,0.2,0
2026,8,865,9,70,71,8.0,6,0,0.11267605633802817,0.16666666666666666,0
2026,8,846,1,70,71,6.0,7,0,0.08450704225352113,0.14285714285714285,0
2026,8,844,6,70,71,4.0,8,0,0.056338028169014086,0.125,0
2026,8,859,215,70,70,2.0,9,0,0.02857142857142857,0.1111111111111111,0
2026,8,866,215,70,70,1.0,10,0,0.014285714285714285,0.1,0
2026,8,864,217,70,70,0.0,11,0,0.0,0.09090909090909091,0
2026,8,807,217,70,70,0.0,12,0,0.0,0.08333333333333333,0
2026,8,842,214,70,70,0.0,13,0,0.0,0.07692307692307693,0
2026,8,860,210,70,70,0.0,14,0,0.0,0.07142857142857142,0
2026,8,861,214,70,70,0.0,15,0,0.0,0.06666666666666667,0
2026,8,839,210,70,69,0.0,16,0,0.0,0.0625,0
2026,8,848,3,70,69,0.0,17,0,0.0,0.058823529411764705,0
2026,8,4,117,70,68,0.0,18,0,0.0,0.05555555555555555,0
2026,8,840,117,70,45,0.0,19,0,0.0,0.05263157894736842,0
2026,8,832,3,70,23,0.0,20,0,0.0,0.05,0
2026,8,815,216,70,4,0.0,21,0,0.0,0.047619047619047616,0
2026,8,822,216,70,2,0.0,22,0,0.0,0.045454545454545456,0
2026,9,844,6,9,52,25.0,1,1,0.4807692307692308,1.0,1
2026,9,847,131,9,52,18.0,2,1,0.34615384615384615,0.5,1
2026,9,1,6,9,52,15.0,3,1,0.28846153846153844,0.3333333333333333,1
2026,9,846,1,9,52,12.0,4,0,0.23076923076923078,0.25,0
2026,9,865,9,9,52,10.0,5,0,0.19230769230769232,0.2,0
2026,9,859,215,9,52,8.0,6,0,0.15384615384615385,0.16666666666666666,0
2026,9,866,215,9,52,6.0,7,0,0.11538461538461539,0.14285714285714285,0
2026,9,864,217,9,52,4.0,8,0,0.07692307692307693,0.125,0
2026,9,861,214,9,52,2.0,9,0,0.038461538461538464,0.1111111111111111,0
2026,9,842,214,9,52,1.0,10,0,0.019230769230769232,0.1,0
2026,9,857,1,9,52,0.0,11,0,0.0,0.09090909090909091,0
2026,9,860,210,9,52,0.0,12,0,0.0,0.08333333333333333,0
2026,9,839,210,9,52,0.0,13,0,0.0,0.07692307692307693,0
2026,9,815,216,9,52,0.0,14,0,0.0,0.07142857142857142,0
2026,9,863,131,9,52,0.0,15,0,0.0,0.06666666666666667,0
2026,9,822,216,9,52,0.0,16,0,0.0,0.0625,0
2026,9,832,3,9,51,0.0,17,0,0.0,0.058823529411764705,0
2026,9,4,117,9,51,0.0,18,0,0.0,0.05555555555555555,0
2026,9,840,117,9,51,0.0,19,0,0.0,0.05263157894736842,0
2026,9,830,9,9,46,0.0,20,0,0.0,0.05,0
2026,9,848,3,9,43,0.0,21,0,0.0,0.047619047619047616,0
2026,9,807,217,9,36,0.0,22,0,0.0,0.045454545454545456,0
2026,10,863,131,13,44,25.0,1,1,0.5681818181818182,1.0,1
2026,10,844,6,13,44,18.0,2,1,0.4090909090909091,0.5,1
2026,10,830,9,13,44,15.0,3,1,0.3409090909090909,0.3333333333333333,1
2026,10,1,6,13,44,12.0,4,0,0.2727272727272727,0.25,0
2026,10,857,1,13,44,10.0,5,0,0.22727272727272727,0.2,0
2026,10,865,9,13,44,8.0,6,0,0.18181818181818182,0.16666666666666666,0
2026,10,846,1,13,44,6.0,7,0,0.13636363636363635,0.14285714285714285,0
2026,10,864,217,13,44,4.0,8,0,0.09090909090909091,0.125,0
2026,10,866,215,13,44,2.0,9,0,0.045454545454545456,0.1111111111111111,0
2026,10,861,214,13,44,1.0,10,0,0.022727272727272728,0.1,0
2026,10,842,214,13,44,0.0,11,0,0.0,0.09090909090909091,0
2026,10,859,215,13,44,0.0,12,0,0.0,0.08333333333333333,0
2026,10,807,217,13,44,0.0,13,0,0.0,0.07692307692307693,0
2026,10,860,210,13,44,0.0,14,0,0.0,0.07142857142857142,0
2026,10,848,3,13,44,0.0,15,0,0.0,0.06666666666666667,0
2026,10,832,3,13,44,0.0,16,0,0.0,0.0625,0
2026,10,839,210,13,44,0.0,17,0,0.0,0.058823529411764705,0
2026,10,822,216,13,43,0.0,18,0,0.0,0.05555555555555555,0
2026,10,4,117,13,42,0.0,19,0,0.0,0.05263157894736842,0
2026,10,840,117,13,25,0.0,20,0,0.0,0.05,0
2026,10,815,216,13,13,0.0,21,0,0.0,0.047619047619047616,0
2026,10,847,131,13,0,0.0,22,0,,0.045454545454545456,0
2026,11,846,1,11,70,25.0,1,1,0.35714285714285715,1.0,1
2026,11,830,9,11,70,18.0,2,1,0.2571428571428571,0.5,1
2026,11,863,131,11,70,15.0,3,1,0.21428571428571427,0.3333333333333333,1
2026,11,844,6,11,70,12.0,4,0,0.17142857142857143,0.25,0
2026,11,1,6,11,70,10.0,5,0,0.14285714285714285,0.2,0
2026,11,865,9,11,70,8.0,6,0,0.11428571428571428,0.16666666666666666,0
2026,11,847,131,11,70,6.0,7,0,0.08571428571428572,0.14285714285714285,0
2026,11,859,215,11,69,4.0,8,0,0.057971014492753624,0.125,0
2026,11,807,217,11,69,2.0,9,0,0.028985507246376812,0.1111111111111111,0
2026,11,866,215,11,69,1.0,10,0,0.014492753623188406,0.1,0
2026,11,864,217,11,69,0.0,11,0,0.0,0.09090909090909091,0
2026,11,842,214,11,69,0.0,12,0,0.0,0.08333333333333333,0
2026,11,840,117,11,69,0.0,13,0,0.0,0.07692307692307693,0
2026,11,4,117,11,69,0.0,14,0,0.0,0.07142857142857142,0
2026,11,861,214,11,68,0.0,15,0,0.0,0.06666666666666667,0
2026,11,839,210,11,68,0.0,16,0,0.0,0.0625,0
2026,11,848,3,11,68,0.0,17,0,0.0,0.058823529411764705,0
2026,11,832,3,11,68,0.0,18,0,0.0,0.05555555555555555,0
2026,11,860,210,11,68,0.0,19,0,0.0,0.05263157894736842,0
2026,11,857,1,11,55,0.0,20,0,0.0,0.05,0
2026,11,815,216,11,48,0.0,21,0,0.0,0.047619047619047616,0
2026,11,822,216,11,13,0.0,22,0,0.0,0.045454545454545456,0
